####
#
# OBJ File Generated by Meshlab
#
####
# Object Robot6.obj
#
# Vertices: 10580
# Faces: 21160
#
####
v -825.9108887 -167.9000244 12.9687834
v -826.4549561 -167.9000244 12.5522528
v -822.2119751 -167.9000244 12.0644331
v -821.9919434 -167.9000244 12.5529432
v -818.0510254 -167.9000244 12.5506725
v -817.9410400 -167.9000244 12.0558128
v -814.1315918 -167.9000244 12.9620123
v -813.6961060 -167.9000244 12.5265226
v -825.9108887 -166.2000275 12.9687834
v -825.2191772 -167.7000275 12.8649721
v -825.6806030 -166.2000275 12.9327421
v -825.4499512 -166.2000275 12.8981323
v -825.2191772 -166.2000275 12.8649721
v -821.7446899 -167.7000275 12.5406027
v -818.2551880 -167.7000275 12.5406027
v -814.7808228 -167.7000275 12.8649721
v -814.7808228 -166.2000275 12.8649721
v -814.5642700 -166.2000275 12.8960524
v -814.3477783 -166.2000275 12.9284010
v -814.1315918 -166.2000275 12.9620123
v -826.1621704 -167.7000275 12.5029526
v -826.3573608 -166.2000275 12.5355625
v -826.4549561 -166.2000275 12.5522528
v -822.0620728 -167.7000275 12.0559931
v -817.9378052 -167.7000275 12.0559931
v -813.8378296 -167.7000275 12.5029526
v -813.6961060 -166.2000275 12.5265226
v -813.7432861 -166.2000275 12.5186024
v -813.7905273 -166.2000275 12.5107527
v -813.8378296 -166.2000275 12.5029526
v -826.1621704 -166.2000275 12.5029526
v -826.2598267 -166.2000275 12.5191336
v -825.3679199 -167.7000275 12.7148027
v -825.3679199 -166.2000275 12.7148027
v -825.5448608 -166.2000275 12.5992632
v -825.5448608 -167.7000275 12.5992632
v -825.7423096 -166.2000275 12.5235033
v -825.7423096 -167.7000275 12.5235033
v -825.9511108 -166.2000275 12.4909124
v -825.9511108 -167.7000275 12.4909124
v -814.0488892 -166.2000275 12.4909124
v -814.2576904 -166.2000275 12.5235033
v -814.4550781 -166.2000275 12.5992632
v -814.6320801 -166.2000275 12.7148027
v -814.6320801 -167.7000275 12.7148027
v -814.4550781 -167.7000275 12.5992632
v -814.2576904 -167.7000275 12.5235033
v -814.0488892 -167.7000275 12.4909124
v -845.5262451 -185.9991150 54.4729652
v -845.5262451 -187.0000305 53.3166237
v -845.3789673 -186.2041626 54.2041321
v -845.3789673 -187.1490326 52.9727707
v -845.5044556 -187.1748962 53.0166245
v -845.4388428 -187.3009186 52.7330437
v -845.3916626 -187.3431091 52.6158752
v -845.2694702 -187.3202820 52.6050835
v -845.3361816 -187.3733521 52.5208664
v -845.3046265 -187.3847809 52.4818039
v -845.2587280 -187.3360596 52.5694771
v -845.2442627 -187.3492889 52.5381470
v -845.3789673 -184.9728088 55.1489906
v -845.5262451 -184.7383270 55.3386841
v -845.3789673 -183.5388641 55.7429543
v -845.5262451 -183.2996674 55.8575439
v -845.3789673 -182.0000305 55.9455452
v -845.5262451 -181.7765656 55.9958382
v -845.3789673 -180.4611969 55.7429543
v -845.5262451 -180.2679749 55.7445564
v -845.3789673 -179.0272522 55.1489906
v -845.5262451 -178.8719330 55.1200485
v -845.3789673 -177.7958832 54.2041321
v -845.5262451 -177.6791077 54.1628838
v -845.3789673 -176.8510284 52.9727707
v -845.5262451 -176.7670288 52.9352455
v -845.3789673 -176.2570648 51.5388107
v -845.5262451 -176.1949310 51.5168953
v -845.3789673 -176.0544891 49.9999924
v -845.5262451 -176.0000305 49.9999924
v -845.5262451 -176.1949310 48.4830933
v -845.3789673 -176.2570648 48.4611702
v -845.5262451 -176.7670288 47.0647430
v -845.3789673 -176.8510284 47.0272255
v -845.5262451 -177.6791077 45.8371162
v -845.3789673 -177.7958832 45.7958565
v -845.5262451 -178.8719330 44.8799438
v -845.3789673 -179.0272522 44.8509903
v -845.5262451 -180.2679749 44.2554321
v -845.3789673 -180.4611969 44.2570343
v -845.5262451 -181.7765656 44.0041542
v -845.3789673 -182.0000305 44.0544434
v -845.5262451 -183.2996674 44.1424446
v -845.3789673 -183.5388641 44.2570343
v -845.5262451 -184.7383270 44.6613045
v -845.3789673 -184.9728088 44.8509903
v -845.5262451 -185.9991150 45.5270309
v -845.3789673 -186.2041626 45.7958565
v -845.5262451 -187.0000305 46.6833687
v -845.3789673 -187.1490326 47.0272255
v -845.5059204 -187.1695709 46.9729195
v -845.4453735 -187.2931519 47.2469101
v -845.4000244 -187.3370056 47.3662567
v -845.3379517 -187.3726501 47.4767494
v -845.3023071 -187.3855286 47.5207214
v -845.2694092 -187.3205566 47.3955116
v -845.2782593 -187.2834625 47.3184128
v -845.2782593 -186.4382782 46.0747566
v -845.2782593 -185.3072510 45.0839119
v -845.2782593 -183.9632111 44.4096909
v -845.2782593 -182.4927368 44.0955124
v -845.2782593 -180.9905243 44.1616249
v -845.2782593 -179.5533295 44.6037636
v -845.2782593 -178.2737274 45.3934555
v -845.2782593 -177.2341003 46.4798241
v -845.2782593 -176.5014496 47.7929268
v -845.2782593 -176.1229095 49.2481651
v -845.2782593 -176.1229095 50.7518196
v -845.2782593 -176.5014496 52.2070732
v -845.2782593 -177.2341003 53.5201645
v -845.2782593 -178.2737274 54.6065483
v -845.2782593 -179.5533295 55.3962212
v -845.2782593 -180.9905243 55.8383675
v -845.2782593 -182.4927368 55.9044724
v -845.2782593 -183.9632111 55.5903015
v -845.2782593 -185.3072510 54.9160805
v -845.2782593 -186.4382782 53.9252319
v -845.2782593 -186.9004974 53.3303223
v -845.2647705 -187.3950500 47.5549507
v -845.1517944 -187.4053802 47.5940361
v -845.2008057 -187.3689117 47.5113602
v -845.2230225 -187.3614349 47.4920425
v -845.2230225 -187.4017334 47.5800743
v -845.1999512 -187.4039307 47.5884514
v -845.1760254 -187.4051666 47.5932159
v -845.1275635 -187.4045410 47.5908203
v -845.1043701 -187.4027557 47.5839005
v -845.0420532 -187.3926086 47.5460396
v -845.1483765 -187.3736420 47.5238838
v -845.1347046 -187.3722992 47.5203438
v -845.1221313 -187.3700714 47.5144234
v -845.1104736 -187.3670807 47.5065804
v -845.1000366 -187.3634796 47.4972725
v -845.0822754 -187.3549042 47.4756317
v -845.0674438 -187.3441315 47.4494934
v -845.0072632 -187.3828583 47.5114212
v -845.0465088 -187.3162079 47.3860626
v -845.0396729 -187.2834625 47.3184128
v -844.9439697 -187.3544769 47.4185524
v -844.8897705 -187.3123474 47.2972298
v -845.0821533 -187.4000702 47.5737305
v -844.9390259 -187.1462097 47.0223312
v -844.8151855 -187.1803741 46.9941826
v -844.7918701 -187.0000305 46.6833687
v -844.9390259 -186.2041626 45.7958565
v -844.7918701 -185.9991150 45.5270309
v -844.9390259 -184.9728088 44.8509903
v -844.7918701 -184.7383270 44.6613045
v -844.9390259 -183.5388641 44.2570343
v -844.7918701 -183.2996674 44.1424446
v -844.9390259 -182.0000305 44.0544434
v -844.7918701 -181.7765656 44.0041542
v -844.9390259 -180.4611969 44.2570343
v -844.7918701 -180.2679749 44.2554321
v -844.9390259 -179.0272522 44.8509903
v -844.7918701 -178.8719330 44.8799438
v -844.9390259 -177.7958832 45.7958565
v -844.7918701 -177.6791077 45.8371162
v -844.9390259 -176.8510284 47.0272255
v -844.7918701 -176.7670288 47.0647430
v -844.9390259 -176.2570648 48.4611702
v -844.7918701 -176.1949310 48.4830933
v -844.9390259 -176.0544891 49.9999924
v -844.7918701 -176.0000305 49.9999924
v -844.7918701 -176.1949310 51.5168953
v -844.9390259 -176.2570648 51.5388107
v -844.7918701 -176.7670288 52.9352455
v -844.9390259 -176.8510284 52.9727707
v -844.7918701 -177.6791077 54.1628838
v -844.9390259 -177.7958832 54.2041321
v -844.7918701 -178.8719330 55.1200485
v -844.9390259 -179.0272522 55.1489906
v -844.7918701 -180.2679749 55.7445564
v -844.9390259 -180.4611969 55.7429543
v -844.7918701 -181.7765656 55.9958382
v -844.9390259 -182.0000305 55.9455452
v -844.7918701 -183.2996674 55.8575439
v -844.9390259 -183.5388641 55.7429543
v -844.7918701 -184.7383270 55.3386841
v -844.9390259 -184.9728088 55.1489906
v -844.7918701 -185.9991150 54.4729652
v -844.9390259 -186.2041626 54.2041321
v -844.7918701 -187.0000305 53.3166237
v -844.9390259 -187.1483002 52.9740219
v -844.8164673 -187.1846924 52.9971733
v -844.8897705 -187.3123169 52.7028542
v -844.9418335 -187.3531799 52.5854530
v -845.0396729 -187.2834625 52.6815834
v -845.0396729 -186.4382782 53.9252319
v -845.0026855 -187.3812866 52.4939461
v -845.0469971 -187.3173676 52.6114540
v -845.0567627 -187.3331146 52.5762634
v -845.0380249 -187.3916321 52.4574509
v -845.0710449 -187.3472137 52.5431633
v -845.0888062 -187.3585052 52.5153427
v -845.0793457 -187.3996735 52.4277687
v -845.1096191 -187.3668365 52.4940529
v -845.1022949 -187.4025421 52.4168930
v -845.1208496 -187.3697968 52.4862709
v -845.1325684 -187.3719940 52.4804916
v -845.1263428 -187.4044647 52.4094543
v -845.1448975 -187.3734131 52.4767342
v -845.1579590 -187.3739471 52.4752731
v -845.1514282 -187.4053650 52.4059753
v -845.1765137 -187.4051514 52.4068336
v -845.1709595 -187.3735504 52.4763222
v -845.2012939 -187.4038391 52.4119186
v -845.2248535 -187.4015045 52.4207954
v -845.2676392 -187.3944397 52.4472466
v -845.1836548 -187.3722382 52.4798012
v -845.1955566 -187.3701477 52.4853821
v -845.2064819 -187.3673859 52.4926453
v -845.2265015 -187.3597717 52.5121346
v -845.2782593 -187.2834625 52.6815834
v -845.0396729 -185.3072510 54.9160805
v -845.0396729 -183.9632111 55.5903015
v -845.0396729 -182.4927368 55.9044724
v -845.0396729 -180.9905243 55.8383675
v -845.0396729 -179.5533295 55.3962212
v -845.0396729 -178.2737274 54.6065483
v -845.0396729 -177.2341003 53.5201645
v -845.0396729 -176.5014496 52.2070732
v -845.0396729 -176.1229095 50.7518196
v -845.0396729 -176.1229095 49.2481651
v -845.0396729 -176.5014496 47.7929268
v -845.0396729 -177.2341003 46.4798241
v -845.0396729 -178.2737274 45.3934555
v -845.0396729 -179.5533295 44.6037636
v -845.0396729 -180.9905243 44.1616249
v -845.0396729 -182.4927368 44.0955124
v -845.0396729 -183.9632111 44.4096909
v -845.0396729 -185.3072510 45.0839119
v -845.0396729 -186.4382782 46.0747566
v -845.0396729 -186.9004974 46.6696625
v -845.1622314 -187.3739319 47.5246429
v -845.1759033 -187.3731537 47.5225945
v -845.1888428 -187.3714294 47.5180244
v -845.2422485 -187.3507080 47.4653397
v -845.2578735 -187.3370209 47.4327431
v -843.9999390 -187.2834625 52.6815834
v -843.9999390 -186.9375305 53.2751656
v -843.9999390 -186.3536835 54.0188522
v -843.9999390 -185.6590118 54.6602058
v -843.9999390 -184.8711395 55.1828842
v -843.9999390 -184.0101624 55.5735970
v -843.9999390 -183.0980072 55.8223763
v -843.9999390 -182.1578827 55.9228935
v -843.9999390 -181.2137451 55.8725891
v -843.9999390 -180.2896118 55.6727524
v -843.9999390 -179.4090729 55.3284607
v -843.9999390 -178.5944672 54.8484840
v -843.9999390 -177.8665924 54.2450447
v -843.9999390 -177.2440033 53.5335121
v -843.9999390 -176.7424774 52.7319984
v -843.9999390 -176.3748627 51.8609238
v -843.9999390 -176.1504517 50.9424629
v -843.9999390 -176.0750275 49.9999924
v -843.9999390 -176.1504517 49.0575333
v -843.9999390 -176.3748627 48.1390648
v -843.9999390 -176.7424774 47.2679825
v -843.9999390 -177.2440033 46.4664726
v -843.9999390 -177.8665924 45.7549400
v -843.9999390 -178.5944672 45.1515045
v -843.9999390 -179.4090729 44.6715317
v -843.9999390 -180.2896118 44.3272438
v -843.9999390 -181.2137451 44.1274033
v -843.9999390 -182.1578827 44.0770912
v -843.9999390 -183.0980072 44.1776123
v -843.9999390 -184.0101624 44.4263992
v -843.9999390 -184.8711395 44.8171005
v -843.9999390 -185.6590118 45.3397903
v -843.9999390 -186.3536835 45.9811440
v -843.9999390 -186.9375305 46.7248230
v -843.9999390 -187.2834625 47.3184128
v -843.9999390 -187.0000305 46.6833687
v -843.9999390 -185.9991150 45.5270309
v -843.9999390 -184.7383270 44.6613045
v -843.9999390 -183.2996674 44.1424446
v -843.9999390 -181.7765656 44.0041542
v -843.9999390 -180.2679749 44.2554321
v -843.9999390 -178.8719330 44.8799438
v -843.9999390 -177.6791077 45.8371162
v -843.9999390 -176.7670288 47.0647430
v -843.9999390 -176.1949310 48.4830933
v -843.9999390 -176.0000305 49.9999924
v -843.9999390 -176.1949310 51.5168953
v -843.9999390 -176.7670288 52.9352455
v -843.9999390 -177.6791077 54.1628838
v -843.9999390 -178.8719330 55.1200485
v -843.9999390 -180.2679749 55.7445564
v -843.9999390 -181.7765656 55.9958382
v -843.9999390 -183.2996674 55.8575439
v -843.9999390 -184.7383270 55.3386841
v -843.9999390 -185.9991150 54.4729652
v -843.9999390 -187.0000305 53.3166237
v -846.0000610 -185.9991150 45.5270309
v -846.0000610 -187.0000305 46.6833687
v -846.0000610 -184.7383270 44.6613045
v -846.0000610 -183.2996674 44.1424446
v -846.0000610 -181.7765656 44.0041542
v -846.0000610 -180.2679749 44.2554321
v -846.0000610 -178.8719330 44.8799438
v -846.0000610 -177.6791077 45.8371162
v -846.0000610 -176.7670288 47.0647430
v -846.0000610 -176.1949310 48.4830933
v -846.0000610 -176.0000305 49.9999924
v -846.0000610 -176.1949310 51.5168953
v -846.0000610 -176.7670288 52.9352455
v -846.0000610 -177.6791077 54.1628838
v -846.0000610 -178.8719330 55.1200485
v -846.0000610 -180.2679749 55.7445564
v -846.0000610 -181.7765656 55.9958382
v -846.0000610 -183.2996674 55.8575439
v -846.0000610 -184.7383270 55.3386841
v -846.0000610 -185.9991150 54.4729652
v -846.0000610 -187.0000305 53.3166237
v -846.0000610 -186.9375305 53.2751656
v -846.0000610 -187.2834625 52.6815834
v -846.0000610 -185.6590118 54.6602058
v -846.0000610 -186.3536835 54.0188522
v -846.0000610 -184.8711395 55.1828842
v -846.0000610 -184.0101624 55.5735970
v -846.0000610 -183.0980072 55.8223763
v -846.0000610 -182.1578827 55.9228935
v -846.0000610 -181.2137451 55.8725891
v -846.0000610 -180.2896118 55.6727524
v -846.0000610 -179.4090729 55.3284607
v -846.0000610 -178.5944672 54.8484840
v -846.0000610 -177.8665924 54.2450447
v -846.0000610 -177.2440033 53.5335121
v -846.0000610 -176.7424774 52.7319984
v -846.0000610 -176.3748627 51.8609238
v -846.0000610 -176.1504517 50.9424629
v -846.0000610 -176.0750275 49.9999924
v -846.0000610 -176.1504517 49.0575333
v -846.0000610 -176.3748627 48.1390648
v -846.0000610 -176.7424774 47.2679825
v -846.0000610 -177.2440033 46.4664726
v -846.0000610 -177.8665924 45.7549400
v -846.0000610 -178.5944672 45.1515045
v -846.0000610 -179.4090729 44.6715317
v -846.0000610 -180.2896118 44.3272438
v -846.0000610 -181.2137451 44.1274033
v -846.0000610 -182.1578827 44.0770912
v -846.0000610 -183.0980072 44.1776123
v -846.0000610 -184.0101624 44.4263992
v -846.0000610 -184.8711395 44.8171005
v -846.0000610 -185.6590118 45.3397903
v -846.0000610 -186.3536835 45.9811440
v -846.0000610 -186.9375305 46.7248230
v -846.0000610 -187.2834625 47.3184128
v -843.9999390 -187.3157806 52.6934547
v -843.9999390 -187.4319763 52.2937431
v -843.9999390 -187.3914642 52.4263535
v -843.9999390 -187.3418884 52.5558472
v -843.9999390 -187.3157806 47.3065300
v -843.9999390 -187.3418884 47.4441566
v -843.9999390 -187.3914642 47.5736313
v -843.9999390 -187.4319763 47.7062416
v -846.0000610 -187.3418884 52.5558472
v -846.0000610 -187.3914642 52.4263535
v -846.0000610 -187.4319763 52.2937431
v -846.0000610 -187.4319763 47.7062416
v -846.0000610 -187.3157806 47.3065300
v -846.0000610 -187.3157806 52.6934547
v -846.0000610 -187.3914642 47.5736313
v -846.0000610 -187.3418884 47.4441566
v -834.2734985 -172.8500214 85.2174301
v -839.2864990 -172.8500214 82.7418976
v -839.3117676 -172.9000244 82.7849808
v -842.4322510 -172.9000244 80.7342300
v -842.4027710 -172.8500214 80.6938400
v -845.3367920 -172.9000244 78.3874741
v -845.3034668 -172.8500214 78.3501740
v -847.9971924 -172.9000244 75.7673492
v -847.9605103 -172.8500214 75.7334824
v -850.3880615 -172.9000244 72.8990555
v -850.3482056 -172.8500214 72.8689651
v -852.4862061 -172.9000244 69.8102493
v -852.4436035 -172.8500214 69.7842026
v -854.2715454 -172.9000244 66.5306320
v -854.2265015 -172.8500214 66.5089111
v -855.7268066 -172.9000244 63.0918312
v -855.6798096 -172.8500214 63.0746346
v -856.8380127 -172.9000244 59.5269508
v -856.7896118 -172.8500214 59.5144348
v -857.5943604 -172.9000244 55.8703232
v -857.5450439 -172.8500214 55.8626022
v -857.9887085 -172.9000244 52.1571541
v -857.9389038 -172.8500214 52.1543274
v -858.0173340 -172.9000244 48.4232101
v -857.9673462 -172.8500214 48.4252815
v -857.6797485 -172.9000244 44.7044640
v -857.6302490 -172.8500214 44.7114143
v -856.9791260 -172.9000244 41.0367012
v -856.9306030 -172.8500214 41.0484810
v -855.9226074 -172.9000244 37.4552650
v -855.8753662 -172.8500214 37.4717522
v -854.5199585 -172.9000244 33.9946442
v -854.4746704 -172.8500214 34.0156746
v -852.7850342 -172.9000244 30.6881618
v -852.7418213 -172.8500214 30.7135296
v -849.5965576 -172.9000244 26.0866222
v -849.5575562 -172.8500214 26.1180401
v -845.7673340 -172.9000244 22.0027428
v -845.7334595 -172.8500214 22.0395336
v -841.3804321 -172.9000244 18.5249119
v -841.3522949 -172.8500214 18.5662727
v -836.5306396 -172.9000244 15.7284231
v -836.5089111 -172.8500214 15.7734642
v -831.3229980 -172.9000244 13.6738129
v -831.3081665 -172.8500214 13.7215528
v -825.8702393 -172.9000244 12.4055529
v -825.8626709 -172.8500214 12.4549627
v -820.2905884 -172.9000244 11.9511023
v -820.2901611 -172.8500214 12.0011024
v -814.7044678 -172.9000244 12.3202925
v -814.7114258 -172.8500214 12.3698034
v -809.2329712 -172.9000244 13.5051336
v -809.2471924 -172.8500214 13.5530920
v -803.9946289 -172.9000244 15.4799824
v -804.0156860 -172.8500214 15.5253439
v -799.1027222 -172.9000244 18.2020836
v -799.1302490 -172.8500214 18.2438622
v -794.6632080 -172.9000244 21.6125126
v -794.6964111 -172.8500214 21.6498146
v -790.7720947 -172.9000244 25.6374435
v -790.8104858 -172.8500214 25.6694565
v -787.5136719 -172.9000244 30.1897507
v -787.5563965 -172.8500214 30.2157822
v -784.9586182 -172.9000244 35.1708946
v -785.0045776 -172.8500214 35.1903725
v -783.1619873 -172.9000244 40.4730339
v -783.2103882 -172.8500214 40.4855537
v -782.1627808 -172.9000244 45.9814148
v -782.2124634 -172.8500214 45.9866943
v -781.9826660 -172.9000244 51.5767746
v -782.0326538 -172.8500214 51.5747070
v -782.6255493 -172.9000244 57.1380005
v -782.6746216 -172.8500214 57.1286240
v -784.0773926 -172.9000244 62.5447273
v -784.1246338 -172.8500214 62.5282364
v -786.3068848 -172.9000244 67.6798859
v -786.3511963 -172.8500214 67.6566544
v -789.2657471 -172.9000244 72.4323349
v -789.3061523 -172.8500214 72.4028473
v -792.8898926 -172.9000244 76.6991806
v -792.9255371 -172.8500214 76.6640930
v -797.1009521 -172.9000244 80.3880768
v -797.1309814 -172.8500214 80.3481445
v -801.8075562 -172.9000244 83.4191666
v -801.8315430 -172.8500214 83.3752518
v -806.9081421 -172.9000244 85.7268219
v -806.9252930 -172.8500214 85.6798782
v -812.2920532 -172.9000244 87.2611084
v -812.3021851 -172.8500214 87.2121429
v -817.8428345 -172.9000244 87.9887848
v -817.8456421 -172.8500214 87.9388885
v -823.4403076 -172.9000244 87.8941498
v -823.4357910 -172.8500214 87.8443527
v -828.9632568 -172.9000244 86.9792023
v -828.9515381 -172.8500214 86.9306107
v -834.2922363 -172.9000244 85.2637711
v -839.2864990 -173.2000122 82.7418976
v -835.9843140 -173.2000122 84.4746475
v -832.5282593 -173.2000122 85.8753738
v -828.9515381 -173.2000122 86.9306107
v -825.2885132 -173.2000122 87.6301804
v -843.8819580 -173.2000122 79.5576096
v -847.9605103 -173.2000122 75.7334824
v -851.4336548 -173.2000122 71.3523026
v -854.2265015 -173.2000122 66.5089111
v -856.2783813 -173.2000122 61.3081551
v -857.5450439 -173.2000122 55.8626022
v -857.9989014 -173.2000122 50.2901535
v -857.6302490 -173.2000122 44.7114143
v -856.4468384 -173.2000122 39.2471619
v -854.4746704 -173.2000122 34.0156746
v -851.7561035 -173.2000122 29.1302052
v -848.3501587 -173.2000122 24.6964931
v -844.3305054 -173.2000122 20.8105316
v -839.7842407 -173.2000122 17.5564327
v -834.8096313 -173.2000122 15.0046329
v -829.5144043 -173.2000122 13.2103825
v -824.0133057 -173.2000122 12.2125120
v -818.4252319 -173.2000122 12.0326328
v -812.8713379 -173.2000122 12.6746330
v -807.4717407 -173.2000122 14.1246128
v -802.3433228 -173.2000122 16.3511829
v -797.5971680 -173.2000122 19.3061523
v -793.3358765 -173.2000122 22.9255428
v -789.6517944 -173.2000122 27.1310234
v -786.6246948 -173.2000122 31.8315411
v -784.3201294 -173.2000122 36.9253540
v -782.7877808 -173.2000122 42.3021889
v -782.0610962 -173.2000122 47.8456726
v -782.1556396 -173.2000122 53.4357719
v -783.0693359 -173.2000122 58.9515114
v -784.7825317 -173.2000122 64.2734756
v -787.2581177 -173.2000122 69.2864532
v -789.3061523 -173.2000122 72.4028473
v -791.6497803 -173.2000122 75.3034973
v -794.2664795 -173.2000122 77.9604645
v -797.1309814 -173.2000122 80.3481445
v -800.2157593 -173.2000122 82.4435654
v -803.4910889 -173.2000122 84.2265244
v -806.9252930 -173.2000122 85.6798782
v -810.4855347 -173.2000122 86.7895966
v -814.1373291 -173.2000122 87.5450363
v -817.8456421 -173.2000122 87.9388885
v -821.5746460 -173.2000122 87.9673538
v -787.2149658 -173.2000122 69.3118362
v -789.2657471 -173.2000122 72.4323349
v -784.7362061 -173.2000122 64.2922516
v -783.0207520 -173.2000122 58.9632912
v -782.1058350 -173.2000122 53.4402962
v -782.0112305 -173.2000122 47.8428345
v -782.7388916 -173.2000122 42.2920647
v -784.2731934 -173.2000122 36.9081535
v -786.5808716 -173.2000122 31.8076382
v -789.6119385 -173.2000122 27.1009331
v -793.3008423 -173.2000122 22.8899212
v -797.5676270 -173.2000122 19.2657623
v -802.3201294 -173.2000122 16.3069134
v -807.4552002 -173.2000122 14.0774021
v -812.8619385 -173.2000122 12.6255217
v -818.4232178 -173.2000122 11.9826832
v -824.0186157 -173.2000122 12.1627922
v -829.5269165 -173.2000122 13.1619720
v -834.8290405 -173.2000122 14.9585924
v -839.8101807 -173.2000122 17.5137424
v -844.3625488 -173.2000122 20.7721233
v -848.3874512 -173.2000122 24.6631927
v -851.7979126 -173.2000122 29.1027431
v -854.5199585 -173.2000122 33.9946442
v -791.6124878 -173.2000122 75.3367920
v -794.2326660 -173.2000122 77.9972534
v -797.1009521 -173.2000122 80.3880768
v -800.1896973 -173.2000122 82.4862518
v -803.4693604 -173.2000122 84.2715683
v -806.9081421 -173.2000122 85.7268219
v -810.4730225 -173.2000122 86.8380127
v -814.1296997 -173.2000122 87.5944366
v -817.8428345 -173.2000122 87.9887848
v -821.5767822 -173.2000122 88.0173187
v -825.2955322 -173.2000122 87.6796951
v -828.9632568 -173.2000122 86.9792023
v -832.5447998 -173.2000122 85.9225922
v -836.0053101 -173.2000122 84.5200043
v -839.3117676 -173.2000122 82.7849808
v -843.9133301 -173.2000122 79.5965042
v -847.9971924 -173.2000122 75.7673492
v -851.4750366 -173.2000122 71.3804016
v -854.2715454 -173.2000122 66.5306320
v -856.3261108 -173.2000122 61.3230324
v -857.5943604 -173.2000122 55.8703232
v -858.0488892 -173.2000122 50.2905350
v -857.6797485 -173.2000122 44.7044640
v -856.4948730 -173.2000122 39.2330132
v -823.2751465 -186.9375305 23.9999943
v -822.6815186 -187.2834625 25.9999924
v -822.6815186 -187.2834625 23.9999943
v -823.2751465 -186.9375305 25.9999924
v -824.0187988 -186.3536835 25.9999924
v -824.6602173 -185.6590118 25.9999924
v -824.6602173 -185.6590118 23.9999943
v -824.0187988 -186.3536835 23.9999943
v -825.1828613 -184.8711395 25.9999924
v -825.1828613 -184.8711395 23.9999943
v -825.5736084 -184.0101624 23.9999943
v -825.5736084 -184.0101624 25.9999924
v -825.8223267 -183.0980072 25.9999924
v -825.8223267 -183.0980072 23.9999943
v -825.9229126 -182.1578827 25.9999924
v -825.9229126 -182.1578827 23.9999943
v -825.8726196 -181.2137451 23.9999943
v -825.8726196 -181.2137451 25.9999924
v -825.6727295 -180.2896118 25.9999924
v -825.6727295 -180.2896118 23.9999943
v -825.3284912 -179.4090729 25.9999924
v -825.3284912 -179.4090729 23.9999943
v -824.8485107 -178.5944672 23.9999943
v -824.8485107 -178.5944672 25.9999924
v -824.2450562 -177.8665924 25.9999924
v -823.5335693 -177.2440033 25.9999924
v -823.5335693 -177.2440033 23.9999943
v -824.2450562 -177.8665924 23.9999943
v -822.7319946 -176.7424774 25.9999924
v -822.7319946 -176.7424774 23.9999943
v -821.8609009 -176.3748627 25.9999924
v -821.8609009 -176.3748627 23.9999943
v -820.9424438 -176.1504517 23.9999943
v -820.9424438 -176.1504517 25.9999924
v -819.9999390 -176.0750275 25.9999924
v -819.9999390 -176.0750275 23.9999943
v -819.0574951 -176.1504517 25.9999924
v -819.0574951 -176.1504517 23.9999943
v -818.1390381 -176.3748627 23.9999943
v -818.1390381 -176.3748627 25.9999924
v -817.2679443 -176.7424774 25.9999924
v -817.2679443 -176.7424774 23.9999943
v -816.4664307 -177.2440033 25.9999924
v -816.4664307 -177.2440033 23.9999943
v -815.7549438 -177.8665924 23.9999943
v -815.7549438 -177.8665924 25.9999924
v -815.1514893 -178.5944672 25.9999924
v -814.6715088 -179.4090729 25.9999924
v -814.6715088 -179.4090729 23.9999943
v -815.1514893 -178.5944672 23.9999943
v -814.3272095 -180.2896118 25.9999924
v -814.3272095 -180.2896118 23.9999943
v -814.1273804 -181.2137451 25.9999924
v -814.1273804 -181.2137451 23.9999943
v -814.0770874 -182.1578827 23.9999943
v -814.0770874 -182.1578827 25.9999924
v -814.1776123 -183.0980072 25.9999924
v -814.1776123 -183.0980072 23.9999943
v -814.4263916 -184.0101624 25.9999924
v -814.4263916 -184.0101624 23.9999943
v -814.8170776 -184.8711395 23.9999943
v -814.8170776 -184.8711395 25.9999924
v -815.3397217 -185.6590118 25.9999924
v -815.9810791 -186.3536835 25.9999924
v -815.9810791 -186.3536835 23.9999943
v -815.3397217 -185.6590118 23.9999943
v -816.7247925 -186.9375305 25.9999924
v -816.7247925 -186.9375305 23.9999943
v -817.3183594 -187.2834625 23.9999943
v -817.3183594 -187.2834625 25.9999924
v -815.5269775 -185.9991150 23.9999943
v -816.6834106 -187.0000305 25.9999924
v -816.6834106 -187.0000305 23.9999943
v -815.5269775 -185.9991150 25.9999924
v -814.6612549 -184.7383270 23.9999943
v -814.6612549 -184.7383270 25.9999924
v -814.1424561 -183.2996674 23.9999943
v -814.1424561 -183.2996674 25.9999924
v -814.0041504 -181.7765656 23.9999943
v -814.0041504 -181.7765656 25.9999924
v -814.2554321 -180.2679749 23.9999943
v -814.2554321 -180.2679749 25.9999924
v -814.8799438 -178.8719330 23.9999943
v -814.8799438 -178.8719330 25.9999924
v -815.8370972 -177.6791077 23.9999943
v -815.8370972 -177.6791077 25.9999924
v -817.0646973 -176.7670288 23.9999943
v -817.0646973 -176.7670288 25.9999924
v -818.4830322 -176.1949310 23.9999943
v -818.4830322 -176.1949310 25.9999924
v -819.9999390 -176.0000305 23.9999943
v -819.9999390 -176.0000305 25.9999924
v -821.5169678 -176.1949310 23.9999943
v -821.5169678 -176.1949310 25.9999924
v -822.9351807 -176.7670288 23.9999943
v -822.9351807 -176.7670288 25.9999924
v -824.1628418 -177.6791077 23.9999943
v -824.1628418 -177.6791077 25.9999924
v -825.1200562 -178.8719330 23.9999943
v -825.1200562 -178.8719330 25.9999924
v -825.7445068 -180.2679749 23.9999943
v -825.7445068 -180.2679749 25.9999924
v -825.9958496 -181.7765656 23.9999943
v -825.9958496 -181.7765656 25.9999924
v -825.8574829 -183.2996674 23.9999943
v -825.8574829 -183.2996674 25.9999924
v -825.3387451 -184.7383270 23.9999943
v -825.3387451 -184.7383270 25.9999924
v -824.4729004 -185.9991150 23.9999943
v -824.4729004 -185.9991150 25.9999924
v -823.3165283 -187.0000305 23.9999943
v -823.3165283 -187.0000305 25.9999924
v -822.5557861 -187.3418884 25.9999924
v -822.5557861 -187.3418884 23.9999943
v -822.4263306 -187.3914642 25.9999924
v -822.4263306 -187.3914642 23.9999943
v -822.2937012 -187.4319763 25.9999924
v -822.2937012 -187.4319763 23.9999943
v -822.6934204 -187.3157806 23.9999943
v -817.3065186 -187.3157806 23.9999943
v -817.4440918 -187.3418884 23.9999943
v -817.5736084 -187.3914642 23.9999943
v -817.7062378 -187.4319763 23.9999943
v -817.4440918 -187.3418884 25.9999924
v -817.5736084 -187.3914642 25.9999924
v -817.7062378 -187.4319763 25.9999924
v -817.3065186 -187.3157806 25.9999924
v -822.6934204 -187.3157806 25.9999924
v -791.1764526 -178.2000122 62.4677353
v -790.9755859 -178.2000122 62.2105904
v -791.1764526 -170.7000122 62.4677353
v -790.9755859 -170.7000122 62.2105904
v -790.8480835 -178.2000122 61.9102097
v -790.8480835 -170.7000122 61.9102097
v -790.8026123 -178.2000122 61.5870705
v -790.8026123 -170.7000122 61.5870705
v -790.8424683 -178.2000122 61.2631874
v -790.8424683 -170.7000122 61.2631874
v -790.9647217 -178.2000122 60.9606438
v -790.9647217 -170.7000122 60.9606438
v -791.1610718 -178.2000122 60.7000351
v -791.1610718 -170.7000122 60.7000351
v -791.4181519 -178.2000122 60.4991341
v -791.4181519 -170.7000122 60.4991341
v -791.7185669 -178.2000122 60.3716354
v -791.7185669 -170.7000122 60.3716354
v -792.0417480 -178.2000122 60.3262138
v -792.0417480 -170.7000122 60.3262138
v -792.3656006 -178.2000122 60.3659859
v -792.3656006 -170.7000122 60.3659859
v -792.6681519 -178.2000122 60.4882202
v -792.6681519 -170.7000122 60.4882202
v -792.9287109 -178.2000122 60.6846008
v -792.9287109 -170.7000122 60.6846008
v -793.1296997 -178.2000122 60.9417419
v -793.1296997 -170.7000122 60.9417419
v -793.2572021 -178.2000122 61.2421265
v -793.2572021 -170.7000122 61.2421265
v -793.3026123 -178.2000122 61.5652657
v -793.3026123 -170.7000122 61.5652657
v -793.2628174 -178.2000122 61.8891411
v -793.2628174 -170.7000122 61.8891411
v -793.1405640 -178.2000122 62.1916924
v -793.1405640 -170.7000122 62.1916924
v -792.9442139 -178.2000122 62.4523048
v -792.9442139 -170.7000122 62.4523048
v -792.6870117 -178.2000122 62.6531982
v -792.6870117 -170.7000122 62.6531982
v -792.3866577 -178.2000122 62.7807007
v -792.3866577 -170.7000122 62.7807007
v -792.0635376 -178.2000122 62.8261185
v -792.0635376 -170.7000122 62.8261185
v -791.7396851 -178.2000122 62.7863464
v -791.7396851 -170.7000122 62.7863464
v -791.4371338 -178.2000122 62.6641121
v -791.4371338 -170.7000122 62.6641121
v -792.0526123 -178.9510956 61.5761719
v -825.4766235 -183.4675140 89.7131119
v -825.6698608 -182.0000305 89.7131119
v -827.3410645 -183.9670563 88.3344498
v -827.5999756 -182.0000305 88.3344498
v -825.4766235 -180.5325623 89.7131119
v -827.3410645 -180.0330048 88.3344498
v -824.9102173 -179.1650848 89.7131119
v -826.5817871 -178.2000122 88.3344498
v -824.0092163 -177.9908295 89.7131119
v -825.3739624 -176.6260223 88.3344498
v -822.8348999 -177.0897675 89.7131119
v -823.7999268 -175.4182281 88.3344498
v -821.4674072 -176.5233459 89.7131119
v -821.9670410 -174.6589813 88.3344498
v -819.9999390 -176.3301544 89.7131119
v -819.9999390 -174.4000244 88.3344498
v -818.5325317 -176.5233459 89.7131119
v -818.0329590 -174.6589813 88.3344498
v -817.1650391 -177.0897675 89.7131119
v -816.2000122 -175.4182281 88.3344498
v -815.9907837 -177.9908295 89.7131119
v -814.6259766 -176.6260223 88.3344498
v -815.0897217 -179.1650848 89.7131119
v -813.4182129 -178.2000122 88.3344498
v -814.5233154 -180.5325623 89.7131119
v -812.6589355 -180.0330048 88.3344498
v -814.3300781 -182.0000305 89.7131119
v -812.4000244 -182.0000305 88.3344498
v -814.5233154 -183.4675140 89.7131119
v -812.6589355 -183.9670563 88.3344498
v -815.0897217 -184.8349762 89.7131119
v -813.4182129 -185.8000336 88.3344498
v -815.9907837 -186.0092468 89.7131119
v -814.6259766 -187.3740387 88.3344498
v -817.1650391 -186.9102936 89.7131119
v -816.2000122 -188.5818329 88.3344498
v -818.5325317 -187.4767151 89.7131119
v -818.0329590 -189.3410645 88.3344498
v -819.9999390 -187.6699066 89.7131119
v -819.9999390 -189.6000214 88.3344498
v -821.4674072 -187.4767151 89.7131119
v -821.9670410 -189.3410645 88.3344498
v -822.8348999 -186.9102936 89.7131119
v -823.7999268 -188.5818329 88.3344498
v -824.0092163 -186.0092468 89.7131119
v -825.3739624 -187.3740387 88.3344498
v -824.9102173 -184.8349762 89.7131119
v -826.5817871 -185.8000336 88.3344498
v -812.4000244 -182.0000305 87.4631195
v -812.6589355 -183.9670563 87.4631195
v -812.6589355 -180.0330048 87.4631195
v -813.4182129 -178.2000122 87.4631195
v -814.6259766 -176.6260223 87.4631195
v -816.2000122 -175.4182281 87.4631195
v -818.0329590 -174.6589813 87.4631195
v -819.9999390 -174.4000244 87.4631195
v -821.9670410 -174.6589813 87.4631195
v -823.7999268 -175.4182281 87.4631195
v -825.3739624 -176.6260223 87.4631195
v -826.5817871 -178.2000122 87.4631195
v -827.3410645 -180.0330048 87.4631195
v -827.5999756 -182.0000305 87.4631195
v -827.3410645 -183.9670563 87.4631195
v -826.5817871 -185.8000336 87.4631195
v -825.3739624 -187.3740387 87.4631195
v -823.7999268 -188.5818329 87.4631195
v -821.9670410 -189.3410645 87.4631195
v -819.9999390 -189.6000214 87.4631195
v -818.0329590 -189.3410645 87.4631195
v -816.2000122 -188.5818329 87.4631195
v -814.6259766 -187.3740387 87.4631195
v -813.4182129 -185.8000336 87.4631195
v -824.8272705 -180.7065430 89.7131119
v -824.9976196 -182.0000305 89.7131119
v -824.8272705 -180.7065430 88.9631119
v -824.9976196 -182.0000305 88.9631119
v -824.8272705 -183.2935181 89.7131119
v -824.8272705 -183.2935181 88.9631119
v -824.3280640 -184.4988403 89.7131119
v -824.3280640 -184.4988403 88.9631119
v -823.5339355 -185.5338898 89.7131119
v -823.5339355 -185.5338898 88.9631119
v -822.4987793 -186.3281097 89.7131119
v -822.4987793 -186.3281097 88.9631119
v -821.2933960 -186.8273773 89.7131119
v -821.2933960 -186.8273773 88.9631119
v -819.9999390 -186.9976654 89.7131119
v -819.9999390 -186.9976654 88.9631119
v -818.7064209 -186.8273773 89.7131119
v -818.7064209 -186.8273773 88.9631119
v -817.5011597 -186.3281097 89.7131119
v -817.5011597 -186.3281097 88.9631119
v -816.4661255 -185.5338898 89.7131119
v -816.4661255 -185.5338898 88.9631119
v -815.6718750 -184.4988403 89.7131119
v -815.6718750 -184.4988403 88.9631119
v -815.1726074 -183.2935181 89.7131119
v -815.1726074 -183.2935181 88.9631119
v -815.0023193 -182.0000305 89.7131119
v -815.0023193 -182.0000305 88.9631119
v -815.1726074 -180.7065430 89.7131119
v -815.1726074 -180.7065430 88.9631119
v -815.6718750 -179.5012054 89.7131119
v -815.6718750 -179.5012054 88.9631119
v -816.4661255 -178.4661713 89.7131119
v -816.4661255 -178.4661713 88.9631119
v -817.5011597 -177.6719513 89.7131119
v -817.5011597 -177.6719513 88.9631119
v -818.7064209 -177.1726532 89.7131119
v -818.7064209 -177.1726532 88.9631119
v -819.9999390 -177.0023651 89.7131119
v -819.9999390 -177.0023651 88.9631119
v -821.2933960 -177.1726532 89.7131119
v -821.2933960 -177.1726532 88.9631119
v -822.4987793 -177.6719513 89.7131119
v -822.4987793 -177.6719513 88.9631119
v -823.5339355 -178.4661713 89.7131119
v -823.5339355 -178.4661713 88.9631119
v -824.3280640 -179.5012054 89.7131119
v -824.3280640 -179.5012054 88.9631119
v -825.7955322 -180.4471130 88.9631119
v -826.0000610 -182.0000305 88.9631119
v -826.7131348 -180.2012177 87.4631195
v -826.9499512 -182.0000305 87.4631195
v -825.7955322 -183.5529327 88.9631119
v -826.7131348 -183.7988281 87.4631195
v -825.1961670 -185.0000305 88.9631119
v -826.0189209 -185.4750214 87.4631195
v -824.2426147 -186.2426605 88.9631119
v -824.9143066 -186.9144287 87.4631195
v -822.9999390 -187.1961823 88.9631119
v -823.4749756 -188.0189056 87.4631195
v -821.5528564 -187.7955780 88.9631119
v -821.7987671 -188.7132111 87.4631195
v -819.9999390 -188.0000153 88.9631119
v -819.9999390 -188.9500275 87.4631195
v -818.4470825 -187.7955780 88.9631119
v -818.2011719 -188.7132111 87.4631195
v -817.0000000 -187.1961823 88.9631119
v -816.5250244 -188.0189056 87.4631195
v -815.7573242 -186.2426605 88.9631119
v -815.0856323 -186.9144287 87.4631195
v -814.8038330 -185.0000305 88.9631119
v -813.9810791 -185.4750214 87.4631195
v -814.2044678 -183.5529327 88.9631119
v -813.2867432 -183.7988281 87.4631195
v -813.9999390 -182.0000305 88.9631119
v -813.0499268 -182.0000305 87.4631195
v -814.2044678 -180.4471130 88.9631119
v -813.2867432 -180.2012177 87.4631195
v -814.8038330 -179.0000153 88.9631119
v -813.9810791 -178.5250244 87.4631195
v -815.7573242 -177.7573700 88.9631119
v -815.0856323 -177.0856323 87.4631195
v -817.0000000 -176.8038788 88.9631119
v -816.5250244 -175.9811707 87.4631195
v -818.4470825 -176.2044678 88.9631119
v -818.2011719 -175.2868500 87.4631195
v -819.9999390 -176.0000305 88.9631119
v -819.9999390 -175.0500183 87.4631195
v -821.5528564 -176.2044678 88.9631119
v -821.7987671 -175.2868500 87.4631195
v -822.9999390 -176.8038788 88.9631119
v -823.4749756 -175.9811707 87.4631195
v -824.2426147 -177.7573700 88.9631119
v -824.9143066 -177.0856323 87.4631195
v -825.1961670 -179.0000153 88.9631119
v -826.0189209 -178.5250244 87.4631195
v -852.5590210 -169.0000153 64.9364166
v -852.9676514 -169.0000153 64.7630157
v -852.5590210 -176.8666840 64.9364166
v -852.9676514 -176.8666840 64.7630157
v -853.3173218 -169.0000153 64.4897919
v -853.3173218 -176.8666840 64.4897919
v -853.5844116 -169.0000153 64.1353607
v -853.5844116 -176.8666840 64.1353607
v -853.7506104 -169.0000153 63.7238922
v -853.7506104 -176.8666840 63.7238922
v -853.8047485 -169.0000153 63.2834053
v -853.8047485 -176.8666840 63.2834053
v -853.7429199 -169.0000153 62.8439407
v -853.7429199 -176.8666840 62.8439407
v -853.5695801 -169.0000153 62.4354362
v -853.5695801 -176.8666840 62.4354362
v -853.2963257 -169.0000153 62.0857239
v -853.2963257 -176.8666840 62.0857239
v -852.9419556 -169.0000153 61.8186455
v -852.9419556 -176.8666840 61.8186455
v -852.5303955 -169.0000153 61.6523933
v -852.5303955 -176.8666840 61.6523933
v -852.0899658 -169.0000153 61.5983162
v -852.0899658 -176.8666840 61.5983162
v -851.6505127 -169.0000153 61.6600761
v -851.6505127 -176.8666840 61.6600761
v -851.2420654 -169.0000153 61.8334770
v -851.2420654 -176.8666840 61.8334770
v -850.8923340 -169.0000153 62.1067009
v -850.8923340 -176.8666840 62.1067009
v -850.6251221 -169.0000153 62.4611206
v -850.6251221 -176.8666840 62.4611206
v -850.4589233 -169.0000153 62.8725967
v -850.4589233 -176.8666840 62.8725967
v -850.4048462 -169.0000153 63.3130836
v -850.4048462 -176.8666840 63.3130836
v -850.4666748 -169.0000153 63.7525558
v -850.4666748 -176.8666840 63.7525558
v -850.6400757 -169.0000153 64.1610641
v -850.6400757 -176.8666840 64.1610641
v -850.9132080 -169.0000153 64.5107727
v -850.9132080 -176.8666840 64.5107727
v -851.2676392 -169.0000153 64.7778549
v -851.2676392 -176.8666840 64.7778549
v -851.6791382 -169.0000153 64.9440918
v -851.6791382 -176.8666840 64.9440918
v -852.1195679 -169.0000153 64.9981842
v -852.1195679 -176.8666840 64.9981842
v -853.3173218 -192.6000214 64.4897919
v -852.9676514 -192.6000214 64.7630157
v -853.3173218 -184.7333527 64.4897919
v -852.9676514 -184.7333527 64.7630157
v -852.5590210 -192.6000214 64.9364166
v -852.5590210 -184.7333527 64.9364166
v -852.1195679 -192.6000214 64.9981842
v -852.1195679 -184.7333527 64.9981842
v -851.6791382 -192.6000214 64.9440918
v -851.6791382 -184.7333527 64.9440918
v -851.2676392 -192.6000214 64.7778549
v -851.2676392 -184.7333527 64.7778549
v -850.9132080 -192.6000214 64.5107727
v -850.9132080 -184.7333527 64.5107727
v -850.6400757 -192.6000214 64.1610641
v -850.6400757 -184.7333527 64.1610641
v -850.4666748 -192.6000214 63.7525558
v -850.4666748 -184.7333527 63.7525558
v -850.4048462 -192.6000214 63.3130836
v -850.4048462 -184.7333527 63.3130836
v -850.4589233 -192.6000214 62.8725967
v -850.4589233 -184.7333527 62.8725967
v -850.6251221 -192.6000214 62.4611206
v -850.6251221 -184.7333527 62.4611206
v -850.8923340 -192.6000214 62.1067009
v -850.8923340 -184.7333527 62.1067009
v -851.2420654 -192.6000214 61.8334770
v -851.2420654 -184.7333527 61.8334770
v -851.6505127 -192.6000214 61.6600761
v -851.6505127 -184.7333527 61.6600761
v -852.0899658 -192.6000214 61.5983162
v -852.0899658 -184.7333527 61.5983162
v -852.5303955 -192.6000214 61.6523933
v -852.5303955 -184.7333527 61.6523933
v -852.9419556 -192.6000214 61.8186455
v -852.9419556 -184.7333527 61.8186455
v -853.2963257 -192.6000214 62.0857239
v -853.2963257 -184.7333527 62.0857239
v -853.5695801 -192.6000214 62.4354362
v -853.5695801 -184.7333527 62.4354362
v -853.7429199 -192.6000214 62.8439407
v -853.7429199 -184.7333527 62.8439407
v -853.8047485 -192.6000214 63.2834053
v -853.8047485 -184.7333527 63.2834053
v -853.7506104 -192.6000214 63.7238922
v -853.7506104 -184.7333527 63.7238922
v -853.5844116 -192.6000214 64.1353607
v -853.5844116 -184.7333527 64.1353607
v -852.9964600 -169.0000153 64.1743851
v -852.7391968 -169.0000153 64.3752899
v -852.9964600 -174.9000092 64.1743851
v -852.7391968 -174.9000092 64.3752899
v -852.4388428 -169.0000153 64.5027924
v -852.4388428 -174.9000092 64.5027924
v -852.1157837 -169.0000153 64.5481949
v -852.1157837 -174.9000092 64.5481949
v -851.7917480 -169.0000153 64.5084305
v -851.7917480 -174.9000092 64.5084305
v -851.4893188 -169.0000153 64.3861923
v -851.4893188 -174.9000092 64.3861923
v -851.2286377 -169.0000153 64.1898041
v -851.2286377 -174.9000092 64.1898041
v -851.0277710 -169.0000153 63.9326630
v -851.0277710 -174.9000092 63.9326630
v -850.9002686 -169.0000153 63.6322937
v -850.9002686 -174.9000092 63.6322937
v -850.8548584 -169.0000153 63.3091545
v -850.8548584 -174.9000092 63.3091545
v -850.8945923 -169.0000153 62.9852791
v -850.8945923 -174.9000092 62.9852791
v -851.0168457 -169.0000153 62.6827087
v -851.0168457 -174.9000092 62.6827087
v -851.2132568 -169.0000153 62.4221001
v -851.2132568 -174.9000092 62.4221001
v -851.4703369 -169.0000153 62.2212029
v -851.4703369 -174.9000092 62.2212029
v -851.7707520 -169.0000153 62.0937080
v -851.7707520 -174.9000092 62.0937080
v -852.0938721 -169.0000153 62.0482979
v -852.0938721 -174.9000092 62.0482979
v -852.4178467 -169.0000153 62.0880623
v -852.4178467 -174.9000092 62.0880623
v -852.7202759 -169.0000153 62.2103081
v -852.7202759 -174.9000092 62.2103081
v -852.9808960 -169.0000153 62.4066811
v -852.9808960 -174.9000092 62.4066811
v -853.1818848 -169.0000153 62.6638222
v -853.1818848 -174.9000092 62.6638222
v -853.3093262 -169.0000153 62.9641953
v -853.3093262 -174.9000092 62.9641953
v -853.3547363 -169.0000153 63.2873344
v -853.3547363 -174.9000092 63.2873344
v -853.3150024 -169.0000153 63.6112251
v -853.3150024 -174.9000092 63.6112251
v -853.1928101 -169.0000153 63.9137764
v -853.1928101 -174.9000092 63.9137764
v -852.4388428 -192.6000214 64.5027924
v -852.7391968 -192.6000214 64.3752899
v -852.4388428 -186.7000275 64.5027924
v -852.7391968 -186.7000275 64.3752899
v -852.9964600 -192.6000214 64.1743851
v -852.9964600 -186.7000275 64.1743851
v -853.1928101 -192.6000214 63.9137764
v -853.1928101 -186.7000275 63.9137764
v -853.3150024 -192.6000214 63.6112251
v -853.3150024 -186.7000275 63.6112251
v -853.3547363 -192.6000214 63.2873344
v -853.3547363 -186.7000275 63.2873344
v -853.3093262 -192.6000214 62.9641953
v -853.3093262 -186.7000275 62.9641953
v -853.1818848 -192.6000214 62.6638222
v -853.1818848 -186.7000275 62.6638222
v -852.9808960 -192.6000214 62.4066811
v -852.9808960 -186.7000275 62.4066811
v -852.7202759 -192.6000214 62.2103081
v -852.7202759 -186.7000275 62.2103081
v -852.4178467 -192.6000214 62.0880623
v -852.4178467 -186.7000275 62.0880623
v -852.0938721 -192.6000214 62.0482979
v -852.0938721 -186.7000275 62.0482979
v -851.7707520 -192.6000214 62.0937080
v -851.7707520 -186.7000275 62.0937080
v -851.4703369 -192.6000214 62.2212029
v -851.4703369 -186.7000275 62.2212029
v -851.2132568 -192.6000214 62.4221001
v -851.2132568 -186.7000275 62.4221001
v -851.0168457 -192.6000214 62.6827087
v -851.0168457 -186.7000275 62.6827087
v -850.8945923 -192.6000214 62.9852791
v -850.8945923 -186.7000275 62.9852791
v -850.8548584 -192.6000214 63.3091545
v -850.8548584 -186.7000275 63.3091545
v -850.9002686 -192.6000214 63.6322937
v -850.9002686 -186.7000275 63.6322937
v -851.0277710 -192.6000214 63.9326630
v -851.0277710 -186.7000275 63.9326630
v -851.2286377 -192.6000214 64.1898041
v -851.2286377 -186.7000275 64.1898041
v -851.4893188 -192.6000214 64.3861923
v -851.4893188 -186.7000275 64.3861923
v -851.7917480 -192.6000214 64.5084305
v -851.7917480 -186.7000275 64.5084305
v -852.1157837 -192.6000214 64.5481949
v -852.1157837 -186.7000275 64.5481949
v -852.7391968 -180.8000336 64.3752899
v -852.4388428 -180.8000336 64.5027924
v -852.1157837 -180.8000336 64.5481949
v -851.7917480 -180.8000336 64.5084305
v -851.4893188 -180.8000336 64.3861923
v -851.2286377 -180.8000336 64.1898041
v -851.0277710 -180.8000336 63.9326630
v -850.9002686 -180.8000336 63.6322937
v -850.8548584 -180.8000336 63.3091545
v -850.8945923 -180.8000336 62.9852791
v -851.0168457 -180.8000336 62.6827087
v -851.2132568 -180.8000336 62.4221001
v -851.4703369 -180.8000336 62.2212029
v -851.7707520 -180.8000336 62.0937080
v -852.0938721 -180.8000336 62.0482979
v -852.4178467 -180.8000336 62.0880623
v -852.7202759 -180.8000336 62.2103081
v -852.9808960 -180.8000336 62.4066811
v -853.1818848 -180.8000336 62.6638222
v -853.3093262 -180.8000336 62.9641953
v -853.3547363 -180.8000336 63.2873344
v -853.3150024 -180.8000336 63.6112251
v -853.1928101 -180.8000336 63.9137764
v -852.9964600 -180.8000336 64.1743851
v -833.7525635 -169.0000153 19.5333538
v -834.1610107 -169.0000153 19.3599529
v -833.7525635 -176.8666840 19.5333538
v -834.1610107 -176.8666840 19.3599529
v -834.5108032 -169.0000153 19.0867233
v -834.5108032 -176.8666840 19.0867233
v -834.7778931 -169.0000153 18.7323036
v -834.7778931 -176.8666840 18.7323036
v -834.9440918 -169.0000153 18.3208218
v -834.9440918 -176.8666840 18.3208218
v -834.9981689 -169.0000153 17.8803425
v -834.9981689 -176.8666840 17.8803425
v -834.9364014 -169.0000153 17.4408722
v -834.9364014 -176.8666840 17.4408722
v -834.7629395 -169.0000153 17.0323620
v -834.7629395 -176.8666840 17.0323620
v -834.4898071 -169.0000153 16.6826534
v -834.4898071 -176.8666840 16.6826534
v -834.1353760 -169.0000153 16.4155731
v -834.1353760 -176.8666840 16.4155731
v -833.7238770 -169.0000153 16.2493324
v -833.7238770 -176.8666840 16.2493324
v -833.2834473 -169.0000153 16.1952419
v -833.2834473 -176.8666840 16.1952419
v -832.8438721 -169.0000153 16.2570133
v -832.8438721 -176.8666840 16.2570133
v -832.4354248 -169.0000153 16.4304123
v -832.4354248 -176.8666840 16.4304123
v -832.0856934 -169.0000153 16.7036343
v -832.0856934 -176.8666840 16.7036343
v -831.8186035 -169.0000153 17.0580635
v -831.8186035 -176.8666840 17.0580635
v -831.6524048 -169.0000153 17.4695339
v -831.6524048 -176.8666840 17.4695339
v -831.5982666 -169.0000153 17.9100132
v -831.5982666 -176.8666840 17.9100132
v -831.6600342 -169.0000153 18.3494835
v -831.6600342 -176.8666840 18.3494835
v -831.8334351 -169.0000153 18.7579937
v -831.8334351 -176.8666840 18.7579937
v -832.1066895 -169.0000153 19.1077023
v -832.1066895 -176.8666840 19.1077023
v -832.4610596 -169.0000153 19.3747826
v -832.4610596 -176.8666840 19.3747826
v -832.8726196 -169.0000153 19.5410328
v -832.8726196 -176.8666840 19.5410328
v -833.3131104 -169.0000153 19.5951138
v -833.3131104 -176.8666840 19.5951138
v -834.5108032 -192.6000214 19.0867233
v -834.1610107 -192.6000214 19.3599529
v -834.5108032 -184.7333527 19.0867233
v -834.1610107 -184.7333527 19.3599529
v -833.7525635 -192.6000214 19.5333538
v -833.7525635 -184.7333527 19.5333538
v -833.3131104 -192.6000214 19.5951138
v -833.3131104 -184.7333527 19.5951138
v -832.8726196 -192.6000214 19.5410328
v -832.8726196 -184.7333527 19.5410328
v -832.4610596 -192.6000214 19.3747826
v -832.4610596 -184.7333527 19.3747826
v -832.1066895 -192.6000214 19.1077023
v -832.1066895 -184.7333527 19.1077023
v -831.8334351 -192.6000214 18.7579937
v -831.8334351 -184.7333527 18.7579937
v -831.6600342 -192.6000214 18.3494835
v -831.6600342 -184.7333527 18.3494835
v -831.5982666 -192.6000214 17.9100132
v -831.5982666 -184.7333527 17.9100132
v -831.6524048 -192.6000214 17.4695339
v -831.6524048 -184.7333527 17.4695339
v -831.8186035 -192.6000214 17.0580635
v -831.8186035 -184.7333527 17.0580635
v -832.0856934 -192.6000214 16.7036343
v -832.0856934 -184.7333527 16.7036343
v -832.4354248 -192.6000214 16.4304123
v -832.4354248 -184.7333527 16.4304123
v -832.8438721 -192.6000214 16.2570133
v -832.8438721 -184.7333527 16.2570133
v -833.2834473 -192.6000214 16.1952419
v -833.2834473 -184.7333527 16.1952419
v -833.7238770 -192.6000214 16.2493324
v -833.7238770 -184.7333527 16.2493324
v -834.1353760 -192.6000214 16.4155731
v -834.1353760 -184.7333527 16.4155731
v -834.4898071 -192.6000214 16.6826534
v -834.4898071 -184.7333527 16.6826534
v -834.7629395 -192.6000214 17.0323620
v -834.7629395 -184.7333527 17.0323620
v -834.9364014 -192.6000214 17.4408722
v -834.9364014 -184.7333527 17.4408722
v -834.9981689 -192.6000214 17.8803425
v -834.9981689 -184.7333527 17.8803425
v -834.9440918 -192.6000214 18.3208218
v -834.9440918 -184.7333527 18.3208218
v -834.7778931 -192.6000214 18.7323036
v -834.7778931 -184.7333527 18.7323036
v -834.1898193 -169.0000153 18.7713146
v -833.9326782 -169.0000153 18.9722118
v -834.1898193 -174.9000092 18.7713146
v -833.9326782 -174.9000092 18.9722118
v -833.6322632 -169.0000153 19.0997219
v -833.6322632 -174.9000092 19.0997219
v -833.3091431 -169.0000153 19.1451321
v -833.3091431 -174.9000092 19.1451321
v -832.9852905 -169.0000153 19.1053619
v -832.9852905 -174.9000092 19.1053619
v -832.6826782 -169.0000153 18.9831219
v -832.6826782 -174.9000092 18.9831219
v -832.4219971 -169.0000153 18.7867413
v -832.4219971 -174.9000092 18.7867413
v -832.2211304 -169.0000153 18.5296021
v -832.2211304 -174.9000092 18.5296021
v -832.0936890 -169.0000153 18.2292328
v -832.0936890 -174.9000092 18.2292328
v -832.0482788 -169.0000153 17.9060917
v -832.0482788 -174.9000092 17.9060917
v -832.0880127 -169.0000153 17.5822029
v -832.0880127 -174.9000092 17.5822029
v -832.2103271 -169.0000153 17.2796535
v -832.2103271 -174.9000092 17.2796535
v -832.4066772 -169.0000153 17.0190430
v -832.4066772 -174.9000092 17.0190430
v -832.6638184 -169.0000153 16.8181438
v -832.6638184 -174.9000092 16.8181438
v -832.9642334 -169.0000153 16.6906414
v -832.9642334 -174.9000092 16.6906414
v -833.2872314 -169.0000153 16.6452312
v -833.2872314 -174.9000092 16.6452312
v -833.6112061 -169.0000153 16.6849918
v -833.6112061 -174.9000092 16.6849918
v -833.9136963 -169.0000153 16.8072338
v -833.9136963 -174.9000092 16.8072338
v -834.1743774 -169.0000153 17.0036125
v -834.1743774 -174.9000092 17.0036125
v -834.3752441 -169.0000153 17.2607536
v -834.3752441 -174.9000092 17.2607536
v -834.5028076 -169.0000153 17.5611324
v -834.5028076 -174.9000092 17.5611324
v -834.5482178 -169.0000153 17.8842716
v -834.5482178 -174.9000092 17.8842716
v -834.5083618 -169.0000153 18.2081528
v -834.5083618 -174.9000092 18.2081528
v -834.3861694 -169.0000153 18.5107117
v -834.3861694 -174.9000092 18.5107117
v -833.6322632 -192.6000214 19.0997219
v -833.9326782 -192.6000214 18.9722118
v -833.6322632 -186.7000275 19.0997219
v -833.9326782 -186.7000275 18.9722118
v -834.1898193 -192.6000214 18.7713146
v -834.1898193 -186.7000275 18.7713146
v -834.3861694 -192.6000214 18.5107117
v -834.3861694 -186.7000275 18.5107117
v -834.5083618 -192.6000214 18.2081528
v -834.5083618 -186.7000275 18.2081528
v -834.5482178 -192.6000214 17.8842716
v -834.5482178 -186.7000275 17.8842716
v -834.5028076 -192.6000214 17.5611324
v -834.5028076 -186.7000275 17.5611324
v -834.3752441 -192.6000214 17.2607536
v -834.3752441 -186.7000275 17.2607536
v -834.1743774 -192.6000214 17.0036125
v -834.1743774 -186.7000275 17.0036125
v -833.9136963 -192.6000214 16.8072338
v -833.9136963 -186.7000275 16.8072338
v -833.6112061 -192.6000214 16.6849918
v -833.6112061 -186.7000275 16.6849918
v -833.2872314 -192.6000214 16.6452312
v -833.2872314 -186.7000275 16.6452312
v -832.9642334 -192.6000214 16.6906414
v -832.9642334 -186.7000275 16.6906414
v -832.6638184 -192.6000214 16.8181438
v -832.6638184 -186.7000275 16.8181438
v -832.4066772 -192.6000214 17.0190430
v -832.4066772 -186.7000275 17.0190430
v -832.2103271 -192.6000214 17.2796535
v -832.2103271 -186.7000275 17.2796535
v -832.0880127 -192.6000214 17.5822029
v -832.0880127 -186.7000275 17.5822029
v -832.0482788 -192.6000214 17.9060917
v -832.0482788 -186.7000275 17.9060917
v -832.0936890 -192.6000214 18.2292328
v -832.0936890 -186.7000275 18.2292328
v -832.2211304 -192.6000214 18.5296021
v -832.2211304 -186.7000275 18.5296021
v -832.4219971 -192.6000214 18.7867413
v -832.4219971 -186.7000275 18.7867413
v -832.6826782 -192.6000214 18.9831219
v -832.6826782 -186.7000275 18.9831219
v -832.9852905 -192.6000214 19.1053619
v -832.9852905 -186.7000275 19.1053619
v -833.3091431 -192.6000214 19.1451321
v -833.3091431 -186.7000275 19.1451321
v -833.9326782 -180.8000336 18.9722118
v -833.6322632 -180.8000336 19.0997219
v -833.3091431 -180.8000336 19.1451321
v -832.9852905 -180.8000336 19.1053619
v -832.6826782 -180.8000336 18.9831219
v -832.4219971 -180.8000336 18.7867413
v -832.2211304 -180.8000336 18.5296021
v -832.0936890 -180.8000336 18.2292328
v -832.0482788 -180.8000336 17.9060917
v -832.0880127 -180.8000336 17.5822029
v -832.2103271 -180.8000336 17.2796535
v -832.4066772 -180.8000336 17.0190430
v -832.6638184 -180.8000336 16.8181438
v -832.9642334 -180.8000336 16.6906414
v -833.2872314 -180.8000336 16.6452312
v -833.6112061 -180.8000336 16.6849918
v -833.9136963 -180.8000336 16.8072338
v -834.1743774 -180.8000336 17.0036125
v -834.3752441 -180.8000336 17.2607536
v -834.5028076 -180.8000336 17.5611324
v -834.5482178 -180.8000336 17.8842716
v -834.5083618 -180.8000336 18.2081528
v -834.3861694 -180.8000336 18.5107117
v -834.1898193 -180.8000336 18.7713146
v -852.5590210 -169.0000153 38.3399124
v -852.9676514 -169.0000153 38.1665115
v -852.5590210 -176.8666840 38.3399124
v -852.9676514 -176.8666840 38.1665115
v -853.3173218 -169.0000153 37.8932953
v -853.3173218 -176.8666840 37.8932953
v -853.5844116 -169.0000153 37.5388641
v -853.5844116 -176.8666840 37.5388641
v -853.7506104 -169.0000153 37.1273918
v -853.7506104 -176.8666840 37.1273918
v -853.8047485 -169.0000153 36.6869125
v -853.8047485 -176.8666840 36.6869125
v -853.7429199 -169.0000153 36.2474403
v -853.7429199 -176.8666840 36.2474403
v -853.5695801 -169.0000153 35.8389320
v -853.5695801 -176.8666840 35.8389320
v -853.2963257 -169.0000153 35.4892235
v -853.2963257 -176.8666840 35.4892235
v -852.9419556 -169.0000153 35.2221413
v -852.9419556 -176.8666840 35.2221413
v -852.5303955 -169.0000153 35.0558929
v -852.5303955 -176.8666840 35.0558929
v -852.0899658 -169.0000153 35.0018120
v -852.0899658 -176.8666840 35.0018120
v -851.6505127 -169.0000153 35.0635719
v -851.6505127 -176.8666840 35.0635719
v -851.2420654 -169.0000153 35.2369728
v -851.2420654 -176.8666840 35.2369728
v -850.8923340 -169.0000153 35.5102043
v -850.8923340 -176.8666840 35.5102043
v -850.6251221 -169.0000153 35.8646240
v -850.6251221 -176.8666840 35.8646240
v -850.4589233 -169.0000153 36.2761002
v -850.4589233 -176.8666840 36.2761002
v -850.4048462 -169.0000153 36.7165833
v -850.4048462 -176.8666840 36.7165833
v -850.4666748 -169.0000153 37.1560555
v -850.4666748 -176.8666840 37.1560555
v -850.6400757 -169.0000153 37.5645638
v -850.6400757 -176.8666840 37.5645638
v -850.9132080 -169.0000153 37.9142761
v -850.9132080 -176.8666840 37.9142761
v -851.2676392 -169.0000153 38.1813545
v -851.2676392 -176.8666840 38.1813545
v -851.6791382 -169.0000153 38.3475914
v -851.6791382 -176.8666840 38.3475914
v -852.1195679 -169.0000153 38.4016838
v -852.1195679 -176.8666840 38.4016838
v -853.3173218 -192.6000214 37.8932953
v -852.9676514 -192.6000214 38.1665115
v -853.3173218 -184.7333527 37.8932953
v -852.9676514 -184.7333527 38.1665115
v -852.5590210 -192.6000214 38.3399124
v -852.5590210 -184.7333527 38.3399124
v -852.1195679 -192.6000214 38.4016838
v -852.1195679 -184.7333527 38.4016838
v -851.6791382 -192.6000214 38.3475914
v -851.6791382 -184.7333527 38.3475914
v -851.2676392 -192.6000214 38.1813545
v -851.2676392 -184.7333527 38.1813545
v -850.9132080 -192.6000214 37.9142761
v -850.9132080 -184.7333527 37.9142761
v -850.6400757 -192.6000214 37.5645638
v -850.6400757 -184.7333527 37.5645638
v -850.4666748 -192.6000214 37.1560555
v -850.4666748 -184.7333527 37.1560555
v -850.4048462 -192.6000214 36.7165833
v -850.4048462 -184.7333527 36.7165833
v -850.4589233 -192.6000214 36.2761002
v -850.4589233 -184.7333527 36.2761002
v -850.6251221 -192.6000214 35.8646240
v -850.6251221 -184.7333527 35.8646240
v -850.8923340 -192.6000214 35.5102043
v -850.8923340 -184.7333527 35.5102043
v -851.2420654 -192.6000214 35.2369728
v -851.2420654 -184.7333527 35.2369728
v -851.6505127 -192.6000214 35.0635719
v -851.6505127 -184.7333527 35.0635719
v -852.0899658 -192.6000214 35.0018120
v -852.0899658 -184.7333527 35.0018120
v -852.5303955 -192.6000214 35.0558929
v -852.5303955 -184.7333527 35.0558929
v -852.9419556 -192.6000214 35.2221413
v -852.9419556 -184.7333527 35.2221413
v -853.2963257 -192.6000214 35.4892235
v -853.2963257 -184.7333527 35.4892235
v -853.5695801 -192.6000214 35.8389320
v -853.5695801 -184.7333527 35.8389320
v -853.7429199 -192.6000214 36.2474403
v -853.7429199 -184.7333527 36.2474403
v -853.8047485 -192.6000214 36.6869125
v -853.8047485 -184.7333527 36.6869125
v -853.7506104 -192.6000214 37.1273918
v -853.7506104 -184.7333527 37.1273918
v -853.5844116 -192.6000214 37.5388641
v -853.5844116 -184.7333527 37.5388641
v -852.9964600 -169.0000153 37.5778847
v -852.7391968 -169.0000153 37.7787819
v -852.9964600 -174.9000092 37.5778847
v -852.7391968 -174.9000092 37.7787819
v -852.4388428 -169.0000153 37.9062843
v -852.4388428 -174.9000092 37.9062843
v -852.1157837 -169.0000153 37.9516945
v -852.1157837 -174.9000092 37.9516945
v -851.7917480 -169.0000153 37.9119301
v -851.7917480 -174.9000092 37.9119301
v -851.4893188 -169.0000153 37.7896919
v -851.4893188 -174.9000092 37.7896919
v -851.2286377 -169.0000153 37.5933113
v -851.2286377 -174.9000092 37.5933113
v -851.0277710 -169.0000153 37.3361740
v -851.0277710 -174.9000092 37.3361740
v -850.9002686 -169.0000153 37.0357933
v -850.9002686 -174.9000092 37.0357933
v -850.8548584 -169.0000153 36.7126541
v -850.8548584 -174.9000092 36.7126541
v -850.8945923 -169.0000153 36.3887749
v -850.8945923 -174.9000092 36.3887749
v -851.0168457 -169.0000153 36.0862160
v -851.0168457 -174.9000092 36.0862160
v -851.2132568 -169.0000153 35.8256111
v -851.2132568 -174.9000092 35.8256111
v -851.4703369 -169.0000153 35.6247139
v -851.4703369 -174.9000092 35.6247139
v -851.7707520 -169.0000153 35.4972038
v -851.7707520 -174.9000092 35.4972038
v -852.0938721 -169.0000153 35.4517937
v -852.0938721 -174.9000092 35.4517937
v -852.4178467 -169.0000153 35.4915619
v -852.4178467 -174.9000092 35.4915619
v -852.7202759 -169.0000153 35.6138039
v -852.7202759 -174.9000092 35.6138039
v -852.9808960 -169.0000153 35.8101845
v -852.9808960 -174.9000092 35.8101845
v -853.1818848 -169.0000153 36.0673256
v -853.1818848 -174.9000092 36.0673256
v -853.3093262 -169.0000153 36.3676949
v -853.3093262 -174.9000092 36.3676949
v -853.3547363 -169.0000153 36.6908340
v -853.3547363 -174.9000092 36.6908340
v -853.3150024 -169.0000153 37.0147247
v -853.3150024 -174.9000092 37.0147247
v -853.1928101 -169.0000153 37.3172760
v -853.1928101 -174.9000092 37.3172760
v -852.4388428 -192.6000214 37.9062843
v -852.7391968 -192.6000214 37.7787819
v -852.4388428 -186.7000275 37.9062843
v -852.7391968 -186.7000275 37.7787819
v -852.9964600 -192.6000214 37.5778847
v -852.9964600 -186.7000275 37.5778847
v -853.1928101 -192.6000214 37.3172760
v -853.1928101 -186.7000275 37.3172760
v -853.3150024 -192.6000214 37.0147247
v -853.3150024 -186.7000275 37.0147247
v -853.3547363 -192.6000214 36.6908340
v -853.3547363 -186.7000275 36.6908340
v -853.3093262 -192.6000214 36.3676949
v -853.3093262 -186.7000275 36.3676949
v -853.1818848 -192.6000214 36.0673256
v -853.1818848 -186.7000275 36.0673256
v -852.9808960 -192.6000214 35.8101845
v -852.9808960 -186.7000275 35.8101845
v -852.7202759 -192.6000214 35.6138039
v -852.7202759 -186.7000275 35.6138039
v -852.4178467 -192.6000214 35.4915619
v -852.4178467 -186.7000275 35.4915619
v -852.0938721 -192.6000214 35.4517937
v -852.0938721 -186.7000275 35.4517937
v -851.7707520 -192.6000214 35.4972038
v -851.7707520 -186.7000275 35.4972038
v -851.4703369 -192.6000214 35.6247139
v -851.4703369 -186.7000275 35.6247139
v -851.2132568 -192.6000214 35.8256111
v -851.2132568 -186.7000275 35.8256111
v -851.0168457 -192.6000214 36.0862160
v -851.0168457 -186.7000275 36.0862160
v -850.8945923 -192.6000214 36.3887749
v -850.8945923 -186.7000275 36.3887749
v -850.8548584 -192.6000214 36.7126541
v -850.8548584 -186.7000275 36.7126541
v -850.9002686 -192.6000214 37.0357933
v -850.9002686 -186.7000275 37.0357933
v -851.0277710 -192.6000214 37.3361740
v -851.0277710 -186.7000275 37.3361740
v -851.2286377 -192.6000214 37.5933113
v -851.2286377 -186.7000275 37.5933113
v -851.4893188 -192.6000214 37.7896919
v -851.4893188 -186.7000275 37.7896919
v -851.7917480 -192.6000214 37.9119301
v -851.7917480 -186.7000275 37.9119301
v -852.1157837 -192.6000214 37.9516945
v -852.1157837 -186.7000275 37.9516945
v -852.7391968 -180.8000336 37.7787819
v -852.4388428 -180.8000336 37.9062843
v -852.1157837 -180.8000336 37.9516945
v -851.7917480 -180.8000336 37.9119301
v -851.4893188 -180.8000336 37.7896919
v -851.2286377 -180.8000336 37.5933113
v -851.0277710 -180.8000336 37.3361740
v -850.9002686 -180.8000336 37.0357933
v -850.8548584 -180.8000336 36.7126541
v -850.8945923 -180.8000336 36.3887749
v -851.0168457 -180.8000336 36.0862160
v -851.2132568 -180.8000336 35.8256111
v -851.4703369 -180.8000336 35.6247139
v -851.7707520 -180.8000336 35.4972038
v -852.0938721 -180.8000336 35.4517937
v -852.4178467 -180.8000336 35.4915619
v -852.7202759 -180.8000336 35.6138039
v -852.9808960 -180.8000336 35.8101845
v -853.1818848 -180.8000336 36.0673256
v -853.3093262 -180.8000336 36.3676949
v -853.3547363 -180.8000336 36.6908340
v -853.3150024 -180.8000336 37.0147247
v -853.1928101 -180.8000336 37.3172760
v -852.9964600 -180.8000336 37.5778847
v -788.3494873 -169.0000153 64.9364166
v -788.7579346 -169.0000153 64.7630157
v -788.3494873 -176.8666840 64.9364166
v -788.7579346 -176.8666840 64.7630157
v -789.1077271 -169.0000153 64.4897919
v -789.1077271 -176.8666840 64.4897919
v -789.3748169 -169.0000153 64.1353607
v -789.3748169 -176.8666840 64.1353607
v -789.5410767 -169.0000153 63.7238922
v -789.5410767 -176.8666840 63.7238922
v -789.5950928 -169.0000153 63.2834053
v -789.5950928 -176.8666840 63.2834053
v -789.5333252 -169.0000153 62.8439407
v -789.5333252 -176.8666840 62.8439407
v -789.3599243 -169.0000153 62.4354362
v -789.3599243 -176.8666840 62.4354362
v -789.0867310 -169.0000153 62.0857239
v -789.0867310 -176.8666840 62.0857239
v -788.7322998 -169.0000153 61.8186455
v -788.7322998 -176.8666840 61.8186455
v -788.3208008 -169.0000153 61.6523933
v -788.3208008 -176.8666840 61.6523933
v -787.8803711 -169.0000153 61.5983162
v -787.8803711 -176.8666840 61.5983162
v -787.4407959 -169.0000153 61.6600761
v -787.4407959 -176.8666840 61.6600761
v -787.0323486 -169.0000153 61.8334770
v -787.0323486 -176.8666840 61.8334770
v -786.6826172 -169.0000153 62.1067009
v -786.6826172 -176.8666840 62.1067009
v -786.4155884 -169.0000153 62.4611206
v -786.4155884 -176.8666840 62.4611206
v -786.2493896 -169.0000153 62.8725967
v -786.2493896 -176.8666840 62.8725967
v -786.1952515 -169.0000153 63.3130836
v -786.1952515 -176.8666840 63.3130836
v -786.2569580 -169.0000153 63.7525558
v -786.2569580 -176.8666840 63.7525558
v -786.4303589 -169.0000153 64.1610641
v -786.4303589 -176.8666840 64.1610641
v -786.7036133 -169.0000153 64.5107727
v -786.7036133 -176.8666840 64.5107727
v -787.0580444 -169.0000153 64.7778549
v -787.0580444 -176.8666840 64.7778549
v -787.4695435 -169.0000153 64.9440918
v -787.4695435 -176.8666840 64.9440918
v -787.9100342 -169.0000153 64.9981842
v -787.9100342 -176.8666840 64.9981842
v -789.1077271 -192.6000214 64.4897919
v -788.7579346 -192.6000214 64.7630157
v -789.1077271 -184.7333527 64.4897919
v -788.7579346 -184.7333527 64.7630157
v -788.3494873 -192.6000214 64.9364166
v -788.3494873 -184.7333527 64.9364166
v -787.9100342 -192.6000214 64.9981842
v -787.9100342 -184.7333527 64.9981842
v -787.4695435 -192.6000214 64.9440918
v -787.4695435 -184.7333527 64.9440918
v -787.0580444 -192.6000214 64.7778549
v -787.0580444 -184.7333527 64.7778549
v -786.7036133 -192.6000214 64.5107727
v -786.7036133 -184.7333527 64.5107727
v -786.4303589 -192.6000214 64.1610641
v -786.4303589 -184.7333527 64.1610641
v -786.2569580 -192.6000214 63.7525558
v -786.2569580 -184.7333527 63.7525558
v -786.1952515 -192.6000214 63.3130836
v -786.1952515 -184.7333527 63.3130836
v -786.2493896 -192.6000214 62.8725967
v -786.2493896 -184.7333527 62.8725967
v -786.4155884 -192.6000214 62.4611206
v -786.4155884 -184.7333527 62.4611206
v -786.6826172 -192.6000214 62.1067009
v -786.6826172 -184.7333527 62.1067009
v -787.0323486 -192.6000214 61.8334770
v -787.0323486 -184.7333527 61.8334770
v -787.4407959 -192.6000214 61.6600761
v -787.4407959 -184.7333527 61.6600761
v -787.8803711 -192.6000214 61.5983162
v -787.8803711 -184.7333527 61.5983162
v -788.3208008 -192.6000214 61.6523933
v -788.3208008 -184.7333527 61.6523933
v -788.7322998 -192.6000214 61.8186455
v -788.7322998 -184.7333527 61.8186455
v -789.0867310 -192.6000214 62.0857239
v -789.0867310 -184.7333527 62.0857239
v -789.3599243 -192.6000214 62.4354362
v -789.3599243 -184.7333527 62.4354362
v -789.5333252 -192.6000214 62.8439407
v -789.5333252 -184.7333527 62.8439407
v -789.5950928 -192.6000214 63.2834053
v -789.5950928 -184.7333527 63.2834053
v -789.5410767 -192.6000214 63.7238922
v -789.5410767 -184.7333527 63.7238922
v -789.3748169 -192.6000214 64.1353607
v -789.3748169 -184.7333527 64.1353607
v -788.7713623 -169.0000153 62.4066811
v -788.9722290 -169.0000153 62.6638222
v -788.7713623 -174.9000092 62.4066811
v -788.9722290 -174.9000092 62.6638222
v -789.0996704 -169.0000153 62.9641953
v -789.0996704 -174.9000092 62.9641953
v -789.1451416 -169.0000153 63.2873344
v -789.1451416 -174.9000092 63.2873344
v -789.1053467 -169.0000153 63.6112251
v -789.1053467 -174.9000092 63.6112251
v -788.9830933 -169.0000153 63.9137764
v -788.9830933 -174.9000092 63.9137764
v -788.7867432 -169.0000153 64.1743851
v -788.7867432 -174.9000092 64.1743851
v -788.5296631 -169.0000153 64.3752899
v -788.5296631 -174.9000092 64.3752899
v -788.2292480 -169.0000153 64.5027924
v -788.2292480 -174.9000092 64.5027924
v -787.9060669 -169.0000153 64.5481949
v -787.9060669 -174.9000092 64.5481949
v -787.5821533 -169.0000153 64.5084305
v -787.5821533 -174.9000092 64.5084305
v -787.2796631 -169.0000153 64.3861923
v -787.2796631 -174.9000092 64.3861923
v -787.0189819 -169.0000153 64.1898041
v -787.0189819 -174.9000092 64.1898041
v -786.8181152 -169.0000153 63.9326630
v -786.8181152 -174.9000092 63.9326630
v -786.6906128 -169.0000153 63.6322937
v -786.6906128 -174.9000092 63.6322937
v -786.6452026 -169.0000153 63.3091545
v -786.6452026 -174.9000092 63.3091545
v -786.6849365 -169.0000153 62.9852791
v -786.6849365 -174.9000092 62.9852791
v -786.8071899 -169.0000153 62.6827087
v -786.8071899 -174.9000092 62.6827087
v -787.0035400 -169.0000153 62.4221001
v -787.0035400 -174.9000092 62.4221001
v -787.2608032 -169.0000153 62.2212029
v -787.2608032 -174.9000092 62.2212029
v -787.5611572 -169.0000153 62.0937080
v -787.5611572 -174.9000092 62.0937080
v -787.8842163 -169.0000153 62.0482979
v -787.8842163 -174.9000092 62.0482979
v -788.2081299 -169.0000153 62.0880623
v -788.2081299 -174.9000092 62.0880623
v -788.5106812 -169.0000153 62.2103081
v -788.5106812 -174.9000092 62.2103081
v -789.0996704 -192.6000214 62.9641953
v -788.9722290 -192.6000214 62.6638222
v -789.0996704 -186.7000275 62.9641953
v -788.9722290 -186.7000275 62.6638222
v -788.7713623 -192.6000214 62.4066811
v -788.7713623 -186.7000275 62.4066811
v -788.5106812 -192.6000214 62.2103081
v -788.5106812 -186.7000275 62.2103081
v -788.2081299 -192.6000214 62.0880623
v -788.2081299 -186.7000275 62.0880623
v -787.8842163 -192.6000214 62.0482979
v -787.8842163 -186.7000275 62.0482979
v -787.5611572 -192.6000214 62.0937080
v -787.5611572 -186.7000275 62.0937080
v -787.2608032 -192.6000214 62.2212029
v -787.2608032 -186.7000275 62.2212029
v -787.0035400 -192.6000214 62.4221001
v -787.0035400 -186.7000275 62.4221001
v -786.8071899 -192.6000214 62.6827087
v -786.8071899 -186.7000275 62.6827087
v -786.6849365 -192.6000214 62.9852791
v -786.6849365 -186.7000275 62.9852791
v -786.6452026 -192.6000214 63.3091545
v -786.6452026 -186.7000275 63.3091545
v -786.6906128 -192.6000214 63.6322937
v -786.6906128 -186.7000275 63.6322937
v -786.8181152 -192.6000214 63.9326630
v -786.8181152 -186.7000275 63.9326630
v -787.0189819 -192.6000214 64.1898041
v -787.0189819 -186.7000275 64.1898041
v -787.2796631 -192.6000214 64.3861923
v -787.2796631 -186.7000275 64.3861923
v -787.5821533 -192.6000214 64.5084305
v -787.5821533 -186.7000275 64.5084305
v -787.9060669 -192.6000214 64.5481949
v -787.9060669 -186.7000275 64.5481949
v -788.2292480 -192.6000214 64.5027924
v -788.2292480 -186.7000275 64.5027924
v -788.5296631 -192.6000214 64.3752899
v -788.5296631 -186.7000275 64.3752899
v -788.7867432 -192.6000214 64.1743851
v -788.7867432 -186.7000275 64.1743851
v -788.9830933 -192.6000214 63.9137764
v -788.9830933 -186.7000275 63.9137764
v -789.1053467 -192.6000214 63.6112251
v -789.1053467 -186.7000275 63.6112251
v -789.1451416 -192.6000214 63.2873344
v -789.1451416 -186.7000275 63.2873344
v -788.9722290 -180.8000336 62.6638222
v -789.0996704 -180.8000336 62.9641953
v -789.1451416 -180.8000336 63.2873344
v -789.1053467 -180.8000336 63.6112251
v -788.9830933 -180.8000336 63.9137764
v -788.7867432 -180.8000336 64.1743851
v -788.5296631 -180.8000336 64.3752899
v -788.2292480 -180.8000336 64.5027924
v -787.9060669 -180.8000336 64.5481949
v -787.5821533 -180.8000336 64.5084305
v -787.2796631 -180.8000336 64.3861923
v -787.0189819 -180.8000336 64.1898041
v -786.8181152 -180.8000336 63.9326630
v -786.6906128 -180.8000336 63.6322937
v -786.6452026 -180.8000336 63.3091545
v -786.6849365 -180.8000336 62.9852791
v -786.8071899 -180.8000336 62.6827087
v -787.0035400 -180.8000336 62.4221001
v -787.2608032 -180.8000336 62.2212029
v -787.5611572 -180.8000336 62.0937080
v -787.8842163 -180.8000336 62.0482979
v -788.2081299 -180.8000336 62.0880623
v -788.5106812 -180.8000336 62.2103081
v -788.7713623 -180.8000336 62.4066811
v -807.1560059 -169.0000153 19.5333538
v -807.5645752 -169.0000153 19.3599529
v -807.1560059 -176.8666840 19.5333538
v -807.5645752 -176.8666840 19.3599529
v -807.9141846 -169.0000153 19.0867233
v -807.9141846 -176.8666840 19.0867233
v -808.1813354 -169.0000153 18.7323036
v -808.1813354 -176.8666840 18.7323036
v -808.3475342 -169.0000153 18.3208218
v -808.3475342 -176.8666840 18.3208218
v -808.4016724 -169.0000153 17.8803425
v -808.4016724 -176.8666840 17.8803425
v -808.3399048 -169.0000153 17.4408722
v -808.3399048 -176.8666840 17.4408722
v -808.1665649 -169.0000153 17.0323620
v -808.1665649 -176.8666840 17.0323620
v -807.8932495 -169.0000153 16.6826534
v -807.8932495 -176.8666840 16.6826534
v -807.5388794 -169.0000153 16.4155731
v -807.5388794 -176.8666840 16.4155731
v -807.1273804 -169.0000153 16.2493324
v -807.1273804 -176.8666840 16.2493324
v -806.6868896 -169.0000153 16.1952419
v -806.6868896 -176.8666840 16.1952419
v -806.2474365 -169.0000153 16.2570133
v -806.2474365 -176.8666840 16.2570133
v -805.8388672 -169.0000153 16.4304123
v -805.8388672 -176.8666840 16.4304123
v -805.4891968 -169.0000153 16.7036343
v -805.4891968 -176.8666840 16.7036343
v -805.2221069 -169.0000153 17.0580635
v -805.2221069 -176.8666840 17.0580635
v -805.0558472 -169.0000153 17.4695339
v -805.0558472 -176.8666840 17.4695339
v -805.0018311 -169.0000153 17.9100132
v -805.0018311 -176.8666840 17.9100132
v -805.0635986 -169.0000153 18.3494835
v -805.0635986 -176.8666840 18.3494835
v -805.2369995 -169.0000153 18.7579937
v -805.2369995 -176.8666840 18.7579937
v -805.5101929 -169.0000153 19.1077023
v -805.5101929 -176.8666840 19.1077023
v -805.8646240 -169.0000153 19.3747826
v -805.8646240 -176.8666840 19.3747826
v -806.2760010 -169.0000153 19.5410328
v -806.2760010 -176.8666840 19.5410328
v -806.7165527 -169.0000153 19.5951138
v -806.7165527 -176.8666840 19.5951138
v -807.9141846 -192.6000214 19.0867233
v -807.5645752 -192.6000214 19.3599529
v -807.9141846 -184.7333527 19.0867233
v -807.5645752 -184.7333527 19.3599529
v -807.1560059 -192.6000214 19.5333538
v -807.1560059 -184.7333527 19.5333538
v -806.7165527 -192.6000214 19.5951138
v -806.7165527 -184.7333527 19.5951138
v -806.2760010 -192.6000214 19.5410328
v -806.2760010 -184.7333527 19.5410328
v -805.8646240 -192.6000214 19.3747826
v -805.8646240 -184.7333527 19.3747826
v -805.5101929 -192.6000214 19.1077023
v -805.5101929 -184.7333527 19.1077023
v -805.2369995 -192.6000214 18.7579937
v -805.2369995 -184.7333527 18.7579937
v -805.0635986 -192.6000214 18.3494835
v -805.0635986 -184.7333527 18.3494835
v -805.0018311 -192.6000214 17.9100132
v -805.0018311 -184.7333527 17.9100132
v -805.0558472 -192.6000214 17.4695339
v -805.0558472 -184.7333527 17.4695339
v -805.2221069 -192.6000214 17.0580635
v -805.2221069 -184.7333527 17.0580635
v -805.4891968 -192.6000214 16.7036343
v -805.4891968 -184.7333527 16.7036343
v -805.8388672 -192.6000214 16.4304123
v -805.8388672 -184.7333527 16.4304123
v -806.2474365 -192.6000214 16.2570133
v -806.2474365 -184.7333527 16.2570133
v -806.6868896 -192.6000214 16.1952419
v -806.6868896 -184.7333527 16.1952419
v -807.1273804 -192.6000214 16.2493324
v -807.1273804 -184.7333527 16.2493324
v -807.5388794 -192.6000214 16.4155731
v -807.5388794 -184.7333527 16.4155731
v -807.8932495 -192.6000214 16.6826534
v -807.8932495 -184.7333527 16.6826534
v -808.1665649 -192.6000214 17.0323620
v -808.1665649 -184.7333527 17.0323620
v -808.3399048 -192.6000214 17.4408722
v -808.3399048 -184.7333527 17.4408722
v -808.4016724 -192.6000214 17.8803425
v -808.4016724 -184.7333527 17.8803425
v -808.3475342 -192.6000214 18.3208218
v -808.3475342 -184.7333527 18.3208218
v -808.1813354 -192.6000214 18.7323036
v -808.1813354 -184.7333527 18.7323036
v -807.5932617 -169.0000153 18.7713146
v -807.3361206 -169.0000153 18.9722118
v -807.5932617 -174.9000092 18.7713146
v -807.3361206 -174.9000092 18.9722118
v -807.0357666 -169.0000153 19.0997219
v -807.0357666 -174.9000092 19.0997219
v -806.7127075 -169.0000153 19.1451321
v -806.7127075 -174.9000092 19.1451321
v -806.3887329 -169.0000153 19.1053619
v -806.3887329 -174.9000092 19.1053619
v -806.0862427 -169.0000153 18.9831219
v -806.0862427 -174.9000092 18.9831219
v -805.8255615 -169.0000153 18.7867413
v -805.8255615 -174.9000092 18.7867413
v -805.6246948 -169.0000153 18.5296021
v -805.6246948 -174.9000092 18.5296021
v -805.4971924 -169.0000153 18.2292328
v -805.4971924 -174.9000092 18.2292328
v -805.4517822 -169.0000153 17.9060917
v -805.4517822 -174.9000092 17.9060917
v -805.4915161 -169.0000153 17.5822029
v -805.4915161 -174.9000092 17.5822029
v -805.6138306 -169.0000153 17.2796535
v -805.6138306 -174.9000092 17.2796535
v -805.8101807 -169.0000153 17.0190430
v -805.8101807 -174.9000092 17.0190430
v -806.0672607 -169.0000153 16.8181438
v -806.0672607 -174.9000092 16.8181438
v -806.3676758 -169.0000153 16.6906414
v -806.3676758 -174.9000092 16.6906414
v -806.6908569 -169.0000153 16.6452312
v -806.6908569 -174.9000092 16.6452312
v -807.0147095 -169.0000153 16.6849918
v -807.0147095 -174.9000092 16.6849918
v -807.3172607 -169.0000153 16.8072338
v -807.3172607 -174.9000092 16.8072338
v -807.5778198 -169.0000153 17.0036125
v -807.5778198 -174.9000092 17.0036125
v -807.7788086 -169.0000153 17.2607536
v -807.7788086 -174.9000092 17.2607536
v -807.9063110 -169.0000153 17.5611324
v -807.9063110 -174.9000092 17.5611324
v -807.9517212 -169.0000153 17.8842716
v -807.9517212 -174.9000092 17.8842716
v -807.9119873 -169.0000153 18.2081528
v -807.9119873 -174.9000092 18.2081528
v -807.7896729 -169.0000153 18.5107117
v -807.7896729 -174.9000092 18.5107117
v -807.0357666 -192.6000214 19.0997219
v -807.3361206 -192.6000214 18.9722118
v -807.0357666 -186.7000275 19.0997219
v -807.3361206 -186.7000275 18.9722118
v -807.5932617 -192.6000214 18.7713146
v -807.5932617 -186.7000275 18.7713146
v -807.7896729 -192.6000214 18.5107117
v -807.7896729 -186.7000275 18.5107117
v -807.9119873 -192.6000214 18.2081528
v -807.9119873 -186.7000275 18.2081528
v -807.9517212 -192.6000214 17.8842716
v -807.9517212 -186.7000275 17.8842716
v -807.9063110 -192.6000214 17.5611324
v -807.9063110 -186.7000275 17.5611324
v -807.7788086 -192.6000214 17.2607536
v -807.7788086 -186.7000275 17.2607536
v -807.5778198 -192.6000214 17.0036125
v -807.5778198 -186.7000275 17.0036125
v -807.3172607 -192.6000214 16.8072338
v -807.3172607 -186.7000275 16.8072338
v -807.0147095 -192.6000214 16.6849918
v -807.0147095 -186.7000275 16.6849918
v -806.6908569 -192.6000214 16.6452312
v -806.6908569 -186.7000275 16.6452312
v -806.3676758 -192.6000214 16.6906414
v -806.3676758 -186.7000275 16.6906414
v -806.0672607 -192.6000214 16.8181438
v -806.0672607 -186.7000275 16.8181438
v -805.8101807 -192.6000214 17.0190430
v -805.8101807 -186.7000275 17.0190430
v -805.6138306 -192.6000214 17.2796535
v -805.6138306 -186.7000275 17.2796535
v -805.4915161 -192.6000214 17.5822029
v -805.4915161 -186.7000275 17.5822029
v -805.4517822 -192.6000214 17.9060917
v -805.4517822 -186.7000275 17.9060917
v -805.4971924 -192.6000214 18.2292328
v -805.4971924 -186.7000275 18.2292328
v -805.6246948 -192.6000214 18.5296021
v -805.6246948 -186.7000275 18.5296021
v -805.8255615 -192.6000214 18.7867413
v -805.8255615 -186.7000275 18.7867413
v -806.0862427 -192.6000214 18.9831219
v -806.0862427 -186.7000275 18.9831219
v -806.3887329 -192.6000214 19.1053619
v -806.3887329 -186.7000275 19.1053619
v -806.7127075 -192.6000214 19.1451321
v -806.7127075 -186.7000275 19.1451321
v -807.3361206 -180.8000336 18.9722118
v -807.0357666 -180.8000336 19.0997219
v -806.7127075 -180.8000336 19.1451321
v -806.3887329 -180.8000336 19.1053619
v -806.0862427 -180.8000336 18.9831219
v -805.8255615 -180.8000336 18.7867413
v -805.6246948 -180.8000336 18.5296021
v -805.4971924 -180.8000336 18.2292328
v -805.4517822 -180.8000336 17.9060917
v -805.4915161 -180.8000336 17.5822029
v -805.6138306 -180.8000336 17.2796535
v -805.8101807 -180.8000336 17.0190430
v -806.0672607 -180.8000336 16.8181438
v -806.3676758 -180.8000336 16.6906414
v -806.6908569 -180.8000336 16.6452312
v -807.0147095 -180.8000336 16.6849918
v -807.3172607 -180.8000336 16.8072338
v -807.5778198 -180.8000336 17.0036125
v -807.7788086 -180.8000336 17.2607536
v -807.9063110 -180.8000336 17.5611324
v -807.9517212 -180.8000336 17.8842716
v -807.9119873 -180.8000336 18.2081528
v -807.7896729 -180.8000336 18.5107117
v -807.5932617 -180.8000336 18.7713146
v -780.2869263 -183.4675140 55.4766846
v -780.2869263 -182.0000305 55.6698837
v -781.6655273 -183.9670563 57.3410339
v -781.6655273 -182.0000305 57.5999947
v -780.2869263 -180.5325623 55.4766846
v -781.6655273 -180.0330048 57.3410339
v -780.2869263 -179.1650848 54.9102516
v -781.6655273 -178.2000122 56.5817795
v -780.2869263 -177.9908295 54.0092049
v -781.6655273 -176.6260223 55.3740044
v -780.2869263 -177.0897675 52.8349342
v -781.6655273 -175.4182281 53.7999916
v -780.2869263 -176.5233459 51.4674721
v -781.6655273 -174.6589813 51.9670219
v -780.2869263 -176.3301544 49.9999924
v -781.6655273 -174.4000244 49.9999924
v -780.2869263 -176.5233459 48.5325203
v -781.6655273 -174.6589813 48.0329742
v -780.2869263 -177.0897675 47.1650543
v -781.6655273 -175.4182281 46.1999931
v -780.2869263 -177.9908295 45.9907837
v -781.6655273 -176.6260223 44.6259804
v -780.2869263 -179.1650848 45.0897331
v -781.6655273 -178.2000122 43.4182053
v -780.2869263 -180.5325623 44.5233040
v -781.6655273 -180.0330048 42.6589622
v -780.2869263 -182.0000305 44.3301125
v -781.6655273 -182.0000305 42.3999901
v -780.2869263 -183.4675140 44.5233040
v -781.6655273 -183.9670563 42.6589622
v -780.2869263 -184.8349762 45.0897331
v -781.6655273 -185.8000336 43.4182053
v -780.2869263 -186.0092468 45.9907837
v -781.6655273 -187.3740387 44.6259804
v -780.2869263 -186.9102936 47.1650543
v -781.6655273 -188.5818329 46.1999931
v -780.2869263 -187.4767151 48.5325203
v -781.6655273 -189.3410645 48.0329742
v -780.2869263 -187.6699066 49.9999924
v -781.6655273 -189.6000214 49.9999924
v -780.2869263 -187.4767151 51.4674721
v -781.6655273 -189.3410645 51.9670219
v -780.2869263 -186.9102936 52.8349342
v -781.6655273 -188.5818329 53.7999916
v -780.2869263 -186.0092468 54.0092049
v -781.6655273 -187.3740387 55.3740044
v -780.2869263 -184.8349762 54.9102516
v -781.6655273 -185.8000336 56.5817795
v -782.5368652 -182.0000305 42.3999901
v -782.5368652 -183.9670563 42.6589622
v -782.5368652 -180.0330048 42.6589622
v -782.5368652 -178.2000122 43.4182053
v -782.5368652 -176.6260223 44.6259804
v -782.5368652 -175.4182281 46.1999931
v -782.5368652 -174.6589813 48.0329742
v -782.5368652 -174.4000244 49.9999924
v -782.5368652 -174.6589813 51.9670219
v -782.5368652 -175.4182281 53.7999916
v -782.5368652 -176.6260223 55.3740044
v -782.5368652 -178.2000122 56.5817795
v -782.5368652 -180.0330048 57.3410339
v -782.5368652 -182.0000305 57.5999947
v -782.5368652 -183.9670563 57.3410339
v -782.5368652 -185.8000336 56.5817795
v -782.5368652 -187.3740387 55.3740044
v -782.5368652 -188.5818329 53.7999916
v -782.5368652 -189.3410645 51.9670219
v -782.5368652 -189.6000214 49.9999924
v -782.5368652 -189.3410645 48.0329742
v -782.5368652 -188.5818329 46.1999931
v -782.5368652 -187.3740387 44.6259804
v -782.5368652 -185.8000336 43.4182053
v -781.7000122 -180.4471130 55.7955551
v -781.7000122 -182.0000305 55.9999924
v -782.5368652 -180.3099213 56.3075142
v -782.5368652 -182.0000305 56.5300217
v -781.7000122 -183.5529327 55.7955551
v -782.5368652 -183.6901245 56.3075142
v -781.7000122 -185.0000305 55.1961479
v -782.5368652 -185.2650452 55.6551628
v -781.7000122 -186.2426605 54.2426338
v -782.5368652 -186.6174622 54.6174240
v -781.7000122 -187.1961823 52.9999924
v -782.5368652 -187.6551819 53.2650146
v -781.7000122 -187.7955780 51.5529099
v -782.5368652 -188.3075562 51.6900940
v -781.7000122 -188.0000153 49.9999924
v -782.5368652 -188.5300446 49.9999924
v -781.7000122 -187.7955780 48.4470825
v -782.5368652 -188.3075562 48.3099022
v -781.7000122 -187.1961823 46.9999886
v -782.5368652 -187.6551819 46.7349854
v -781.7000122 -186.2426605 45.7573547
v -782.5368652 -186.6174622 45.3825645
v -781.7000122 -185.0000305 44.8038406
v -782.5368652 -185.2650452 44.3448219
v -781.7000122 -183.5529327 44.2044411
v -782.5368652 -183.6901245 43.6924744
v -781.7000122 -182.0000305 43.9999924
v -782.5368652 -182.0000305 43.4699593
v -781.7000122 -180.4471130 44.2044411
v -782.5368652 -180.3099213 43.6924744
v -781.7000122 -179.0000153 44.8038406
v -782.5368652 -178.7350159 44.3448219
v -781.7000122 -177.7573700 45.7573547
v -782.5368652 -177.3826141 45.3825645
v -781.7000122 -176.8038788 46.9999886
v -782.5368652 -176.3448486 46.7349854
v -781.7000122 -176.2044678 48.4470825
v -782.5368652 -175.6925049 48.3099022
v -781.7000122 -176.0000305 49.9999924
v -782.5368652 -175.4700165 49.9999924
v -781.7000122 -176.2044678 51.5529099
v -782.5368652 -175.6925049 51.6900940
v -781.7000122 -176.8038788 52.9999924
v -782.5368652 -176.3448486 53.2650146
v -781.7000122 -177.7573700 54.2426338
v -782.5368652 -177.3826141 54.6174240
v -781.7000122 -179.0000153 55.1961479
v -782.5368652 -178.7350159 55.6551628
v -781.5999756 -180.7065430 54.8273430
v -781.5999756 -182.0000305 54.9976311
v -781.7000122 -180.7065430 54.8273430
v -781.7000122 -182.0000305 54.9976311
v -781.5999756 -183.2935181 54.8273430
v -781.7000122 -183.2935181 54.8273430
v -781.5999756 -184.4988403 54.3280830
v -781.7000122 -184.4988403 54.3280830
v -781.5999756 -185.5338898 53.5338631
v -781.7000122 -185.5338898 53.5338631
v -781.5999756 -186.3281097 52.4988136
v -781.7000122 -186.3281097 52.4988136
v -781.5999756 -186.8273773 51.2934875
v -781.7000122 -186.8273773 51.2934875
v -781.5999756 -186.9976654 49.9999924
v -781.7000122 -186.9976654 49.9999924
v -781.5999756 -186.8273773 48.7065163
v -781.7000122 -186.8273773 48.7065163
v -781.5999756 -186.3281097 47.5011711
v -781.7000122 -186.3281097 47.5011711
v -781.5999756 -185.5338898 46.4661255
v -781.7000122 -185.5338898 46.4661255
v -781.5999756 -184.4988403 45.6719131
v -781.7000122 -184.4988403 45.6719131
v -781.5999756 -183.2935181 45.1726418
v -781.7000122 -183.2935181 45.1726418
v -781.5999756 -182.0000305 45.0023537
v -781.7000122 -182.0000305 45.0023537
v -781.5999756 -180.7065430 45.1726418
v -781.7000122 -180.7065430 45.1726418
v -781.5999756 -179.5012054 45.6719131
v -781.7000122 -179.5012054 45.6719131
v -781.5999756 -178.4661713 46.4661255
v -781.7000122 -178.4661713 46.4661255
v -781.5999756 -177.6719513 47.5011711
v -781.7000122 -177.6719513 47.5011711
v -781.5999756 -177.1726532 48.7065163
v -781.7000122 -177.1726532 48.7065163
v -781.5999756 -177.0023651 49.9999924
v -781.7000122 -177.0023651 49.9999924
v -781.5999756 -177.1726532 51.2934875
v -781.7000122 -177.1726532 51.2934875
v -781.5999756 -177.6719513 52.4988136
v -781.7000122 -177.6719513 52.4988136
v -781.5999756 -178.4661713 53.5338631
v -781.7000122 -178.4661713 53.5338631
v -781.5999756 -179.5012054 54.3280830
v -781.7000122 -179.5012054 54.3280830
v -807.8518066 -169.0000153 83.3567352
v -807.8518066 -173.7000275 83.3567352
v -807.5645752 -176.8666840 83.5695801
v -807.5028076 -169.0000153 83.6042633
v -807.1560059 -176.8666840 83.7429886
v -807.1029053 -169.0000153 83.7567825
v -806.7165527 -176.8666840 83.8047409
v -806.6777344 -169.0000153 83.8046417
v -806.2760010 -176.8666840 83.7506561
v -806.2540283 -169.0000153 83.7447968
v -805.8646240 -176.8666840 83.5844193
v -805.8586426 -169.0000153 83.5810318
v -805.5167236 -169.0000153 83.3237457
v -805.5101929 -176.8666840 83.3173294
v -805.2498779 -169.0000153 82.9892426
v -805.2369995 -176.8666840 82.9676285
v -805.0750732 -169.0000153 82.5986710
v -805.0635986 -176.8666840 82.5591125
v -805.0032349 -169.0000153 82.1768265
v -805.0032349 -173.7000275 82.1768265
v -805.0018311 -176.8666840 82.1196442
v -805.0384521 -173.7000275 81.7531586
v -805.0558472 -176.8666840 81.6791687
v -805.1777954 -173.7000275 81.3514862
v -805.2221069 -176.8666840 81.2676926
v -805.4122925 -173.7000275 80.9969177
v -805.4891968 -176.8666840 80.9132614
v -805.7276001 -173.7000275 80.7116318
v -805.8388672 -176.8666840 80.6400452
v -806.1036987 -173.7000275 80.5134811
v -806.2474365 -176.8666840 80.4666367
v -806.5172119 -173.7000275 80.4148483
v -806.6868896 -176.8666840 80.4048767
v -806.9422607 -173.7000275 80.4219208
v -807.1273804 -176.8666840 80.4589462
v -807.3523560 -173.7000275 80.5342178
v -807.5388794 -176.8666840 80.6251984
v -807.7216797 -173.7000275 80.7447433
v -807.8932495 -176.8666840 80.8922806
v -808.0272217 -173.7000275 81.0403290
v -808.1665649 -176.8666840 81.2419891
v -808.2498779 -173.7000275 81.4024811
v -808.3399048 -176.8666840 81.6505051
v -808.3757324 -173.7000275 81.8085480
v -808.4016724 -176.8666840 82.0899734
v -808.3968506 -173.7000275 82.2331543
v -808.3475342 -176.8666840 82.5304565
v -808.3120117 -173.7000275 82.6497345
v -808.1813354 -176.8666840 82.9419403
v -808.1264648 -173.7000275 83.0322342
v -807.9141846 -176.8666840 83.2963486
v -807.9141846 -192.6000214 83.2963486
v -807.5645752 -192.6000214 83.5695801
v -807.9141846 -184.7333527 83.2963486
v -807.5645752 -184.7333527 83.5695801
v -807.1560059 -192.6000214 83.7429886
v -807.1560059 -184.7333527 83.7429886
v -806.7165527 -192.6000214 83.8047409
v -806.7165527 -184.7333527 83.8047409
v -806.2760010 -192.6000214 83.7506561
v -806.2760010 -184.7333527 83.7506561
v -805.8646240 -192.6000214 83.5844193
v -805.8646240 -184.7333527 83.5844193
v -805.5101929 -192.6000214 83.3173294
v -805.5101929 -184.7333527 83.3173294
v -805.2369995 -192.6000214 82.9676285
v -805.2369995 -184.7333527 82.9676285
v -805.0635986 -192.6000214 82.5591125
v -805.0635986 -184.7333527 82.5591125
v -805.0018311 -192.6000214 82.1196442
v -805.0018311 -184.7333527 82.1196442
v -805.0558472 -192.6000214 81.6791687
v -805.0558472 -184.7333527 81.6791687
v -805.2221069 -192.6000214 81.2676926
v -805.2221069 -184.7333527 81.2676926
v -805.4891968 -192.6000214 80.9132614
v -805.4891968 -184.7333527 80.9132614
v -805.8388672 -192.6000214 80.6400452
v -805.8388672 -184.7333527 80.6400452
v -806.2474365 -192.6000214 80.4666367
v -806.2474365 -184.7333527 80.4666367
v -806.6868896 -192.6000214 80.4048767
v -806.6868896 -184.7333527 80.4048767
v -807.1273804 -192.6000214 80.4589462
v -807.1273804 -184.7333527 80.4589462
v -807.5388794 -192.6000214 80.6251984
v -807.5388794 -184.7333527 80.6251984
v -807.8932495 -192.6000214 80.8922806
v -807.8932495 -184.7333527 80.8922806
v -808.1665649 -192.6000214 81.2419891
v -808.1665649 -184.7333527 81.2419891
v -808.3399048 -192.6000214 81.6505051
v -808.3399048 -184.7333527 81.6505051
v -808.4016724 -192.6000214 82.0899734
v -808.4016724 -184.7333527 82.0899734
v -808.3475342 -192.6000214 82.5304565
v -808.3475342 -184.7333527 82.5304565
v -808.1813354 -192.6000214 82.9419403
v -808.1813354 -184.7333527 82.9419403
v -807.5778198 -169.0000153 81.2132416
v -807.7788086 -169.0000153 81.4703827
v -807.5778198 -174.9000092 81.2132416
v -807.7788086 -174.9000092 81.4703827
v -807.9063110 -169.0000153 81.7707672
v -807.9063110 -174.9000092 81.7707672
v -807.9517212 -169.0000153 82.0939026
v -807.9517212 -174.9000092 82.0939026
v -807.9119873 -169.0000153 82.4177856
v -807.9119873 -174.9000092 82.4177856
v -807.7896729 -169.0000153 82.7203293
v -807.7896729 -174.9000092 82.7203293
v -807.5932617 -169.0000153 82.9809418
v -807.5932617 -174.9000092 82.9809418
v -807.3361206 -169.0000153 83.1818390
v -807.3361206 -174.9000092 83.1818390
v -807.0357666 -169.0000153 83.3093414
v -807.0357666 -174.9000092 83.3093414
v -806.7127075 -169.0000153 83.3547592
v -806.7127075 -174.9000092 83.3547592
v -806.3887329 -169.0000153 83.3149948
v -806.3887329 -174.9000092 83.3149948
v -806.0862427 -169.0000153 83.1927567
v -806.0862427 -174.9000092 83.1927567
v -805.8255615 -169.0000153 82.9963760
v -805.8255615 -174.9000092 82.9963760
v -805.6246948 -169.0000153 82.7392349
v -805.6246948 -174.9000092 82.7392349
v -805.4971924 -169.0000153 82.4388580
v -805.4971924 -174.9000092 82.4388580
v -805.4517822 -169.0000153 82.1157074
v -805.4517822 -174.9000092 82.1157074
v -805.4915161 -169.0000153 81.7918320
v -805.4915161 -174.9000092 81.7918320
v -805.6138306 -169.0000153 81.4892807
v -805.6138306 -174.9000092 81.4892807
v -805.8101807 -169.0000153 81.2286682
v -805.8101807 -174.9000092 81.2286682
v -806.0672607 -169.0000153 81.0277786
v -806.0672607 -174.9000092 81.0277786
v -806.3676758 -169.0000153 80.9002762
v -806.3676758 -174.9000092 80.9002762
v -806.6908569 -169.0000153 80.8548584
v -806.6908569 -174.9000092 80.8548584
v -807.0147095 -169.0000153 80.8946304
v -807.0147095 -174.9000092 80.8946304
v -807.3172607 -169.0000153 81.0168686
v -807.3172607 -174.9000092 81.0168686
v -807.9063110 -192.6000214 81.7707672
v -807.7788086 -192.6000214 81.4703827
v -807.9063110 -186.7000275 81.7707672
v -807.7788086 -186.7000275 81.4703827
v -807.5778198 -192.6000214 81.2132416
v -807.5778198 -186.7000275 81.2132416
v -807.3172607 -192.6000214 81.0168686
v -807.3172607 -186.7000275 81.0168686
v -807.0147095 -192.6000214 80.8946304
v -807.0147095 -186.7000275 80.8946304
v -806.6908569 -192.6000214 80.8548584
v -806.6908569 -186.7000275 80.8548584
v -806.3676758 -192.6000214 80.9002762
v -806.3676758 -186.7000275 80.9002762
v -806.0672607 -192.6000214 81.0277786
v -806.0672607 -186.7000275 81.0277786
v -805.8101807 -192.6000214 81.2286682
v -805.8101807 -186.7000275 81.2286682
v -805.6138306 -192.6000214 81.4892807
v -805.6138306 -186.7000275 81.4892807
v -805.4915161 -192.6000214 81.7918320
v -805.4915161 -186.7000275 81.7918320
v -805.4517822 -192.6000214 82.1157074
v -805.4517822 -186.7000275 82.1157074
v -805.4971924 -192.6000214 82.4388580
v -805.4971924 -186.7000275 82.4388580
v -805.6246948 -192.6000214 82.7392349
v -805.6246948 -186.7000275 82.7392349
v -805.8255615 -192.6000214 82.9963760
v -805.8255615 -186.7000275 82.9963760
v -806.0862427 -192.6000214 83.1927567
v -806.0862427 -186.7000275 83.1927567
v -806.3887329 -192.6000214 83.3149948
v -806.3887329 -186.7000275 83.3149948
v -806.7127075 -192.6000214 83.3547592
v -806.7127075 -186.7000275 83.3547592
v -807.0357666 -192.6000214 83.3093414
v -807.0357666 -186.7000275 83.3093414
v -807.3361206 -192.6000214 83.1818390
v -807.3361206 -186.7000275 83.1818390
v -807.5932617 -192.6000214 82.9809418
v -807.5932617 -186.7000275 82.9809418
v -807.7896729 -192.6000214 82.7203293
v -807.7896729 -186.7000275 82.7203293
v -807.9119873 -192.6000214 82.4177856
v -807.9119873 -186.7000275 82.4177856
v -807.9517212 -192.6000214 82.0939026
v -807.9517212 -186.7000275 82.0939026
v -807.7788086 -180.8000336 81.4703827
v -807.9063110 -180.8000336 81.7707672
v -807.9517212 -180.8000336 82.0939026
v -807.9119873 -180.8000336 82.4177856
v -807.7896729 -180.8000336 82.7203293
v -807.5932617 -180.8000336 82.9809418
v -807.3361206 -180.8000336 83.1818390
v -807.0357666 -180.8000336 83.3093414
v -806.7127075 -180.8000336 83.3547592
v -806.3887329 -180.8000336 83.3149948
v -806.0862427 -180.8000336 83.1927567
v -805.8255615 -180.8000336 82.9963760
v -805.6246948 -180.8000336 82.7392349
v -805.4971924 -180.8000336 82.4388580
v -805.4517822 -180.8000336 82.1157074
v -805.4915161 -180.8000336 81.7918320
v -805.6138306 -180.8000336 81.4892807
v -805.8101807 -180.8000336 81.2286682
v -806.0672607 -180.8000336 81.0277786
v -806.3676758 -180.8000336 80.9002762
v -806.6908569 -180.8000336 80.8548584
v -807.0147095 -180.8000336 80.8946304
v -807.3172607 -180.8000336 81.0168686
v -807.5778198 -180.8000336 81.2132416
v -826.3965454 -169.1915588 84.9189529
v -826.6516113 -169.0000153 84.8712769
v -827.0847168 -169.0000153 86.8246765
v -826.9281616 -169.2000275 87.3630829
v -827.2129517 -168.9881134 87.3091354
v -826.1799316 -169.4157867 84.9579468
v -826.6195068 -169.5500336 87.4189987
v -825.9956665 -169.6798096 84.9900208
v -826.4926147 -169.7000122 87.2889786
v -826.4709473 -169.7000122 87.1912384
v -826.3552246 -169.9385071 87.2111969
v -825.8531494 -169.9751740 85.0141373
v -826.2720947 -170.1905365 87.2253189
v -825.7613525 -170.2897797 85.0293884
v -826.2064819 -170.7032318 87.2362823
v -825.7210693 -170.6080780 85.0359879
v -825.7315063 -170.9226074 85.0342865
v -826.2738647 -171.2160492 87.2250214
v -825.7929077 -171.2413483 85.0241547
v -826.3578491 -171.4678040 87.2107544
v -825.9061279 -171.5497284 85.0052567
v -826.4746704 -171.7056580 87.1905975
v -826.0672607 -171.8334961 84.9776764
v -826.7852173 -172.1153717 87.1351852
v -826.2652588 -172.0814667 84.9427414
v -826.4973145 -172.2915039 84.9003448
v -827.1887207 -172.4300232 87.0591812
v -826.7669678 -172.4670868 84.8490677
v -827.4223022 -172.5480804 87.0131073
v -827.0635986 -172.5967865 84.7901382
v -827.6691895 -172.6327362 86.9627151
v -827.3743896 -172.6743317 84.7255554
v -828.1705322 -172.7000275 86.8551788
v -827.6835327 -172.7000275 84.6585007
v -827.9921265 -172.6743317 84.5886078
v -828.6704712 -172.6327362 86.7407532
v -828.3010254 -172.5967865 84.5157928
v -828.9154663 -172.5480804 86.6821060
v -828.5948486 -172.4670868 84.4438095
v -829.1466064 -172.4300232 86.6251221
v -828.8609619 -172.2915039 84.3763199
v -829.5444946 -172.1153717 86.5234985
v -829.0891113 -172.0814667 84.3167191
v -829.2833252 -171.8334961 84.2646561
v -829.8493652 -171.7056580 86.4424438
v -829.4410400 -171.5497284 84.2215576
v -829.9638062 -171.4678040 86.4113312
v -829.5516357 -171.2413483 84.1909027
v -830.0459595 -171.2160492 86.3887634
v -829.6115723 -170.9226074 84.1740646
v -830.1117554 -170.7032318 86.3705368
v -829.6218262 -170.6080780 84.1711884
v -829.5824585 -170.2897797 84.1822739
v -830.0476074 -170.1905365 86.3883057
v -829.4927979 -169.9751740 84.2072525
v -829.9662476 -169.9385071 86.4106369
v -829.3534546 -169.6798096 84.2455902
v -829.8529663 -169.7000122 86.4414749
v -829.8145752 -169.5500336 86.7106781
v -829.8745728 -169.7000122 86.5391998
v -829.1729126 -169.4157867 84.2944107
v -829.5111694 -169.2000275 86.7904282
v -828.9600830 -169.1915588 84.3506165
v -829.1418457 -169.0000153 86.3686066
v -828.7088623 -169.0000153 84.4152069
v -829.2303467 -168.9881134 86.8618927
v -828.9011230 -168.8694916 86.4282684
v -828.9107666 -168.8281555 86.9404678
v -828.6441040 -168.7750702 86.4900818
v -828.5684814 -168.7319031 87.0212860
v -828.3793335 -168.7187347 86.5517960
v -828.2246704 -168.7000275 87.0992432
v -828.1164551 -168.7000275 86.6110916
v -827.8531494 -168.7187347 86.6684418
v -827.8800049 -168.7319031 87.1739120
v -827.5871582 -168.7750702 86.7244186
v -827.5357666 -168.8281555 87.2452774
v -827.3280640 -168.8694916 86.7770157
v -834.1743774 -169.0000153 81.2132416
v -834.3752441 -169.0000153 81.4703827
v -834.1743774 -174.9000092 81.2132416
v -834.3752441 -174.9000092 81.4703827
v -834.5028076 -169.0000153 81.7707672
v -834.5028076 -174.9000092 81.7707672
v -834.5482178 -169.0000153 82.0939026
v -834.5482178 -174.9000092 82.0939026
v -834.5083618 -169.0000153 82.4177856
v -834.5083618 -174.9000092 82.4177856
v -834.3861694 -169.0000153 82.7203293
v -834.3861694 -174.9000092 82.7203293
v -834.1898193 -169.0000153 82.9809418
v -834.1898193 -174.9000092 82.9809418
v -833.9326782 -169.0000153 83.1818390
v -833.9326782 -174.9000092 83.1818390
v -833.6322632 -169.0000153 83.3093414
v -833.6322632 -174.9000092 83.3093414
v -833.3091431 -169.0000153 83.3547592
v -833.3091431 -174.9000092 83.3547592
v -832.9852905 -169.0000153 83.3149948
v -832.9852905 -174.9000092 83.3149948
v -832.6826782 -169.0000153 83.1927567
v -832.6826782 -174.9000092 83.1927567
v -832.4219971 -169.0000153 82.9963760
v -832.4219971 -174.9000092 82.9963760
v -832.2211304 -169.0000153 82.7392349
v -832.2211304 -174.9000092 82.7392349
v -832.0936890 -169.0000153 82.4388580
v -832.0936890 -174.9000092 82.4388580
v -832.0482788 -169.0000153 82.1157074
v -832.0482788 -174.9000092 82.1157074
v -832.0880127 -169.0000153 81.7918320
v -832.0880127 -174.9000092 81.7918320
v -832.2103271 -169.0000153 81.4892807
v -832.2103271 -174.9000092 81.4892807
v -832.4066772 -169.0000153 81.2286682
v -832.4066772 -174.9000092 81.2286682
v -832.6638184 -169.0000153 81.0277786
v -832.6638184 -174.9000092 81.0277786
v -832.9642334 -169.0000153 80.9002762
v -832.9642334 -174.9000092 80.9002762
v -833.2872314 -169.0000153 80.8548584
v -833.2872314 -174.9000092 80.8548584
v -833.6112061 -169.0000153 80.8946304
v -833.6112061 -174.9000092 80.8946304
v -833.9136963 -169.0000153 81.0168686
v -833.9136963 -174.9000092 81.0168686
v -834.5028076 -192.6000214 81.7707672
v -834.3752441 -192.6000214 81.4703827
v -834.5028076 -186.7000275 81.7707672
v -834.3752441 -186.7000275 81.4703827
v -834.1743774 -192.6000214 81.2132416
v -834.1743774 -186.7000275 81.2132416
v -833.9136963 -192.6000214 81.0168686
v -833.9136963 -186.7000275 81.0168686
v -833.6112061 -192.6000214 80.8946304
v -833.6112061 -186.7000275 80.8946304
v -833.2872314 -192.6000214 80.8548584
v -833.2872314 -186.7000275 80.8548584
v -832.9642334 -192.6000214 80.9002762
v -832.9642334 -186.7000275 80.9002762
v -832.6638184 -192.6000214 81.0277786
v -832.6638184 -186.7000275 81.0277786
v -832.4066772 -192.6000214 81.2286682
v -832.4066772 -186.7000275 81.2286682
v -832.2103271 -192.6000214 81.4892807
v -832.2103271 -186.7000275 81.4892807
v -832.0880127 -192.6000214 81.7918320
v -832.0880127 -186.7000275 81.7918320
v -832.0482788 -192.6000214 82.1157074
v -832.0482788 -186.7000275 82.1157074
v -832.0936890 -192.6000214 82.4388580
v -832.0936890 -186.7000275 82.4388580
v -832.2211304 -192.6000214 82.7392349
v -832.2211304 -186.7000275 82.7392349
v -832.4219971 -192.6000214 82.9963760
v -832.4219971 -186.7000275 82.9963760
v -832.6826782 -192.6000214 83.1927567
v -832.6826782 -186.7000275 83.1927567
v -832.9852905 -192.6000214 83.3149948
v -832.9852905 -186.7000275 83.3149948
v -833.3091431 -192.6000214 83.3547592
v -833.3091431 -186.7000275 83.3547592
v -833.6322632 -192.6000214 83.3093414
v -833.6322632 -186.7000275 83.3093414
v -833.9326782 -192.6000214 83.1818390
v -833.9326782 -186.7000275 83.1818390
v -834.1898193 -192.6000214 82.9809418
v -834.1898193 -186.7000275 82.9809418
v -834.3861694 -192.6000214 82.7203293
v -834.3861694 -186.7000275 82.7203293
v -834.5083618 -192.6000214 82.4177856
v -834.5083618 -186.7000275 82.4177856
v -834.5482178 -192.6000214 82.0939026
v -834.5482178 -186.7000275 82.0939026
v -834.3752441 -180.8000336 81.4703827
v -834.5028076 -180.8000336 81.7707672
v -834.5482178 -180.8000336 82.0939026
v -834.5083618 -180.8000336 82.4177856
v -834.3861694 -180.8000336 82.7203293
v -834.1898193 -180.8000336 82.9809418
v -833.9326782 -180.8000336 83.1818390
v -833.6322632 -180.8000336 83.3093414
v -833.3091431 -180.8000336 83.3547592
v -832.9852905 -180.8000336 83.3149948
v -832.6826782 -180.8000336 83.1927567
v -832.4219971 -180.8000336 82.9963760
v -832.2211304 -180.8000336 82.7392349
v -832.0936890 -180.8000336 82.4388580
v -832.0482788 -180.8000336 82.1157074
v -832.0880127 -180.8000336 81.7918320
v -832.2103271 -180.8000336 81.4892807
v -832.4066772 -180.8000336 81.2286682
v -832.6638184 -180.8000336 81.0277786
v -832.9642334 -180.8000336 80.9002762
v -833.2872314 -180.8000336 80.8548584
v -833.6112061 -180.8000336 80.8946304
v -833.9136963 -180.8000336 81.0168686
v -834.1743774 -180.8000336 81.2132416
v -836.4632568 -169.0000153 81.4517059
v -834.9966431 -173.7000275 82.1768265
v -834.9966431 -169.0000153 82.1768265
v -836.4632568 -173.7000275 81.4517059
v -837.8948975 -169.0000153 80.6597824
v -837.8948975 -173.7000275 80.6597824
v -839.2885132 -169.0000153 79.8027496
v -839.2885132 -173.7000275 79.8027496
v -829.8463135 -173.7000275 81.5262604
v -829.8072510 -169.0000153 82.3556290
v -829.8072510 -173.7000275 82.3556290
v -829.8463135 -169.0000153 81.5262604
v -830.0797119 -169.0000153 80.7294769
v -830.0797119 -173.7000275 80.7294769
v -830.4942627 -169.0000153 80.0100784
v -830.4942627 -173.7000275 80.0100784
v -831.0666504 -169.0000153 79.4085541
v -831.0666504 -173.7000275 79.4085541
v -831.7645264 -169.0000153 78.9587631
v -831.7645264 -173.7000275 78.9587631
v -832.5487061 -169.0000153 78.6860123
v -832.5487061 -173.7000275 78.6860123
v -833.3750610 -169.0000153 78.6056595
v -833.3750610 -173.7000275 78.6056595
v -834.1971436 -169.0000153 78.7222061
v -834.1971436 -173.7000275 78.7222061
v -834.9686279 -169.0000153 79.0291061
v -834.9686279 -173.7000275 79.0291061
v -835.6460571 -173.7000275 79.5090942
v -835.6460571 -169.0000153 79.5090942
v -799.8316040 -169.1915588 79.2144775
v -800.0456543 -169.0000153 79.3611221
v -798.9705811 -169.0000153 81.0486145
v -798.4792480 -169.2000275 81.3186722
v -798.7187500 -168.9881134 81.4818802
v -799.6508179 -169.4157867 79.0888596
v -798.2214966 -169.5500336 81.1399460
v -799.4978638 -169.6798096 78.9812469
v -798.2236938 -169.7000122 80.9582977
v -798.2774658 -169.7000122 80.8738632
v -798.1815186 -169.9385071 80.8061447
v -799.3800659 -169.9751740 78.8975677
v -798.1127319 -170.1905365 80.7573395
v -799.3043823 -170.2897797 78.8434296
v -798.0586548 -170.7032318 80.7187119
v -799.2711182 -170.6080780 78.8195343
v -799.2797241 -170.9226074 78.8257294
v -798.1141968 -171.2160492 80.7583389
v -799.3304443 -171.2413483 78.8620758
v -798.1837158 -171.4678040 80.8076401
v -799.4237671 -171.5497284 78.9286880
v -798.2806396 -171.7056580 80.8760147
v -799.5572510 -171.8334961 79.0231247
v -798.5394287 -172.1153717 81.0564651
v -799.7219238 -172.0814667 79.1384964
v -799.9159546 -172.2915039 79.2725449
v -798.8784180 -172.4300232 81.2880249
v -800.1429443 -172.4670868 79.4269638
v -799.0761719 -172.5480804 81.4206390
v -800.3944092 -172.5967865 79.5951004
v -799.2863770 -172.6327362 81.5595474
v -800.6597900 -172.6743317 79.7691803
v -799.7169189 -172.7000275 81.8380203
v -800.9258423 -172.7000275 79.9403915
v -801.1934814 -172.6743317 80.1091461
v -800.1512451 -172.6327362 82.1105576
v -801.4633179 -172.5967865 80.2761078
v -800.3660278 -172.5480804 82.2423248
v -801.7220459 -172.4670868 80.4329681
v -800.5697632 -172.4300232 82.3655319
v -801.9578857 -172.2915039 80.5733871
v -800.9229736 -172.1153717 82.5749512
v -802.1613770 -172.0814667 80.6925812
v -802.3355713 -171.8334961 80.7931595
v -801.1958618 -171.7056580 82.7332458
v -802.4776001 -171.5497284 80.8741684
v -801.2987671 -171.4678040 82.7921600
v -802.5773926 -171.2413483 80.9306412
v -801.3728027 -171.2160492 82.8343048
v -802.6317139 -170.9226074 80.9611816
v -801.4322510 -170.7032318 82.8679047
v -802.6409912 -170.6080780 80.9663544
v -802.6053467 -170.2897797 80.9463348
v -801.3743286 -170.1905365 82.8351517
v -802.5242310 -169.9751740 80.9006195
v -801.3009644 -169.9385071 82.7934570
v -802.3986206 -169.6798096 80.8292236
v -801.1990967 -169.7000122 82.7351227
v -800.9815674 -169.5500336 82.8983307
v -801.1452637 -169.7000122 82.8195496
v -802.2364502 -169.4157867 80.7360458
v -800.7106934 -169.2000275 82.7402191
v -802.0462646 -169.1915588 80.6253357
v -800.7478027 -169.0000153 82.1807709
v -801.8228760 -169.0000153 80.4932785
v -800.4615479 -168.9881134 82.5921402
v -800.5354004 -168.8694916 82.0527420
v -800.1800537 -168.8281555 82.4217072
v -800.3099365 -168.7750702 81.9146957
v -799.8808594 -168.7319031 82.2369003
v -800.0790405 -168.7187347 81.7710953
v -799.5826416 -168.7000275 82.0488739
v -799.8512573 -168.7000275 81.6271744
v -799.6245117 -168.7187347 81.4815521
v -799.2861328 -168.7319031 81.8579865
v -799.3968506 -168.7750702 81.3330002
v -798.9921875 -168.8281555 81.6650238
v -799.1763916 -168.8694916 81.1870041
v -834.9440918 -176.8666840 82.5304565
v -834.9248657 -169.0000153 82.5986710
v -834.7778931 -176.8666840 82.9419403
v -834.7500610 -169.0000153 82.9892426
v -834.5108032 -176.8666840 83.2963486
v -834.4832764 -169.0000153 83.3237457
v -834.1610107 -176.8666840 83.5695801
v -834.1412354 -169.0000153 83.5810318
v -833.7525635 -176.8666840 83.7429886
v -833.7459717 -169.0000153 83.7447968
v -833.3222046 -169.0000153 83.8046417
v -833.3131104 -176.8666840 83.8047409
v -832.8970337 -169.0000153 83.7567825
v -832.8726196 -176.8666840 83.7506561
v -832.4971924 -169.0000153 83.6042633
v -832.4610596 -176.8666840 83.5844193
v -832.1481934 -169.0000153 83.3567352
v -832.1481934 -173.7000275 83.3567352
v -832.1066895 -176.8666840 83.3173294
v -831.8734741 -173.7000275 83.0322342
v -831.8334351 -176.8666840 82.9676285
v -831.6879272 -173.7000275 82.6497345
v -831.6600342 -176.8666840 82.5591125
v -831.6030884 -173.7000275 82.2331543
v -831.5982666 -176.8666840 82.1196442
v -831.6242676 -173.7000275 81.8085480
v -831.6524048 -176.8666840 81.6791687
v -831.7500610 -173.7000275 81.4024811
v -831.8186035 -176.8666840 81.2676926
v -831.9727783 -173.7000275 81.0403290
v -832.0856934 -176.8666840 80.9132614
v -832.2782593 -173.7000275 80.7447433
v -832.4354248 -176.8666840 80.6400452
v -832.6475830 -173.7000275 80.5342178
v -832.8438721 -176.8666840 80.4666367
v -833.0577393 -173.7000275 80.4219208
v -833.2834473 -176.8666840 80.4048767
v -833.4827881 -173.7000275 80.4148483
v -833.7238770 -176.8666840 80.4589462
v -833.8962402 -173.7000275 80.5134811
v -834.1353760 -176.8666840 80.6251984
v -834.2723999 -173.7000275 80.7116318
v -834.4898071 -176.8666840 80.8922806
v -834.5876465 -173.7000275 80.9969177
v -834.7629395 -176.8666840 81.2419891
v -834.8222046 -173.7000275 81.3514862
v -834.9364014 -176.8666840 81.6505051
v -834.9614868 -173.7000275 81.7531586
v -834.9981689 -176.8666840 82.0899734
v -834.5108032 -192.6000214 83.2963486
v -834.1610107 -192.6000214 83.5695801
v -834.5108032 -184.7333527 83.2963486
v -834.1610107 -184.7333527 83.5695801
v -833.7525635 -192.6000214 83.7429886
v -833.7525635 -184.7333527 83.7429886
v -833.3131104 -192.6000214 83.8047409
v -833.3131104 -184.7333527 83.8047409
v -832.8726196 -192.6000214 83.7506561
v -832.8726196 -184.7333527 83.7506561
v -832.4610596 -192.6000214 83.5844193
v -832.4610596 -184.7333527 83.5844193
v -832.1066895 -192.6000214 83.3173294
v -832.1066895 -184.7333527 83.3173294
v -831.8334351 -192.6000214 82.9676285
v -831.8334351 -184.7333527 82.9676285
v -831.6600342 -192.6000214 82.5591125
v -831.6600342 -184.7333527 82.5591125
v -831.5982666 -192.6000214 82.1196442
v -831.5982666 -184.7333527 82.1196442
v -831.6524048 -192.6000214 81.6791687
v -831.6524048 -184.7333527 81.6791687
v -831.8186035 -192.6000214 81.2676926
v -831.8186035 -184.7333527 81.2676926
v -832.0856934 -192.6000214 80.9132614
v -832.0856934 -184.7333527 80.9132614
v -832.4354248 -192.6000214 80.6400452
v -832.4354248 -184.7333527 80.6400452
v -832.8438721 -192.6000214 80.4666367
v -832.8438721 -184.7333527 80.4666367
v -833.2834473 -192.6000214 80.4048767
v -833.2834473 -184.7333527 80.4048767
v -833.7238770 -192.6000214 80.4589462
v -833.7238770 -184.7333527 80.4589462
v -834.1353760 -192.6000214 80.6251984
v -834.1353760 -184.7333527 80.6251984
v -834.4898071 -192.6000214 80.8922806
v -834.4898071 -184.7333527 80.8922806
v -834.7629395 -192.6000214 81.2419891
v -834.7629395 -184.7333527 81.2419891
v -834.9364014 -192.6000214 81.6505051
v -834.9364014 -184.7333527 81.6505051
v -834.9981689 -192.6000214 82.0899734
v -834.9981689 -184.7333527 82.0899734
v -834.9440918 -192.6000214 82.5304565
v -834.9440918 -184.7333527 82.5304565
v -834.7778931 -192.6000214 82.9419403
v -834.7778931 -184.7333527 82.9419403
v -805.3374023 -169.2000275 14.9427824
v -810.4887695 -169.2000275 13.2095518
v -810.1853638 -169.5500336 13.2893219
v -805.1639404 -169.5500336 15.0158329
v -800.4859619 -169.2000275 17.3931942
v -800.4321899 -169.5500336 17.4254513
v -796.0338135 -169.2000275 20.5106525
v -796.0824585 -169.5500336 20.4711208
v -792.1998291 -169.5500336 24.0933819
v -792.0718994 -169.2000275 24.2313824
v -788.8600464 -169.5500336 28.2215023
v -788.6812744 -169.2000275 28.4792843
v -789.4658203 -169.5000305 72.7039413
v -787.2149658 -169.5000305 69.3118362
v -787.2149658 -169.2000275 69.3118362
v -785.9473877 -169.2000275 66.9770889
v -784.9061279 -169.5000305 64.7045364
v -784.8457642 -169.2000275 64.5595703
v -783.9155273 -169.2000275 62.0710793
v -789.5127563 -169.2000275 72.7669144
v -792.0662231 -169.5000305 75.8361740
v -792.1730957 -169.2000275 75.9512482
v -794.9863892 -169.5000305 78.6726608
v -795.1643677 -169.2000275 78.8269653
v -798.1928711 -169.5000305 81.1809387
v -798.4509888 -169.2000275 81.3598785
v -799.5557861 -169.5000305 82.0910416
v -799.5557861 -169.2000275 82.0910416
v -800.6853027 -169.2000275 82.7833023
v -800.9565430 -169.5000305 82.9416122
v -803.6917725 -169.2000275 84.3779449
v -803.9049072 -169.5000305 84.4782639
v -806.8286743 -169.2000275 85.6976089
v -806.9761353 -169.5000305 85.7516632
v -810.0709839 -169.2000275 86.7316818
v -810.1468506 -169.5000305 86.7520905
v -813.3927002 -169.2000275 87.4719391
v -813.3927002 -169.5000305 87.4719391
v -816.6890259 -169.5000305 87.9056702
v -816.7672119 -169.2000275 87.9124069
v -820.0106201 -169.5000305 88.0499954
v -820.1676025 -169.2000275 88.0496292
v -823.3321533 -169.5000305 87.9038162
v -823.5667725 -169.2000275 87.8824539
v -826.6281738 -169.5000305 87.4682388
v -826.9372559 -169.2000275 87.4122467
v -828.2354736 -169.5000305 87.1480560
v -828.2354736 -169.2000275 87.1480560
v -829.5236816 -169.2000275 86.8388443
v -829.8275146 -169.5000305 86.7589722
v -832.7772217 -169.2000275 85.8405457
v -832.9989014 -169.5000305 85.7607498
v -835.9284668 -169.2000275 84.5555344
v -836.0709229 -169.5000305 84.4895020
v -838.9523926 -169.2000275 82.9941025
v -839.0203857 -169.5000305 82.9549255
v -841.8245850 -169.2000275 81.1687317
v -841.8245850 -169.5000305 81.1687317
v -844.4621582 -169.5000305 79.1445618
v -844.5222168 -169.2000275 79.0940247
v -846.9129639 -169.5000305 76.8978806
v -847.0236816 -169.2000275 76.7865829
v -849.1581421 -169.5000305 74.4458313
v -849.3090210 -169.2000275 74.2648544
v -851.1809082 -169.5000305 71.8071442
v -851.3599243 -169.2000275 71.5490265
v -852.0909424 -169.5000305 70.4442444
v -852.0909424 -169.2000275 70.4442444
v -852.7833252 -169.2000275 69.3146820
v -852.9416504 -169.5000305 69.0434265
v -854.3778687 -169.2000275 66.3082275
v -854.4782715 -169.5000305 66.0950851
v -855.6976318 -169.2000275 63.1713066
v -855.7517090 -169.5000305 63.0238495
v -856.7316895 -169.2000275 59.9290276
v -856.7520752 -169.5000305 59.8531914
v -857.4718018 -169.2000275 56.6072998
v -857.4718018 -169.5000305 56.6072998
v -857.9057007 -169.5000305 53.3109741
v -857.9123535 -169.2000275 53.2327461
v -858.0499268 -169.5000305 49.9893532
v -858.0496826 -169.2000275 49.8323135
v -857.9037476 -169.5000305 46.6678200
v -857.8823853 -169.2000275 46.4332314
v -857.4682007 -169.5000305 43.3717232
v -857.4122314 -169.2000275 43.0626755
v -857.1480103 -169.5000305 41.7644615
v -857.1480103 -169.2000275 41.7644615
v -856.8388062 -169.2000275 40.4762459
v -856.7589111 -169.5000305 40.1724854
v -855.8405762 -169.2000275 37.2227631
v -855.7608032 -169.5000305 37.0011215
v -854.5555420 -169.2000275 34.0714912
v -854.4895020 -169.5000305 33.9290123
v -852.9940796 -169.2000275 31.0476513
v -852.9549561 -169.5000305 30.9796009
v -851.1687012 -169.2000275 28.1754131
v -851.1687012 -169.5000305 28.1754131
v -849.1445923 -169.5000305 25.5378532
v -849.0939941 -169.2000275 25.4777622
v -846.8978271 -169.5000305 23.0870628
v -846.7865601 -169.2000275 22.9762707
v -844.4458618 -169.5000305 20.8417530
v -844.2648926 -169.2000275 20.6909618
v -841.8070679 -169.5000305 18.8190632
v -841.5489502 -169.2000275 18.6401119
v -840.4442139 -169.5000305 17.9089527
v -840.4442139 -169.2000275 17.9089527
v -839.3146973 -169.2000275 17.2166824
v -839.0433960 -169.5000305 17.0583725
v -836.3082275 -169.2000275 15.6220322
v -836.0950928 -169.5000305 15.5217314
v -833.1712646 -169.2000275 14.3023825
v -833.0238647 -169.5000305 14.2483320
v -829.9289551 -169.2000275 13.2683029
v -829.8531494 -169.5000305 13.2478933
v -826.6072998 -169.2000275 12.5280628
v -826.6072998 -169.5000305 12.5280628
v -823.3109741 -169.5000305 12.0943222
v -823.2327881 -169.2000275 12.0875731
v -819.9893188 -169.5000305 11.9499931
v -819.8323975 -169.2000275 11.9503622
v -816.6678467 -169.5000305 12.0961828
v -816.4332275 -169.2000275 12.1175327
v -813.3717041 -169.5000305 12.5317631
v -813.0626831 -169.2000275 12.5877523
v -811.7645264 -169.5000305 12.8519335
v -811.7645264 -169.2000275 12.8519335
v -810.4762573 -169.2000275 13.1611423
v -810.1724854 -169.5000305 13.2410126
v -807.2227783 -169.2000275 14.1594439
v -807.0010986 -169.5000305 14.2392321
v -804.0714111 -169.2000275 15.4444523
v -803.9290161 -169.5000305 15.5104923
v -801.0476074 -169.2000275 17.0058823
v -800.9795532 -169.5000305 17.0450726
v -798.1754150 -169.2000275 18.8312626
v -798.1754150 -169.5000305 18.8312626
v -795.5378418 -169.5000305 20.8554211
v -795.4776611 -169.2000275 20.9059620
v -793.0870361 -169.5000305 23.1021023
v -792.9762573 -169.2000275 23.2134132
v -790.8416748 -169.5000305 25.5541534
v -790.6909790 -169.2000275 25.7351341
v -788.8190918 -169.5000305 28.1928425
v -788.6400757 -169.2000275 28.4509640
v -787.9089966 -169.5000305 29.5557423
v -787.9089966 -169.2000275 29.5557423
v -787.2166748 -169.2000275 30.6853008
v -787.0583496 -169.5000305 30.9565716
v -785.6220703 -169.2000275 33.6917648
v -785.5217285 -169.5000305 33.9049034
v -784.3023682 -169.2000275 36.8286819
v -784.2482910 -169.5000305 36.9761314
v -783.2683105 -169.2000275 40.0709724
v -783.2478638 -169.5000305 40.1467934
v -782.5280151 -169.2000275 43.3926849
v -782.5280151 -169.5000305 43.3926849
v -782.0942993 -169.5000305 46.6890144
v -782.0875854 -169.2000275 46.7672424
v -781.9499512 -169.5000305 50.0106316
v -781.9503174 -169.2000275 50.1676712
v -782.0961304 -169.5000305 53.3321762
v -782.1174927 -169.2000275 53.5667648
v -782.5317993 -169.5000305 56.6282654
v -782.5877686 -169.2000275 56.9373093
v -782.8519287 -169.5000305 58.2355232
v -782.8519287 -169.2000275 58.2355232
v -783.1611328 -169.2000275 59.5237427
v -783.2410278 -169.5000305 59.8275032
v -783.2893066 -169.5500336 59.8145943
v -784.9522705 -169.5500336 64.6852188
v -783.1764526 -169.7000122 58.7551270
v -783.4608154 -169.7000122 59.8746376
v -787.2581177 -169.5500336 69.2864532
v -789.5059814 -169.5500336 72.6741180
v -792.1029053 -169.5500336 75.8022308
v -795.0192261 -169.5500336 78.6349869
v -799.1785278 -169.7000122 81.6083450
v -800.1526489 -169.7000122 82.2289505
v -805.7531128 -169.5500336 85.2282104
v -810.8027954 -169.5500336 86.8702087
v -816.0321045 -169.5500336 87.7922821
v -821.3389282 -169.5500336 87.9764023
v -827.6273804 -169.7000122 87.0734940
v -828.7551270 -169.7000122 86.8234940
v -834.8359985 -169.5500336 84.9841614
v -839.5677490 -169.5500336 82.5745392
v -843.9175415 -169.5500336 79.5288620
v -847.8000488 -169.5500336 75.9066010
v -851.1398926 -169.5500336 71.7784882
v -851.6083374 -169.7000122 70.8215027
v -852.2289429 -169.7000122 69.8473358
v -850.9582520 -169.7000122 71.7762756
v -852.8195801 -169.7000122 68.8546829
v -852.8983154 -169.5500336 69.0183945
v -855.2282715 -169.5500336 64.2468643
v -856.8702393 -169.5500336 59.1971474
v -857.7922363 -169.5500336 53.9678574
v -857.9764404 -169.5500336 48.6610718
v -857.4190063 -169.5500336 43.3804359
v -857.0734863 -169.7000122 42.3725548
v -856.8234863 -169.7000122 41.2448730
v -857.2890015 -169.7000122 43.5073357
v -856.5391846 -169.7000122 40.1253433
v -856.7105713 -169.5500336 40.1854019
v -854.9841309 -169.5500336 35.1639557
v -852.5744629 -169.5500336 30.4321918
v -849.5288696 -169.5500336 26.0825119
v -845.9066162 -169.5500336 22.1998615
v -841.7784424 -169.5500336 18.8600330
v -840.8214111 -169.7000122 18.3916531
v -839.8472900 -169.7000122 17.7710419
v -841.7762451 -169.7000122 19.0417023
v -838.8547363 -169.7000122 17.1804428
v -839.0183105 -169.5500336 17.1016636
v -834.2468262 -169.5500336 14.7717838
v -829.1971436 -169.5500336 13.1297827
v -823.9678345 -169.5500336 12.2077227
v -818.6610718 -169.5500336 12.0235929
v -813.3803711 -169.5500336 12.5809927
v -812.3725586 -169.7000122 12.9264927
v -811.2448120 -169.7000122 13.1764927
v -813.5073242 -169.7000122 12.7110128
v -810.1253052 -169.7000122 13.4607821
v -788.3916016 -169.7000122 29.1784935
v -787.7710571 -169.7000122 30.1526508
v -789.0416870 -169.7000122 28.2237110
v -787.1804199 -169.7000122 31.1453018
v -787.1016235 -169.5500336 30.9815941
v -784.7717896 -169.5500336 35.7531242
v -783.1297607 -169.5500336 40.8028450
v -782.2076416 -169.5500336 46.0321465
v -782.0235596 -169.5500336 51.3389168
v -782.5809326 -169.5500336 56.6195488
v -782.9265137 -169.7000122 57.6274414
v -782.7109985 -169.7000122 56.4926491
v -840.1683960 -169.1915588 20.7855225
v -839.9542236 -169.0000153 20.6388607
v -841.0293579 -169.0000153 18.9513836
v -841.5207520 -169.2000275 18.6813221
v -841.2811890 -168.9881134 18.5181122
v -840.3491821 -169.4157867 20.9111233
v -840.5020752 -169.6798096 21.0187435
v -841.7224121 -169.7000122 19.1261234
v -841.8184204 -169.9385071 19.1938534
v -840.6198730 -169.9751740 21.1024227
v -841.8871460 -170.1905365 19.2426529
v -840.6955566 -170.2897797 21.1565628
v -841.9413452 -170.7032318 19.2812824
v -840.7287598 -170.6080780 21.1804543
v -840.7202759 -170.9226074 21.1742516
v -841.8858032 -171.2160492 19.2416515
v -840.6695557 -171.2413483 21.1379128
v -841.8162842 -171.4678040 19.1923523
v -840.5762329 -171.5497284 21.0713024
v -841.7193604 -171.7056580 19.1239719
v -840.4427490 -171.8334961 20.9768639
v -841.4605713 -172.1153717 18.9435329
v -840.2779541 -172.0814667 20.8614922
v -840.0839233 -172.2915039 20.7274532
v -841.1215210 -172.4300232 18.7119732
v -839.8570557 -172.4670868 20.5730228
v -840.9237671 -172.5480804 18.5793419
v -839.6055908 -172.5967865 20.4048920
v -840.7136230 -172.6327362 18.4404430
v -839.3402100 -172.6743317 20.2308235
v -840.2830811 -172.7000275 18.1619625
v -839.0741577 -172.7000275 20.0596027
v -838.8065186 -172.6743317 19.8908329
v -839.8486938 -172.6327362 17.8894329
v -838.5365601 -172.5967865 19.7238827
v -839.6339111 -172.5480804 17.7576523
v -838.2778931 -172.4670868 19.5670128
v -839.4302368 -172.4300232 17.6344643
v -838.0420532 -172.2915039 19.4266033
v -839.0770264 -172.1153717 17.4250317
v -837.8385010 -172.0814667 19.3074131
v -837.6644287 -171.8334961 19.2068443
v -838.8041382 -171.7056580 17.2667446
v -837.5223999 -171.5497284 19.1258144
v -838.7012329 -171.4678040 17.2078228
v -837.4226074 -171.2413483 19.0693531
v -838.6271973 -171.2160492 17.1656933
v -837.3682251 -170.9226074 19.0388012
v -838.5677490 -170.7032318 17.1320839
v -837.3589478 -170.6080780 19.0336323
v -837.3946533 -170.2897797 19.0536518
v -838.6256104 -170.1905365 17.1648426
v -837.4757080 -169.9751740 19.0993729
v -838.6989746 -169.9385071 17.2065411
v -837.6013184 -169.6798096 19.1707611
v -838.8009033 -169.7000122 17.2648621
v -837.7635498 -169.4157867 19.2639332
v -839.2893066 -169.2000275 17.2597618
v -837.9537354 -169.1915588 19.3746529
v -839.2521973 -169.0000153 17.8192234
v -838.1771240 -169.0000153 19.5067024
v -839.5384521 -168.9881134 17.4078522
v -839.4645996 -168.8694916 17.9472408
v -839.8199463 -168.8281555 17.5782833
v -839.6900635 -168.7750702 18.0852928
v -840.1190796 -168.7319031 17.7630825
v -839.9209595 -168.7187347 18.2288933
v -840.4173584 -168.7000275 17.9511223
v -840.1486816 -168.7000275 18.3728123
v -840.3754272 -168.7187347 18.5184326
v -840.7138062 -168.7319031 18.1419926
v -840.6031494 -168.7750702 18.6669827
v -841.0077515 -168.8281555 18.3349724
v -840.8236084 -168.8694916 18.8129826
v -813.6109009 -169.1981506 15.0796728
v -813.3483276 -169.0000153 15.1287231
v -812.9152832 -169.0000153 13.1753111
v -813.0717773 -169.2000275 12.6369123
v -812.7870483 -168.9881134 12.6908522
v -813.8327026 -169.4313507 15.0398121
v -814.0198975 -169.7066956 15.0073118
v -813.5289917 -169.7000122 12.8087530
v -813.6447144 -169.9385071 12.7888021
v -814.1612549 -170.0142517 14.9834318
v -813.7278442 -170.1905365 12.7746830
v -814.2484131 -170.3403320 14.9690037
v -813.7934570 -170.7032318 12.7637024
v -814.2808838 -170.6676636 14.9636917
v -814.2592773 -170.9933319 14.9672117
v -813.7261353 -171.2160492 12.7749624
v -814.1832275 -171.3210754 14.9797621
v -813.6421509 -171.4678040 12.7892323
v -814.0524292 -171.6336060 15.0017624
v -813.5252686 -171.7056580 12.8094025
v -813.8734741 -171.9163971 15.0326433
v -813.2147217 -172.1153717 12.8648024
v -813.6586914 -172.1579437 15.0709534
v -813.4041138 -172.3628845 15.1181536
v -812.8112183 -172.4300232 12.9408131
v -813.1135254 -172.5266571 15.1743317
v -812.5776367 -172.5480804 12.9868822
v -812.7994385 -172.6376038 15.2379713
v -812.3306885 -172.6327362 13.0372725
v -812.4776001 -172.6929474 15.3061628
v -811.8294067 -172.7000275 13.1448231
v -812.1610107 -172.6936798 15.3762817
v -811.3295288 -172.6327362 13.2592421
v -811.8016357 -172.6272583 15.4820528
v -811.0845337 -172.5480804 13.3178816
v -811.4686890 -172.4913788 15.6256704
v -810.8533325 -172.4300232 13.3748627
v -811.1804810 -172.2944794 15.7924814
v -810.4555054 -172.1153717 13.4764929
v -810.9467773 -172.0545502 15.9618130
v -810.1506348 -171.7056580 13.5575428
v -810.7579346 -171.7664185 16.1269627
v -810.6166382 -171.4339600 16.2700424
v -810.5311890 -171.0716400 16.3664322
v -809.9539795 -171.2160492 13.6112213
v -810.0361938 -171.4678040 13.5886631
v -809.8882446 -170.7032318 13.6294622
v -810.5027466 -170.7000122 16.4011517
v -810.3760376 -170.7000122 15.8294144
v -810.4375000 -170.2007446 15.8121328
v -809.9523315 -170.1905365 13.6116819
v -810.5148315 -169.9548340 15.7905912
v -810.0336914 -169.9385071 13.5893421
v -810.6231079 -169.7215118 15.7607718
v -810.1469727 -169.7000122 13.5585222
v -810.9138184 -169.3153381 15.6824827
v -811.2911377 -169.0000153 15.5847826
v -810.8580933 -169.0000153 13.6313829
v -810.7695923 -168.9881134 13.1381016
v -811.0988159 -168.8694916 13.5717115
v -811.0892334 -168.8281555 13.0595322
v -811.3558350 -168.7750702 13.5099030
v -811.4313965 -168.7319031 12.9787016
v -811.6206665 -168.7187347 13.4481916
v -811.7752686 -168.7000275 12.9007416
v -811.8834839 -168.7000275 13.3888922
v -812.1467896 -168.7187347 13.3315611
v -812.1198730 -168.7319031 12.8260727
v -812.4128418 -168.7750702 13.2755833
v -812.4641724 -168.8281555 12.7547131
v -812.6719360 -168.8694916 13.2229719
v -790.7786255 -169.1811218 29.8416004
v -790.6387939 -169.0000153 30.0456924
v -788.9513550 -169.0000153 28.9706402
v -788.5181274 -168.9881134 28.7187939
v -790.8992310 -169.3913116 29.6678829
v -791.0037842 -169.6375885 29.5189934
v -789.1260986 -169.7000122 28.2775021
v -791.0878296 -169.9136047 29.4005642
v -789.1938477 -169.9385071 28.1815624
v -791.1457520 -170.2094574 29.3194542
v -789.2426758 -170.1905365 28.1127911
v -791.1763916 -170.5123291 29.2767849
v -789.2812500 -170.7032318 28.0586452
v -791.1798096 -170.8106232 29.2719631
v -789.2416382 -171.2160492 28.1141930
v -791.1561890 -171.1130829 29.3048725
v -791.1053467 -171.4120789 29.3760815
v -789.1922607 -171.4678040 28.1836815
v -791.0275269 -171.6941986 29.4854240
v -789.1239014 -171.7056580 28.2805710
v -790.9276123 -171.9489899 29.6272717
v -788.9434814 -172.1153717 28.5393600
v -790.8113403 -172.1678772 29.7942123
v -790.6762085 -172.3564301 29.9908524
v -788.7119751 -172.4300232 28.8784237
v -790.5247192 -172.5104828 30.2147121
v -788.5793457 -172.5480804 29.0761929
v -790.3627319 -172.6204834 30.4582748
v -788.4404297 -172.6327362 29.2863636
v -790.1972656 -172.6837463 30.7114944
v -788.1619873 -172.7000275 29.7169323
v -790.0187988 -172.6985016 30.9900932
v -789.8411865 -172.6569366 31.2732010
v -787.8894653 -172.6327362 30.1512833
v -789.6683350 -172.5579224 31.5544205
v -787.7576904 -172.5480804 30.3659935
v -787.6344604 -172.4300232 30.5697708
v -789.5093384 -172.4025879 31.8184643
v -789.3706665 -172.2016144 32.0530319
v -787.4250488 -172.1153717 30.9229336
v -789.2554932 -171.9636993 32.2511215
v -787.2667236 -171.7056580 31.1958427
v -789.1597900 -171.6822662 32.4178123
v -787.2078247 -171.4678040 31.2987633
v -789.0889893 -171.3679047 32.5426216
v -787.1657104 -171.2160492 31.3728123
v -789.0466919 -171.0352936 32.6177406
v -787.1320801 -170.7032318 31.4321995
v -789.0325928 -170.7027283 32.6429329
v -789.0462036 -170.3702850 32.6185646
v -787.1647949 -170.1905365 31.3743057
v -789.0880127 -170.0375671 32.5442696
v -787.2065430 -169.9385071 31.3010101
v -789.1584473 -169.7227631 32.4202423
v -787.2647705 -169.7000122 31.1990929
v -789.2537231 -169.4406738 32.2541542
v -787.2597656 -169.2000275 30.7106838
v -789.3685303 -169.2020721 32.0566025
v -789.5067139 -169.0000153 31.8228340
v -787.8192139 -169.0000153 30.7477837
v -787.4078369 -168.9881134 30.4615440
v -787.9472656 -168.8694916 30.5353832
v -787.5783081 -168.8281555 30.1800041
v -788.0853271 -168.7750702 30.3099136
v -787.7630615 -168.7319031 29.8808918
v -788.2288818 -168.7187347 30.0790424
v -787.9510498 -168.7000275 29.5826130
v -788.3728638 -168.7000275 29.8512630
v -788.5184326 -168.7187347 29.6245537
v -788.1419678 -168.7319031 29.2861309
v -788.6669312 -168.7750702 29.3968430
v -788.3350220 -168.8281555 28.9922314
v -788.8129883 -168.8694916 29.1764431
v -785.1287842 -169.0000153 56.6516228
v -783.1752930 -169.0000153 57.0846786
v -782.6369019 -169.2000275 56.9281921
v -785.0764771 -169.2136383 56.3718910
v -785.0346680 -169.4683533 56.1381416
v -785.0014038 -169.7704315 55.9454575
v -782.8087158 -169.7000122 56.4709969
v -782.7888184 -169.9385071 56.3552666
v -784.9782715 -170.1064758 55.8081284
v -782.7747192 -170.1905365 56.2721291
v -784.9660645 -170.4582367 55.7337074
v -782.7637329 -170.7032318 56.2065239
v -784.9641113 -170.8062439 55.7217216
v -782.7749023 -171.2160492 56.2738342
v -784.9722900 -171.1583710 55.7719231
v -784.9911499 -171.5029755 55.8850632
v -785.0206909 -171.8199615 56.0581093
v -782.8094482 -171.7056580 56.4746933
v -782.7892456 -171.4678040 56.3578224
v -782.8648071 -172.1153717 56.7852707
v -785.0593262 -172.0938873 56.2770615
v -785.1072998 -172.3223114 56.5383224
v -782.9407959 -172.4300232 57.1887627
v -785.1658936 -172.5065460 56.8437309
v -782.9868774 -172.5480804 57.4223938
v -785.2333374 -172.6316986 57.1783447
v -783.0372925 -172.6327362 57.6692238
v -785.3062744 -172.6930237 57.5231133
v -783.1447754 -172.7000275 58.1705933
v -785.3816528 -172.6913300 57.8624611
v -783.2592163 -172.6327362 58.6704330
v -785.4613647 -172.6269379 58.2057838
v -783.3179321 -172.5480804 58.9154282
v -785.4339600 -172.5330658 58.4817429
v -783.3748169 -172.4300232 59.1466484
v -785.4351807 -172.4056091 58.7325325
v -785.4595947 -172.2373810 58.9674606
v -783.4765015 -172.1153717 59.5444527
v -785.5005493 -172.0310822 59.1770973
v -783.5574951 -171.7056580 59.8493576
v -785.5481567 -171.8004303 59.3482857
v -785.5937500 -171.5549469 59.4793816
v -783.5886841 -171.4678040 59.9637947
v -785.6340332 -171.2803192 59.5791435
v -783.6112061 -171.2160492 60.0459404
v -785.6607666 -170.9907074 59.6393471
v -783.6293945 -170.7032318 60.1116982
v -785.6701050 -170.7053375 59.6592827
v -785.6614380 -170.4205170 59.6408424
v -783.6116943 -170.1905365 60.0476074
v -785.6353760 -170.1306915 59.5822182
v -783.5893555 -169.9385071 59.9662971
v -785.5953979 -169.8552094 59.4838448
v -783.5585327 -169.7000122 59.8529854
v -785.5499268 -169.6087036 59.3539925
v -785.5023193 -169.3775177 59.1844521
v -783.2095947 -169.2000275 59.5112343
v -785.4609375 -169.1699524 58.9761162
v -783.1380615 -168.9881134 59.2303467
v -783.6314087 -169.0000153 59.1418648
v -783.5717163 -168.8694916 58.9011536
v -785.4356689 -169.0000153 58.7418633
v -783.0594482 -168.8281555 58.9107552
v -783.5098877 -168.7750702 58.6441040
v -782.9786987 -168.7319031 58.5685844
v -783.4481812 -168.7187347 58.3793144
v -782.9007568 -168.7000275 58.2247047
v -783.3888550 -168.7000275 58.1164780
v -783.3315430 -168.7187347 57.8532028
v -782.8260498 -168.7319031 57.8800964
v -783.2755127 -168.7750702 57.5871506
v -782.7546997 -168.8281555 57.5358200
v -783.2230225 -168.8694916 57.3280640
v -782.6907959 -168.9881134 57.2129631
v -849.2100830 -169.1981506 70.1746063
v -849.3612061 -169.0000153 69.9542923
v -851.0485840 -169.0000153 71.0293427
v -851.3186035 -169.2000275 71.5207062
v -851.4818726 -168.9881134 71.2812042
v -849.0814819 -169.4313507 70.3596725
v -848.9721069 -169.7066956 70.5149689
v -850.8737793 -169.7000122 71.7224884
v -850.8060913 -169.9385071 71.8184204
v -848.8890381 -170.0142517 70.6318665
v -850.7572632 -170.1905365 71.8871918
v -848.8376465 -170.3403320 70.7036591
v -850.7186890 -170.7032318 71.9413605
v -848.8184204 -170.6676636 70.7303925
v -848.8311157 -170.9933319 70.7126541
v -850.7583618 -171.2160492 71.8857956
v -848.8760376 -171.3210754 70.6499939
v -850.8075562 -171.4678040 71.8163147
v -848.9530640 -171.6336060 70.5419235
v -850.8760376 -171.7056580 71.7194138
v -849.0577393 -171.9163971 70.3935547
v -851.0565186 -172.1153717 71.4606171
v -849.1825562 -172.1579437 70.2145920
v -849.3291626 -172.3628845 70.0012131
v -851.2880249 -172.4300232 71.1215668
v -849.4948730 -172.5266571 69.7560196
v -851.4206543 -172.5480804 70.9237900
v -849.6719971 -172.6376038 69.4888763
v -851.5595093 -172.6327362 70.7136230
v -849.8514404 -172.6929474 69.2130890
v -851.8380127 -172.7000275 70.2830582
v -850.0255127 -172.6936798 68.9396896
v -852.1104736 -172.6327362 69.8487015
v -850.2049561 -172.6272583 68.6107864
v -852.2423096 -172.5480804 69.6339874
v -850.3388062 -172.4913788 68.2737732
v -852.3654785 -172.4300232 69.4302139
v -850.4246826 -172.2944794 67.9519806
v -852.5749512 -172.1153717 69.0770493
v -850.4702759 -172.0545502 67.6670227
v -852.7332764 -171.7056580 68.8041534
v -850.4869385 -171.7664185 67.4167252
v -850.4857178 -171.4339600 67.2156296
v -850.4779663 -171.0716400 67.0870972
v -852.8342285 -171.2160492 68.6271820
v -852.7921143 -171.4678040 68.7012329
v -852.8679199 -170.7032318 68.5677948
v -850.4735107 -170.7000122 67.0423965
v -850.9674072 -170.7000122 67.3570480
v -850.9361572 -170.2007446 67.4127655
v -852.8350830 -170.1905365 68.6256866
v -850.8966064 -169.9548340 67.4827194
v -852.7933960 -169.9385071 68.6989746
v -850.8411865 -169.7215118 67.5803528
v -852.7351074 -169.7000122 68.8008957
v -850.6910400 -169.3153381 67.8412552
v -852.7401733 -169.2000275 69.2893066
v -850.4932861 -169.0000153 68.1771698
v -852.1807251 -169.0000153 69.2522125
v -852.5921631 -168.9881134 69.5384445
v -852.0526733 -168.8694916 69.4646072
v -852.4216309 -168.8281555 69.8199921
v -851.9146729 -168.7750702 69.6900787
v -852.2368774 -168.7319031 70.1190948
v -851.7711182 -168.7187347 69.9209442
v -852.0487671 -168.7000275 70.4173813
v -851.6270752 -168.7000275 70.1487350
v -851.4815063 -168.7187347 70.3754349
v -851.8580322 -168.7319031 70.7138519
v -851.3329468 -168.7750702 70.6031570
v -851.6649780 -168.8281555 71.0077591
v -851.1869507 -168.8694916 70.8235550
v -854.9188843 -169.1915588 43.6034431
v -854.8712158 -169.0000153 43.3483620
v -856.8246460 -169.0000153 42.9153023
v -857.3630371 -169.2000275 43.0717926
v -857.3091431 -168.9881134 42.7870255
v -854.9579468 -169.4157867 43.8200645
v -854.9899902 -169.6798096 44.0043411
v -857.1911621 -169.7000122 43.5290031
v -857.2111816 -169.9385071 43.6447220
v -855.0140991 -169.9751740 44.1468048
v -857.2253418 -170.1905365 43.7278519
v -855.0293579 -170.2897797 44.2386055
v -857.2362671 -170.7032318 43.7934608
v -855.0360107 -170.6080780 44.2789917
v -855.0343018 -170.9226074 44.2685356
v -857.2249756 -171.2160492 43.7261620
v -855.0241699 -171.2413483 44.2070198
v -857.2106934 -171.4678040 43.6421623
v -855.0052490 -171.5497284 44.0939026
v -857.1905518 -171.7056580 43.5253029
v -854.9776611 -171.8334961 43.9327736
v -857.1351929 -172.1153717 43.2147141
v -854.9427490 -172.0814667 43.7346916
v -854.9003296 -172.2915039 43.5027161
v -857.0591431 -172.4300232 42.8112221
v -854.8490601 -172.4670868 43.2330437
v -857.0131226 -172.5480804 42.5776024
v -854.7901611 -172.5967865 42.9363327
v -856.9626465 -172.6327362 42.3307648
v -854.7255249 -172.6743317 42.6255836
v -856.8551025 -172.7000275 41.8294029
v -854.6584473 -172.7000275 42.3163948
v -854.5886230 -172.6743317 42.0078201
v -856.7407837 -172.6327362 41.3295517
v -854.5157471 -172.5967865 41.6989021
v -856.6820679 -172.5480804 41.0845528
v -854.4437866 -172.4670868 41.4050827
v -856.6250610 -172.4300232 40.8533401
v -854.3763428 -172.2915039 41.1390114
v -856.5234985 -172.1153717 40.4555359
v -854.3167725 -172.0814667 40.9108429
v -854.2645874 -171.8334961 40.7165642
v -856.4424438 -171.7056580 40.1506310
v -854.2215576 -171.5497284 40.5588722
v -856.4112549 -171.4678040 40.0362053
v -854.1908569 -171.2413483 40.4483528
v -856.3887329 -171.2160492 39.9540443
v -854.1740723 -170.9226074 40.3883362
v -856.3704834 -170.7032318 39.8882828
v -854.1711426 -170.6080780 40.3781319
v -854.1822510 -170.2897797 40.4175301
v -856.3882446 -170.1905365 39.9523811
v -854.2072754 -169.9751740 40.5071716
v -856.4105835 -169.9385071 40.0336914
v -854.2455444 -169.6798096 40.6464729
v -856.4414673 -169.7000122 40.1470108
v -854.2943726 -169.4157867 40.8270531
v -856.7904053 -169.2000275 40.4887505
v -854.3506470 -169.1915588 41.0398521
v -856.3685913 -169.0000153 40.8581238
v -854.4151611 -169.0000153 41.2911835
v -856.8618774 -168.9881134 40.7696419
v -856.4282837 -168.8694916 41.0988312
v -856.9403687 -168.8281555 41.0892334
v -856.4901123 -168.7750702 41.3558846
v -857.0212402 -168.7319031 41.4314156
v -856.5518188 -168.7187347 41.6206703
v -857.0992432 -168.7000275 41.7752914
v -856.6110840 -168.7000275 41.8835144
v -856.6683960 -168.7187347 42.1467781
v -857.1738892 -168.7319031 42.1198921
v -856.7244873 -168.7750702 42.4128418
v -857.2452393 -168.8281555 42.4641724
v -856.7769775 -168.8694916 42.6719246
v -812.1610107 -169.0000153 15.3762817
v -811.7440796 -169.0000153 15.5031328
v -811.3499756 -169.0000153 15.6890507
v -810.8931885 -169.0000153 16.0057030
v -810.5027466 -169.0000153 16.4011517
v -788.7713623 -169.0000153 35.8101845
v -788.9722290 -169.0000153 36.0673256
v -788.7713623 -174.9000092 35.8101845
v -788.9722290 -174.9000092 36.0673256
v -789.0996704 -169.0000153 36.3676949
v -789.0996704 -174.9000092 36.3676949
v -789.1451416 -169.0000153 36.6908340
v -789.1451416 -174.9000092 36.6908340
v -789.1053467 -169.0000153 37.0147247
v -789.1053467 -174.9000092 37.0147247
v -788.9830933 -169.0000153 37.3172760
v -788.9830933 -174.9000092 37.3172760
v -788.7867432 -169.0000153 37.5778847
v -788.7867432 -174.9000092 37.5778847
v -788.5296631 -169.0000153 37.7787819
v -788.5296631 -174.9000092 37.7787819
v -788.2292480 -169.0000153 37.9062843
v -788.2292480 -174.9000092 37.9062843
v -787.9060669 -169.0000153 37.9516945
v -787.9060669 -174.9000092 37.9516945
v -787.5821533 -169.0000153 37.9119301
v -787.5821533 -174.9000092 37.9119301
v -787.2796631 -169.0000153 37.7896919
v -787.2796631 -174.9000092 37.7896919
v -787.0189819 -169.0000153 37.5933113
v -787.0189819 -174.9000092 37.5933113
v -786.8181152 -169.0000153 37.3361740
v -786.8181152 -174.9000092 37.3361740
v -786.6906128 -169.0000153 37.0357933
v -786.6906128 -174.9000092 37.0357933
v -786.6452026 -169.0000153 36.7126541
v -786.6452026 -174.9000092 36.7126541
v -786.6849365 -169.0000153 36.3887749
v -786.6849365 -174.9000092 36.3887749
v -786.8071899 -169.0000153 36.0862160
v -786.8071899 -174.9000092 36.0862160
v -787.0035400 -169.0000153 35.8256111
v -787.0035400 -174.9000092 35.8256111
v -787.2608032 -169.0000153 35.6247139
v -787.2608032 -174.9000092 35.6247139
v -787.5611572 -169.0000153 35.4972038
v -787.5611572 -174.9000092 35.4972038
v -787.8842163 -169.0000153 35.4517937
v -787.8842163 -174.9000092 35.4517937
v -788.2081299 -169.0000153 35.4915619
v -788.2081299 -174.9000092 35.4915619
v -788.5106812 -169.0000153 35.6138039
v -788.5106812 -174.9000092 35.6138039
v -789.0996704 -192.6000214 36.3676949
v -788.9722290 -192.6000214 36.0673256
v -789.0996704 -186.7000275 36.3676949
v -788.9722290 -186.7000275 36.0673256
v -788.7713623 -192.6000214 35.8101845
v -788.7713623 -186.7000275 35.8101845
v -788.5106812 -192.6000214 35.6138039
v -788.5106812 -186.7000275 35.6138039
v -788.2081299 -192.6000214 35.4915619
v -788.2081299 -186.7000275 35.4915619
v -787.8842163 -192.6000214 35.4517937
v -787.8842163 -186.7000275 35.4517937
v -787.5611572 -192.6000214 35.4972038
v -787.5611572 -186.7000275 35.4972038
v -787.2608032 -192.6000214 35.6247139
v -787.2608032 -186.7000275 35.6247139
v -787.0035400 -192.6000214 35.8256111
v -787.0035400 -186.7000275 35.8256111
v -786.8071899 -192.6000214 36.0862160
v -786.8071899 -186.7000275 36.0862160
v -786.6849365 -192.6000214 36.3887749
v -786.6849365 -186.7000275 36.3887749
v -786.6452026 -192.6000214 36.7126541
v -786.6452026 -186.7000275 36.7126541
v -786.6906128 -192.6000214 37.0357933
v -786.6906128 -186.7000275 37.0357933
v -786.8181152 -192.6000214 37.3361740
v -786.8181152 -186.7000275 37.3361740
v -787.0189819 -192.6000214 37.5933113
v -787.0189819 -186.7000275 37.5933113
v -787.2796631 -192.6000214 37.7896919
v -787.2796631 -186.7000275 37.7896919
v -787.5821533 -192.6000214 37.9119301
v -787.5821533 -186.7000275 37.9119301
v -787.9060669 -192.6000214 37.9516945
v -787.9060669 -186.7000275 37.9516945
v -788.2292480 -192.6000214 37.9062843
v -788.2292480 -186.7000275 37.9062843
v -788.5296631 -192.6000214 37.7787819
v -788.5296631 -186.7000275 37.7787819
v -788.7867432 -192.6000214 37.5778847
v -788.7867432 -186.7000275 37.5778847
v -788.9830933 -192.6000214 37.3172760
v -788.9830933 -186.7000275 37.3172760
v -789.1053467 -192.6000214 37.0147247
v -789.1053467 -186.7000275 37.0147247
v -789.1451416 -192.6000214 36.6908340
v -789.1451416 -186.7000275 36.6908340
v -788.9722290 -180.8000336 36.0673256
v -789.0996704 -180.8000336 36.3676949
v -789.1451416 -180.8000336 36.6908340
v -789.1053467 -180.8000336 37.0147247
v -788.9830933 -180.8000336 37.3172760
v -788.7867432 -180.8000336 37.5778847
v -788.5296631 -180.8000336 37.7787819
v -788.2292480 -180.8000336 37.9062843
v -787.9060669 -180.8000336 37.9516945
v -787.5821533 -180.8000336 37.9119301
v -787.2796631 -180.8000336 37.7896919
v -787.0189819 -180.8000336 37.5933113
v -786.8181152 -180.8000336 37.3361740
v -786.6906128 -180.8000336 37.0357933
v -786.6452026 -180.8000336 36.7126541
v -786.6849365 -180.8000336 36.3887749
v -786.8071899 -180.8000336 36.0862160
v -787.0035400 -180.8000336 35.8256111
v -787.2608032 -180.8000336 35.6247139
v -787.5611572 -180.8000336 35.4972038
v -787.8842163 -180.8000336 35.4517937
v -788.2081299 -180.8000336 35.4915619
v -788.5106812 -180.8000336 35.6138039
v -788.7713623 -180.8000336 35.8101845
v -788.2467651 -173.7000275 35.0385132
v -787.8231201 -173.7000275 35.0032730
v -787.8803711 -176.8666840 35.0018120
v -787.4407959 -176.8666840 35.0635719
v -787.8231201 -169.0000153 35.0032730
v -787.4013062 -169.0000153 35.0750618
v -787.0323486 -176.8666840 35.2369728
v -787.0107422 -169.0000153 35.2499237
v -786.6826172 -176.8666840 35.5102043
v -786.6762085 -169.0000153 35.5167618
v -786.4155884 -176.8666840 35.8646240
v -786.4189453 -169.0000153 35.8586845
v -786.2552490 -169.0000153 36.2540207
v -786.2493896 -176.8666840 36.2761002
v -786.1953125 -169.0000153 36.6777344
v -786.1952515 -176.8666840 36.7165833
v -786.2431641 -169.0000153 37.1029663
v -786.2569580 -176.8666840 37.1560555
v -786.3957520 -169.0000153 37.5027733
v -786.4303589 -176.8666840 37.5645638
v -786.6432495 -169.0000153 37.8518257
v -786.6432495 -173.7000275 37.8518257
v -786.7036133 -176.8666840 37.9142761
v -786.9677124 -173.7000275 38.1264839
v -787.0580444 -176.8666840 38.1813545
v -787.3502197 -173.7000275 38.3120422
v -787.4695435 -176.8666840 38.3475914
v -787.7668457 -173.7000275 38.3968925
v -787.9100342 -176.8666840 38.4016838
v -788.1914062 -173.7000275 38.3757324
v -788.3494873 -176.8666840 38.3399124
v -788.5975342 -173.7000275 38.2498817
v -788.7579346 -176.8666840 38.1665115
v -788.9596558 -173.7000275 38.0272102
v -789.1077271 -176.8666840 37.8932953
v -789.2552490 -173.7000275 37.7216530
v -789.3748169 -176.8666840 37.5388641
v -789.4656982 -173.7000275 37.3523026
v -789.5410767 -176.8666840 37.1273918
v -789.5780029 -173.7000275 36.9422722
v -789.5950928 -176.8666840 36.6869125
v -789.5851440 -173.7000275 36.5172005
v -789.5333252 -176.8666840 36.2474403
v -789.4864502 -173.7000275 36.1036720
v -789.3599243 -176.8666840 35.8389320
v -789.2883911 -173.7000275 35.7275429
v -789.0867310 -176.8666840 35.4892235
v -789.0030518 -173.7000275 35.4123421
v -788.7322998 -176.8666840 35.2221413
v -788.6484985 -173.7000275 35.1777725
v -788.3208008 -176.8666840 35.0558929
v -789.1077271 -192.6000214 37.8932953
v -788.7579346 -192.6000214 38.1665115
v -789.1077271 -184.7333527 37.8932953
v -788.7579346 -184.7333527 38.1665115
v -788.3494873 -192.6000214 38.3399124
v -788.3494873 -184.7333527 38.3399124
v -787.9100342 -192.6000214 38.4016838
v -787.9100342 -184.7333527 38.4016838
v -787.4695435 -192.6000214 38.3475914
v -787.4695435 -184.7333527 38.3475914
v -787.0580444 -192.6000214 38.1813545
v -787.0580444 -184.7333527 38.1813545
v -786.7036133 -192.6000214 37.9142761
v -786.7036133 -184.7333527 37.9142761
v -786.4303589 -192.6000214 37.5645638
v -786.4303589 -184.7333527 37.5645638
v -786.2569580 -192.6000214 37.1560555
v -786.2569580 -184.7333527 37.1560555
v -786.1952515 -192.6000214 36.7165833
v -786.1952515 -184.7333527 36.7165833
v -786.2493896 -192.6000214 36.2761002
v -786.2493896 -184.7333527 36.2761002
v -786.4155884 -192.6000214 35.8646240
v -786.4155884 -184.7333527 35.8646240
v -786.6826172 -192.6000214 35.5102043
v -786.6826172 -184.7333527 35.5102043
v -787.0323486 -192.6000214 35.2369728
v -787.0323486 -184.7333527 35.2369728
v -787.4407959 -192.6000214 35.0635719
v -787.4407959 -184.7333527 35.0635719
v -787.8803711 -192.6000214 35.0018120
v -787.8803711 -184.7333527 35.0018120
v -788.3208008 -192.6000214 35.0558929
v -788.3208008 -184.7333527 35.0558929
v -788.7322998 -192.6000214 35.2221413
v -788.7322998 -184.7333527 35.2221413
v -789.0867310 -192.6000214 35.4892235
v -789.0867310 -184.7333527 35.4892235
v -789.3599243 -192.6000214 35.8389320
v -789.3599243 -184.7333527 35.8389320
v -789.5333252 -192.6000214 36.2474403
v -789.5333252 -184.7333527 36.2474403
v -789.5950928 -192.6000214 36.6869125
v -789.5950928 -184.7333527 36.6869125
v -789.5410767 -192.6000214 37.1273918
v -789.5410767 -184.7333527 37.1273918
v -789.3748169 -192.6000214 37.5388641
v -789.3748169 -184.7333527 37.5388641
v -787.4153442 -173.7000275 40.2251930
v -787.7584839 -169.0000153 40.1990700
v -787.7584839 -173.7000275 40.1990700
v -787.4153442 -169.0000153 40.2251930
v -787.0870972 -173.7000275 40.3288536
v -787.0870972 -169.0000153 40.3288536
v -786.7911377 -173.7000275 40.5046120
v -786.7911377 -169.0000153 40.5046120
v -786.5430908 -173.7000275 40.7431984
v -786.5430908 -169.0000153 40.7431984
v -786.3558350 -173.7000275 41.0320740
v -786.3558350 -169.0000153 41.0320740
v -786.2395020 -173.7000275 41.3560066
v -786.2395020 -169.0000153 41.3560066
v -786.2000122 -173.7000275 41.6979332
v -786.2000122 -169.0000153 41.6979332
v -812.4322510 -169.0000153 84.6839981
v -812.6151123 -173.7000275 84.7233734
v -817.1492920 -169.0000153 85.3853607
v -817.5222168 -173.7000275 85.4134216
v -821.9177246 -169.0000153 85.4481583
v -822.4776611 -173.7000275 85.4134216
v -827.3848877 -173.7000275 84.7233734
v -831.0137939 -169.0000153 83.7482605
v -829.8669434 -169.0000153 84.1012115
v -827.7731934 -169.0000153 86.6855164
v -828.4590454 -169.0000153 86.5334702
v -828.9893799 -169.0000153 83.8009415
v -828.6597900 -169.0000153 83.9220123
v -828.3110962 -169.0000153 83.9631119
v -829.6940918 -169.0000153 83.0438690
v -829.5211182 -169.0000153 83.3495026
v -829.2819824 -169.0000153 83.6065598
v -836.1756592 -169.0000153 79.8920975
v -837.4174194 -169.0000153 80.2744904
v -836.7755127 -169.0000153 80.1513290
v -838.7044678 -169.0000153 80.0959625
v -838.0707397 -169.0000153 80.2557449
v -829.7911377 -169.0000153 82.7064133
v -811.6888428 -169.0000153 83.9631119
v -811.3401489 -169.0000153 83.9220123
v -811.0104370 -169.0000153 83.8009415
v -810.7180176 -169.0000153 83.6065598
v -810.4787598 -169.0000153 83.3495026
v -810.3059082 -169.0000153 83.0438690
v -810.2088013 -169.0000153 82.7064133
v -810.1927490 -169.0000153 82.3556290
v -810.1388550 -169.0000153 81.4445038
v -809.8512573 -169.0000153 80.5782852
v -809.3495483 -169.0000153 79.8158722
v -808.6677246 -169.0000153 79.2091217
v -807.8521729 -169.0000153 78.7992859
v -806.9583740 -169.0000153 78.6142349
v -806.0472412 -169.0000153 78.6665497
v -805.1805420 -169.0000153 78.9526825
v -804.4803467 -169.0000153 79.1894836
v -803.9243774 -169.0000153 81.6515961
v -803.7435303 -169.0000153 79.2479095
v -802.8638306 -169.0000153 81.0902023
v -803.0147705 -169.0000153 79.1244049
v -802.3383789 -169.0000153 78.8264618
v -801.7552490 -169.0000153 78.3721848
v -791.6278076 -169.0000153 68.2446976
v -793.4279785 -169.0000153 73.5410004
v -796.5555420 -169.0000153 76.6572113
v -791.1513062 -169.0000153 67.6237946
v -790.0301514 -169.0000153 68.1854935
v -790.2520142 -169.0000153 69.1662369
v -790.7113647 -169.0000153 70.0606613
v -790.0598755 -169.0000153 67.1804123
v -790.8516235 -169.0000153 66.9007721
v -790.3392944 -169.0000153 66.2145004
v -790.7490845 -169.0000153 66.1248322
v -790.8508911 -169.0000153 65.3488007
v -799.5559082 -169.0000153 81.4370804
v -800.1483154 -169.0000153 81.8144989
v -790.7113647 -173.7000275 70.0606613
v -793.6428223 -173.7000275 73.7813568
v -797.0435791 -173.7000275 77.0786438
v -800.8529663 -173.7000275 79.8938446
v -810.4787598 -173.7000275 83.3495026
v -810.7180176 -173.7000275 83.6065598
v -811.0104370 -173.7000275 83.8009415
v -810.3059082 -173.7000275 83.0438690
v -810.2088013 -173.7000275 82.7064133
v -810.1927490 -173.7000275 82.3556290
v -810.1388550 -173.7000275 81.4445038
v -809.8512573 -173.7000275 80.5782852
v -809.3495483 -173.7000275 79.8158722
v -808.6677246 -173.7000275 79.2091217
v -807.8521729 -173.7000275 78.7992859
v -806.9583740 -173.7000275 78.6142349
v -806.0472412 -173.7000275 78.6665497
v -805.1805420 -173.7000275 78.9526825
v -804.4803467 -173.7000275 79.1894836
v -803.7435303 -173.7000275 79.2479095
v -803.0147705 -173.7000275 79.1244049
v -801.7552490 -173.7000275 78.3721848
v -802.3383789 -173.7000275 78.8264618
v -791.6278076 -173.7000275 68.2446976
v -790.2520142 -173.7000275 69.1662369
v -790.0301514 -173.7000275 68.1854935
v -791.1513062 -173.7000275 67.6237946
v -790.0598755 -173.7000275 67.1804123
v -790.8516235 -173.7000275 66.9007721
v -790.3392944 -173.7000275 66.2145004
v -790.7490845 -173.7000275 66.1248322
v -790.8508911 -173.7000275 65.3488007
v -811.3401489 -173.7000275 83.9220123
v -811.6888428 -173.7000275 83.9631119
v -828.3110962 -173.7000275 83.9631119
v -828.6597900 -173.7000275 83.9220123
v -828.9893799 -173.7000275 83.8009415
v -829.2819824 -173.7000275 83.6065598
v -829.5211182 -173.7000275 83.3495026
v -829.6940918 -173.7000275 83.0438690
v -829.7911377 -173.7000275 82.7064133
v -836.1756592 -173.7000275 79.8920975
v -836.7755127 -173.7000275 80.1513290
v -837.4174194 -173.7000275 80.2744904
v -838.0707397 -173.7000275 80.2557449
v -838.7044678 -173.7000275 80.0959625
v -828.6547241 -169.2000275 87.0012817
v -827.7935181 -169.2000275 87.1922073
v -827.6058350 -169.7000122 86.9758530
v -828.7334595 -169.7000122 86.7258606
v -799.9559326 -169.2000275 82.2836761
v -799.2119751 -169.2000275 81.8097382
v -799.2322388 -169.7000122 81.5239944
v -800.2064209 -169.7000122 82.1446075
v -789.5528564 -169.2000275 72.7369919
v -787.2581177 -169.2000275 69.2864532
v -784.8919678 -169.2000275 64.5404282
v -782.9986572 -169.2000275 58.6547356
v -782.8078003 -169.2000275 57.7935600
v -782.0306396 -169.2000275 51.5269814
v -782.2011719 -169.2000275 46.0945320
v -783.1450195 -169.2000275 40.7419853
v -784.8427734 -169.2000275 35.5788231
v -787.7163086 -169.2000275 29.9559536
v -788.1903076 -169.2000275 29.2120132
v -811.3452759 -169.2000275 12.9987020
v -812.2064209 -169.2000275 12.8077822
v -818.4730225 -169.2000275 12.0306826
v -823.9053955 -169.2000275 12.2012234
v -829.2579346 -169.2000275 13.1450224
v -834.4211426 -169.2000275 14.8427830
v -840.0440674 -169.2000275 17.7163124
v -840.7880249 -169.2000275 18.1902428
v -845.7686157 -169.2000275 22.0718937
v -849.4893188 -169.2000275 26.0338039
v -852.6068115 -169.2000275 30.4859905
v -855.0571899 -169.2000275 35.3373909
v -857.0013428 -169.2000275 41.3452644
v -857.1921387 -169.2000275 42.2064247
v -857.9692993 -169.2000275 48.4730034
v -857.7987061 -169.2000275 53.9054489
v -856.8549194 -169.2000275 59.2579994
v -855.1571655 -169.2000275 64.4211655
v -852.2836304 -169.2000275 70.0440369
v -851.8096924 -169.2000275 70.7879715
v -847.9281006 -169.2000275 75.7686005
v -843.9661865 -169.2000275 79.4893417
v -839.5139160 -169.2000275 82.6068039
v -834.6625366 -169.2000275 85.0572052
v -821.5269775 -169.2000275 87.9693069
v -816.0945435 -169.2000275 87.7987747
v -810.7420044 -169.2000275 86.8549728
v -805.5787964 -169.2000275 85.1572113
v -795.1970215 -169.2000275 78.7890854
v -792.2096558 -169.2000275 75.9171448
v -788.4759521 -169.7000122 29.2322216
v -787.8554077 -169.7000122 30.2063923
v -783.0240479 -169.7000122 57.6057930
v -783.2741089 -169.7000122 58.7334785
v -838.7769775 -169.0000153 19.8723431
v -839.3693848 -169.0000153 20.2497845
v -839.8516235 -169.0000153 18.1854839
v -840.4440918 -169.0000153 18.5629234
v -851.5239868 -169.7000122 70.7677612
v -852.1445923 -169.7000122 69.7935944
v -856.9758301 -169.7000122 42.3941917
v -856.7258301 -169.7000122 41.2665100
v -840.7677002 -169.7000122 18.4760036
v -839.7935791 -169.7000122 17.8553829
v -812.3941650 -169.7000122 13.0241318
v -811.2664795 -169.7000122 13.2741337
v -810.3760376 -169.0000153 15.8294144
v -810.6802979 -169.0000153 15.7451515
v -810.9853516 -169.0000153 15.6636124
v -811.5408936 -169.0000153 13.4665222
v -812.2267456 -169.0000153 13.3144827
v -812.5558472 -169.0000153 15.2892628
v -812.9517212 -169.0000153 15.2067327
v -788.9097900 -169.0000153 32.8638039
v -788.5482788 -173.7000275 33.5366898
v -789.3402100 -173.7000275 32.1050911
v -790.1972656 -173.7000275 30.7114944
v -788.3484497 -169.0000153 33.9243507
v -783.3144531 -169.0000153 57.7732239
v -785.6032104 -169.0000153 57.6815529
v -785.8531494 -169.0000153 57.2029953
v -785.4619141 -169.0000153 58.2026100
v -783.4664917 -169.0000153 58.4590340
v -786.2000122 -169.0000153 56.7892494
v -784.5518188 -169.0000153 51.9177666
v -784.6146240 -169.0000153 47.1493034
v -785.3159790 -169.0000153 42.4322815
v -788.6641846 -169.0000153 40.1162224
v -789.5179443 -169.0000153 39.8028336
v -790.2620239 -169.0000153 39.2800827
v -790.8464355 -169.0000153 38.5832634
v -791.2315674 -169.0000153 37.7594032
v -791.3914185 -169.0000153 36.8641548
v -791.3151855 -169.0000153 35.9579239
v -791.0081177 -169.0000153 35.1019249
v -790.4909058 -169.0000153 34.3539238
v -790.1079102 -169.0000153 33.8243523
v -789.8486938 -169.0000153 33.2244148
v -789.7254639 -169.0000153 32.5825729
v -789.7442017 -169.0000153 31.9292927
v -789.9039307 -169.0000153 31.2955761
v -790.1972656 -169.0000153 30.7114944
v -788.5628662 -169.0000153 29.5559254
v -788.1854248 -169.0000153 30.1483631
v -790.3427124 -169.0000153 30.4884548
v -790.4899902 -169.0000153 30.2665234
v -786.2000122 -173.7000275 56.7892494
v -785.8525391 -173.7000275 57.2038918
v -785.6024170 -173.7000275 57.6835518
v -785.4613647 -173.7000275 58.2057838
v -785.2333984 -173.7000275 42.8209953
v -784.5596924 -173.7000275 47.9421310
v -784.6361694 -173.7000275 53.1068459
v -850.9674072 -169.0000153 67.3570480
v -850.8117676 -169.0000153 67.6318207
v -850.6537476 -169.0000153 67.9052048
v -850.3779907 -169.0000153 68.1450043
v -850.2307129 -169.0000153 68.5551834
v -851.8145142 -169.0000153 69.8516235
v -850.0255127 -169.0000153 68.9396896
v -851.4370728 -169.0000153 70.4440765
v -849.8079834 -169.0000153 69.2804108
v -849.5864868 -169.0000153 69.6186218
v -850.4769897 -169.0000153 67.5981445
v -850.4735107 -169.0000153 67.0423965
v -854.5808105 -169.0000153 41.9738503
v -854.7328491 -169.0000153 42.6596718
v -856.5334473 -169.0000153 41.5409622
v -856.6854858 -169.0000153 42.2267761
v -788.6641846 -173.7000275 40.1162224
v -789.5179443 -173.7000275 39.8028336
v -790.2620239 -173.7000275 39.2800827
v -790.8464355 -173.7000275 38.5832634
v -791.2315674 -173.7000275 37.7594032
v -791.3914185 -173.7000275 36.8641548
v -791.3151855 -173.7000275 35.9579239
v -791.0081177 -173.7000275 35.1019249
v -790.4909058 -173.7000275 34.3539238
v -790.1079102 -173.7000275 33.8243523
v -789.8486938 -173.7000275 33.2244148
v -789.7254639 -173.7000275 32.5825729
v -789.7442017 -173.7000275 31.9292927
v -789.9039307 -173.7000275 31.2955761
v -780.0368652 -183.1910248 53.8133278
v -780.0368652 -184.1374054 53.3751411
v -779.8367920 -182.0000305 49.9999924
v -780.0368652 -184.9381256 52.7069435
v -780.0368652 -185.5386200 51.8542671
v -780.0368652 -185.8979645 50.8752213
v -780.0368652 -185.9916840 49.8365440
v -780.0368652 -185.8133545 48.8089943
v -780.0368652 -185.3751678 47.8626137
v -780.0368652 -184.7069702 47.0618935
v -780.0368652 -183.8542938 46.4613953
v -780.0368652 -182.8752594 46.1020546
v -780.0368652 -181.8365784 46.0083427
v -780.0368652 -180.8090210 46.1866646
v -780.0368652 -179.8626404 46.6248512
v -780.0368652 -179.0619354 47.2930565
v -780.0368652 -178.4614410 48.1457214
v -780.0368652 -178.1020813 49.1247635
v -780.0368652 -178.0083618 50.1634407
v -780.0368652 -178.1866913 51.1909943
v -780.0368652 -178.6248779 52.1373711
v -780.0368652 -179.2930756 52.9380913
v -780.0368652 -180.1457367 53.5385933
v -780.0368652 -181.1247864 53.8979416
v -780.0368652 -182.1634979 53.9916420
v -852.3110962 -159.0000153 30.9673023
v -848.8395996 -159.0000153 26.0307121
v -852.3110962 -155.7000122 30.9673023
v -854.9457397 -155.7000122 36.3968430
v -854.9457397 -159.0000153 36.3968430
v -856.6752319 -155.7000122 42.1786804
v -856.6752319 -159.0000153 42.1786804
v -857.4549561 -155.7000122 48.1631050
v -857.4549561 -159.0000153 48.1631050
v -857.2645874 -155.7000122 54.1950912
v -857.2645874 -159.0000153 54.1950912
v -856.1091309 -155.7000122 60.1184273
v -856.1091309 -159.0000153 60.1184273
v -854.0183105 -155.7000122 65.7797089
v -854.0183105 -159.0000153 65.7797089
v -851.0466309 -155.7000122 71.0322952
v -851.0466309 -159.0000153 71.0322952
v -847.2707520 -155.7000122 75.7401657
v -847.2707520 -159.0000153 75.7401657
v -842.7885132 -155.7000122 79.7813644
v -842.7885132 -159.0000153 79.7813644
v -837.7161865 -155.7000122 83.0512543
v -837.7161865 -159.0000153 83.0512543
v -832.1849976 -155.7000122 85.4651337
v -832.1849976 -159.0000153 85.4651337
v -826.3381348 -155.7000122 86.9604721
v -826.3381348 -159.0000153 86.9604721
v -820.3272705 -155.7000122 87.4985657
v -820.3272705 -159.0000153 87.4985657
v -814.3078003 -155.7000122 87.0654602
v -814.3078003 -159.0000153 87.0654602
v -808.4357910 -155.7000122 85.6723785
v -808.4357910 -159.0000153 85.6723785
v -802.8632812 -155.7000122 83.3554153
v -802.8632812 -159.0000153 83.3554153
v -797.7346191 -155.7000122 80.1745453
v -797.7346191 -159.0000153 80.1745453
v -793.1826172 -155.7000122 76.2121811
v -793.1826172 -159.0000153 76.2121811
v -789.3251343 -155.7000122 71.5709381
v -789.3251343 -159.0000153 71.5709381
v -786.2621460 -155.7000122 66.3710098
v -786.2621460 -159.0000153 66.3710098
v -784.0729980 -155.7000122 60.7470741
v -784.0729980 -159.0000153 60.7470741
v -782.8143311 -155.7000122 54.8447990
v -782.8143311 -159.0000153 54.8447990
v -782.5186768 -155.7000122 48.8170662
v -782.5186768 -159.0000153 48.8170662
v -783.1937256 -155.7000122 42.8199501
v -783.1937256 -159.0000153 42.8199501
v -784.8221436 -155.7000122 37.0087929
v -784.8221436 -159.0000153 37.0087929
v -787.3616333 -155.7000122 31.5341129
v -787.3616333 -159.0000153 31.5341129
v -790.7464600 -155.7000122 26.5376816
v -790.7464600 -159.0000153 26.5376816
v -794.8888550 -155.7000122 22.1489124
v -794.8888550 -159.0000153 22.1489124
v -799.6817627 -155.7000122 18.4814739
v -799.6817627 -159.0000153 18.4814739
v -805.0007324 -155.7000122 15.6303511
v -805.0007324 -159.0000153 15.6303511
v -810.7082520 -155.7000122 13.6693735
v -810.7082520 -159.0000153 13.6693735
v -816.6564331 -155.7000122 12.6493530
v -816.6564331 -159.0000153 12.6493530
v -822.6911621 -155.7000122 12.5966835
v -822.6911621 -159.0000153 12.5966835
v -828.6563110 -155.7000122 13.5127439
v -828.6563110 -159.0000153 13.5127439
v -834.3970947 -155.7000122 15.3738136
v -834.3970947 -159.0000153 15.3738136
v -839.7650757 -155.7000122 18.1316738
v -839.7650757 -159.0000153 18.1316738
v -844.6211548 -155.7000122 21.7149029
v -844.6211548 -159.0000153 21.7149029
v -848.8395996 -155.7000122 26.0307121
v -849.3217163 -155.2000275 25.8290215
v -852.7418213 -155.2000275 30.7135296
v -855.3558960 -155.2000275 36.0729408
v -845.1795654 -155.2000275 21.5396729
v -840.4173584 -155.2000275 17.9511223
v -835.1524658 -155.2000275 15.1517134
v -829.5144043 -155.2000275 13.2103834
v -823.6421509 -155.2000275 12.1749439
v -817.6801758 -155.2000275 12.0708742
v -811.7752686 -155.2000275 12.9007425
v -806.0729370 -155.2000275 14.6441231
v -800.7135010 -155.2000275 17.2580833
v -795.8290405 -155.2000275 20.6782627
v -791.5396729 -155.2000275 24.8204327
v -787.9510498 -155.2000275 29.5826130
v -785.1517334 -155.2000275 34.8475342
v -783.2103882 -155.2000275 40.4855537
v -782.1749268 -155.2000275 46.3578529
v -782.0708618 -155.2000275 52.3198433
v -782.9007568 -155.2000275 58.2247047
v -784.6441040 -155.2000275 63.9270477
v -787.2581177 -155.2000275 69.2864532
v -790.6782227 -155.2000275 74.1709671
v -794.8204346 -155.2000275 78.4603119
v -799.5826416 -155.2000275 82.0488739
v -804.8475342 -155.2000275 84.8482742
v -810.4855347 -155.2000275 86.7895966
v -816.3577881 -155.2000275 87.8250580
v -822.3197632 -155.2000275 87.9291077
v -828.2246704 -155.2000275 87.0992432
v -833.9270020 -155.2000275 85.3558655
v -839.2864990 -155.2000275 82.7418976
v -844.1709595 -155.2000275 79.3217316
v -848.4603271 -155.2000275 75.1795502
v -852.0487671 -155.2000275 70.4173813
v -854.8482666 -155.2000275 65.1524582
v -856.7896118 -155.2000275 59.5144348
v -857.8250732 -155.2000275 53.6421318
v -857.9291382 -155.2000275 47.6801491
v -857.0992432 -155.2000275 41.7752914
v -821.0000610 -159.2000275 89.6998749
v -820.9457397 -155.2000275 89.4601517
v -821.0000610 -155.2000275 89.6998749
v -820.9457397 -159.2000275 89.4601517
v -820.8350220 -155.2000275 89.2407455
v -820.8350220 -159.2000275 89.2407455
v -820.6742554 -155.2000275 89.0547943
v -820.6742554 -159.2000275 89.0547943
v -820.4732666 -155.2000275 88.9134140
v -820.4732666 -159.2000275 88.9134140
v -820.2438965 -155.2000275 88.8250504
v -820.2438965 -159.2000275 88.8250504
v -819.9999390 -155.2000275 88.7949982
v -819.9999390 -159.2000275 88.7949982
v -819.7559814 -155.2000275 88.8250504
v -819.7559814 -159.2000275 88.8250504
v -819.5267334 -155.2000275 88.9134140
v -819.5267334 -159.2000275 88.9134140
v -819.3256226 -155.2000275 89.0547943
v -819.3256226 -159.2000275 89.0547943
v -819.1649170 -155.2000275 89.2407455
v -819.1649170 -159.2000275 89.2407455
v -819.0541992 -155.2000275 89.4601517
v -819.0541992 -159.2000275 89.4601517
v -818.9999390 -155.2000275 89.6998749
v -818.9999390 -159.2000275 89.6998749
v -854.4650879 -169.2000275 29.6984634
v -857.1602173 -169.2000275 35.1974716
v -855.4800415 -155.2000275 31.5291920
v -852.1834717 -155.2000275 26.2465115
v -850.9622803 -169.2000275 24.6753025
v -848.1068726 -155.2000275 21.5394821
v -846.7335205 -169.2000275 20.2457333
v -843.3492432 -155.2000275 17.5221539
v -841.8782959 -169.2000275 16.5135822
v -838.0258179 -155.2000275 14.2918835
v -836.5101929 -169.2000275 13.5663223
v -832.2655029 -155.2000275 11.9269438
v -830.7551270 -169.2000275 11.4730330
v -826.2079468 -155.2000275 10.4846735
v -824.7479858 -169.2000275 10.2827826
v -819.9999390 -155.2000275 9.9999933
v -818.6295166 -169.2000275 10.0234823
v -813.7919922 -155.2000275 10.4846735
v -812.5432129 -169.2000275 10.7011824
v -807.7344971 -155.2000275 11.9269438
v -806.6316528 -169.2000275 12.3000221
v -801.9741211 -155.2000275 14.2918835
v -801.0334473 -169.2000275 14.7825136
v -796.6506348 -155.2000275 17.5221539
v -795.8798218 -169.2000275 18.0904732
v -791.8930054 -155.2000275 21.5394821
v -791.2915649 -169.2000275 22.1463737
v -787.8165283 -155.2000275 26.2465115
v -787.3760986 -169.2000275 26.8551235
v -784.5199585 -155.2000275 31.5291920
v -784.2254639 -169.2000275 32.1063843
v -782.0832520 -155.2000275 37.2594757
v -781.9132080 -169.2000275 37.7770424
v -780.5653687 -155.2000275 43.2985115
v -780.4937744 -169.2000275 43.7342072
v -780.0030518 -155.2000275 49.4999542
v -780.0003662 -169.2000275 49.8382301
v -780.4100952 -155.2000275 55.7135124
v -780.4443970 -169.2000275 55.9460487
v -781.7766113 -155.2000275 61.7886162
v -781.8155518 -169.2000275 61.9144936
v -784.0693359 -155.2000275 67.5780182
v -784.0819092 -169.2000275 67.6036758
v -787.1900635 -169.2000275 72.8802414
v -787.2327881 -155.2000275 72.9414597
v -791.0671387 -169.2000275 77.6205139
v -791.1903687 -155.2000275 77.7489471
v -795.6224976 -169.2000275 81.7133865
v -795.8460693 -155.2000275 81.8839569
v -800.7492065 -169.2000275 85.0629272
v -801.0870361 -155.2000275 85.2462997
v -806.3271484 -169.2000275 87.5906143
v -806.7864990 -155.2000275 87.7545013
v -812.2255859 -169.2000275 89.2372208
v -812.8060303 -155.2000275 89.3477783
v -818.3062134 -169.2000275 89.9641266
v -818.9999390 -155.2000275 89.9874954
v -818.9999390 -159.2000275 89.9874954
v -857.9167480 -155.2000275 37.2594757
v -858.9843140 -169.2000275 41.0434303
v -859.4346313 -155.2000275 43.2985115
v -859.8946533 -169.2000275 47.0993347
v -859.9968262 -155.2000275 49.4999542
v -859.8698730 -169.2000275 53.2232246
v -859.5897827 -155.2000275 55.7135124
v -858.9105835 -169.2000275 59.2715645
v -858.2233887 -155.2000275 61.7886162
v -857.0393066 -169.2000275 65.1025925
v -855.9306030 -155.2000275 67.5780182
v -854.2997437 -169.2000275 70.5796204
v -852.7672119 -155.2000275 72.9414597
v -850.7564087 -169.2000275 75.5742798
v -848.8096313 -155.2000275 77.7489471
v -846.4920654 -169.2000275 79.9695053
v -844.1539307 -155.2000275 81.8839569
v -841.6066895 -169.2000275 83.6622696
v -838.9128418 -155.2000275 85.2462997
v -836.2149658 -169.2000275 86.5660172
v -833.2135010 -155.2000275 87.7545013
v -830.4431152 -169.2000275 88.6126862
v -827.1939087 -155.2000275 89.3477783
v -824.4266357 -169.2000275 89.7543106
v -821.0000610 -159.2000275 89.9874954
v -820.3333740 -159.2000275 89.9986038
v -819.6666260 -159.2000275 89.9986038
v -821.0000610 -155.2000275 89.9874954
v -854.1635132 -173.2000122 29.8761044
v -856.8910522 -173.2000122 35.4682236
v -856.8910522 -169.2000275 35.4682236
v -854.1635132 -169.2000275 29.8761044
v -850.5948486 -173.2000122 24.7794933
v -850.5948486 -169.2000275 24.7794933
v -846.2728271 -173.2000122 20.3039017
v -846.2728271 -169.2000275 20.3039017
v -841.3038330 -173.2000122 16.5595226
v -841.3038330 -169.2000275 16.5595226
v -835.8103027 -173.2000122 13.6385622
v -835.8103027 -169.2000275 13.6385622
v -829.9276123 -173.2000122 11.6129436
v -829.9276123 -169.2000275 11.6129436
v -823.8002319 -173.2000122 10.5325327
v -823.8002319 -169.2000275 10.5325327
v -817.5794067 -173.2000122 10.4239521
v -817.5794067 -169.2000275 10.4239521
v -811.4181519 -173.2000122 11.2898521
v -811.4181519 -169.2000275 11.2898521
v -805.4681396 -173.2000122 13.1089420
v -805.4681396 -169.2000275 13.1089420
v -799.8760376 -173.2000122 15.8364029
v -799.8760376 -169.2000275 15.8364029
v -794.7794189 -173.2000122 19.4050827
v -794.7794189 -169.2000275 19.4050827
v -790.3038940 -173.2000122 23.7271118
v -790.3038940 -169.2000275 23.7271118
v -786.5594482 -173.2000122 28.6960621
v -786.5594482 -169.2000275 28.6960621
v -783.6385498 -173.2000122 34.1895943
v -783.6385498 -169.2000275 34.1895943
v -781.6129150 -173.2000122 40.0724220
v -781.6129150 -169.2000275 40.0724220
v -780.5325928 -173.2000122 46.1997147
v -780.5325928 -169.2000275 46.1997147
v -780.4239502 -173.2000122 52.4205742
v -780.4239502 -169.2000275 52.4205742
v -781.2898560 -173.2000122 58.5818214
v -781.2898560 -169.2000275 58.5818214
v -783.1089478 -173.2000122 64.5317764
v -783.1089478 -169.2000275 64.5317764
v -785.8363647 -173.2000122 70.1238937
v -785.8363647 -169.2000275 70.1238937
v -789.4050903 -173.2000122 75.2204971
v -789.4050903 -169.2000275 75.2204971
v -793.7270508 -173.2000122 79.6960907
v -793.7270508 -169.2000275 79.6960907
v -798.6961060 -173.2000122 83.4404602
v -798.6961060 -169.2000275 83.4404602
v -804.1895752 -173.2000122 86.3614197
v -804.1895752 -169.2000275 86.3614197
v -810.0723877 -173.2000122 88.3870544
v -810.0723877 -169.2000275 88.3870544
v -816.1996460 -173.2000122 89.4674530
v -816.1996460 -169.2000275 89.4674530
v -822.4205322 -173.2000122 89.5760498
v -822.4205322 -169.2000275 89.5760498
v -828.5817871 -173.2000122 88.7101288
v -828.5817871 -169.2000275 88.7101288
v -834.5316772 -173.2000122 86.8910522
v -834.5316772 -169.2000275 86.8910522
v -840.1239014 -173.2000122 84.1635895
v -840.1239014 -169.2000275 84.1635895
v -845.2205811 -173.2000122 80.5949173
v -845.2205811 -169.2000275 80.5949173
v -849.6960449 -173.2000122 76.2728806
v -849.6960449 -169.2000275 76.2728806
v -853.4403687 -173.2000122 71.3039246
v -853.4403687 -169.2000275 71.3039246
v -856.3613892 -173.2000122 65.8103943
v -856.3613892 -169.2000275 65.8103943
v -858.3870850 -173.2000122 59.9275627
v -858.3870850 -169.2000275 59.9275627
v -859.4674072 -173.2000122 53.8002853
v -859.4674072 -169.2000275 53.8002853
v -859.5760498 -173.2000122 47.5794258
v -859.5760498 -169.2000275 47.5794258
v -858.7100830 -173.2000122 41.4181633
v -858.7100830 -169.2000275 41.4181633
v -799.6984253 -173.2000122 15.5348310
v -794.6753540 -173.2000122 19.0377636
v -795.8798218 -195.5000153 18.0904732
v -801.0334473 -195.5000153 14.7825127
v -805.1974487 -173.2000122 12.8397322
v -806.6316528 -195.5000153 12.3000212
v -811.0433960 -173.2000122 11.0156431
v -812.5432129 -195.5000153 10.7011814
v -812.7806396 -181.9920502 10.6568623
v -812.9197388 -183.4038696 10.6316128
v -813.3335571 -184.7588043 10.5594225
v -814.0042725 -186.0038910 10.4519024
v -814.9007568 -187.0884247 10.3263521
v -815.9865112 -187.9750824 10.2018509
v -818.6295166 -195.5000153 10.0234814
v -817.2254028 -188.6362000 10.0963421
v -818.5750122 -189.0468445 10.0253820
v -819.9862061 -189.1882629 9.9999914
v -821.3978882 -189.0522308 10.0244207
v -824.7479858 -195.5000153 10.2827816
v -822.7548218 -188.6443329 10.0949717
v -823.9966431 -187.9862518 10.2001514
v -825.0878296 -187.0997467 10.3248920
v -826.0000610 -185.9973145 10.4525719
v -826.6624756 -184.7682343 10.5587626
v -830.7551270 -195.5000153 11.4730320
v -827.0793457 -183.4085693 10.6314430
v -827.2192993 -182.0000305 10.6568727
v -829.2715454 -173.2000122 11.0893517
v -827.0785522 -180.5878448 10.6313124
v -826.6678467 -179.2445374 10.5596619
v -825.9966431 -177.9975891 10.4520521
v -823.2232056 -173.2000122 10.1300726
v -825.1011353 -176.9135590 10.3266020
v -824.0111084 -176.0234222 10.2016125
v -822.7725830 -175.3630676 10.0962029
v -821.4206543 -174.9523315 10.0252333
v -820.0211182 -174.8118134 10.0000019
v -817.0993042 -173.2000122 10.1053019
v -818.6145630 -174.9454041 10.0239935
v -817.2646484 -175.3477325 10.0936232
v -816.0206909 -176.0023346 10.1984129
v -814.9238892 -176.8887329 10.3233824
v -814.0032959 -177.9975739 10.4520521
v -813.3421021 -179.2208862 10.5579824
v -812.9209595 -180.5897369 10.6313820
v -791.2915649 -195.5000153 22.1463737
v -790.2457275 -173.2000122 23.2664242
v -787.3760986 -195.5000153 26.8551235
v -786.5135498 -173.2000122 28.1216946
v -784.2254639 -195.5000153 32.1063843
v -783.5662842 -173.2000122 33.4897728
v -781.9132080 -195.5000153 37.7770424
v -781.4730225 -173.2000122 39.2448425
v -780.9054565 -182.0000305 41.5371017
v -780.8703003 -180.3591919 41.7011719
v -780.7704468 -178.7825775 42.1867714
v -780.6226196 -177.3380585 42.9700356
v -780.2827759 -173.2000122 45.2520027
v -780.4487915 -176.0704193 44.0245857
v -780.2772217 -175.0375366 45.2985039
v -780.1315308 -174.2651672 46.7583237
v -780.0345459 -173.7896118 48.3377266
v -780.0234375 -173.2000122 51.3704529
v -779.9999390 -173.6265411 49.9826241
v -780.0333252 -173.7836304 51.6316948
v -780.1289673 -174.2520142 53.2094536
v -780.7011719 -173.2000122 57.4567757
v -780.2738037 -175.0187225 54.6729126
v -780.4451904 -176.0470581 55.9516525
v -780.6191406 -177.3095703 57.0105629
v -780.7683105 -178.7564087 57.8021660
v -780.8692627 -180.3341370 58.2937126
v -782.2999878 -173.2000122 63.3683205
v -780.9054565 -181.9910736 58.4628830
v -781.8155518 -195.5000153 61.9144936
v -780.8707275 -183.6330261 58.3003960
v -780.4443970 -195.5000153 55.9460487
v -780.7710571 -185.2108154 57.8160133
v -780.6231689 -186.6570892 57.0332642
v -780.4493408 -187.9262695 55.9788322
v -780.2775879 -188.9604797 54.7045708
v -780.1317139 -189.7339325 53.2439919
v -780.0003662 -195.5000153 49.8382301
v -780.0345459 -190.2101288 51.6637573
v -779.9999390 -190.3735199 50.0175934
v -780.0333252 -190.2162628 48.3674660
v -780.1290894 -189.7472534 46.7886429
v -780.4937744 -195.5000153 43.7342072
v -780.2741699 -188.9795685 45.3244209
v -780.4457397 -187.9499817 44.0452766
v -780.6196899 -186.6859589 42.9863434
v -780.7687378 -185.2375793 42.1952515
v -780.8695068 -183.6583099 41.7047157
v -784.0819092 -195.5000153 67.6036758
v -784.7825317 -173.2000122 68.9665298
v -787.1900635 -195.5000153 72.8802414
v -788.0904541 -173.2000122 74.1201630
v -791.0671387 -195.5000153 77.6205139
v -792.1463623 -173.2000122 78.7084503
v -795.6224976 -195.5000153 81.7133865
v -796.8551025 -173.2000122 82.6238403
v -800.7492065 -195.5000153 85.0629272
v -802.1063232 -173.2000122 85.7745438
v -806.3271484 -195.5000153 87.5906143
v -807.7770386 -173.2000122 88.0867310
v -811.5370483 -182.0000305 89.0944824
v -811.7011719 -180.3591919 89.1296463
v -813.7341919 -173.2000122 89.5061874
v -812.1867676 -178.7825775 89.2294922
v -812.9700317 -177.3380585 89.3773956
v -814.0245361 -176.0704193 89.5511551
v -815.2984619 -175.0375366 89.7227325
v -816.7583008 -174.2651672 89.8684235
v -819.8382568 -173.2000122 89.9996567
v -818.3377686 -173.7896118 89.9654388
v -819.9826660 -173.6265411 89.9999924
v -821.6317139 -173.7836304 89.9666977
v -825.9460449 -173.2000122 89.5555878
v -823.2094116 -174.2520142 89.8710403
v -824.6729126 -175.0187225 89.7261124
v -825.9515991 -176.0470581 89.5547409
v -827.0104980 -177.3095703 89.3808441
v -827.8021851 -178.7564087 89.2316971
v -831.9144897 -173.2000122 88.1843414
v -828.2937012 -180.3341370 89.1307220
v -828.4628296 -181.9910736 89.0944901
v -830.4431152 -195.5000153 88.6126862
v -828.3003540 -183.6330261 89.1293182
v -827.8160400 -185.2108154 89.2289276
v -824.4266357 -195.5000153 89.7543106
v -827.0332642 -186.6570892 89.3768082
v -825.9787598 -187.9262695 89.5506439
v -824.7045288 -188.9604797 89.7223663
v -823.2440186 -189.7339325 89.8682327
v -821.6638184 -190.2101288 89.9653854
v -818.3062134 -195.5000153 89.9641266
v -820.0175171 -190.3735199 89.9999924
v -818.3674316 -190.2162628 89.9666595
v -816.7886963 -189.7472534 89.8708725
v -815.3244019 -188.9795685 89.7257919
v -812.2255859 -195.5000153 89.2372208
v -814.0452881 -187.9499817 89.5542755
v -812.9863281 -186.6859589 89.3803024
v -812.1951904 -185.2375793 89.2311859
v -811.7046509 -183.6583099 89.1303940
v -836.2149658 -195.5000153 86.5660172
v -837.6036377 -173.2000122 85.9181061
v -841.6066895 -195.5000153 83.6622696
v -842.8802490 -173.2000122 82.8099670
v -846.4920654 -195.5000153 79.9695053
v -847.6204834 -173.2000122 78.9327927
v -850.7564087 -195.5000153 75.5742798
v -851.7133179 -173.2000122 74.3774643
v -854.2997437 -195.5000153 70.5796204
v -855.0629272 -173.2000122 69.2507477
v -857.0393066 -195.5000153 65.1025925
v -857.5905762 -173.2000122 63.6728020
v -858.9105835 -195.5000153 59.2715645
v -859.2371826 -173.2000122 57.7743835
v -859.3431396 -182.0000305 57.2193031
v -859.3687134 -180.5878448 57.0786133
v -859.4403687 -179.2445374 56.6678200
v -859.5479126 -177.9975891 55.9966736
v -859.6732788 -176.9135590 55.1011658
v -859.9641113 -173.2000122 51.6937294
v -859.7984009 -176.0234222 54.0111275
v -859.9037476 -175.3630676 52.7726250
v -859.9747314 -174.9523315 51.4206581
v -859.9999390 -174.8118134 50.0212021
v -859.9760132 -174.9454041 48.6145630
v -859.7542725 -173.2000122 45.5733948
v -859.9063110 -175.3477325 47.2646942
v -859.8016357 -176.0023346 46.0207367
v -859.6766357 -176.8887329 44.9238930
v -859.5479126 -177.9975739 44.0033226
v -859.4420166 -179.2208862 43.3420753
v -858.6127319 -173.2000122 39.5568047
v -859.3685913 -180.5897369 42.9209938
v -859.3431396 -181.9920502 42.7806931
v -858.9843140 -195.5000153 41.0434303
v -859.3684082 -183.4050446 42.9199333
v -859.4406738 -184.7608948 43.3344154
v -859.5484009 -186.0066376 44.0061302
v -859.8946533 -195.5000153 47.0993347
v -859.6739502 -187.0912323 44.9035835
v -859.7985840 -187.9784088 45.9915352
v -859.9047241 -188.6428070 47.2414131
v -859.9750366 -189.0489807 48.5856514
v -859.9999390 -189.1882629 49.9919739
v -859.8698730 -195.5000153 53.2232246
v -859.9757080 -189.0536194 51.3908005
v -859.9053955 -188.6469116 52.7485847
v -859.7994385 -187.9840393 53.9999924
v -859.6739502 -187.0915070 55.0961418
v -859.5490723 -186.0131683 55.9894524
v -859.4413452 -184.7704773 56.6615601
v -859.3685303 -183.4085693 57.0793381
v -857.1602173 -195.5000153 35.1974716
v -856.5660400 -173.2000122 33.7849922
v -854.4650879 -195.5000153 29.6984634
v -853.6622314 -173.2000122 28.3932419
v -850.9622803 -195.5000153 24.6753025
v -849.9694824 -173.2000122 23.5079422
v -846.7335205 -195.5000153 20.2457333
v -845.5742798 -173.2000122 19.2436028
v -841.8782959 -195.5000153 16.5135822
v -840.5796509 -173.2000122 15.7001524
v -836.5101929 -195.5000153 13.5663214
v -835.1026001 -173.2000122 12.9606724
v -854.0343018 -196.0000305 29.9522324
v -856.7515259 -196.0000305 35.5231934
v -858.5635986 -196.0000305 41.4506302
v -859.4263306 -196.0000305 47.5885773
v -859.3181152 -196.0000305 53.7859077
v -858.2418213 -196.0000305 59.8900032
v -856.2238770 -196.0000305 65.7505875
v -853.3139038 -196.0000305 71.2233353
v -849.5837402 -196.0000305 76.1734848
v -845.1250610 -196.0000305 80.4791718
v -840.0477295 -196.0000305 84.0343475
v -834.4768066 -196.0000305 86.7514954
v -828.5493774 -196.0000305 88.5636826
v -822.4113770 -196.0000305 89.4263153
v -816.2141113 -196.0000305 89.3181458
v -810.1099854 -196.0000305 88.2418289
v -804.2493896 -196.0000305 86.2238617
v -798.7766724 -196.0000305 83.3139496
v -793.8264771 -196.0000305 79.5837479
v -789.5208740 -196.0000305 75.1250839
v -785.9656372 -196.0000305 70.0477676
v -783.2484741 -196.0000305 64.4767914
v -781.4362793 -196.0000305 58.5493660
v -780.5736694 -196.0000305 52.4114113
v -780.6818848 -196.0000305 46.2140846
v -781.7581787 -196.0000305 40.1099854
v -783.7761230 -196.0000305 34.2494049
v -786.6860352 -196.0000305 28.7766628
v -790.4161987 -196.0000305 23.8265038
v -794.8748779 -196.0000305 19.5208225
v -799.9522095 -196.0000305 15.9656410
v -805.5231934 -196.0000305 13.2485027
v -811.4505615 -196.0000305 11.4363012
v -817.5885010 -196.0000305 10.5736713
v -823.7858887 -196.0000305 10.6818409
v -829.8900146 -196.0000305 11.7581615
v -835.7506104 -196.0000305 13.7761211
v -841.2232666 -196.0000305 16.6860332
v -846.1734619 -196.0000305 20.4162426
v -850.4791260 -196.0000305 24.8749008
v -812.9500122 -182.0000305 23.9999943
v -813.1901855 -180.1753387 23.9999943
v -813.0869751 -180.6168671 10.8007927
v -812.9500122 -181.9922180 10.8261728
v -813.0853271 -183.3744049 10.8010921
v -813.4901733 -179.2935638 10.7290621
v -813.8945312 -178.4750214 23.9999943
v -814.1439209 -178.0745544 10.6222334
v -815.0148926 -177.0149231 23.9999943
v -815.0177002 -177.0121307 10.4974422
v -816.0873413 -176.1354065 10.3724318
v -816.4749756 -175.8945465 23.9999943
v -817.3018188 -175.4867859 10.2672529
v -818.1752930 -175.1902618 23.9999943
v -818.6270752 -175.0849915 10.1967421
v -819.9999390 -174.9500275 23.9999943
v -820.0050049 -174.9500275 10.1721325
v -821.3804321 -175.0865021 10.1970129
v -821.8246460 -175.1902618 23.9999943
v -822.7067871 -175.4903870 10.2678728
v -823.5249634 -175.8945465 23.9999943
v -823.9204712 -176.1406708 10.3733320
v -824.9851074 -177.0149231 23.9999943
v -824.9885254 -177.0184021 10.4982529
v -825.8622437 -178.0839996 10.6231527
v -826.1054077 -178.4750214 23.9999943
v -826.5128174 -179.3009033 10.7296228
v -826.8098145 -180.1753387 23.9999943
v -826.9149170 -180.6266327 10.8011532
v -827.0499268 -182.0000305 23.9999943
v -827.0499268 -182.0000305 10.8261728
v -826.9133301 -183.3814850 10.8008528
v -826.8098145 -183.8246918 23.9999943
v -826.5117798 -184.7016449 10.7294226
v -826.1054077 -185.5250092 23.9999943
v -825.8594360 -185.9204559 10.6227427
v -824.9851074 -186.9851379 23.9999943
v -824.9826660 -186.9875031 10.4974613
v -823.9190063 -187.8603821 10.3731012
v -823.5249634 -188.1055145 23.9999943
v -822.6981812 -188.5132904 10.2672615
v -821.8246460 -188.8097992 23.9999943
v -821.3794556 -188.9137726 10.1969814
v -819.9999390 -189.0500336 23.9999943
v -819.9987793 -189.0500336 10.1721315
v -818.6220093 -188.9140472 10.1969318
v -818.1752930 -188.8097992 23.9999943
v -817.2994995 -188.5123444 10.2675018
v -816.4749756 -188.1055145 23.9999943
v -816.0792236 -187.8592377 10.3733215
v -815.0148926 -186.9851379 23.9999943
v -815.0162354 -186.9864960 10.4976215
v -814.1387329 -185.9177704 10.6230412
v -813.8945312 -185.5250092 23.9999943
v -813.4887085 -184.7029724 10.7293224
v -813.1901855 -183.8246918 23.9999943
v -846.0000610 -182.0000305 42.9499931
v -846.0000610 -180.1753387 43.1902161
v -859.1991577 -180.6168671 43.0870132
v -859.1737671 -181.9922180 42.9500008
v -859.1988525 -183.3744049 43.0852547
v -859.2708740 -179.2935638 43.4901924
v -846.0000610 -178.4750214 43.8945122
v -859.3778076 -178.0745544 44.1439590
v -846.0000610 -177.0149231 45.0148964
v -859.5025024 -177.0121307 45.0177116
v -859.6275635 -176.1354065 46.0873528
v -846.0000610 -175.8945465 46.4749947
v -859.7326660 -175.4867859 47.3018417
v -846.0000610 -175.1902618 48.1753235
v -859.8032837 -175.0849915 48.6270752
v -846.0000610 -174.9500275 49.9999924
v -859.8278809 -174.9500275 50.0050964
v -859.8029785 -175.0865021 51.3804321
v -846.0000610 -175.1902618 51.8246689
v -859.7320557 -175.4903870 52.7068100
v -846.0000610 -175.8945465 53.5249939
v -859.6265869 -176.1406708 53.9205246
v -846.0000610 -177.0149231 54.9850960
v -859.5017090 -177.0184021 54.9885597
v -859.3768921 -178.0839996 55.8623466
v -846.0000610 -178.4750214 56.1054726
v -859.2703857 -179.3009033 56.5128479
v -846.0000610 -180.1753387 56.8097725
v -859.1987915 -180.6266327 56.9149208
v -846.0000610 -182.0000305 57.0499916
v -859.1737671 -182.0000305 57.0499916
v -859.1990967 -183.3814850 56.9133224
v -846.0000610 -183.8246918 56.8097725
v -859.2705688 -184.7016449 56.5118141
v -846.0000610 -185.5250092 56.1054726
v -859.3771973 -185.9204559 55.8594093
v -846.0000610 -186.9851379 54.9850960
v -859.5025024 -186.9875031 54.9827194
v -859.6268921 -187.8603821 53.9190254
v -846.0000610 -188.1055145 53.5249939
v -859.7326660 -188.5132904 52.6981735
v -846.0000610 -188.8097992 51.8246689
v -859.8029785 -188.9137726 51.3794174
v -846.0000610 -189.0500336 49.9999924
v -859.8278809 -189.0500336 49.9987831
v -859.8031006 -188.9140472 48.6220436
v -846.0000610 -188.8097992 48.1753235
v -859.7324829 -188.5123444 47.2995644
v -846.0000610 -188.1055145 46.4749947
v -859.6265869 -187.8592377 46.0792427
v -846.0000610 -186.9851379 45.0148964
v -859.5023804 -186.9864960 45.0162621
v -859.3768921 -185.9177704 44.1387825
v -846.0000610 -185.5250092 43.8945122
v -859.2706299 -184.7029724 43.4887352
v -846.0000610 -183.8246918 43.1902161
v -828.0499268 -182.0000305 86.4631119
v -827.7756348 -179.9165344 86.4631119
v -827.8931885 -180.4192352 88.7165222
v -828.0499268 -181.9914398 88.6815948
v -827.8952637 -183.5703583 88.7160645
v -827.4326782 -178.9084930 88.8150482
v -826.9714355 -177.9750214 86.4631119
v -826.6859741 -177.5166779 88.9617004
v -825.6921387 -176.3078156 86.4631119
v -825.6889038 -176.3045654 89.1326294
v -824.4686279 -175.3041992 89.3036346
v -824.0249634 -175.0285187 86.4631119
v -823.0819092 -174.5633392 89.4474869
v -822.0834351 -174.2243195 86.4631119
v -821.5690918 -174.1043854 89.5436249
v -819.9999390 -173.9500275 86.4631119
v -819.9937134 -173.9500275 89.5775299
v -818.4229126 -174.1060333 89.5435257
v -817.9165039 -174.2243195 86.4631119
v -816.9077759 -174.5676270 89.4466095
v -815.9749756 -175.0285187 86.4631119
v -815.5219727 -175.3105011 89.3023453
v -814.3077393 -176.3078156 86.4631119
v -814.3038330 -176.3117523 89.1315155
v -813.3058472 -177.5288391 88.9602737
v -813.0284424 -177.9750214 86.4631119
v -812.5639648 -178.9164886 88.8143463
v -812.2243042 -179.9165344 86.4631119
v -812.1043701 -180.4311829 88.7160034
v -811.9499512 -182.0000305 86.4631119
v -811.9499512 -182.0000305 88.6815948
v -812.1062012 -183.5783539 88.7164154
v -812.2243042 -184.0835266 86.4631119
v -812.5654907 -185.0872498 88.8146591
v -813.0284424 -186.0250244 86.4631119
v -813.3099365 -186.4772797 88.9610367
v -814.3077393 -187.6922302 86.4631119
v -814.3111572 -187.6956024 89.1326675
v -815.5242920 -188.6911011 89.3026352
v -815.9749756 -188.9715424 86.4631119
v -816.9178467 -189.4366150 89.4474640
v -817.9165039 -189.7757416 86.4631119
v -818.4244385 -189.8943329 89.5435867
v -819.9999390 -190.0500183 86.4631119
v -820.0010986 -190.0500183 89.5775299
v -821.5759277 -189.8942719 89.5435715
v -822.0834351 -189.7757416 86.4631119
v -823.0848999 -189.4354858 89.4472351
v -824.0249634 -188.9715424 86.4631119
v -824.4782715 -188.6893768 89.3023224
v -825.6921387 -187.6922302 86.4631119
v -825.6913452 -187.6931458 89.1322784
v -826.6920166 -186.4742889 88.9606628
v -826.9714355 -186.0250244 86.4631119
v -827.4349976 -185.0859833 88.8145599
v -827.7756348 -184.0835266 86.4631119
v -783.7000122 -182.0000305 58.0499916
v -783.7000122 -179.9165344 57.7756882
v -781.2834473 -180.4192352 57.8932686
v -781.3184204 -181.9914398 58.0499916
v -781.2838745 -183.5703583 57.8953438
v -781.1849365 -178.9084930 57.4326897
v -783.7000122 -177.9750214 56.9715004
v -781.0382080 -177.5166779 56.6859474
v -783.7000122 -176.3078156 55.6922035
v -780.8673096 -176.3045654 55.6889381
v -780.6963501 -175.3041992 54.4686165
v -783.7000122 -175.0285187 54.0249939
v -780.5524902 -174.5633392 53.0818901
v -783.7000122 -174.2243195 52.0834846
v -780.4563599 -174.1043854 51.5690727
v -783.7000122 -173.9500275 49.9999924
v -780.4224854 -173.9500275 49.9937019
v -780.4564209 -174.1060333 48.4228935
v -783.7000122 -174.2243195 47.9165001
v -780.5533447 -174.5676270 46.9077415
v -783.7000122 -175.0285187 45.9749947
v -780.6976318 -175.3105011 45.5219727
v -783.7000122 -176.3078156 44.3077850
v -780.8685303 -176.3117523 44.3038445
v -781.0396729 -177.5288391 43.3058929
v -783.7000122 -177.9750214 43.0284920
v -781.1856689 -178.9164886 42.5639839
v -783.7000122 -179.9165344 42.2242928
v -781.2839966 -180.4311829 42.1043510
v -783.7000122 -182.0000305 41.9499969
v -781.3184204 -182.0000305 41.9499969
v -781.2835693 -183.5783539 42.1062469
v -783.7000122 -184.0835266 42.2242928
v -781.1853638 -185.0872498 42.5655136
v -783.7000122 -186.0250244 43.0284920
v -781.0389404 -186.4772797 43.3099556
v -783.7000122 -187.6922302 44.3077850
v -780.8673096 -187.6956024 44.3111534
v -780.6973877 -188.6911011 45.5242844
v -783.7000122 -188.9715424 45.9749947
v -780.5525513 -189.4366150 46.9178200
v -783.7000122 -189.7757416 47.9165001
v -780.4564209 -189.8943329 48.4244423
v -783.7000122 -190.0500183 49.9999924
v -780.4224854 -190.0500183 50.0010948
v -780.4564209 -189.8942719 51.5759087
v -783.7000122 -189.7757416 52.0834846
v -780.5527954 -189.4354858 53.0848808
v -783.7000122 -188.9715424 54.0249939
v -780.6976318 -188.6893768 54.4783058
v -783.7000122 -187.6922302 55.6922035
v -780.8677368 -187.6931458 55.6913033
v -781.0393066 -186.4742889 56.6920357
v -783.7000122 -186.0250244 56.9715004
v -781.1854248 -185.0859833 57.4350014
v -783.7000122 -184.0835266 57.7756882
v -786.3725586 -192.6000214 34.1168518
v -787.0934448 -192.6000214 33.8108559
v -787.0934448 -196.0000305 33.8108559
v -786.3725586 -196.0000305 34.1168518
v -785.7554321 -192.6000214 34.5990143
v -785.7554321 -196.0000305 34.5990143
v -785.2840576 -192.6000214 35.2244759
v -785.2840576 -196.0000305 35.2244759
v -784.9907227 -192.6000214 35.9506035
v -784.9907227 -196.0000305 35.9506035
v -784.8952637 -192.6000214 36.7279243
v -784.8952637 -196.0000305 36.7279243
v -785.0042725 -192.6000214 37.5034637
v -785.0042725 -196.0000305 37.5034637
v -785.3103027 -192.6000214 38.2243652
v -785.3103027 -196.0000305 38.2243652
v -785.7924194 -192.6000214 38.8414955
v -785.7924194 -196.0000305 38.8414955
v -786.4178467 -192.6000214 39.3128128
v -786.4178467 -196.0000305 39.3128128
v -787.1440430 -192.6000214 39.6061897
v -787.1440430 -196.0000305 39.6061897
v -787.9213257 -192.6000214 39.7016335
v -787.9213257 -196.0000305 39.7016335
v -788.6968384 -192.6000214 39.5926323
v -788.6968384 -196.0000305 39.5926323
v -789.4177856 -192.6000214 39.2866325
v -789.4177856 -196.0000305 39.2866325
v -790.0349121 -192.6000214 38.8044739
v -790.0349121 -196.0000305 38.8044739
v -790.5062256 -192.6000214 38.1790161
v -790.5062256 -196.0000305 38.1790161
v -790.7996216 -192.6000214 37.4528847
v -790.7996216 -196.0000305 37.4528847
v -790.8950195 -192.6000214 36.6755638
v -790.8950195 -196.0000305 36.6755638
v -790.7860718 -192.6000214 35.9000320
v -790.7860718 -196.0000305 35.9000320
v -790.4801025 -192.6000214 35.1791344
v -790.4801025 -196.0000305 35.1791344
v -789.9979248 -192.6000214 34.5619926
v -789.9979248 -196.0000305 34.5619926
v -789.3724365 -192.6000214 34.0906868
v -789.3724365 -196.0000305 34.0906868
v -788.6463013 -192.6000214 33.7973022
v -788.6463013 -196.0000305 33.7973022
v -787.8690186 -192.6000214 33.7018623
v -787.8690186 -196.0000305 33.7018623
v -805.1790771 -192.6000214 15.3102932
v -805.9000244 -192.6000214 15.0042915
v -805.9000244 -196.0000305 15.0042915
v -805.1790771 -196.0000305 15.3102932
v -804.5619507 -192.6000214 15.7924519
v -804.5619507 -196.0000305 15.7924519
v -804.0906982 -192.6000214 16.4179134
v -804.0906982 -196.0000305 16.4179134
v -803.7972412 -192.6000214 17.1440411
v -803.7972412 -196.0000305 17.1440411
v -803.7017822 -192.6000214 17.9213619
v -803.7017822 -196.0000305 17.9213619
v -803.8108521 -192.6000214 18.6968918
v -803.8108521 -196.0000305 18.6968918
v -804.1168213 -192.6000214 19.4177914
v -804.1168213 -196.0000305 19.4177914
v -804.5989990 -192.6000214 20.0349331
v -804.5989990 -196.0000305 20.0349331
v -805.2244873 -192.6000214 20.5062447
v -805.2244873 -196.0000305 20.5062447
v -805.9505615 -192.6000214 20.7996216
v -805.9505615 -196.0000305 20.7996216
v -806.7279053 -192.6000214 20.8950634
v -806.7279053 -196.0000305 20.8950634
v -807.5034790 -192.6000214 20.7860737
v -807.5034790 -196.0000305 20.7860737
v -808.2243652 -192.6000214 20.4800720
v -808.2243652 -196.0000305 20.4800720
v -808.8414917 -192.6000214 19.9979134
v -808.8414917 -196.0000305 19.9979134
v -809.3128052 -192.6000214 19.3724518
v -809.3128052 -196.0000305 19.3724518
v -809.6062012 -192.6000214 18.6463223
v -809.6062012 -196.0000305 18.6463223
v -809.7016602 -192.6000214 17.8690014
v -809.7016602 -196.0000305 17.8690014
v -809.5926514 -192.6000214 17.0934639
v -809.5926514 -196.0000305 17.0934639
v -809.2866211 -192.6000214 16.3725624
v -809.2866211 -196.0000305 16.3725624
v -808.8044434 -192.6000214 15.7554321
v -808.8044434 -196.0000305 15.7554321
v -808.1789551 -192.6000214 15.2841120
v -808.1789551 -196.0000305 15.2841120
v -807.4528809 -192.6000214 14.9907312
v -807.4528809 -196.0000305 14.9907312
v -806.6755371 -192.6000214 14.8952923
v -806.6755371 -196.0000305 14.8952923
v -831.7756348 -192.6000214 79.5199203
v -832.4965210 -192.6000214 79.2139130
v -832.4965210 -196.0000305 79.2139130
v -831.7756348 -196.0000305 79.5199203
v -831.1584473 -192.6000214 80.0020828
v -831.1584473 -196.0000305 80.0020828
v -830.6871338 -192.6000214 80.6275330
v -830.6871338 -196.0000305 80.6275330
v -830.3937988 -192.6000214 81.3536835
v -830.3937988 -196.0000305 81.3536835
v -830.2982788 -192.6000214 82.1309814
v -830.2982788 -196.0000305 82.1309814
v -830.4073486 -192.6000214 82.9065247
v -830.4073486 -196.0000305 82.9065247
v -830.7133179 -192.6000214 83.6274261
v -830.7133179 -196.0000305 83.6274261
v -831.1954346 -192.6000214 84.2445602
v -831.1954346 -196.0000305 84.2445602
v -831.8209229 -192.6000214 84.7158737
v -831.8209229 -196.0000305 84.7158737
v -832.5471191 -192.6000214 85.0092545
v -832.5471191 -196.0000305 85.0092545
v -833.3243408 -192.6000214 85.1046982
v -833.3243408 -196.0000305 85.1046982
v -834.0999756 -192.6000214 84.9957047
v -834.0999756 -196.0000305 84.9957047
v -834.8208618 -192.6000214 84.6896973
v -834.8208618 -196.0000305 84.6896973
v -835.4379272 -192.6000214 84.2075348
v -835.4379272 -196.0000305 84.2075348
v -835.9093018 -192.6000214 83.5820770
v -835.9093018 -196.0000305 83.5820770
v -836.2026978 -192.6000214 82.8559494
v -836.2026978 -196.0000305 82.8559494
v -836.2980957 -192.6000214 82.0786285
v -836.2980957 -196.0000305 82.0786285
v -836.1890869 -192.6000214 81.3030930
v -836.1890869 -196.0000305 81.3030930
v -835.8831787 -192.6000214 80.5821991
v -835.8831787 -196.0000305 80.5821991
v -835.4009399 -192.6000214 79.9650574
v -835.4009399 -196.0000305 79.9650574
v -834.7755127 -192.6000214 79.4937439
v -834.7755127 -196.0000305 79.4937439
v -834.0493774 -192.6000214 79.2003632
v -834.0493774 -196.0000305 79.2003632
v -833.2720337 -192.6000214 79.1049271
v -833.2720337 -196.0000305 79.1049271
v -847.1412354 -201.5000153 34.0125313
v -849.5052490 -201.5000153 38.9684639
v -849.5052490 -196.0000305 38.9684639
v -847.1412354 -196.0000305 34.0125313
v -843.9527588 -201.5000153 29.5423794
v -843.9527588 -196.0000305 29.5423813
v -840.0363770 -201.5000153 25.6938210
v -840.0363770 -196.0000305 25.6938229
v -835.5113525 -201.5000153 22.5837898
v -835.5113525 -196.0000305 22.5837917
v -830.5148926 -201.5000153 20.3067818
v -830.5148926 -196.0000305 20.3067837
v -825.1989746 -201.5000153 18.9320011
v -825.1989746 -196.0000305 18.9320030
v -819.7250366 -201.5000153 18.5011902
v -819.7250366 -196.0000305 18.5011921
v -814.2596436 -201.5000153 19.0274620
v -814.2596436 -196.0000305 19.0274639
v -808.9684448 -201.5000153 20.4948215
v -808.9684448 -196.0000305 20.4948235
v -804.0125732 -201.5000153 22.8586693
v -804.0125732 -196.0000305 22.8586712
v -799.5423584 -201.5000153 26.0472012
v -799.5423584 -196.0000305 26.0472031
v -795.6937256 -201.5000153 29.9635315
v -795.6937256 -196.0000305 29.9635334
v -792.5838013 -201.5000153 34.4886513
v -792.5838013 -196.0000305 34.4886513
v -790.3067627 -201.5000153 39.4850807
v -790.3067627 -196.0000305 39.4850807
v -788.9320068 -201.5000153 44.8009949
v -788.9320068 -196.0000305 44.8009949
v -788.5011597 -201.5000153 50.2748871
v -788.5011597 -196.0000305 50.2748871
v -789.0274658 -201.5000153 55.7404099
v -789.0274658 -196.0000305 55.7404099
v -790.4947510 -201.5000153 61.0315247
v -790.4947510 -196.0000305 61.0315247
v -792.8587036 -201.5000153 65.9874496
v -792.8587036 -196.0000305 65.9874496
v -796.0471802 -201.5000153 70.4576187
v -796.0471802 -196.0000305 70.4576187
v -799.9635010 -201.5000153 74.3061676
v -799.9635010 -196.0000305 74.3061676
v -804.4886475 -201.5000153 77.4162064
v -804.4886475 -196.0000305 77.4162064
v -809.4850464 -201.5000153 79.6931992
v -809.4850464 -196.0000305 79.6931992
v -814.8009644 -201.5000153 81.0679932
v -814.8009644 -196.0000305 81.0679932
v -820.2748413 -201.5000153 81.4987946
v -820.2748413 -196.0000305 81.4987946
v -825.7403564 -201.5000153 80.9725189
v -825.7403564 -196.0000305 80.9725189
v -831.0314941 -201.5000153 79.5051727
v -831.0314941 -196.0000305 79.5051727
v -835.9874268 -201.5000153 77.1413116
v -835.9874268 -196.0000305 77.1413116
v -840.4575806 -201.5000153 73.9527817
v -840.4575806 -196.0000305 73.9527817
v -844.3060913 -201.5000153 70.0364609
v -844.3060913 -196.0000305 70.0364609
v -847.4161377 -201.5000153 65.5113373
v -847.4161377 -196.0000305 65.5113373
v -849.6932373 -201.5000153 60.5149155
v -849.6932373 -196.0000305 60.5149155
v -851.0679932 -201.5000153 55.1989937
v -851.0679932 -196.0000305 55.1989937
v -851.4987793 -201.5000153 49.7251129
v -851.4987793 -196.0000305 49.7251129
v -850.9725342 -201.5000153 44.2595749
v -850.9725342 -196.0000305 44.2595749
v -805.1790771 -192.6000214 79.5199203
v -805.9000244 -192.6000214 79.2139130
v -805.9000244 -196.0000305 79.2139130
v -805.1790771 -196.0000305 79.5199203
v -804.5619507 -192.6000214 80.0020828
v -804.5619507 -196.0000305 80.0020828
v -804.0906982 -192.6000214 80.6275330
v -804.0906982 -196.0000305 80.6275330
v -803.7972412 -192.6000214 81.3536835
v -803.7972412 -196.0000305 81.3536835
v -803.7017822 -192.6000214 82.1309814
v -803.7017822 -196.0000305 82.1309814
v -803.8108521 -192.6000214 82.9065247
v -803.8108521 -196.0000305 82.9065247
v -804.1168213 -192.6000214 83.6274261
v -804.1168213 -196.0000305 83.6274261
v -804.5989990 -192.6000214 84.2445602
v -804.5989990 -196.0000305 84.2445602
v -805.2244873 -192.6000214 84.7158737
v -805.2244873 -196.0000305 84.7158737
v -805.9505615 -192.6000214 85.0092545
v -805.9505615 -196.0000305 85.0092545
v -806.7279053 -192.6000214 85.1046982
v -806.7279053 -196.0000305 85.1046982
v -807.5034790 -192.6000214 84.9957047
v -807.5034790 -196.0000305 84.9957047
v -808.2243652 -192.6000214 84.6896973
v -808.2243652 -196.0000305 84.6896973
v -808.8414917 -192.6000214 84.2075348
v -808.8414917 -196.0000305 84.2075348
v -809.3128052 -192.6000214 83.5820770
v -809.3128052 -196.0000305 83.5820770
v -809.6062012 -192.6000214 82.8559494
v -809.6062012 -196.0000305 82.8559494
v -809.7016602 -192.6000214 82.0786285
v -809.7016602 -196.0000305 82.0786285
v -809.5926514 -192.6000214 81.3030930
v -809.5926514 -196.0000305 81.3030930
v -809.2866211 -192.6000214 80.5821991
v -809.2866211 -196.0000305 80.5821991
v -808.8044434 -192.6000214 79.9650574
v -808.8044434 -196.0000305 79.9650574
v -808.1789551 -192.6000214 79.4937439
v -808.1789551 -196.0000305 79.4937439
v -807.4528809 -192.6000214 79.2003632
v -807.4528809 -196.0000305 79.2003632
v -806.6755371 -192.6000214 79.1049271
v -806.6755371 -196.0000305 79.1049271
v -850.5821533 -192.6000214 60.7133522
v -851.3031006 -192.6000214 60.4073524
v -851.3031006 -196.0000305 60.4073524
v -850.5821533 -196.0000305 60.7133522
v -849.9649658 -192.6000214 61.1955147
v -849.9649658 -196.0000305 61.1955147
v -849.4937134 -192.6000214 61.8209724
v -849.4937134 -196.0000305 61.8209724
v -849.2003174 -192.6000214 62.5471115
v -849.2003174 -196.0000305 62.5471115
v -849.1049194 -192.6000214 63.3244209
v -849.1049194 -196.0000305 63.3244209
v -849.2139282 -192.6000214 64.0999603
v -849.2139282 -196.0000305 64.0999603
v -849.5198975 -192.6000214 64.8208694
v -849.5198975 -196.0000305 64.8208694
v -850.0020752 -192.6000214 65.4379959
v -850.0020752 -196.0000305 65.4379959
v -850.6275635 -192.6000214 65.9093170
v -850.6275635 -196.0000305 65.9093170
v -851.3536377 -192.6000214 66.2026825
v -851.3536377 -196.0000305 66.2026825
v -852.1309814 -192.6000214 66.2981415
v -852.1309814 -196.0000305 66.2981415
v -852.9064941 -192.6000214 66.1891327
v -852.9064941 -196.0000305 66.1891327
v -853.6273804 -192.6000214 65.8831329
v -853.6273804 -196.0000305 65.8831329
v -854.2445679 -192.6000214 65.4009781
v -854.2445679 -196.0000305 65.4009781
v -854.7158813 -192.6000214 64.7755127
v -854.7158813 -196.0000305 64.7755127
v -855.0092163 -192.6000214 64.0493851
v -855.0092163 -196.0000305 64.0493851
v -855.1047363 -192.6000214 63.2720680
v -855.1047363 -196.0000305 63.2720680
v -854.9956665 -192.6000214 62.4965324
v -854.9956665 -196.0000305 62.4965324
v -854.6896973 -192.6000214 61.7756348
v -854.6896973 -196.0000305 61.7756348
v -854.2074585 -192.6000214 61.1584969
v -854.2074585 -196.0000305 61.1584969
v -853.5819702 -192.6000214 60.6871758
v -853.5819702 -196.0000305 60.6871758
v -852.8558960 -192.6000214 60.3938026
v -852.8558960 -196.0000305 60.3938026
v -852.0785522 -192.6000214 60.2983627
v -852.0785522 -196.0000305 60.2983627
v -850.5821533 -192.6000214 34.1168518
v -851.3031006 -192.6000214 33.8108559
v -851.3031006 -196.0000305 33.8108559
v -850.5821533 -196.0000305 34.1168518
v -849.9649658 -192.6000214 34.5990143
v -849.9649658 -196.0000305 34.5990143
v -849.4937134 -192.6000214 35.2244759
v -849.4937134 -196.0000305 35.2244759
v -849.2003174 -192.6000214 35.9506035
v -849.2003174 -196.0000305 35.9506035
v -849.1049194 -192.6000214 36.7279243
v -849.1049194 -196.0000305 36.7279243
v -849.2139282 -192.6000214 37.5034637
v -849.2139282 -196.0000305 37.5034637
v -849.5198975 -192.6000214 38.2243652
v -849.5198975 -196.0000305 38.2243652
v -850.0020752 -192.6000214 38.8414955
v -850.0020752 -196.0000305 38.8414955
v -850.6275635 -192.6000214 39.3128128
v -850.6275635 -196.0000305 39.3128128
v -851.3536377 -192.6000214 39.6061897
v -851.3536377 -196.0000305 39.6061897
v -852.1309814 -192.6000214 39.7016335
v -852.1309814 -196.0000305 39.7016335
v -852.9064941 -192.6000214 39.5926323
v -852.9064941 -196.0000305 39.5926323
v -853.6273804 -192.6000214 39.2866325
v -853.6273804 -196.0000305 39.2866325
v -854.2445679 -192.6000214 38.8044739
v -854.2445679 -196.0000305 38.8044739
v -854.7158813 -192.6000214 38.1790161
v -854.7158813 -196.0000305 38.1790161
v -855.0092163 -192.6000214 37.4528847
v -855.0092163 -196.0000305 37.4528847
v -855.1047363 -192.6000214 36.6755638
v -855.1047363 -196.0000305 36.6755638
v -854.9956665 -192.6000214 35.9000320
v -854.9956665 -196.0000305 35.9000320
v -854.6896973 -192.6000214 35.1791344
v -854.6896973 -196.0000305 35.1791344
v -854.2074585 -192.6000214 34.5619926
v -854.2074585 -196.0000305 34.5619926
v -853.5819702 -192.6000214 34.0906868
v -853.5819702 -196.0000305 34.0906868
v -852.8558960 -192.6000214 33.7973022
v -852.8558960 -196.0000305 33.7973022
v -852.0785522 -192.6000214 33.7018623
v -852.0785522 -196.0000305 33.7018623
v -831.7756348 -192.6000214 15.3102932
v -832.4965210 -192.6000214 15.0042915
v -832.4965210 -196.0000305 15.0042915
v -831.7756348 -196.0000305 15.3102932
v -831.1584473 -192.6000214 15.7924519
v -831.1584473 -196.0000305 15.7924519
v -830.6871338 -192.6000214 16.4179134
v -830.6871338 -196.0000305 16.4179134
v -830.3937988 -192.6000214 17.1440411
v -830.3937988 -196.0000305 17.1440411
v -830.2982788 -192.6000214 17.9213619
v -830.2982788 -196.0000305 17.9213619
v -830.4073486 -192.6000214 18.6968918
v -830.4073486 -196.0000305 18.6968918
v -830.7133179 -192.6000214 19.4177914
v -830.7133179 -196.0000305 19.4177914
v -831.1954346 -192.6000214 20.0349331
v -831.1954346 -196.0000305 20.0349331
v -831.8209229 -192.6000214 20.5062447
v -831.8209229 -196.0000305 20.5062447
v -832.5471191 -192.6000214 20.7996216
v -832.5471191 -196.0000305 20.7996216
v -833.3243408 -192.6000214 20.8950634
v -833.3243408 -196.0000305 20.8950634
v -834.0999756 -192.6000214 20.7860737
v -834.0999756 -196.0000305 20.7860737
v -834.8208618 -192.6000214 20.4800720
v -834.8208618 -196.0000305 20.4800720
v -835.4379272 -192.6000214 19.9979134
v -835.4379272 -196.0000305 19.9979134
v -835.9093018 -192.6000214 19.3724518
v -835.9093018 -196.0000305 19.3724518
v -836.2026978 -192.6000214 18.6463223
v -836.2026978 -196.0000305 18.6463223
v -836.2980957 -192.6000214 17.8690014
v -836.2980957 -196.0000305 17.8690014
v -836.1890869 -192.6000214 17.0934639
v -836.1890869 -196.0000305 17.0934639
v -835.8831787 -192.6000214 16.3725624
v -835.8831787 -196.0000305 16.3725624
v -835.4009399 -192.6000214 15.7554321
v -835.4009399 -196.0000305 15.7554321
v -834.7755127 -192.6000214 15.2841120
v -834.7755127 -196.0000305 15.2841120
v -834.0493774 -192.6000214 14.9907312
v -834.0493774 -196.0000305 14.9907312
v -833.2720337 -192.6000214 14.8952923
v -833.2720337 -196.0000305 14.8952923
v -786.3725586 -192.6000214 60.7133522
v -787.0934448 -192.6000214 60.4073524
v -787.0934448 -196.0000305 60.4073524
v -786.3725586 -196.0000305 60.7133522
v -785.7554321 -192.6000214 61.1955147
v -785.7554321 -196.0000305 61.1955147
v -785.2840576 -192.6000214 61.8209724
v -785.2840576 -196.0000305 61.8209724
v -784.9907227 -192.6000214 62.5471115
v -784.9907227 -196.0000305 62.5471115
v -784.8952637 -192.6000214 63.3244209
v -784.8952637 -196.0000305 63.3244209
v -785.0042725 -192.6000214 64.0999603
v -785.0042725 -196.0000305 64.0999603
v -785.3103027 -192.6000214 64.8208694
v -785.3103027 -196.0000305 64.8208694
v -785.7924194 -192.6000214 65.4379959
v -785.7924194 -196.0000305 65.4379959
v -786.4178467 -192.6000214 65.9093170
v -786.4178467 -196.0000305 65.9093170
v -787.1440430 -192.6000214 66.2026825
v -787.1440430 -196.0000305 66.2026825
v -787.9213257 -192.6000214 66.2981415
v -787.9213257 -196.0000305 66.2981415
v -788.6968384 -192.6000214 66.1891327
v -788.6968384 -196.0000305 66.1891327
v -789.4177856 -192.6000214 65.8831329
v -789.4177856 -196.0000305 65.8831329
v -790.0349121 -192.6000214 65.4009781
v -790.0349121 -196.0000305 65.4009781
v -790.5062256 -192.6000214 64.7755127
v -790.5062256 -196.0000305 64.7755127
v -790.7996216 -192.6000214 64.0493851
v -790.7996216 -196.0000305 64.0493851
v -790.8950195 -192.6000214 63.2720680
v -790.8950195 -196.0000305 63.2720680
v -790.7860718 -192.6000214 62.4965324
v -790.7860718 -196.0000305 62.4965324
v -790.4801025 -192.6000214 61.7756348
v -790.4801025 -196.0000305 61.7756348
v -789.9979248 -192.6000214 61.1584969
v -789.9979248 -196.0000305 61.1584969
v -789.3724365 -192.6000214 60.6871758
v -789.3724365 -196.0000305 60.6871758
v -788.6463013 -192.6000214 60.3938026
v -788.6463013 -196.0000305 60.3938026
v -787.8690186 -192.6000214 60.2983627
v -787.8690186 -196.0000305 60.2983627
v -813.0000000 -182.0000305 23.9999943
v -813.2384644 -183.8117523 23.9999943
v -813.2384644 -183.8117523 20.9999905
v -813.0000000 -182.0000305 20.9999905
v -813.2384644 -180.1882935 23.9999943
v -813.2384644 -180.1882935 20.9999905
v -813.9378052 -178.5000305 23.9999943
v -813.9378052 -178.5000305 20.9999905
v -815.0502319 -177.0502777 23.9999943
v -815.0502319 -177.0502777 20.9999905
v -816.4999390 -175.9378510 23.9999943
v -816.4999390 -175.9378510 20.9999905
v -818.1882935 -175.2385406 23.9999943
v -818.1882935 -175.2385406 20.9999905
v -819.9999390 -175.0000305 23.9999943
v -819.9999390 -175.0000305 20.9999905
v -821.8116455 -175.2385406 23.9999943
v -821.8116455 -175.2385406 20.9999905
v -823.5000610 -175.9378510 23.9999943
v -823.5000610 -175.9378510 20.9999905
v -824.9497681 -177.0502777 23.9999943
v -824.9497681 -177.0502777 20.9999905
v -826.0621338 -178.5000305 23.9999943
v -826.0621338 -178.5000305 20.9999905
v -826.7614746 -180.1882935 23.9999943
v -826.7614746 -180.1882935 20.9999905
v -826.9999390 -182.0000305 23.9999943
v -826.9999390 -182.0000305 20.9999905
v -826.7614746 -183.8117523 23.9999943
v -826.7614746 -183.8117523 20.9999905
v -826.0621338 -185.5000153 23.9999943
v -826.0621338 -185.5000153 20.9999905
v -824.9497681 -186.9497681 23.9999943
v -824.9497681 -186.9497681 20.9999905
v -823.5000610 -188.0621948 23.9999943
v -823.5000610 -188.0621948 20.9999905
v -821.8116455 -188.7615051 23.9999943
v -821.8116455 -188.7615051 20.9999905
v -819.9999390 -189.0000153 23.9999943
v -819.9999390 -189.0000153 20.9999905
v -818.1882935 -188.7615051 23.9999943
v -818.1882935 -188.7615051 20.9999905
v -816.4999390 -188.0621948 23.9999943
v -816.4999390 -188.0621948 20.9999905
v -815.0502319 -186.9497681 23.9999943
v -815.0502319 -186.9497681 20.9999905
v -813.9378052 -185.5000153 23.9999943
v -813.9378052 -185.5000153 20.9999905
v -846.0000610 -182.0000305 42.9999962
v -846.0000610 -183.8117523 43.2385139
v -848.9999390 -183.8117523 43.2385139
v -848.9999390 -182.0000305 42.9999962
v -846.0000610 -180.1882935 43.2385139
v -848.9999390 -180.1882935 43.2385139
v -846.0000610 -178.5000305 43.9378128
v -848.9999390 -178.5000305 43.9378128
v -846.0000610 -177.0502777 45.0502434
v -848.9999390 -177.0502777 45.0502434
v -846.0000610 -175.9378510 46.4999924
v -848.9999390 -175.9378510 46.4999924
v -846.0000610 -175.2385406 48.1882668
v -848.9999390 -175.2385406 48.1882668
v -846.0000610 -175.0000305 49.9999924
v -848.9999390 -175.0000305 49.9999924
v -846.0000610 -175.2385406 51.8117256
v -848.9999390 -175.2385406 51.8117256
v -846.0000610 -175.9378510 53.4999924
v -848.9999390 -175.9378510 53.4999924
v -846.0000610 -177.0502777 54.9497414
v -848.9999390 -177.0502777 54.9497414
v -846.0000610 -178.5000305 56.0621681
v -848.9999390 -178.5000305 56.0621681
v -846.0000610 -180.1882935 56.7614746
v -848.9999390 -180.1882935 56.7614746
v -846.0000610 -182.0000305 56.9999924
v -848.9999390 -182.0000305 56.9999924
v -846.0000610 -183.8117523 56.7614746
v -848.9999390 -183.8117523 56.7614746
v -846.0000610 -185.5000153 56.0621681
v -848.9999390 -185.5000153 56.0621681
v -846.0000610 -186.9497681 54.9497414
v -848.9999390 -186.9497681 54.9497414
v -846.0000610 -188.0621948 53.4999924
v -848.9999390 -188.0621948 53.4999924
v -846.0000610 -188.7615051 51.8117256
v -848.9999390 -188.7615051 51.8117256
v -846.0000610 -189.0000153 49.9999924
v -848.9999390 -189.0000153 49.9999924
v -846.0000610 -188.7615051 48.1882668
v -848.9999390 -188.7615051 48.1882668
v -846.0000610 -188.0621948 46.4999924
v -848.9999390 -188.0621948 46.4999924
v -846.0000610 -186.9497681 45.0502434
v -848.9999390 -186.9497681 45.0502434
v -846.0000610 -185.5000153 43.9378128
v -848.9999390 -185.5000153 43.9378128
v -846.7105103 -202.0000305 34.2663002
v -849.0368652 -202.0000305 39.1435623
v -843.5726318 -202.0000305 29.8671017
v -839.7183838 -202.0000305 26.0796318
v -835.2651978 -202.0000305 23.0189705
v -830.3480225 -202.0000305 20.7781105
v -825.1164551 -202.0000305 19.4251404
v -819.7294312 -202.0000305 19.0011711
v -814.3507080 -202.0000305 19.5190926
v -809.1435547 -202.0000305 20.9631519
v -804.2662964 -202.0000305 23.2894897
v -799.8671265 -202.0000305 26.4274101
v -796.0795898 -202.0000305 30.2815704
v -793.0189819 -202.0000305 34.7348633
v -790.7780762 -202.0000305 39.6519814
v -789.4251709 -202.0000305 44.8835182
v -789.0011597 -202.0000305 50.2705116
v -789.5191040 -202.0000305 55.6492920
v -790.9631958 -202.0000305 60.8564186
v -793.2894287 -202.0000305 65.7336884
v -796.4273682 -202.0000305 70.1328888
v -800.2815552 -202.0000305 73.9203568
v -804.7348022 -202.0000305 76.9810257
v -809.6519775 -202.0000305 79.2218857
v -814.8835449 -202.0000305 80.5748444
v -820.2704468 -202.0000305 80.9988174
v -825.6492920 -202.0000305 80.4808960
v -830.8563843 -202.0000305 79.0368347
v -835.7336426 -202.0000305 76.7105026
v -840.1328735 -202.0000305 73.5725861
v -843.9203491 -202.0000305 69.7184219
v -846.9810181 -202.0000305 65.2651215
v -849.2218018 -202.0000305 60.3480034
v -850.5748291 -202.0000305 55.1164742
v -850.9987793 -202.0000305 49.7294731
v -850.4808960 -202.0000305 44.3506966
v -827.8499756 -182.0000305 86.4631119
v -827.5824585 -184.0317535 86.4631119
v -827.5824585 -184.0317535 88.4631119
v -827.8499756 -182.0000305 88.4631119
v -827.5824585 -179.9682922 86.4631119
v -827.5824585 -179.9682922 88.4631119
v -826.7982788 -178.0750275 86.4631119
v -826.7982788 -178.0750275 88.4631119
v -825.5508423 -176.4492493 86.4631119
v -825.5508423 -176.4492493 88.4631119
v -823.9249268 -175.2017212 86.4631119
v -823.9249268 -175.2017212 88.4631119
v -822.0316772 -174.4175262 86.4631119
v -822.0316772 -174.4175262 88.4631119
v -819.9999390 -174.1500244 86.4631119
v -819.9999390 -174.1500244 88.4631119
v -817.9682617 -174.4175262 86.4631119
v -817.9682617 -174.4175262 88.4631119
v -816.0750122 -175.2017212 86.4631119
v -816.0750122 -175.2017212 88.4631119
v -814.4491577 -176.4492493 86.4631119
v -814.4491577 -176.4492493 88.4631119
v -813.2017212 -178.0750275 86.4631119
v -813.2017212 -178.0750275 88.4631119
v -812.4174805 -179.9682922 86.4631119
v -812.4174805 -179.9682922 88.4631119
v -812.1500244 -182.0000305 86.4631119
v -812.1500244 -182.0000305 88.4631119
v -812.4174805 -184.0317535 86.4631119
v -812.4174805 -184.0317535 88.4631119
v -813.2017212 -185.9250336 86.4631119
v -813.2017212 -185.9250336 88.4631119
v -814.4491577 -187.5508118 86.4631119
v -814.4491577 -187.5508118 88.4631119
v -816.0750122 -188.7983246 86.4631119
v -816.0750122 -188.7983246 88.4631119
v -817.9682617 -189.5825500 86.4631119
v -817.9682617 -189.5825500 88.4631119
v -819.9999390 -189.8500214 86.4631119
v -819.9999390 -189.8500214 88.4631119
v -822.0316772 -189.5825500 86.4631119
v -822.0316772 -189.5825500 88.4631119
v -823.9249268 -188.7983246 86.4631119
v -823.9249268 -188.7983246 88.4631119
v -825.5508423 -187.5508118 86.4631119
v -825.5508423 -187.5508118 88.4631119
v -826.7982788 -185.9250336 86.4631119
v -826.7982788 -185.9250336 88.4631119
v -783.7000122 -182.0000305 55.9999924
v -783.7000122 -183.5529327 55.7955551
v -783.5368652 -183.5529327 55.7955551
v -783.5368652 -182.0000305 55.9999924
v -783.7000122 -180.4471130 55.7955551
v -783.5368652 -180.4471130 55.7955551
v -783.7000122 -179.0000153 55.1961479
v -783.5368652 -179.0000153 55.1961479
v -783.7000122 -177.7573700 54.2426338
v -783.5368652 -177.7573700 54.2426338
v -783.7000122 -176.8038788 52.9999924
v -783.5368652 -176.8038788 52.9999924
v -783.7000122 -176.2044678 51.5529099
v -783.5368652 -176.2044678 51.5529099
v -783.7000122 -176.0000305 49.9999924
v -783.5368652 -176.0000305 49.9999924
v -783.7000122 -176.2044678 48.4470825
v -783.5368652 -176.2044678 48.4470825
v -783.7000122 -176.8038788 46.9999886
v -783.5368652 -176.8038788 46.9999886
v -783.7000122 -177.7573700 45.7573547
v -783.5368652 -177.7573700 45.7573547
v -783.7000122 -179.0000153 44.8038406
v -783.5368652 -179.0000153 44.8038406
v -783.7000122 -180.4471130 44.2044411
v -783.5368652 -180.4471130 44.2044411
v -783.7000122 -182.0000305 43.9999924
v -783.5368652 -182.0000305 43.9999924
v -783.7000122 -183.5529327 44.2044411
v -783.5368652 -183.5529327 44.2044411
v -783.7000122 -185.0000305 44.8038406
v -783.5368652 -185.0000305 44.8038406
v -783.7000122 -186.2426605 45.7573547
v -783.5368652 -186.2426605 45.7573547
v -783.7000122 -187.1961823 46.9999886
v -783.5368652 -187.1961823 46.9999886
v -783.7000122 -187.7955780 48.4470825
v -783.5368652 -187.7955780 48.4470825
v -783.7000122 -188.0000153 49.9999924
v -783.5368652 -188.0000153 49.9999924
v -783.7000122 -187.7955780 51.5529099
v -783.5368652 -187.7955780 51.5529099
v -783.7000122 -187.1961823 52.9999924
v -783.5368652 -187.1961823 52.9999924
v -783.7000122 -186.2426605 54.2426338
v -783.5368652 -186.2426605 54.2426338
v -783.7000122 -185.0000305 55.1961479
v -783.5368652 -185.0000305 55.1961479
v -785.5256958 -192.6000214 38.0974731
v -785.9676514 -192.6000214 38.6631813
v -785.9676514 -195.2875214 38.6631813
v -785.5256958 -195.2875214 38.0974731
v -785.2451782 -192.6000214 37.4366531
v -785.2451782 -195.2875214 37.4366531
v -785.1453247 -192.6000214 36.7257423
v -785.1453247 -195.2875214 36.7257423
v -785.2327271 -192.6000214 36.0132027
v -785.2327271 -195.2875214 36.0132027
v -785.5016479 -192.6000214 35.3475838
v -785.5016479 -195.2875214 35.3475838
v -785.9337158 -192.6000214 34.7742462
v -785.9337158 -195.2875214 34.7742462
v -786.4993896 -192.6000214 34.3322639
v -786.4993896 -195.2875214 34.3322639
v -787.1602783 -192.6000214 34.0517616
v -787.1602783 -195.2875214 34.0517616
v -787.8712158 -192.6000214 33.9518509
v -787.8712158 -195.2875214 33.9518509
v -788.5836792 -192.6000214 34.0393410
v -788.5836792 -195.2875214 34.0393410
v -789.2493286 -192.6000214 34.3082619
v -789.2493286 -195.2875214 34.3082619
v -789.8226318 -192.6000214 34.7403030
v -789.8226318 -195.2875214 34.7403030
v -790.2645874 -192.6000214 35.3060150
v -790.2645874 -195.2875214 35.3060150
v -790.5451660 -192.6000214 35.9668427
v -790.5451660 -195.2875214 35.9668427
v -790.6450806 -192.6000214 36.6777420
v -790.6450806 -195.2875214 36.6777420
v -790.5575562 -192.6000214 37.3902931
v -790.5575562 -195.2875214 37.3902931
v -790.2886353 -192.6000214 38.0559120
v -790.2886353 -195.2875214 38.0559120
v -789.8565674 -192.6000214 38.6292458
v -789.8565674 -195.2875214 38.6292458
v -789.2908936 -192.6000214 39.0712242
v -789.2908936 -195.2875214 39.0712242
v -788.6300659 -192.6000214 39.3517342
v -788.6300659 -195.2875214 39.3517342
v -787.9191895 -192.6000214 39.4516411
v -787.9191895 -195.2875214 39.4516411
v -787.2066040 -192.6000214 39.3641548
v -787.2066040 -195.2875214 39.3641548
v -786.5410156 -192.6000214 39.0952225
v -786.5410156 -195.2875214 39.0952225
v -805.3059692 -192.6000214 15.5257025
v -804.7403564 -192.6000214 15.9676800
v -804.7403564 -195.2875214 15.9676800
v -805.3059692 -195.2875214 15.5257025
v -805.9668579 -192.6000214 15.2451925
v -805.9668579 -195.2875214 15.2451925
v -806.6777344 -192.6000214 15.1452808
v -806.6777344 -195.2875214 15.1452808
v -807.3902588 -192.6000214 15.2327719
v -807.3902588 -195.2875214 15.2327719
v -808.0559082 -192.6000214 15.5017023
v -808.0559082 -195.2875214 15.5017023
v -808.6292725 -192.6000214 15.9337406
v -808.6292725 -195.2875214 15.9337406
v -809.0712280 -192.6000214 16.4994526
v -809.0712280 -195.2875214 16.4994526
v -809.3516846 -192.6000214 17.1602726
v -809.3516846 -195.2875214 17.1602726
v -809.4515991 -192.6000214 17.8711834
v -809.4515991 -195.2875214 17.8711834
v -809.3641357 -192.6000214 18.5837231
v -809.3641357 -195.2875214 18.5837231
v -809.0951538 -192.6000214 19.2493420
v -809.0951538 -195.2875214 19.2493420
v -808.6632080 -192.6000214 19.8226833
v -808.6632080 -195.2875214 19.8226833
v -808.0975342 -192.6000214 20.2646637
v -808.0975342 -195.2875214 20.2646637
v -807.4366455 -192.6000214 20.5451641
v -807.4366455 -195.2875214 20.5451641
v -806.7257080 -192.6000214 20.6450710
v -806.7257080 -195.2875214 20.6450710
v -806.0132446 -192.6000214 20.5575829
v -806.0132446 -195.2875214 20.5575829
v -805.3475342 -192.6000214 20.2886639
v -805.3475342 -195.2875214 20.2886639
v -804.7742310 -192.6000214 19.8566227
v -804.7742310 -195.2875214 19.8566227
v -804.3322144 -192.6000214 19.2909145
v -804.3322144 -195.2875214 19.2909145
v -804.0517578 -192.6000214 18.6300831
v -804.0517578 -195.2875214 18.6300831
v -803.9517822 -192.6000214 17.9191818
v -803.9517822 -195.2875214 17.9191818
v -804.0393677 -192.6000214 17.2066326
v -804.0393677 -195.2875214 17.2066326
v -804.3082275 -192.6000214 16.5410137
v -804.3082275 -195.2875214 16.5410137
v -830.9287720 -192.6000214 83.5005417
v -831.3707275 -192.6000214 84.0662384
v -831.3707275 -195.2875214 84.0662384
v -830.9287720 -195.2875214 83.5005417
v -830.6481934 -192.6000214 82.8397064
v -830.6481934 -195.2875214 82.8397064
v -830.5484009 -192.6000214 82.1287994
v -830.5484009 -195.2875214 82.1287994
v -830.6358032 -192.6000214 81.4162674
v -830.6358032 -195.2875214 81.4162674
v -830.9047241 -192.6000214 80.7506409
v -830.9047241 -195.2875214 80.7506409
v -831.3367920 -192.6000214 80.1772995
v -831.3367920 -195.2875214 80.1772995
v -831.9024658 -192.6000214 79.7353363
v -831.9024658 -195.2875214 79.7353363
v -832.5633545 -192.6000214 79.4548264
v -832.5633545 -195.2875214 79.4548264
v -833.2742920 -192.6000214 79.3549118
v -833.2742920 -195.2875214 79.3549118
v -833.9867554 -192.6000214 79.4424057
v -833.9867554 -195.2875214 79.4424057
v -834.6524048 -192.6000214 79.7113342
v -834.6524048 -195.2875214 79.7113342
v -835.2257080 -192.6000214 80.1433716
v -835.2257080 -195.2875214 80.1433716
v -835.6677246 -192.6000214 80.7090683
v -835.6677246 -195.2875214 80.7090683
v -835.9481812 -192.6000214 81.3698959
v -835.9481812 -195.2875214 81.3698959
v -836.0482178 -192.6000214 82.0808182
v -836.0482178 -195.2875214 82.0808182
v -835.9606934 -192.6000214 82.7933502
v -835.9606934 -195.2875214 82.7933502
v -835.6917725 -192.6000214 83.4589691
v -835.6917725 -195.2875214 83.4589691
v -835.2596436 -192.6000214 84.0323105
v -835.2596436 -195.2875214 84.0323105
v -834.6939087 -192.6000214 84.4742889
v -834.6939087 -195.2875214 84.4742889
v -834.0331421 -192.6000214 84.7547989
v -834.0331421 -195.2875214 84.7547989
v -833.3222046 -192.6000214 84.8546982
v -833.3222046 -195.2875214 84.8546982
v -832.6096191 -192.6000214 84.7672119
v -832.6096191 -195.2875214 84.7672119
v -831.9440918 -192.6000214 84.4982834
v -831.9440918 -195.2875214 84.4982834
v -804.3322144 -192.6000214 83.5005417
v -804.7742310 -192.6000214 84.0662384
v -804.7742310 -195.2875214 84.0662384
v -804.3322144 -195.2875214 83.5005417
v -804.0517578 -192.6000214 82.8397064
v -804.0517578 -195.2875214 82.8397064
v -803.9517822 -192.6000214 82.1287994
v -803.9517822 -195.2875214 82.1287994
v -804.0393677 -192.6000214 81.4162674
v -804.0393677 -195.2875214 81.4162674
v -804.3082275 -192.6000214 80.7506409
v -804.3082275 -195.2875214 80.7506409
v -804.7403564 -192.6000214 80.1772995
v -804.7403564 -195.2875214 80.1772995
v -805.3059692 -192.6000214 79.7353363
v -805.3059692 -195.2875214 79.7353363
v -805.9668579 -192.6000214 79.4548264
v -805.9668579 -195.2875214 79.4548264
v -806.6777344 -192.6000214 79.3549118
v -806.6777344 -195.2875214 79.3549118
v -807.3902588 -192.6000214 79.4424057
v -807.3902588 -195.2875214 79.4424057
v -808.0559082 -192.6000214 79.7113342
v -808.0559082 -195.2875214 79.7113342
v -808.6292725 -192.6000214 80.1433716
v -808.6292725 -195.2875214 80.1433716
v -809.0712280 -192.6000214 80.7090683
v -809.0712280 -195.2875214 80.7090683
v -809.3516846 -192.6000214 81.3698959
v -809.3516846 -195.2875214 81.3698959
v -809.4515991 -192.6000214 82.0808182
v -809.4515991 -195.2875214 82.0808182
v -809.3641357 -192.6000214 82.7933502
v -809.3641357 -195.2875214 82.7933502
v -809.0951538 -192.6000214 83.4589691
v -809.0951538 -195.2875214 83.4589691
v -808.6632080 -192.6000214 84.0323105
v -808.6632080 -195.2875214 84.0323105
v -808.0975342 -192.6000214 84.4742889
v -808.0975342 -195.2875214 84.4742889
v -807.4366455 -192.6000214 84.7547989
v -807.4366455 -195.2875214 84.7547989
v -806.7257080 -192.6000214 84.8546982
v -806.7257080 -195.2875214 84.8546982
v -806.0132446 -192.6000214 84.7672119
v -806.0132446 -195.2875214 84.7672119
v -805.3475342 -192.6000214 84.4982834
v -805.3475342 -195.2875214 84.4982834
v -850.7090454 -192.6000214 60.9287643
v -850.1434326 -192.6000214 61.3707466
v -850.1434326 -195.2875214 61.3707466
v -850.7090454 -195.2875214 60.9287643
v -851.3698730 -192.6000214 60.6482582
v -851.3698730 -195.2875214 60.6482582
v -852.0808105 -192.6000214 60.5483513
v -852.0808105 -195.2875214 60.5483513
v -852.7933960 -192.6000214 60.6358337
v -852.7933960 -195.2875214 60.6358337
v -853.4589233 -192.6000214 60.9047661
v -853.4589233 -195.2875214 60.9047661
v -854.0322876 -192.6000214 61.3368034
v -854.0322876 -195.2875214 61.3368034
v -854.4742432 -192.6000214 61.9025154
v -854.4742432 -195.2875214 61.9025154
v -854.7548218 -192.6000214 62.5633430
v -854.7548218 -195.2875214 62.5633430
v -854.8546143 -192.6000214 63.2742424
v -854.8546143 -195.2875214 63.2742424
v -854.7671509 -192.6000214 63.9868011
v -854.7671509 -195.2875214 63.9868011
v -854.4981689 -192.6000214 64.6524124
v -854.4981689 -195.2875214 64.6524124
v -854.0662842 -192.6000214 65.2257462
v -854.0662842 -195.2875214 65.2257462
v -853.5005493 -192.6000214 65.6677246
v -853.5005493 -195.2875214 65.6677246
v -852.8397217 -192.6000214 65.9482269
v -852.8397217 -195.2875214 65.9482269
v -852.1287842 -192.6000214 66.0481415
v -852.1287842 -195.2875214 66.0481415
v -851.4162598 -192.6000214 65.9606552
v -851.4162598 -195.2875214 65.9606552
v -850.7506104 -192.6000214 65.6917267
v -850.7506104 -195.2875214 65.6917267
v -850.1773071 -192.6000214 65.2596893
v -850.1773071 -195.2875214 65.2596893
v -849.7352905 -192.6000214 64.6939774
v -849.7352905 -195.2875214 64.6939774
v -849.4548340 -192.6000214 64.0331573
v -849.4548340 -195.2875214 64.0331573
v -849.3549194 -192.6000214 63.3222389
v -849.3549194 -195.2875214 63.3222389
v -849.4424438 -192.6000214 62.6097031
v -849.4424438 -195.2875214 62.6097031
v -849.7113647 -192.6000214 61.9440842
v -849.7113647 -195.2875214 61.9440842
v -850.7090454 -192.6000214 34.3322639
v -850.1434326 -192.6000214 34.7742462
v -850.1434326 -195.2875214 34.7742462
v -850.7090454 -195.2875214 34.3322639
v -851.3698730 -192.6000214 34.0517616
v -851.3698730 -195.2875214 34.0517616
v -852.0808105 -192.6000214 33.9518509
v -852.0808105 -195.2875214 33.9518509
v -852.7933960 -192.6000214 34.0393410
v -852.7933960 -195.2875214 34.0393410
v -853.4589233 -192.6000214 34.3082619
v -853.4589233 -195.2875214 34.3082619
v -854.0322876 -192.6000214 34.7403030
v -854.0322876 -195.2875214 34.7403030
v -854.4742432 -192.6000214 35.3060150
v -854.4742432 -195.2875214 35.3060150
v -854.7548218 -192.6000214 35.9668427
v -854.7548218 -195.2875214 35.9668427
v -854.8546143 -192.6000214 36.6777420
v -854.8546143 -195.2875214 36.6777420
v -854.7671509 -192.6000214 37.3902931
v -854.7671509 -195.2875214 37.3902931
v -854.4981689 -192.6000214 38.0559120
v -854.4981689 -195.2875214 38.0559120
v -854.0662842 -192.6000214 38.6292458
v -854.0662842 -195.2875214 38.6292458
v -853.5005493 -192.6000214 39.0712242
v -853.5005493 -195.2875214 39.0712242
v -852.8397217 -192.6000214 39.3517342
v -852.8397217 -195.2875214 39.3517342
v -852.1287842 -192.6000214 39.4516411
v -852.1287842 -195.2875214 39.4516411
v -851.4162598 -192.6000214 39.3641548
v -851.4162598 -195.2875214 39.3641548
v -850.7506104 -192.6000214 39.0952225
v -850.7506104 -195.2875214 39.0952225
v -850.1773071 -192.6000214 38.6631813
v -850.1773071 -195.2875214 38.6631813
v -849.7352905 -192.6000214 38.0974731
v -849.7352905 -195.2875214 38.0974731
v -849.4548340 -192.6000214 37.4366531
v -849.4548340 -195.2875214 37.4366531
v -849.3549194 -192.6000214 36.7257423
v -849.3549194 -195.2875214 36.7257423
v -849.4424438 -192.6000214 36.0132027
v -849.4424438 -195.2875214 36.0132027
v -849.7113647 -192.6000214 35.3475838
v -849.7113647 -195.2875214 35.3475838
v -831.9024658 -192.6000214 15.5257025
v -831.3367920 -192.6000214 15.9676800
v -831.3367920 -195.2875214 15.9676800
v -831.9024658 -195.2875214 15.5257025
v -832.5633545 -192.6000214 15.2451925
v -832.5633545 -195.2875214 15.2451925
v -833.2742920 -192.6000214 15.1452808
v -833.2742920 -195.2875214 15.1452808
v -833.9867554 -192.6000214 15.2327719
v -833.9867554 -195.2875214 15.2327719
v -834.6524048 -192.6000214 15.5017023
v -834.6524048 -195.2875214 15.5017023
v -835.2257080 -192.6000214 15.9337406
v -835.2257080 -195.2875214 15.9337406
v -835.6677246 -192.6000214 16.4994526
v -835.6677246 -195.2875214 16.4994526
v -835.9481812 -192.6000214 17.1602726
v -835.9481812 -195.2875214 17.1602726
v -836.0482178 -192.6000214 17.8711834
v -836.0482178 -195.2875214 17.8711834
v -835.9606934 -192.6000214 18.5837231
v -835.9606934 -195.2875214 18.5837231
v -835.6917725 -192.6000214 19.2493420
v -835.6917725 -195.2875214 19.2493420
v -835.2596436 -192.6000214 19.8226833
v -835.2596436 -195.2875214 19.8226833
v -834.6939087 -192.6000214 20.2646637
v -834.6939087 -195.2875214 20.2646637
v -834.0331421 -192.6000214 20.5451641
v -834.0331421 -195.2875214 20.5451641
v -833.3222046 -192.6000214 20.6450710
v -833.3222046 -195.2875214 20.6450710
v -832.6096191 -192.6000214 20.5575829
v -832.6096191 -195.2875214 20.5575829
v -831.9440918 -192.6000214 20.2886639
v -831.9440918 -195.2875214 20.2886639
v -831.3707275 -192.6000214 19.8566227
v -831.3707275 -195.2875214 19.8566227
v -830.9287720 -192.6000214 19.2909145
v -830.9287720 -195.2875214 19.2909145
v -830.6481934 -192.6000214 18.6300831
v -830.6481934 -195.2875214 18.6300831
v -830.5484009 -192.6000214 17.9191818
v -830.5484009 -195.2875214 17.9191818
v -830.6358032 -192.6000214 17.2066326
v -830.6358032 -195.2875214 17.2066326
v -830.9047241 -192.6000214 16.5410137
v -830.9047241 -195.2875214 16.5410137
v -785.5256958 -192.6000214 64.6939774
v -785.9676514 -192.6000214 65.2596893
v -785.9676514 -195.2875214 65.2596893
v -785.5256958 -195.2875214 64.6939774
v -785.2451782 -192.6000214 64.0331573
v -785.2451782 -195.2875214 64.0331573
v -785.1453247 -192.6000214 63.3222389
v -785.1453247 -195.2875214 63.3222389
v -785.2327271 -192.6000214 62.6097031
v -785.2327271 -195.2875214 62.6097031
v -785.5016479 -192.6000214 61.9440842
v -785.5016479 -195.2875214 61.9440842
v -785.9337158 -192.6000214 61.3707466
v -785.9337158 -195.2875214 61.3707466
v -786.4993896 -192.6000214 60.9287643
v -786.4993896 -195.2875214 60.9287643
v -787.1602783 -192.6000214 60.6482582
v -787.1602783 -195.2875214 60.6482582
v -787.8712158 -192.6000214 60.5483513
v -787.8712158 -195.2875214 60.5483513
v -788.5836792 -192.6000214 60.6358337
v -788.5836792 -195.2875214 60.6358337
v -789.2493286 -192.6000214 60.9047661
v -789.2493286 -195.2875214 60.9047661
v -789.8226318 -192.6000214 61.3368034
v -789.8226318 -195.2875214 61.3368034
v -790.2645874 -192.6000214 61.9025154
v -790.2645874 -195.2875214 61.9025154
v -790.5451660 -192.6000214 62.5633430
v -790.5451660 -195.2875214 62.5633430
v -790.6450806 -192.6000214 63.2742424
v -790.6450806 -195.2875214 63.2742424
v -790.5575562 -192.6000214 63.9868011
v -790.5575562 -195.2875214 63.9868011
v -790.2886353 -192.6000214 64.6524124
v -790.2886353 -195.2875214 64.6524124
v -789.8565674 -192.6000214 65.2257462
v -789.8565674 -195.2875214 65.2257462
v -789.2908936 -192.6000214 65.6677246
v -789.2908936 -195.2875214 65.6677246
v -788.6300659 -192.6000214 65.9482269
v -788.6300659 -195.2875214 65.9482269
v -787.9191895 -192.6000214 66.0481415
v -787.9191895 -195.2875214 66.0481415
v -787.2066040 -192.6000214 65.9606552
v -787.2066040 -195.2875214 65.9606552
v -786.5410156 -192.6000214 65.6917267
v -786.5410156 -195.2875214 65.6917267
v -814.2500000 -182.0000305 89.9631195
v -814.4459229 -183.4882355 89.9631195
v -814.4459229 -180.5118256 89.9631195
v -815.0203247 -179.1250305 89.9631195
v -815.9340820 -177.9341583 89.9631195
v -817.1249390 -177.0203705 89.9631195
v -818.5117798 -176.4459534 89.9631195
v -819.9999390 -176.2500305 89.9631195
v -821.4882202 -176.4459534 89.9631195
v -822.8750610 -177.0203705 89.9631195
v -824.0657959 -177.9341583 89.9631195
v -824.9796143 -179.1250305 89.9631195
v -825.5540771 -180.5118256 89.9631195
v -825.7499390 -182.0000305 89.9631195
v -825.5540771 -183.4882355 89.9631195
v -824.9796143 -184.8750153 89.9631195
v -824.0657959 -186.0658875 89.9631195
v -822.8750610 -186.9796753 89.9631195
v -821.4882202 -187.5540924 89.9631195
v -819.9999390 -187.7500153 89.9631195
v -818.5117798 -187.5540924 89.9631195
v -817.1249390 -186.9796753 89.9631195
v -815.9340820 -186.0658875 89.9631195
v -815.0203247 -184.8750153 89.9631195
v -813.2500000 -182.0000305 20.9999905
v -813.4799194 -183.7470551 20.9999905
v -813.4799194 -183.7470551 12.9999924
v -813.2500000 -182.0000305 12.9999924
v -813.4799194 -180.2529907 20.9999905
v -813.4799194 -180.2529907 12.9999924
v -814.1542969 -178.6250153 20.9999905
v -814.1542969 -178.6250153 12.9999924
v -815.2269897 -177.2270660 20.9999905
v -815.2269897 -177.2270660 12.9999924
v -816.6250000 -176.1543427 20.9999905
v -816.6250000 -176.1543427 12.9999924
v -818.2529907 -175.4800262 20.9999905
v -818.2529907 -175.4800262 12.9999924
v -819.9999390 -175.2500153 20.9999905
v -819.9999390 -175.2500153 12.9999924
v -821.7470093 -175.4800262 20.9999905
v -821.7470093 -175.4800262 12.9999924
v -823.3749390 -176.1543427 20.9999905
v -823.3749390 -176.1543427 12.9999924
v -824.7730103 -177.2270660 20.9999905
v -824.7730103 -177.2270660 12.9999924
v -825.8456421 -178.6250153 20.9999905
v -825.8456421 -178.6250153 12.9999924
v -826.5199585 -180.2529907 20.9999905
v -826.5199585 -180.2529907 12.9999924
v -826.7499390 -182.0000305 20.9999905
v -826.7499390 -182.0000305 12.9999924
v -826.5199585 -183.7470551 20.9999905
v -826.5199585 -183.7470551 12.9999924
v -825.8456421 -185.3750305 20.9999905
v -825.8456421 -185.3750305 12.9999924
v -824.7730103 -186.7729950 20.9999905
v -824.7730103 -186.7729950 12.9999914
v -823.3749390 -187.8457031 20.9999905
v -823.3749390 -187.8457031 12.9999914
v -821.7470093 -188.5200043 20.9999905
v -821.7470093 -188.5200043 12.9999914
v -819.9999390 -188.7500305 20.9999905
v -819.9999390 -188.7500305 12.9999914
v -818.2529907 -188.5200043 20.9999905
v -818.2529907 -188.5200043 12.9999914
v -816.6250000 -187.8457031 20.9999905
v -816.6250000 -187.8457031 12.9999914
v -815.2269897 -186.7729950 20.9999905
v -815.2269897 -186.7729950 12.9999914
v -814.1542969 -185.3750305 20.9999905
v -814.1542969 -185.3750305 12.9999924
v -848.9999390 -182.0000305 43.2499886
v -848.9999390 -183.7470551 43.4799957
v -856.9999390 -183.7470551 43.4799957
v -856.9999390 -182.0000305 43.2499886
v -848.9999390 -180.2529907 43.4799957
v -856.9999390 -180.2529907 43.4799957
v -848.9999390 -178.6250153 44.1543236
v -856.9999390 -178.6250153 44.1543236
v -848.9999390 -177.2270660 45.2270241
v -856.9999390 -177.2270660 45.2270241
v -848.9999390 -176.1543427 46.6249924
v -856.9999390 -176.1543427 46.6249924
v -848.9999390 -175.4800262 48.2529640
v -856.9999390 -175.4800262 48.2529640
v -848.9999390 -175.2500153 49.9999924
v -856.9999390 -175.2500153 49.9999924
v -848.9999390 -175.4800262 51.7470284
v -856.9999390 -175.4800262 51.7470284
v -848.9999390 -176.1543427 53.3749924
v -856.9999390 -176.1543427 53.3749924
v -848.9999390 -177.2270660 54.7729607
v -856.9999390 -177.2270660 54.7729607
v -848.9999390 -178.6250153 55.8456650
v -856.9999390 -178.6250153 55.8456650
v -848.9999390 -180.2529907 56.5199928
v -856.9999390 -180.2529907 56.5199928
v -848.9999390 -182.0000305 56.7499924
v -856.9999390 -182.0000305 56.7499924
v -848.9999390 -183.7470551 56.5199928
v -856.9999390 -183.7470551 56.5199928
v -848.9999390 -185.3750305 55.8456650
v -856.9999390 -185.3750305 55.8456650
v -848.9999390 -186.7729950 54.7729607
v -856.9999390 -186.7729950 54.7729607
v -848.9999390 -187.8457031 53.3749924
v -856.9999390 -187.8457031 53.3749924
v -848.9999390 -188.5200043 51.7470284
v -856.9999390 -188.5200043 51.7470284
v -848.9999390 -188.7500305 49.9999924
v -856.9999390 -188.7500305 49.9999924
v -848.9999390 -188.5200043 48.2529640
v -856.9999390 -188.5200043 48.2529640
v -848.9999390 -187.8457031 46.6249924
v -856.9999390 -187.8457031 46.6249924
v -848.9999390 -186.7729950 45.2270241
v -856.9999390 -186.7729950 45.2270241
v -848.9999390 -185.3750305 44.1543236
v -856.9999390 -185.3750305 44.1543236
v -789.7141724 -195.6000214 35.0784645
v -789.9953613 -195.6000214 35.4646225
v -790.0650635 -195.5893707 35.4235725
v -790.1966553 -195.6000214 35.8975716
v -790.3219604 -195.5893707 36.0287437
v -790.3090820 -195.6000214 36.3623123
v -790.4134521 -195.5893707 36.6797714
v -790.3289795 -195.6000214 36.8402863
v -790.3331299 -195.5893707 37.3329163
v -790.2550659 -195.6000214 37.3128319
v -790.0905151 -195.6000214 37.7617722
v -790.0870361 -195.5893707 37.9418526
v -789.8414917 -195.6000214 38.1692696
v -789.6914062 -195.5893707 38.4668922
v -789.5184326 -195.6000214 38.5209656
v -789.1732788 -195.5893707 38.8716545
v -789.1322632 -195.6000214 38.8019638
v -788.6989136 -195.6000214 39.0034447
v -788.5681763 -195.5893707 39.1285248
v -788.2816162 -195.6000214 39.1084137
v -787.9171143 -195.5893707 39.2200241
v -787.7510376 -195.6000214 39.1354332
v -787.2645874 -195.5893707 39.1399040
v -787.2326050 -195.6000214 39.0476913
v -786.8753662 -195.6000214 38.9161263
v -786.6550903 -195.5893707 38.8936234
v -786.5264282 -195.6000214 38.7187843
v -786.1300049 -195.5893707 38.4979744
v -786.1199951 -195.6000214 38.3727722
v -785.7252808 -195.5893707 37.9799118
v -785.7949219 -195.6000214 37.9388733
v -785.5938110 -195.6000214 37.5060730
v -785.4683838 -195.5893707 37.3747559
v -785.4813232 -195.6000214 37.0409813
v -785.3768921 -195.5893707 36.7237244
v -785.4583740 -195.6000214 36.6275749
v -785.4570312 -195.5893707 36.0711937
v -785.5254517 -195.6000214 36.1305237
v -785.6978149 -195.6000214 35.6457405
v -785.7033081 -195.5893707 35.4616432
v -786.0262451 -195.6000214 35.1367416
v -786.0989990 -195.5893707 34.9365921
v -786.2722168 -195.6000214 34.8825340
v -786.6170044 -195.5893707 34.5318451
v -786.6580811 -195.6000214 34.6015244
v -787.0911865 -195.6000214 34.4002724
v -787.2221680 -195.5893707 34.2749634
v -787.5555420 -195.6000214 34.2879715
v -787.8731689 -195.5893707 34.1834602
v -788.0330811 -195.6000214 34.2677498
v -788.5257568 -195.5893707 34.2635841
v -788.5054321 -195.6000214 34.3418846
v -788.9542236 -195.6000214 34.5058136
v -789.1352539 -195.5893707 34.5098648
v -789.3623047 -195.6000214 34.7552414
v -789.6602783 -195.5893707 34.9055138
v -785.9751587 -195.3684082 38.6555939
v -785.5348511 -195.3684082 38.0920715
v -785.2554932 -195.3684082 37.4338036
v -785.1558838 -195.3684082 36.7256508
v -785.2431030 -195.3684082 36.0158615
v -785.5109863 -195.3684082 35.3528252
v -785.9413452 -195.3684082 34.7817116
v -786.5048218 -195.3684082 34.3414421
v -786.5206909 -195.4437866 34.3683434
v -787.1714478 -195.4437866 34.0921021
v -787.1846924 -195.5084991 34.1399612
v -787.8714600 -195.4437866 33.9937134
v -787.8719482 -195.5084991 34.0433846
v -788.5608521 -195.5084991 34.1279526
v -788.5445557 -195.5581665 34.1906128
v -789.1724243 -195.5581665 34.4442635
v -789.7131958 -195.5581665 34.8517532
v -786.5462646 -195.3684082 39.0859566
v -787.2092896 -195.3684082 39.3538437
v -787.9190674 -195.3684082 39.4409943
v -788.6271973 -195.3684082 39.3414612
v -789.2854614 -195.3684082 39.0620499
v -789.8489990 -195.3684082 38.6217842
v -790.2793579 -195.3684082 38.0506630
v -790.5472412 -195.3684082 37.3877602
v -790.6343994 -195.3684082 36.6778450
v -790.5349121 -195.3684082 35.9696846
v -790.2554932 -195.3684082 35.3114204
v -789.8151855 -195.3684082 34.7479019
v -789.2440796 -195.3684082 34.3175354
v -789.2286987 -195.4437866 34.3446999
v -788.5810547 -195.3684082 34.0496407
v -788.5732422 -195.4437866 34.0798721
v -787.8712769 -195.3684082 33.9625015
v -787.1631470 -195.3684082 34.0620232
v -785.6603394 -195.5581665 38.0181732
v -786.0771484 -195.5581665 38.5517311
v -786.6179199 -195.5581665 38.9592209
v -787.2457275 -195.5581665 39.2128754
v -787.9178467 -195.5581665 39.2953911
v -788.5882568 -195.5581665 39.2011528
v -789.2116089 -195.5581665 38.9365921
v -789.7451172 -195.5581665 38.5197220
v -790.1526489 -195.5581665 37.9789619
v -790.4061279 -195.5581665 37.3516731
v -790.4888306 -195.5581665 36.6791115
v -790.3945312 -195.5581665 36.0085945
v -790.1300049 -195.5581665 35.3853226
v -790.1857910 -195.5084991 35.3524742
v -789.7584839 -195.5084991 34.8055916
v -789.7933350 -195.4437866 34.7701759
v -789.2042847 -195.5084991 34.3879318
v -785.6046143 -195.5084991 38.0510254
v -786.0318604 -195.5084991 38.5979042
v -786.5860596 -195.5084991 39.0155525
v -787.2295532 -195.5084991 39.2755318
v -787.9183350 -195.5084991 39.3601112
v -788.6055908 -195.5084991 39.2635231
v -789.2444458 -195.5084991 38.9923630
v -789.7913208 -195.5084991 38.5650940
v -790.2089844 -195.5084991 38.0108337
v -790.4688721 -195.5084991 37.3677635
v -790.5535889 -195.5084991 36.6785431
v -790.4569092 -195.5084991 35.9913063
v -790.2286377 -195.4437866 35.3272629
v -785.3957520 -195.5581665 37.3948936
v -785.3015747 -195.5581665 36.7243843
v -785.3840332 -195.5581665 36.0523224
v -785.6376953 -195.5581665 35.4245224
v -786.0451660 -195.5581665 34.8837624
v -785.5617676 -195.4437866 38.0762215
v -785.9970093 -195.4437866 38.6333237
v -786.5616455 -195.4437866 39.0587807
v -787.2171631 -195.4437866 39.3236122
v -787.9188232 -195.4437866 39.4097748
v -788.6188965 -195.4437866 39.3113823
v -789.2696533 -195.4437866 39.0351524
v -789.8267822 -195.4437866 38.5999031
v -790.2521973 -195.4437866 38.0352936
v -790.5169678 -195.4437866 37.3800735
v -790.6032104 -195.4437866 36.6781158
v -790.5047607 -195.4437866 35.9780312
v -785.3333740 -195.5084991 37.4121933
v -785.2367554 -195.5084991 36.7249413
v -785.3214111 -195.5084991 36.0361214
v -785.5814209 -195.5084991 35.3926544
v -785.9990234 -195.5084991 34.8384018
v -786.5787354 -195.5581665 34.4669037
v -785.2855225 -195.4437866 37.4254646
v -785.1871338 -195.4437866 36.7253761
v -785.2733154 -195.4437866 36.0236855
v -785.5381470 -195.4437866 35.3681946
v -785.9636230 -195.4437866 34.8035927
v -786.5458984 -195.5084991 34.4111328
v -787.2020264 -195.5581665 34.2023354
v -787.8724976 -195.5581665 34.1081009
v -808.5203857 -195.6000214 16.2715816
v -808.8020020 -195.6000214 16.6580544
v -808.8716431 -195.5893707 16.6170025
v -808.9451294 -195.6000214 16.9409924
v -809.1285400 -195.5893707 17.2221737
v -809.0644531 -195.6000214 17.2944622
v -809.1307373 -195.6000214 17.6907139
v -809.2200317 -195.5893707 17.8732033
v -809.1356812 -195.6000214 18.0339527
v -809.1398926 -195.5893707 18.5257320
v -809.0689697 -195.6000214 18.4765224
v -808.9569092 -195.6000214 18.8212223
v -808.8936157 -195.5893707 19.1352921
v -808.8616943 -195.6000214 19.0256844
v -808.5627441 -195.6000214 19.4696121
v -808.4979248 -195.5893707 19.6603336
v -808.1422119 -195.6000214 19.8618221
v -807.9799194 -195.5893707 20.0650921
v -807.7581787 -195.6000214 20.0920925
v -807.3747559 -195.5893707 20.3219624
v -807.5087891 -195.6000214 20.1956615
v -807.1328125 -195.6000214 20.2943535
v -806.7237549 -195.5893707 20.4134636
v -806.8018799 -195.6000214 20.3308830
v -806.4437866 -195.6000214 20.3193340
v -806.0711670 -195.5893707 20.3333416
v -806.0914307 -195.6000214 20.2550430
v -805.6550293 -195.6000214 20.0970135
v -805.4616089 -195.5893707 20.0870628
v -805.2857056 -195.6000214 19.8791733
v -804.9365845 -195.5893707 19.6914120
v -804.8333740 -195.6000214 19.4613018
v -804.5317993 -195.5893707 19.1733532
v -804.6013184 -195.6000214 19.1324139
v -804.3543701 -195.6000214 18.5530033
v -804.2749634 -195.5893707 18.5681820
v -804.3094482 -195.6000214 18.3630810
v -804.1834717 -195.5893707 17.9171524
v -804.2651978 -195.6000214 17.8127937
v -804.3144531 -195.6000214 17.4024029
v -804.2635498 -195.5893707 17.2646332
v -804.4012451 -195.6000214 17.0893536
v -804.5098267 -195.5893707 16.6550732
v -804.5455933 -195.6000214 16.7574139
v -804.7384033 -195.6000214 16.4504738
v -804.9055176 -195.5893707 16.1300240
v -805.0751953 -195.6000214 16.0791531
v -805.4235229 -195.5893707 15.7252722
v -805.3782349 -195.6000214 15.8482208
v -805.7170410 -195.6000214 15.6650620
v -806.0286865 -195.5893707 15.4683905
v -806.1024170 -195.6000214 15.5322323
v -806.5043945 -195.6000214 15.4655418
v -806.6797485 -195.5893707 15.3769016
v -806.5947266 -195.6000214 15.4597816
v -806.9561768 -195.6000214 15.4706631
v -807.3322754 -195.5893707 15.4570227
v -807.3120728 -195.6000214 15.5353222
v -807.7607422 -195.6000214 15.6992826
v -807.9418335 -195.5893707 15.7032928
v -808.1686401 -195.6000214 15.9485025
v -808.4669189 -195.5893707 16.0989437
v -808.6217651 -195.3684082 15.9413309
v -809.0620117 -195.3684082 16.5048523
v -809.3414307 -195.3684082 17.1631222
v -809.4409790 -195.3684082 17.8712730
v -809.3538208 -195.3684082 18.5810623
v -809.0859375 -195.3684082 19.2441025
v -808.6555786 -195.3684082 19.8152122
v -808.0921021 -195.3684082 20.2554836
v -807.4337769 -195.3684082 20.5349026
v -806.7256470 -195.3684082 20.6344318
v -806.0158691 -195.3684082 20.5472736
v -805.3528442 -195.3684082 20.2793941
v -804.7816772 -195.3684082 19.8490219
v -804.3414307 -195.3684082 19.2855034
v -804.0620117 -195.3684082 18.6272430
v -803.9625244 -195.3684082 17.9190826
v -804.0496826 -195.3684082 17.2093029
v -804.3175049 -195.3684082 16.5462627
v -804.7479248 -195.3684082 15.9751415
v -805.3114014 -195.3684082 15.5348721
v -805.9696045 -195.3684082 15.2554617
v -806.6777954 -195.3684082 15.1559315
v -807.3876343 -195.3684082 15.2430820
v -807.3797607 -195.4437866 15.2733116
v -808.0352783 -195.4437866 15.5381413
v -808.0108032 -195.5084991 15.5813618
v -808.5999146 -195.4437866 15.9636030
v -808.5650635 -195.5084991 15.9990206
v -809.0351562 -195.4437866 16.5207024
v -808.9923096 -195.5084991 16.5459023
v -809.3114014 -195.4437866 17.1714630
v -809.2634888 -195.5084991 17.1847324
v -809.4097290 -195.4437866 17.8715515
v -809.3600464 -195.5084991 17.8719845
v -809.3236084 -195.4437866 18.5732422
v -809.2755127 -195.5084991 18.5608120
v -809.0587769 -195.4437866 19.2287331
v -809.0155029 -195.5084991 19.2042732
v -808.6333008 -195.4437866 19.7933331
v -808.5979004 -195.5084991 19.7585220
v -808.0762329 -195.4437866 20.2285824
v -808.0510254 -195.5084991 20.1857929
v -807.4254761 -195.4437866 20.5048218
v -807.4121704 -195.5084991 20.4569626
v -806.7253418 -195.4437866 20.6032143
v -806.7249756 -195.5084991 20.5535526
v -806.0236816 -195.4437866 20.5170536
v -806.0360718 -195.5084991 20.4689713
v -805.3681641 -195.4437866 20.2522240
v -805.3926392 -195.5084991 20.2089920
v -804.8035889 -195.4437866 19.8267536
v -804.8383789 -195.5084991 19.7913322
v -804.3682861 -195.4437866 19.2696629
v -804.4111328 -195.5084991 19.2444515
v -804.0920410 -195.4437866 18.6188927
v -804.1400146 -195.5084991 18.6056232
v -803.9937134 -195.4437866 17.9188137
v -804.0433350 -195.5084991 17.9183826
v -804.0798340 -195.4437866 17.2171230
v -804.1279297 -195.5084991 17.2295513
v -804.3446655 -195.4437866 16.5616341
v -804.3879395 -195.5084991 16.5860825
v -804.7701416 -195.4437866 15.9970207
v -804.8055420 -195.5084991 16.0318336
v -805.3272705 -195.4437866 15.5617714
v -805.3524170 -195.5084991 15.6045618
v -805.9780273 -195.4437866 15.2855415
v -805.9913330 -195.5084991 15.3334026
v -806.6781006 -195.4437866 15.1871510
v -806.6785278 -195.5084991 15.2368107
v -807.3673096 -195.5084991 15.3213921
v -807.3511963 -195.5581665 15.3840523
v -807.9788818 -195.5581665 15.6376925
v -808.5196533 -195.5581665 16.0451927
v -808.9365845 -195.5581665 16.5787525
v -809.2011719 -195.5581665 17.2020321
v -809.2953491 -195.5581665 17.8725433
v -809.2128296 -195.5581665 18.5446014
v -808.9592285 -195.5581665 19.1724014
v -808.5517578 -195.5581665 19.7131634
v -808.0181274 -195.5581665 20.1300335
v -807.3948975 -195.5581665 20.3945923
v -806.7243652 -195.5581665 20.4888325
v -806.0523071 -195.5581665 20.4063129
v -805.4244995 -195.5581665 20.1526623
v -804.8837280 -195.5581665 19.7451725
v -804.4669189 -195.5581665 19.2116032
v -804.2022705 -195.5581665 18.5883331
v -804.1080322 -195.5581665 17.9178143
v -804.1906128 -195.5581665 17.2457638
v -804.4442139 -195.5581665 16.6179638
v -804.8516846 -195.5581665 16.0772018
v -805.3853149 -195.5581665 15.6603308
v -806.0085449 -195.5581665 15.3957615
v -806.6790771 -195.5581665 15.3015308
v -808.0506592 -195.3684082 15.5109720
v -835.1169434 -195.6000214 80.4812088
v -835.3983765 -195.6000214 80.8676834
v -835.4682007 -195.5893707 80.8266296
v -835.5416260 -195.6000214 81.1506119
v -835.7250366 -195.5893707 81.4318085
v -835.6608887 -195.6000214 81.5040894
v -835.7272949 -195.6000214 81.9003448
v -835.8165283 -195.5893707 82.0828400
v -835.7321777 -195.6000214 82.2435760
v -835.7363892 -195.5893707 82.7353592
v -835.6654663 -195.6000214 82.6861496
v -835.5708618 -195.6000214 82.9870529
v -835.4901733 -195.5893707 83.3449097
v -835.4581299 -195.6000214 83.2353134
v -835.1591187 -195.6000214 83.6792297
v -835.0944824 -195.5893707 83.8699646
v -834.7386475 -195.6000214 84.0714569
v -834.5762939 -195.5893707 84.2747116
v -834.3547363 -195.6000214 84.3017197
v -833.9712524 -195.5893707 84.5316010
v -834.1053467 -195.6000214 84.4052811
v -833.7292480 -195.6000214 84.5039825
v -833.3201904 -195.5893707 84.6230927
v -833.3983765 -195.6000214 84.5405121
v -833.0404053 -195.6000214 84.5289688
v -832.6676025 -195.5893707 84.5429764
v -832.6879272 -195.6000214 84.4646759
v -832.2514038 -195.6000214 84.3066483
v -832.0581665 -195.5893707 84.2966995
v -831.8822021 -195.6000214 84.0888062
v -831.5330811 -195.5893707 83.9010468
v -831.4298096 -195.6000214 83.6709366
v -831.1283569 -195.5893707 83.3829803
v -831.1978149 -195.6000214 83.3420258
v -830.9509277 -195.6000214 82.7626343
v -830.8714600 -195.5893707 82.7778168
v -830.9058838 -195.6000214 82.5727005
v -830.7800293 -195.5893707 82.1267853
v -830.8615723 -195.6000214 82.0224228
v -830.9110107 -195.6000214 81.6120300
v -830.8601074 -195.5893707 81.4742508
v -830.9976807 -195.6000214 81.2989731
v -831.1063843 -195.5893707 80.8647003
v -831.1421509 -195.6000214 80.9670486
v -831.3348999 -195.6000214 80.6601028
v -831.5020142 -195.5893707 80.3396530
v -831.6299438 -195.6000214 80.3270416
v -831.9040527 -195.6000214 80.1051636
v -832.0200806 -195.5893707 79.9349060
v -832.2597046 -195.6000214 79.8993149
v -832.6298218 -195.5893707 79.6767426
v -832.6522217 -195.6000214 79.7541428
v -833.1911621 -195.6000214 79.6694031
v -833.2762451 -195.5893707 79.5865250
v -833.5526733 -195.6000214 79.6802902
v -833.9287720 -195.5893707 79.6666412
v -833.9085693 -195.6000214 79.7449493
v -834.3572998 -195.6000214 79.9089127
v -834.5383301 -195.5893707 79.9129181
v -834.7650757 -195.6000214 80.1581268
v -835.0633545 -195.5893707 80.3085785
v -831.3781738 -195.3684082 84.0586472
v -830.9379272 -195.3684082 83.4951324
v -830.6585693 -195.3684082 82.8368683
v -830.5589600 -195.3684082 82.1287079
v -830.6461182 -195.3684082 81.4189377
v -830.9140015 -195.3684082 80.7558823
v -831.3443604 -195.3684082 80.1847763
v -831.9079590 -195.3684082 79.7445068
v -832.5671387 -195.3684082 79.4648056
v -833.2743530 -195.3684082 79.3655624
v -833.9841309 -195.3684082 79.4527130
v -834.6472168 -195.3684082 79.7206039
v -835.2182007 -195.3684082 80.1509552
v -835.6585693 -195.3684082 80.7144852
v -835.9379272 -195.3684082 81.3727493
v -836.0374756 -195.3684082 82.0809021
v -835.9503174 -195.3684082 82.7906876
v -835.6824951 -195.3684082 83.4537354
v -835.2520752 -195.3684082 84.0248413
v -834.6885376 -195.3684082 84.4651184
v -834.0302124 -195.3684082 84.7445297
v -833.3221436 -195.3684082 84.8440628
v -832.6123657 -195.3684082 84.7569046
v -832.6201782 -195.4437866 84.7266769
v -831.9647217 -195.4437866 84.4618454
v -831.9891968 -195.5084991 84.4186249
v -831.4001465 -195.4437866 84.0363846
v -831.4349365 -195.5084991 84.0009613
v -830.9647827 -195.4437866 83.4792938
v -831.0076904 -195.5084991 83.4540863
v -830.6885986 -195.4437866 82.8285294
v -830.7363892 -195.5084991 82.8152542
v -830.5902710 -195.4437866 82.1284409
v -830.6397705 -195.5084991 82.1280060
v -830.6763916 -195.4437866 81.4267426
v -830.7244873 -195.5084991 81.4391861
v -830.9411621 -195.4437866 80.7712708
v -830.9844360 -195.5084991 80.7957077
v -831.3666382 -195.4437866 80.2066498
v -831.4020996 -195.5084991 80.2414627
v -831.9237671 -195.4437866 79.7714081
v -831.9489746 -195.5084991 79.8141937
v -832.5765381 -195.4437866 79.4946136
v -832.5907593 -195.5084991 79.5422211
v -833.2745361 -195.4437866 79.3967819
v -833.2750244 -195.5084991 79.4464417
v -833.9763184 -195.4437866 79.4829330
v -833.9639282 -195.5084991 79.5310135
v -834.6317749 -195.4437866 79.7477798
v -834.6073608 -195.5084991 79.7910004
v -835.1964111 -195.4437866 80.1732330
v -835.1615601 -195.5084991 80.2086639
v -835.6317139 -195.4437866 80.7303314
v -835.5888062 -195.5084991 80.7555389
v -835.9078369 -195.4437866 81.3810959
v -835.8599854 -195.5084991 81.3943634
v -836.0062866 -195.4437866 82.0811768
v -835.9566040 -195.5084991 82.0816193
v -835.9201660 -195.4437866 82.7828751
v -835.8720093 -195.5084991 82.7704315
v -835.6552124 -195.4437866 83.4383545
v -835.6120605 -195.5084991 83.4138947
v -835.2298584 -195.4437866 84.0029678
v -835.1943970 -195.5084991 83.9681549
v -834.6727295 -195.4437866 84.4382172
v -834.6475220 -195.5084991 84.3954239
v -834.0219116 -195.4437866 84.7144470
v -834.0086670 -195.5084991 84.6665878
v -833.3218384 -195.4437866 84.8128357
v -833.3214111 -195.5084991 84.7631760
v -832.6326904 -195.5084991 84.6786041
v -832.6488037 -195.5581665 84.6159439
v -832.0209351 -195.5581665 84.3622894
v -831.4803467 -195.5581665 83.9548035
v -831.0634155 -195.5581665 83.4212341
v -830.7987671 -195.5581665 82.7979507
v -830.7046509 -195.5581665 82.1274414
v -830.7870483 -195.5581665 81.4553909
v -831.0407715 -195.5581665 80.8275833
v -831.4481812 -195.5581665 80.2868195
v -831.9818726 -195.5581665 79.8699646
v -832.6089478 -195.5581665 79.6043320
v -833.2755127 -195.5581665 79.5111618
v -833.9476318 -195.5581665 79.5936737
v -834.5754395 -195.5581665 79.8473282
v -835.1162720 -195.5581665 80.2548141
v -835.5330811 -195.5581665 80.7883835
v -835.7976074 -195.5581665 81.4116669
v -835.8919678 -195.5581665 82.0821686
v -835.8093262 -195.5581665 82.7542343
v -835.5557251 -195.5581665 83.3820343
v -835.1481934 -195.5581665 83.9227905
v -834.6146851 -195.5581665 84.3396454
v -833.9913330 -195.5581665 84.6042328
v -833.3208618 -195.5581665 84.6984482
v -831.9493408 -195.3684082 84.4890289
v -812.0062256 -201.5000153 36.4293327
v -815.4862061 -201.5000153 34.9106522
v -813.5003662 -202.0000305 35.1064835
v -810.1248779 -202.0000305 37.0947342
v -808.9908447 -201.5000153 38.7367020
v -807.3233643 -202.0000305 39.8329926
v -806.6152344 -201.5000153 41.6986427
v -805.2586670 -202.0000305 43.1621246
v -805.0175781 -201.5000153 45.1430359
v -804.0506592 -202.0000305 46.8886452
v -804.2905884 -201.5000153 48.8696938
v -803.7694702 -202.0000305 50.7959824
v -804.4765625 -201.5000153 52.6620407
v -804.4316406 -202.0000305 54.6570625
v -805.5647583 -201.5000153 56.2996826
v -805.9984741 -202.0000305 58.2474899
v -807.4918213 -201.5000153 59.5712013
v -808.3790894 -202.0000305 61.3586044
v -810.1458740 -201.5000153 62.2864876
v -811.4351196 -202.0000305 63.8096046
v -813.3724976 -201.5000153 64.2877121
v -814.9888306 -202.0000305 65.4580307
v -816.9843750 -201.5000153 65.4586029
v -818.8338013 -202.0000305 66.2080917
v -820.7714233 -201.5000153 65.7310867
v -822.7465210 -202.0000305 66.0162048
v -824.5137329 -201.5000153 65.0893402
v -826.4996338 -202.0000305 64.8935165
v -827.9937134 -201.5000153 63.5706482
v -829.8750610 -202.0000305 62.9052505
v -831.0091553 -201.5000153 61.2632942
v -832.6765137 -202.0000305 60.1669922
v -833.3846436 -201.5000153 58.3013420
v -834.7413330 -202.0000305 56.8378716
v -834.9823608 -201.5000153 54.8569527
v -835.9493408 -202.0000305 53.1113396
v -835.7094116 -201.5000153 51.1302948
v -836.2305298 -202.0000305 49.2040024
v -835.5233765 -201.5000153 47.3379555
v -835.5682983 -202.0000305 45.3429260
v -834.4351807 -201.5000153 43.7003098
v -834.0014038 -202.0000305 41.7524910
v -832.5081787 -201.5000153 40.4287834
v -831.6208496 -202.0000305 38.6413841
v -829.8541260 -201.5000153 37.7135048
v -828.5648804 -202.0000305 36.1903915
v -826.6275024 -201.5000153 35.7122726
v -825.0111694 -202.0000305 34.5419617
v -823.0155640 -201.5000153 34.5413857
v -821.1661377 -202.0000305 33.7918930
v -819.2284546 -201.5000153 34.2689056
v -817.2534790 -202.0000305 33.9837837
v -836.4088135 -201.5000153 30.1682491
v -837.0095215 -201.5000153 29.9132500
v -836.8759155 -202.0000305 29.4314327
v -836.1550293 -202.0000305 29.7374306
v -835.8944702 -201.5000153 30.5700493
v -835.5379639 -202.0000305 30.2195930
v -835.5017090 -201.5000153 31.0912628
v -835.0665283 -202.0000305 30.8450508
v -835.2572632 -201.5000153 31.6963711
v -834.7731934 -202.0000305 31.5711842
v -835.1776733 -201.5000153 32.3441429
v -834.6777954 -202.0000305 32.3484993
v -835.2686157 -201.5000153 32.9904213
v -834.7867432 -202.0000305 33.1240425
v -835.5235596 -201.5000153 33.5911751
v -835.0927124 -202.0000305 33.8449440
v -835.9254150 -201.5000153 34.1054535
v -835.5749512 -202.0000305 34.4620705
v -836.4465332 -201.5000153 34.4982147
v -836.2003174 -202.0000305 34.9333954
v -837.0516968 -201.5000153 34.7426949
v -836.9265137 -202.0000305 35.2267647
v -837.6994629 -201.5000153 34.8222351
v -837.7038574 -202.0000305 35.3222122
v -838.3457642 -201.5000153 34.7314034
v -838.4793701 -202.0000305 35.2132149
v -838.9464111 -201.5000153 34.4763947
v -839.2002563 -202.0000305 34.9072151
v -839.4608154 -201.5000153 34.0746040
v -839.8173218 -202.0000305 34.4250526
v -839.8535767 -201.5000153 33.5533829
v -840.2886963 -202.0000305 33.7995949
v -840.0980225 -201.5000153 32.9482727
v -840.5820923 -202.0000305 33.0734634
v -840.1776123 -201.5000153 32.3005104
v -840.6774902 -202.0000305 32.2961426
v -840.0866699 -201.5000153 31.6542320
v -840.5686035 -202.0000305 31.5206127
v -839.8316650 -201.5000153 31.0534821
v -840.2625732 -202.0000305 30.7997093
v -839.4299316 -201.5000153 30.5391998
v -839.7803955 -202.0000305 30.1825714
v -838.9087524 -201.5000153 30.1464291
v -839.1549072 -202.0000305 29.7112522
v -838.3036499 -201.5000153 29.9019508
v -838.4287720 -202.0000305 29.4178810
v -837.6558228 -201.5000153 29.8224220
v -837.6514893 -202.0000305 29.3224392
v -836.4088135 -201.5000153 65.5235977
v -837.0095215 -201.5000153 65.2685776
v -836.8759155 -202.0000305 64.7867737
v -836.1550293 -202.0000305 65.0927734
v -835.8944702 -201.5000153 65.9253922
v -835.5379639 -202.0000305 65.5749359
v -835.5017090 -201.5000153 66.4466019
v -835.0665283 -202.0000305 66.2003937
v -835.2572632 -201.5000153 67.0517120
v -834.7731934 -202.0000305 66.9265289
v -835.1776733 -201.5000153 67.6994781
v -834.6777954 -202.0000305 67.7038422
v -835.2686157 -201.5000153 68.3457642
v -834.7867432 -202.0000305 68.4793854
v -835.5235596 -201.5000153 68.9465179
v -835.0927124 -202.0000305 69.2002869
v -835.9254150 -201.5000153 69.4608002
v -835.5749512 -202.0000305 69.8174133
v -836.4465332 -201.5000153 69.8535538
v -836.2003174 -202.0000305 70.2887344
v -837.0516968 -201.5000153 70.0980301
v -836.9265137 -202.0000305 70.5821075
v -837.6994629 -201.5000153 70.1775742
v -837.7038574 -202.0000305 70.6775589
v -838.3457642 -201.5000153 70.0867462
v -838.4793701 -202.0000305 70.5685577
v -838.9464111 -201.5000153 69.8317337
v -839.2002563 -202.0000305 70.2625580
v -839.4608154 -201.5000153 69.4299393
v -839.8173218 -202.0000305 69.7803955
v -839.8535767 -201.5000153 68.9087219
v -840.2886963 -202.0000305 69.1549301
v -840.0980225 -201.5000153 68.3036118
v -840.5820923 -202.0000305 68.4288101
v -840.1776123 -201.5000153 67.6558380
v -840.6774902 -202.0000305 67.6514816
v -840.0866699 -201.5000153 67.0095673
v -840.5686035 -202.0000305 66.8759537
v -839.8316650 -201.5000153 66.4088287
v -840.2625732 -202.0000305 66.1550522
v -839.4299316 -201.5000153 65.8945389
v -839.7803955 -202.0000305 65.5379181
v -838.9087524 -201.5000153 65.5017776
v -839.1549072 -202.0000305 65.0665970
v -838.3036499 -201.5000153 65.2572937
v -838.4287720 -202.0000305 64.7732239
v -837.6558228 -201.5000153 65.1777649
v -837.6514893 -202.0000305 64.6777802
v -801.0535278 -201.5000153 65.5235977
v -801.6542358 -201.5000153 65.2685776
v -801.5205688 -202.0000305 64.7867737
v -800.7996826 -202.0000305 65.0927734
v -800.5391846 -201.5000153 65.9253922
v -800.1826172 -202.0000305 65.5749359
v -800.1464233 -201.5000153 66.4466019
v -799.7113037 -202.0000305 66.2003937
v -799.9019165 -201.5000153 67.0517120
v -799.4179077 -202.0000305 66.9265289
v -799.8223877 -201.5000153 67.6994781
v -799.3223877 -202.0000305 67.7038422
v -799.9132080 -201.5000153 68.3457642
v -799.4313965 -202.0000305 68.4793854
v -800.1682739 -201.5000153 68.9465179
v -799.7374268 -202.0000305 69.2002869
v -800.5700073 -201.5000153 69.4608002
v -800.2196045 -202.0000305 69.8174133
v -801.0912476 -201.5000153 69.8535538
v -800.8450928 -202.0000305 70.2887344
v -801.6963501 -201.5000153 70.0980301
v -801.5711670 -202.0000305 70.5821075
v -802.3441162 -201.5000153 70.1775742
v -802.3485107 -202.0000305 70.6775589
v -802.9903564 -201.5000153 70.0867462
v -803.1240234 -202.0000305 70.5685577
v -803.5911865 -201.5000153 69.8317337
v -803.8449097 -202.0000305 70.2625580
v -804.1054077 -201.5000153 69.4299393
v -804.4620361 -202.0000305 69.7803955
v -804.4981689 -201.5000153 68.9087219
v -804.9333496 -202.0000305 69.1549301
v -804.7426758 -201.5000153 68.3036118
v -805.2267456 -202.0000305 68.4288101
v -804.8221436 -201.5000153 67.6558380
v -805.3222046 -202.0000305 67.6514816
v -804.7313843 -201.5000153 67.0095673
v -805.2131958 -202.0000305 66.8759537
v -804.4763794 -201.5000153 66.4088287
v -804.9071655 -202.0000305 66.1550522
v -804.0745850 -201.5000153 65.8945389
v -804.4251099 -202.0000305 65.5379181
v -803.5533447 -201.5000153 65.5017776
v -803.7996216 -202.0000305 65.0665970
v -802.9482422 -201.5000153 65.2572937
v -803.0734253 -202.0000305 64.7732239
v -802.3005371 -201.5000153 65.1777649
v -802.2960815 -202.0000305 64.6777802
v -801.0535278 -201.5000153 30.1682491
v -801.6542358 -201.5000153 29.9132500
v -801.5205688 -202.0000305 29.4314327
v -800.7996826 -202.0000305 29.7374306
v -800.5391846 -201.5000153 30.5700493
v -800.1826172 -202.0000305 30.2195930
v -800.1464233 -201.5000153 31.0912628
v -799.7113037 -202.0000305 30.8450508
v -799.9019165 -201.5000153 31.6963711
v -799.4179077 -202.0000305 31.5711842
v -799.8223877 -201.5000153 32.3441429
v -799.3223877 -202.0000305 32.3484993
v -799.9132080 -201.5000153 32.9904213
v -799.4313965 -202.0000305 33.1240425
v -800.1682739 -201.5000153 33.5911751
v -799.7374268 -202.0000305 33.8449440
v -800.5700073 -201.5000153 34.1054535
v -800.2196045 -202.0000305 34.4620705
v -801.0912476 -201.5000153 34.4982147
v -800.8450928 -202.0000305 34.9333954
v -801.6963501 -201.5000153 34.7426949
v -801.5711670 -202.0000305 35.2267647
v -802.3441162 -201.5000153 34.8222351
v -802.3485107 -202.0000305 35.3222122
v -802.9903564 -201.5000153 34.7314034
v -803.1240234 -202.0000305 35.2132149
v -803.5911865 -201.5000153 34.4763947
v -803.8449097 -202.0000305 34.9072151
v -804.1054077 -201.5000153 34.0746040
v -804.4620361 -202.0000305 34.4250526
v -804.4981689 -201.5000153 33.5533829
v -804.9333496 -202.0000305 33.7995949
v -804.7426758 -201.5000153 32.9482727
v -805.2267456 -202.0000305 33.0734634
v -804.8221436 -201.5000153 32.3005104
v -805.3222046 -202.0000305 32.2961426
v -804.7313843 -201.5000153 31.6542320
v -805.2131958 -202.0000305 31.5206127
v -804.4763794 -201.5000153 31.0534821
v -804.9071655 -202.0000305 30.7997093
v -804.0745850 -201.5000153 30.5391998
v -804.4251099 -202.0000305 30.1825714
v -803.5533447 -201.5000153 30.1464291
v -803.7996216 -202.0000305 29.7112522
v -802.9482422 -201.5000153 29.9019508
v -803.0734253 -202.0000305 29.4178810
v -802.3005371 -201.5000153 29.8224220
v -802.2960815 -202.0000305 29.3224392
v -818.4773560 -201.8500214 72.4151001
v -819.1982422 -201.8500214 72.1091003
v -819.1582031 -202.0000305 71.9645615
v -818.4012451 -202.0000305 72.2858658
v -817.8602295 -201.8500214 72.8972626
v -817.7532959 -202.0000305 72.7921295
v -817.3889771 -201.8500214 73.5227203
v -817.2583618 -202.0000305 73.4488602
v -817.0955200 -201.8500214 74.2488556
v -816.9503174 -202.0000305 74.2112961
v -817.0000610 -201.8500214 75.0261688
v -816.8500977 -202.0000305 75.0274811
v -817.1090698 -201.8500214 75.8017120
v -816.9644775 -202.0000305 75.8417892
v -817.4151001 -201.8500214 76.5226135
v -817.2858887 -202.0000305 76.5987396
v -817.8972168 -201.8500214 77.1397476
v -817.7921143 -202.0000305 77.2467346
v -818.5227661 -201.8500214 77.6110687
v -818.4488525 -202.0000305 77.7416153
v -819.2489014 -201.8500214 77.9044342
v -819.2113037 -202.0000305 78.0496674
v -820.0262451 -201.8500214 77.9998856
v -820.0274658 -202.0000305 78.1498795
v -820.8016968 -201.8500214 77.8908844
v -820.8417358 -202.0000305 78.0354385
v -821.5225830 -201.8500214 77.5848846
v -821.5986938 -202.0000305 77.7141266
v -822.1397705 -201.8500214 77.1027222
v -822.2467041 -202.0000305 77.2078705
v -822.6110840 -201.8500214 76.4772644
v -822.7415771 -202.0000305 76.5511322
v -822.9043579 -201.8500214 75.7511292
v -823.0496826 -202.0000305 75.7886887
v -822.9998779 -201.8500214 74.9738159
v -823.1498413 -202.0000305 74.9725037
v -822.8908691 -201.8500214 74.1982880
v -823.0354004 -202.0000305 74.1581955
v -822.5848999 -201.8500214 73.4773865
v -822.7141113 -202.0000305 73.4012527
v -822.1026611 -201.8500214 72.8602448
v -822.2078857 -202.0000305 72.7532501
v -821.4771729 -201.8500214 72.3889236
v -821.5511475 -202.0000305 72.2583771
v -820.7510986 -201.8500214 72.0955582
v -820.7886963 -202.0000305 71.9503326
v -819.9737549 -201.8500214 72.0001144
v -819.9725342 -202.0000305 71.8501129
v -808.5208740 -195.6000214 80.4819031
v -808.8020020 -195.6000214 80.8676834
v -808.8716431 -195.5893707 80.8266296
v -809.0034180 -195.6000214 81.3010712
v -809.1285400 -195.5893707 81.4318085
v -809.1083984 -195.6000214 81.7184219
v -809.2200317 -195.5893707 82.0828400
v -809.1353760 -195.6000214 82.2489777
v -809.1398926 -195.5893707 82.7353592
v -809.0476685 -195.6000214 82.7673416
v -808.9561157 -195.6000214 83.0327759
v -808.8936157 -195.5893707 83.3449097
v -808.7187500 -195.6000214 83.4735031
v -808.4979248 -195.5893707 83.8699646
v -808.3727417 -195.6000214 83.8800125
v -807.9799194 -195.5893707 84.2747116
v -807.9388428 -195.6000214 84.2050323
v -807.5060425 -195.6000214 84.4061432
v -807.3747559 -195.5893707 84.5316010
v -807.0409546 -195.6000214 84.5185928
v -806.7237549 -195.5893707 84.6230850
v -806.5936279 -195.6000214 84.5403519
v -806.0711670 -195.5893707 84.5429611
v -806.1304932 -195.6000214 84.4744797
v -805.8070679 -195.6000214 84.3725510
v -805.4616089 -195.5893707 84.2966995
v -805.4856567 -195.6000214 84.2176666
v -805.2142334 -195.6000214 84.0358124
v -804.9365845 -195.5893707 83.9010468
v -804.8825073 -195.6000214 83.7277145
v -804.5317993 -195.5893707 83.3829803
v -804.6015625 -195.6000214 83.3419342
v -804.4000244 -195.6000214 82.9085541
v -804.2749634 -195.5893707 82.7778168
v -804.2950439 -195.6000214 82.4911957
v -804.1834717 -195.5893707 82.1267853
v -804.2680664 -195.6000214 81.9606476
v -804.2635498 -195.5893707 81.4742584
v -804.3558350 -195.6000214 81.4422836
v -804.4873657 -195.6000214 81.0850601
v -804.5098267 -195.5893707 80.8647003
v -804.6846924 -195.6000214 80.7361145
v -804.9055176 -195.5893707 80.3396530
v -805.0307007 -195.6000214 80.3296204
v -805.4235229 -195.5893707 79.9349060
v -805.4645996 -195.6000214 80.0045853
v -805.8973999 -195.6000214 79.8034744
v -806.0286865 -195.5893707 79.6780243
v -806.3624878 -195.6000214 79.6910324
v -806.6797485 -195.5893707 79.5865326
v -806.8098755 -195.6000214 79.6692657
v -807.3322754 -195.5893707 79.6666565
v -807.2730103 -195.6000214 79.7351303
v -807.5963745 -195.6000214 79.8370590
v -807.9418335 -195.5893707 79.9129181
v -807.9178467 -195.6000214 79.9919586
v -808.1893311 -195.6000214 80.1738052
v -808.4669189 -195.5893707 80.3085785
v -804.7816772 -195.3684082 84.0586472
v -804.3414307 -195.3684082 83.4951324
v -804.0620117 -195.3684082 82.8368683
v -803.9625244 -195.3684082 82.1287079
v -804.0496826 -195.3684082 81.4189377
v -804.3175049 -195.3684082 80.7558823
v -804.7479248 -195.3684082 80.1847763
v -805.3114014 -195.3684082 79.7445068
v -805.9696045 -195.3684082 79.4650803
v -806.6777954 -195.3684082 79.3655624
v -807.3876343 -195.3684082 79.4527130
v -808.0506592 -195.3684082 79.7206039
v -808.6217651 -195.3684082 80.1509552
v -809.0620117 -195.3684082 80.7144852
v -809.3414307 -195.3684082 81.3727493
v -809.4409790 -195.3684082 82.0809021
v -809.3538208 -195.3684082 82.7906876
v -809.0859375 -195.3684082 83.4537354
v -808.6555786 -195.3684082 84.0248413
v -808.0921021 -195.3684082 84.4651184
v -807.4337769 -195.3684082 84.7445297
v -806.7256470 -195.3684082 84.8440628
v -806.0158691 -195.3684082 84.7569046
v -805.3528442 -195.3684082 84.4890289
v -804.4669189 -195.5581665 83.4212341
v -804.8837280 -195.5581665 83.9547958
v -805.4244995 -195.5581665 84.3622894
v -806.0523071 -195.5581665 84.6159286
v -806.7243652 -195.5581665 84.6984482
v -807.3948975 -195.5581665 84.6042328
v -808.0181274 -195.5581665 84.3396454
v -808.5517578 -195.5581665 83.9227753
v -808.9592285 -195.5581665 83.3820343
v -809.2128296 -195.5581665 82.7542343
v -809.2953491 -195.5581665 82.0821686
v -809.2011719 -195.5581665 81.4116669
v -808.9365845 -195.5581665 80.7883835
v -808.5196533 -195.5581665 80.2548294
v -807.9788818 -195.5581665 79.8473358
v -807.3511963 -195.5581665 79.5936813
v -806.6790771 -195.5581665 79.5111618
v -806.0085449 -195.5581665 79.6053925
v -805.3853149 -195.5581665 79.8699646
v -804.8516846 -195.5581665 80.2868271
v -804.4442139 -195.5581665 80.8275833
v -804.1906128 -195.5581665 81.4553909
v -804.1080322 -195.5581665 82.1274414
v -804.2022705 -195.5581665 82.7979507
v -804.4111328 -195.5084991 83.4540863
v -804.8383789 -195.5084991 84.0009613
v -805.3926392 -195.5084991 84.4186249
v -806.0360718 -195.5084991 84.6785965
v -806.7249756 -195.5084991 84.7631760
v -807.4121704 -195.5084991 84.6665878
v -808.0510254 -195.5084991 84.3954239
v -808.5979004 -195.5084991 83.9681549
v -809.0155029 -195.5084991 83.4138947
v -809.2755127 -195.5084991 82.7704315
v -809.3600464 -195.5084991 82.0816193
v -809.2634888 -195.5084991 81.3943634
v -808.9923096 -195.5084991 80.7555389
v -808.5650635 -195.5084991 80.2086639
v -808.0108032 -195.5084991 79.7910004
v -807.3673096 -195.5084991 79.5310211
v -806.6785278 -195.5084991 79.4464417
v -805.9913330 -195.5084991 79.5430374
v -805.3524170 -195.5084991 79.8141937
v -804.8055420 -195.5084991 80.2414627
v -804.3879395 -195.5084991 80.7957077
v -804.1279297 -195.5084991 81.4391861
v -804.0433350 -195.5084991 82.1280060
v -804.1400146 -195.5084991 82.8152542
v -804.3682861 -195.4437866 83.4792938
v -804.8035889 -195.4437866 84.0363846
v -805.3681641 -195.4437866 84.4618454
v -806.0236816 -195.4437866 84.7266769
v -806.7253418 -195.4437866 84.8128357
v -807.4254761 -195.4437866 84.7144470
v -808.0762329 -195.4437866 84.4382172
v -808.6333008 -195.4437866 84.0029678
v -809.0587769 -195.4437866 83.4383545
v -809.3236084 -195.4437866 82.7828751
v -809.4097290 -195.4437866 82.0811768
v -809.3114014 -195.4437866 81.3810959
v -809.0351562 -195.4437866 80.7303314
v -808.5999146 -195.4437866 80.1732330
v -808.0352783 -195.4437866 79.7477798
v -807.3797607 -195.4437866 79.4829330
v -806.6781006 -195.4437866 79.3967819
v -805.9780273 -195.4437866 79.4951782
v -805.3272705 -195.4437866 79.7714081
v -804.7701416 -195.4437866 80.2066498
v -804.3446655 -195.4437866 80.7712708
v -804.0798340 -195.4437866 81.4267426
v -803.9937134 -195.4437866 82.1284409
v -804.0920410 -195.4437866 82.8285294
v -853.9237671 -195.6000214 61.6749611
v -854.2050171 -195.6000214 62.0611191
v -854.2746582 -195.5893707 62.0200729
v -854.4061890 -195.6000214 62.4940720
v -854.5316162 -195.5893707 62.6252365
v -854.5186768 -195.6000214 62.9588127
v -854.6231079 -195.5893707 63.2762604
v -854.5385132 -195.6000214 63.4367828
v -854.5428467 -195.5893707 63.9294167
v -854.4647827 -195.6000214 63.9093285
v -854.3001709 -195.6000214 64.3582764
v -854.2966309 -195.5893707 64.5383530
v -854.0511475 -195.6000214 64.7657776
v -853.9010010 -195.5893707 65.0634003
v -853.7279663 -195.6000214 65.1174545
v -853.3829346 -195.5893707 65.4681473
v -853.3419189 -195.6000214 65.3984604
v -852.9085693 -195.6000214 65.5999451
v -852.7777710 -195.5893707 65.7250214
v -852.4911499 -195.6000214 65.7049103
v -852.1268311 -195.5893707 65.8165207
v -851.9605713 -195.6000214 65.7319336
v -851.4742432 -195.5893707 65.7364044
v -851.4423218 -195.6000214 65.6441803
v -851.1768188 -195.6000214 65.5526047
v -850.8646851 -195.5893707 65.4901276
v -850.7360840 -195.6000214 65.3152695
v -850.3395996 -195.5893707 65.0944748
v -850.3296509 -195.6000214 64.9692764
v -849.9349365 -195.5893707 64.5764160
v -850.0046387 -195.6000214 64.5353775
v -849.8034668 -195.6000214 64.1025696
v -849.6779785 -195.5893707 63.9712601
v -849.6910400 -195.6000214 63.6374817
v -849.5864868 -195.5893707 63.3202286
v -849.6680298 -195.6000214 63.2240753
v -849.6666260 -195.5893707 62.6676979
v -849.7351074 -195.6000214 62.7270279
v -849.9621582 -195.6000214 62.1353149
v -849.9129639 -195.5893707 62.0581284
v -850.2359009 -195.6000214 61.7332344
v -850.3085327 -195.5893707 61.5330925
v -850.4818726 -195.6000214 61.4790344
v -850.8265991 -195.5893707 61.1283455
v -850.8676147 -195.6000214 61.1980209
v -851.3008423 -195.6000214 60.9967728
v -851.4317627 -195.5893707 60.8714638
v -851.7650757 -195.6000214 60.8844719
v -852.0828857 -195.5893707 60.7799683
v -852.2427368 -195.6000214 60.8642502
v -852.7352905 -195.5893707 60.8600807
v -852.7150879 -195.6000214 60.9383774
v -853.1638184 -195.6000214 61.1022987
v -853.3448486 -195.5893707 61.1063652
v -853.5718994 -195.6000214 61.3517456
v -853.8699951 -195.5893707 61.5020142
v -854.4650879 -195.3684082 61.9079170
v -854.7445068 -195.3684082 62.5661850
v -854.8439941 -195.3684082 63.2743454
v -854.7568970 -195.3684082 63.9842529
v -854.4890137 -195.3684082 64.6471634
v -854.0586548 -195.3684082 65.2182846
v -853.4951782 -195.3684082 65.6585541
v -853.4792480 -195.4437866 65.6316528
v -852.8285522 -195.4437866 65.9078827
v -852.8153076 -195.5084991 65.8600235
v -852.1283569 -195.4437866 66.0062714
v -852.1279907 -195.5084991 65.9566193
v -851.4266968 -195.4437866 65.9201126
v -851.4392090 -195.5084991 65.8720322
v -850.7712402 -195.4437866 65.6552811
v -850.7956543 -195.5084991 65.6120529
v -850.2066040 -195.4437866 65.2298203
v -850.2414551 -195.5084991 65.1943970
v -849.7713623 -195.4437866 64.6727219
v -849.8142090 -195.5084991 64.6475296
v -849.4950562 -195.4437866 64.0219574
v -849.5430298 -195.5084991 64.0086899
v -849.3967285 -195.4437866 63.3218727
v -849.4464111 -195.5084991 63.3214493
v -849.4828491 -195.4437866 62.6201859
v -849.5310059 -195.5084991 62.6326141
v -849.7476807 -195.4437866 61.9646912
v -849.7909546 -195.5084991 61.9891548
v -850.1732178 -195.4437866 61.4000893
v -850.2086182 -195.5084991 61.4348984
v -850.7303467 -195.4437866 60.9648438
v -850.7554932 -195.5084991 61.0076294
v -851.3811035 -195.4437866 60.6886024
v -851.3944092 -195.5084991 60.7364616
v -852.0811768 -195.4437866 60.5902138
v -852.0816040 -195.5084991 60.6398735
v -852.7704468 -195.5084991 60.7244492
v -852.7542725 -195.5581665 60.7871132
v -853.3819580 -195.5581665 61.0407639
v -853.9227905 -195.5581665 61.4482536
v -853.4536743 -195.3684082 60.9140320
v -854.0248413 -195.3684082 61.3444023
v -854.4382324 -195.4437866 61.9237671
v -854.7144775 -195.4437866 62.5745201
v -854.6665649 -195.5084991 62.5878067
v -854.8128662 -195.4437866 63.2746162
v -854.7631226 -195.5084991 63.2750473
v -854.7266235 -195.4437866 63.9765701
v -854.6784668 -195.5084991 63.9642639
v -854.4618530 -195.4437866 64.6317902
v -854.4185791 -195.5084991 64.6073303
v -854.0363770 -195.4437866 65.1964035
v -854.0009155 -195.5084991 65.1615982
v -853.4540405 -195.5084991 65.5888519
v -853.4212646 -195.5581665 65.5330963
v -852.7979736 -195.5581665 65.7976532
v -852.1273804 -195.5581665 65.8918915
v -851.4553223 -195.5581665 65.8093719
v -850.8275757 -195.5581665 65.5557251
v -850.2868652 -195.5581665 65.1482391
v -849.8699951 -195.5581665 64.6146774
v -849.6053467 -195.5581665 63.9913979
v -849.5111694 -195.5581665 63.3208809
v -849.5936890 -195.5581665 62.6488266
v -849.8472900 -195.5581665 62.0210266
v -850.2547607 -195.5581665 61.4802589
v -850.7883301 -195.5581665 61.0633888
v -851.4115601 -195.5581665 60.7988319
v -852.0821533 -195.5581665 60.7046013
v -852.7906494 -195.3684082 60.6461411
v -853.4383545 -195.4437866 60.9412041
v -852.7828369 -195.4437866 60.6763725
v -853.4139404 -195.5084991 60.9844360
v -852.0809326 -195.3684082 60.5589943
v -851.3726807 -195.3684082 60.6585274
v -850.7144165 -195.3684082 60.9379387
v -850.1509399 -195.3684082 61.3782043
v -849.7205811 -195.3684082 61.9493217
v -849.4526978 -195.3684082 62.6123619
v -849.3656006 -195.3684082 63.3221474
v -849.4650879 -195.3684082 64.0303040
v -849.7445068 -195.3684082 64.6885757
v -850.1846924 -195.3684082 65.2520828
v -850.7559204 -195.3684082 65.6824493
v -851.4188843 -195.3684082 65.9503403
v -852.1286621 -195.3684082 66.0374908
v -852.8368530 -195.3684082 65.9379654
v -854.6042480 -195.5581665 62.6050987
v -854.3395996 -195.5581665 61.9818230
v -854.3953857 -195.5084991 61.9489746
v -853.9681396 -195.5084991 61.4020920
v -854.0029907 -195.4437866 61.3666611
v -854.6983643 -195.5581665 63.2756042
v -854.6157837 -195.5581665 63.9481773
v -854.3622437 -195.5581665 64.5754623
v -853.9548340 -195.5581665 65.1162262
v -854.0009155 -195.6000214 35.1694221
v -854.2050171 -195.6000214 35.4646225
v -854.2746582 -195.5893707 35.4235725
v -854.3737793 -195.6000214 35.8101425
v -854.5316162 -195.5893707 36.0287361
v -854.4849854 -195.6000214 36.1754799
v -854.6231079 -195.5893707 36.6797714
v -854.5422363 -195.6000214 36.7507439
v -854.5429077 -195.5893707 37.3322945
v -854.4647217 -195.6000214 37.3120422
v -854.3487549 -195.6000214 37.6544228
v -854.2966309 -195.5893707 37.9418526
v -854.1836548 -195.6000214 37.9753532
v -854.0085449 -195.6000214 38.2241554
v -853.9010010 -195.5893707 38.4669037
v -853.7157593 -195.6000214 38.5315742
v -853.3829346 -195.5893707 38.8716545
v -853.3863525 -195.6000214 38.7753830
v -853.1091309 -195.6000214 38.9230728
v -852.7777710 -195.5893707 39.1285324
v -852.5793457 -195.6000214 39.0926933
v -852.1268311 -195.5893707 39.2200356
v -852.0610962 -195.6000214 39.1392326
v -851.8068848 -195.6000214 39.1213226
v -851.4709473 -195.5893707 39.1390648
v -851.4906616 -195.6000214 39.0606117
v -851.0163574 -195.6000214 38.8831673
v -850.8646851 -195.5893707 38.8936348
v -850.7054443 -195.6000214 38.6978340
v -850.3395996 -195.5893707 38.4979820
v -850.4173584 -195.6000214 38.4611626
v -850.2162476 -195.6000214 38.2433739
v -849.9349365 -195.5893707 37.9799232
v -850.0045166 -195.6000214 37.9389038
v -849.7935181 -195.6000214 37.4773827
v -849.6779785 -195.5893707 37.3747559
v -849.6849976 -195.6000214 36.9955330
v -849.5864868 -195.5893707 36.7237244
v -849.6715088 -195.6000214 36.5518532
v -849.6666260 -195.5893707 36.0711937
v -849.7448730 -195.6000214 36.0914421
v -849.8597412 -195.6000214 35.7516212
v -849.9129639 -195.5893707 35.4616318
v -850.0230713 -195.6000214 35.4328651
v -850.1948853 -195.6000214 35.1871719
v -850.3085327 -195.5893707 34.9365921
v -850.4859009 -195.6000214 34.8789253
v -850.8265991 -195.5893707 34.5318298
v -850.8106689 -195.6000214 34.6358910
v -851.0899658 -195.6000214 34.4852028
v -851.4317627 -195.5893707 34.2749519
v -851.4120483 -195.6000214 34.3643608
v -851.7906494 -195.6000214 34.2845230
v -852.0828857 -195.5893707 34.1834602
v -852.1241455 -195.6000214 34.2639732
v -852.4812012 -195.6000214 34.2931709
v -852.7352905 -195.5893707 34.2635841
v -852.7824707 -195.6000214 34.3602753
v -853.1636963 -195.6000214 34.5057640
v -853.3448486 -195.5893707 34.5098648
v -853.4744873 -195.6000214 34.6852417
v -853.8699951 -195.5893707 34.9055138
v -853.7564087 -195.6000214 34.9086838
v -854.0248413 -195.3684082 34.7479019
v -854.4650879 -195.3684082 35.3114204
v -854.7445068 -195.3684082 35.9696846
v -854.8439941 -195.3684082 36.6778450
v -854.7568970 -195.3684082 37.3876228
v -854.7266846 -195.4437714 37.3798027
v -854.4618530 -195.4437714 38.0352936
v -854.4185791 -195.5084991 38.0108414
v -854.0363770 -195.4437714 38.5999031
v -854.0009155 -195.5084991 38.5650940
v -853.4792480 -195.4437714 39.0351524
v -853.4540405 -195.5084991 38.9923630
v -852.8285522 -195.4437714 39.3113823
v -852.8153076 -195.5084991 39.2635345
v -852.1283569 -195.4437714 39.4097748
v -852.1279907 -195.5084991 39.3601112
v -851.4253540 -195.4437714 39.3232536
v -851.4370728 -195.5084991 39.2750015
v -850.7712402 -195.4437714 39.0587807
v -850.7956543 -195.5084991 39.0155640
v -850.2066040 -195.4437714 38.6333237
v -850.2414551 -195.5084991 38.5979042
v -849.7713623 -195.4437714 38.0762215
v -849.8142090 -195.5084991 38.0510254
v -849.4950562 -195.4437714 37.4254646
v -849.5430298 -195.5084991 37.4121933
v -849.3967285 -195.4437714 36.7253761
v -849.4464111 -195.5084991 36.7249413
v -849.4828491 -195.4437714 36.0236855
v -849.5310059 -195.5084991 36.0361137
v -849.7476807 -195.4437714 35.3681946
v -849.7909546 -195.5084991 35.3926544
v -850.1732178 -195.4437714 34.8035927
v -850.2086182 -195.5084991 34.8384018
v -850.7303467 -195.4437714 34.3683434
v -850.7554932 -195.5084991 34.4111328
v -851.3811035 -195.4437714 34.0921021
v -851.3944092 -195.5084991 34.1399612
v -852.0811768 -195.4437714 33.9937134
v -852.0816040 -195.5084991 34.0433693
v -852.7828369 -195.4437714 34.0798721
v -852.7704468 -195.5084991 34.1279526
v -853.4383545 -195.4437714 34.3446999
v -853.4139404 -195.5084991 34.3879318
v -854.0029907 -195.4437714 34.7701759
v -853.9681396 -195.5084991 34.8055916
v -854.4382324 -195.4437714 35.3272629
v -854.3953857 -195.5084991 35.3524742
v -854.7144775 -195.4437714 35.9780312
v -854.6665649 -195.5084991 35.9913063
v -854.8128662 -195.4437714 36.6781158
v -854.7631226 -195.5084991 36.6785431
v -854.6785889 -195.5084991 37.3673744
v -854.6158447 -195.5581665 37.3511696
v -854.3622437 -195.5581665 37.9789734
v -853.9548340 -195.5581665 38.5197334
v -853.4212646 -195.5581665 38.9365921
v -852.7979736 -195.5581665 39.2011604
v -852.1273804 -195.5581665 39.2953911
v -851.4526978 -195.5581665 39.2121735
v -850.8275757 -195.5581665 38.9592323
v -850.2868652 -195.5581665 38.5517464
v -849.8699951 -195.5581665 38.0181732
v -849.6053467 -195.5581665 37.3948936
v -849.5111694 -195.5581665 36.7243843
v -849.5936890 -195.5581665 36.0523224
v -849.8472900 -195.5581665 35.4245224
v -850.2547607 -195.5581665 34.8837624
v -850.7883301 -195.5581665 34.4668922
v -851.4115601 -195.5581665 34.2023354
v -852.0821533 -195.5581665 34.1080933
v -852.7542725 -195.5581665 34.1906128
v -853.3819580 -195.5581665 34.4442635
v -853.9227905 -195.5581665 34.8517532
v -854.3395996 -195.5581665 35.3853149
v -854.6042480 -195.5581665 36.0085945
v -854.6983643 -195.5581665 36.6791115
v -853.4536743 -195.3684082 34.3175354
v -852.7906494 -195.3684082 34.0496559
v -852.0809326 -195.3684082 33.9624939
v -851.3726807 -195.3684082 34.0620232
v -850.7144165 -195.3684082 34.3414421
v -850.1509399 -195.3684082 34.7817116
v -849.7205811 -195.3684082 35.3528252
v -849.4526978 -195.3684082 36.0158615
v -849.3656006 -195.3684082 36.7256508
v -849.4650879 -195.3684082 37.4338036
v -849.7445068 -195.3684082 38.0920715
v -850.1846924 -195.3684082 38.6555939
v -850.7559204 -195.3684082 39.0859566
v -851.4182129 -195.3684082 39.3536530
v -852.1286621 -195.3684082 39.4409943
v -852.8368530 -195.3684082 39.3414726
v -853.4951782 -195.3684082 39.0620499
v -854.0586548 -195.3684082 38.6217842
v -854.4890137 -195.3684082 38.0506630
v -835.1174316 -195.6000214 16.2722836
v -835.3983765 -195.6000214 16.6580544
v -835.4682007 -195.5893707 16.6170120
v -835.5999756 -195.6000214 17.0914421
v -835.7250366 -195.5893707 17.2221737
v -835.7049561 -195.6000214 17.5088024
v -835.8165283 -195.5893707 17.8732033
v -835.7318726 -195.6000214 18.0393429
v -835.7363892 -195.5893707 18.5257320
v -835.6441650 -195.6000214 18.5577011
v -835.5125732 -195.6000214 18.9149323
v -835.4901733 -195.5893707 19.1352825
v -835.3153076 -195.6000214 19.2638741
v -835.0944824 -195.5893707 19.6603336
v -834.9692993 -195.6000214 19.6703720
v -834.5762939 -195.5893707 20.0650845
v -834.5352783 -195.6000214 19.9954033
v -834.1026001 -195.6000214 20.1965122
v -833.9712524 -195.5893707 20.3219624
v -833.6374512 -195.6000214 20.3089619
v -833.3201904 -195.5893707 20.4134636
v -833.1900635 -195.6000214 20.3307323
v -832.6676025 -195.5893707 20.3333340
v -832.7269897 -195.6000214 20.2648525
v -832.4034424 -195.6000214 20.1629238
v -832.0581665 -195.5893707 20.0870628
v -832.0821533 -195.6000214 20.0080414
v -831.8106079 -195.6000214 19.8261833
v -831.5330811 -195.5893707 19.6914120
v -831.4789429 -195.6000214 19.5180836
v -831.1283569 -195.5893707 19.1733532
v -831.1979980 -195.6000214 19.1323032
v -830.9965210 -195.6000214 18.6989117
v -830.8714600 -195.5893707 18.5681820
v -830.8915405 -195.6000214 18.2815609
v -830.7800293 -195.5893707 17.9171524
v -830.8645020 -195.6000214 17.7510128
v -830.8601074 -195.5893707 17.2646332
v -830.9522705 -195.6000214 17.2326527
v -831.0838623 -195.6000214 16.8754234
v -831.1063843 -195.5893707 16.6550732
v -831.2811890 -195.6000214 16.5264835
v -831.5020142 -195.5893707 16.1300335
v -831.6271973 -195.6000214 16.1199932
v -832.0200806 -195.5893707 15.7252722
v -832.0610962 -195.6000214 15.7949610
v -832.4938965 -195.6000214 15.5938406
v -832.6252441 -195.5893707 15.4684010
v -832.9590454 -195.6000214 15.4814014
v -833.2762451 -195.5893707 15.3769016
v -833.4063721 -195.6000214 15.4596319
v -833.9287720 -195.5893707 15.4570227
v -833.8693848 -195.6000214 15.5255013
v -834.1929321 -195.6000214 15.6274328
v -834.5383301 -195.5893707 15.7033014
v -834.5142822 -195.6000214 15.7823229
v -834.7857666 -195.6000214 15.9641800
v -835.0633545 -195.5893707 16.0989513
v -835.6585693 -195.3684082 16.5048523
v -835.9379272 -195.3684082 17.1631222
v -836.0374756 -195.3684082 17.8712730
v -835.9503174 -195.3684082 18.5810623
v -835.6824951 -195.3684082 19.2441025
v -835.2520752 -195.3684082 19.8152122
v -834.6885376 -195.3684082 20.2554836
v -834.0302124 -195.3684082 20.5349026
v -833.3221436 -195.3684082 20.6344223
v -832.6123657 -195.3684082 20.5472736
v -831.9493408 -195.3684082 20.2793941
v -831.3781738 -195.3684082 19.8490219
v -830.9379272 -195.3684082 19.2855034
v -830.6585693 -195.3684082 18.6272430
v -830.5589600 -195.3684082 17.9190826
v -830.6461182 -195.3684082 17.2093029
v -830.9140015 -195.3684082 16.5462627
v -831.3443604 -195.3684082 15.9751415
v -831.9079590 -195.3684082 15.5348721
v -832.5661621 -195.3684082 15.2554617
v -833.2743530 -195.3684082 15.1559315
v -833.9841309 -195.3684082 15.2430820
v -834.6472168 -195.3684082 15.5109720
v -835.2182007 -195.3684082 15.9413309
v -835.6317139 -195.4437866 16.5207024
v -835.9078369 -195.4437866 17.1714630
v -835.8599854 -195.5084991 17.1847324
v -836.0062866 -195.4437866 17.8715515
v -835.9566040 -195.5084991 17.8719845
v -835.9201660 -195.4437866 18.5732422
v -835.8720093 -195.5084991 18.5608025
v -835.6552124 -195.4437866 19.2287331
v -835.6120605 -195.5084991 19.2042732
v -835.2298584 -195.4437866 19.7933331
v -835.1943970 -195.5084991 19.7585220
v -834.6727295 -195.4437866 20.2285824
v -834.6475220 -195.5084991 20.1857929
v -834.0219116 -195.4437866 20.5048218
v -834.0086670 -195.5084991 20.4569626
v -833.3218384 -195.4437866 20.6032143
v -833.3214111 -195.5084991 20.5535431
v -832.6201782 -195.4437866 20.5170536
v -832.6326904 -195.5084991 20.4689713
v -831.9647217 -195.4437866 20.2522240
v -831.9891968 -195.5084991 20.2089920
v -831.4001465 -195.4437866 19.8267536
v -831.4349365 -195.5084991 19.7913322
v -830.9647827 -195.4437866 19.2696629
v -831.0076904 -195.5084991 19.2444515
v -830.6885986 -195.4437866 18.6188927
v -830.7363892 -195.5084991 18.6056232
v -830.5902710 -195.4437866 17.9188137
v -830.6397705 -195.5084991 17.9183826
v -830.6763916 -195.4437866 17.2171230
v -830.7244873 -195.5084991 17.2295513
v -830.9411621 -195.4437866 16.5616341
v -830.9844360 -195.5084991 16.5860920
v -831.3666382 -195.4437866 15.9970207
v -831.4020996 -195.5084991 16.0318336
v -831.9237671 -195.4437866 15.5617714
v -831.9489746 -195.5084991 15.6045618
v -832.5744629 -195.4437866 15.2855415
v -832.5877686 -195.5084991 15.3334026
v -833.2745361 -195.4437866 15.1871510
v -833.2750244 -195.5084991 15.2368107
v -833.9763184 -195.4437866 15.2733116
v -833.9639282 -195.5084991 15.3213921
v -834.6317749 -195.4437866 15.5381413
v -834.6073608 -195.5084991 15.5813713
v -835.1964111 -195.4437866 15.9636030
v -835.1615601 -195.5084991 15.9990206
v -835.5888062 -195.5084991 16.5459023
v -835.5330811 -195.5581665 16.5787525
v -835.7976074 -195.5581665 17.2020321
v -835.8919678 -195.5581665 17.8725433
v -835.8093262 -195.5581665 18.5446014
v -835.5557251 -195.5581665 19.1724014
v -835.1481934 -195.5581665 19.7131634
v -834.6146851 -195.5581665 20.1300240
v -833.9913330 -195.5581665 20.3945923
v -833.3208618 -195.5581665 20.4888210
v -832.6488037 -195.5581665 20.4063129
v -832.0209351 -195.5581665 20.1526623
v -831.4803467 -195.5581665 19.7451725
v -831.0634155 -195.5581665 19.2116032
v -830.7987671 -195.5581665 18.5883331
v -830.7046509 -195.5581665 17.9178143
v -830.7870483 -195.5581665 17.2457638
v -831.0407715 -195.5581665 16.6179638
v -831.4481812 -195.5581665 16.0772018
v -831.9818726 -195.5581665 15.6603308
v -832.6051025 -195.5581665 15.3957710
v -833.2755127 -195.5581665 15.3015308
v -833.9476318 -195.5581665 15.3840523
v -834.5754395 -195.5581665 15.6377010
v -835.1162720 -195.5581665 16.0451927
v -789.7913818 -195.6000214 61.7659225
v -789.9953613 -195.6000214 62.0611191
v -790.0650635 -195.5893707 62.0200729
v -790.1641846 -195.6000214 62.4066391
v -790.3219604 -195.5893707 62.6252365
v -790.2753906 -195.6000214 62.7719765
v -790.4134521 -195.5893707 63.2762604
v -790.3326416 -195.6000214 63.3472366
v -790.3333740 -195.5893707 63.9287987
v -790.2550049 -195.6000214 63.9085388
v -790.1390991 -195.6000214 64.2509155
v -790.0870361 -195.5893707 64.5383530
v -789.9739990 -195.6000214 64.5718460
v -789.7988281 -195.6000214 64.8206482
v -789.6914062 -195.5893707 65.0634003
v -789.5062256 -195.6000214 65.1280670
v -789.1732788 -195.5893707 65.4681549
v -789.1767578 -195.6000214 65.3718796
v -788.8994751 -195.6000214 65.5195770
v -788.5681763 -195.5893707 65.7250366
v -788.3697510 -195.6000214 65.6891937
v -787.9171143 -195.5893707 65.8165359
v -787.8514404 -195.6000214 65.7357330
v -787.5972900 -195.6000214 65.7178192
v -787.2612915 -195.5893707 65.7355499
v -787.2810669 -195.6000214 65.6571121
v -786.8067627 -195.6000214 65.4796600
v -786.6550903 -195.5893707 65.4901352
v -786.4957275 -195.6000214 65.2943344
v -786.1300049 -195.5893707 65.0944824
v -786.2076416 -195.6000214 65.0576630
v -786.0066528 -195.6000214 64.8398743
v -785.7252808 -195.5893707 64.5764236
v -785.7948608 -195.6000214 64.5354004
v -785.5838623 -195.6000214 64.0738831
v -785.4683838 -195.5893707 63.9712601
v -785.4754639 -195.6000214 63.5920334
v -785.3768311 -195.5893707 63.3202286
v -785.4619141 -195.6000214 63.1483498
v -785.4570312 -195.5893707 62.6676979
v -785.5352783 -195.6000214 62.6879501
v -785.6501465 -195.6000214 62.3481255
v -785.7033081 -195.5893707 62.0581284
v -785.8134766 -195.6000214 62.0293617
v -785.9852905 -195.6000214 61.7836723
v -786.0989990 -195.5893707 61.5330811
v -786.2762451 -195.6000214 61.4754219
v -786.6170044 -195.5893707 61.1283302
v -786.6010742 -195.6000214 61.2323914
v -786.8803711 -195.6000214 61.0816956
v -787.2221680 -195.5893707 60.8714523
v -787.2023926 -195.6000214 60.9608498
v -787.5809326 -195.6000214 60.8810234
v -787.8731689 -195.5893707 60.7799683
v -787.9144287 -195.6000214 60.8604736
v -788.2716064 -195.6000214 60.8896713
v -788.5257568 -195.5893707 60.8600807
v -788.5728149 -195.6000214 60.9567757
v -788.9540405 -195.6000214 61.1022568
v -789.1352539 -195.5893707 61.1063538
v -789.2648315 -195.6000214 61.2817421
v -789.6602783 -195.5893707 61.5020027
v -789.5467529 -195.6000214 61.5051804
v -785.9751587 -195.3684082 65.2520828
v -785.5348511 -195.3684082 64.6885757
v -785.2554932 -195.3684082 64.0303040
v -785.1558838 -195.3684082 63.3221474
v -785.2431030 -195.3684082 62.6123619
v -785.2733154 -195.4437714 62.6201859
v -785.5381470 -195.4437714 61.9646912
v -785.5814209 -195.5084991 61.9891548
v -785.9636230 -195.4437714 61.4000893
v -785.9990234 -195.5084991 61.4348946
v -786.5206909 -195.4437714 60.9648361
v -786.5458984 -195.5084991 61.0076218
v -787.1714478 -195.4437714 60.6886024
v -787.1846924 -195.5084991 60.7364616
v -787.8714600 -195.4437714 60.5902138
v -787.8719482 -195.5084991 60.6398735
v -788.5732422 -195.4437714 60.6763725
v -788.5608521 -195.5084991 60.7244492
v -789.2286987 -195.4437714 60.9412041
v -789.2042847 -195.5084991 60.9844360
v -789.7933350 -195.4437714 61.3666611
v -789.7584839 -195.5084991 61.4020920
v -790.2286377 -195.4437714 61.9237671
v -790.1857910 -195.5084991 61.9489670
v -790.5047607 -195.4437714 62.5745201
v -790.4569092 -195.5084991 62.5878067
v -790.6032104 -195.4437714 63.2746162
v -790.5535889 -195.5084991 63.2750473
v -790.5170898 -195.4437714 63.9763107
v -790.4689331 -195.5084991 63.9638672
v -790.2521973 -195.4437714 64.6317902
v -790.2089844 -195.5084991 64.6073303
v -789.8267822 -195.4437714 65.1964035
v -789.7913208 -195.5084991 65.1615982
v -789.2696533 -195.4437714 65.6316528
v -789.2444458 -195.5084991 65.5888596
v -788.6188965 -195.4437714 65.9078827
v -788.6055908 -195.5084991 65.8600235
v -787.9188232 -195.4437714 66.0062714
v -787.9183350 -195.5084991 65.9566193
v -787.2156982 -195.4437714 65.9197540
v -787.2274170 -195.5084991 65.8714981
v -786.5616455 -195.4437714 65.6552811
v -786.5860596 -195.5084991 65.6120605
v -785.9970093 -195.4437714 65.2298203
v -786.0318604 -195.5084991 65.1944046
v -785.5617676 -195.4437714 64.6727219
v -785.6046143 -195.5084991 64.6475296
v -785.2855225 -195.4437714 64.0219574
v -785.3333740 -195.5084991 64.0086899
v -785.1871338 -195.4437714 63.3218727
v -785.2367554 -195.5084991 63.3214493
v -785.3214111 -195.5084991 62.6326141
v -785.3840332 -195.5581665 62.6488266
v -785.6376953 -195.5581665 62.0210266
v -786.0451660 -195.5581665 61.4802589
v -786.5787354 -195.5581665 61.0633888
v -787.2020264 -195.5581665 60.7988205
v -787.8724976 -195.5581665 60.7045898
v -788.5445557 -195.5581665 60.7871132
v -789.1724243 -195.5581665 61.0407639
v -789.7131958 -195.5581665 61.4482536
v -790.1300049 -195.5581665 61.9818153
v -790.3945312 -195.5581665 62.6050987
v -790.4888306 -195.5581665 63.2756042
v -790.4063110 -195.5581665 63.9476624
v -790.1526489 -195.5581665 64.5754623
v -789.7451172 -195.5581665 65.1162262
v -789.2116089 -195.5581665 65.5330963
v -788.5882568 -195.5581665 65.7976685
v -787.9178467 -195.5581665 65.8918915
v -787.2430420 -195.5581665 65.8086700
v -786.6179199 -195.5581665 65.5557327
v -786.0771484 -195.5581665 65.1482391
v -785.6602783 -195.5581665 64.6146774
v -785.3957520 -195.5581665 63.9913979
v -785.3015747 -195.5581665 63.3208809
v -786.5462646 -195.3684082 65.6824493
v -787.2086182 -195.3684082 65.9501495
v -787.9190674 -195.3684082 66.0374908
v -788.6271973 -195.3684082 65.9379654
v -789.2854614 -195.3684082 65.6585541
v -789.8489990 -195.3684082 65.2182846
v -790.2793579 -195.3684082 64.6471634
v -790.5472412 -195.3684082 63.9841270
v -790.6343994 -195.3684082 63.2743454
v -790.5349121 -195.3684082 62.5661850
v -790.2554932 -195.3684082 61.9079170
v -789.8151855 -195.3684082 61.3444023
v -789.2440796 -195.3684082 60.9140320
v -788.5810547 -195.3684082 60.6461411
v -787.8712769 -195.3684082 60.5589943
v -787.1631470 -195.3684082 60.6585274
v -786.5048218 -195.3684082 60.9379387
v -785.9413452 -195.3684082 61.3782043
v -785.5109863 -195.3684082 61.9493217
v -783.5368652 -182.0000305 57.8499947
v -783.5368652 -184.0317535 57.5825119
v -781.5369263 -184.0317535 57.5825119
v -781.5369263 -182.0000305 57.8499947
v -783.5368652 -179.9682922 57.5825119
v -781.5369263 -179.9682922 57.5825119
v -783.5368652 -178.0750275 56.7982979
v -781.5369263 -178.0750275 56.7982979
v -783.5368652 -176.4492493 55.5507812
v -781.5369263 -176.4492493 55.5507812
v -783.5368652 -175.2017212 53.9249916
v -781.5369263 -175.2017212 53.9249916
v -783.5368652 -174.4175262 52.0317268
v -781.5369263 -174.4175262 52.0317268
v -783.5368652 -174.1500244 49.9999924
v -781.5369263 -174.1500244 49.9999924
v -783.5368652 -174.4175262 47.9682617
v -781.5369263 -174.4175262 47.9682617
v -783.5368652 -175.2017212 46.0749931
v -781.5369263 -175.2017212 46.0749931
v -783.5368652 -176.4492493 44.4492035
v -781.5369263 -176.4492493 44.4492035
v -783.5368652 -178.0750275 43.2016945
v -781.5369263 -178.0750275 43.2016945
v -783.5368652 -179.9682922 42.4174690
v -781.5369263 -179.9682922 42.4174690
v -783.5368652 -182.0000305 42.1499939
v -781.5369263 -182.0000305 42.1499939
v -783.5368652 -184.0317535 42.4174690
v -781.5369263 -184.0317535 42.4174690
v -783.5368652 -185.9250336 43.2016945
v -781.5369263 -185.9250336 43.2016945
v -783.5368652 -187.5508118 44.4492035
v -781.5369263 -187.5508118 44.4492035
v -783.5368652 -188.7983246 46.0749931
v -781.5369263 -188.7983246 46.0749931
v -783.5368652 -189.5825500 47.9682617
v -781.5369263 -189.5825500 47.9682617
v -783.5368652 -189.8500214 49.9999924
v -781.5369263 -189.8500214 49.9999924
v -783.5368652 -189.5825500 52.0317268
v -781.5369263 -189.5825500 52.0317268
v -783.5368652 -188.7983246 53.9249916
v -781.5369263 -188.7983246 53.9249916
v -783.5368652 -187.5508118 55.5507812
v -781.5369263 -187.5508118 55.5507812
v -783.5368652 -185.9250336 56.7982979
v -781.5369263 -185.9250336 56.7982979
v -812.0062256 -195.8000336 36.4293327
v -815.4862061 -195.8000336 34.9106522
v -808.9908447 -195.8000336 38.7367020
v -806.6152344 -195.8000336 41.6986427
v -805.0175781 -195.8000336 45.1430359
v -804.2905884 -195.8000336 48.8696938
v -804.4765625 -195.8000336 52.6620407
v -805.5647583 -195.8000336 56.2996826
v -807.4918213 -195.8000336 59.5712013
v -810.1458740 -195.8000336 62.2864876
v -813.3724976 -195.8000336 64.2877121
v -816.9843750 -195.8000336 65.4586029
v -820.7714233 -195.8000336 65.7310867
v -824.5137329 -195.8000336 65.0893402
v -827.9937134 -195.8000336 63.5706482
v -831.0091553 -195.8000336 61.2632942
v -833.3846436 -195.8000336 58.3013420
v -834.9823608 -195.8000336 54.8569527
v -835.7094116 -195.8000336 51.1302948
v -835.5233765 -195.8000336 47.3379555
v -834.4351807 -195.8000336 43.7003098
v -832.5081787 -195.8000336 40.4287834
v -829.8541260 -195.8000336 37.7135048
v -826.6275024 -195.8000336 35.7122726
v -823.0155640 -195.8000336 34.5413857
v -819.2284546 -195.8000336 34.2689056
v -839.8316650 -186.5000153 31.0534840
v -840.0866699 -186.5000153 31.6542358
v -839.4299316 -186.5000153 30.5392017
v -838.9087524 -186.5000153 30.1464310
v -838.3036499 -186.5000153 29.9019527
v -837.6558228 -186.5000153 29.8224239
v -837.0095215 -186.5000153 29.9132519
v -836.4088135 -186.5000153 30.1682510
v -835.8944702 -186.5000153 30.5700512
v -835.5017090 -186.5000153 31.0912647
v -835.2572632 -186.5000153 31.6963711
v -835.1776733 -186.5000153 32.3441429
v -835.2686157 -186.5000153 32.9904213
v -835.5235596 -186.5000153 33.5911751
v -835.9254150 -186.5000153 34.1054535
v -836.4465332 -186.5000153 34.4982147
v -837.0516968 -186.5000153 34.7426949
v -837.6994629 -186.5000153 34.8222351
v -838.3457642 -186.5000153 34.7314034
v -838.9464111 -186.5000153 34.4763947
v -839.4608154 -186.5000153 34.0746040
v -839.8535767 -186.5000153 33.5533829
v -840.0980225 -186.5000153 32.9482727
v -840.1776123 -186.5000153 32.3005104
v -839.8316650 -186.5000153 66.4088287
v -840.0866699 -186.5000153 67.0095673
v -839.4299316 -186.5000153 65.8945389
v -838.9087524 -186.5000153 65.5017776
v -838.3036499 -186.5000153 65.2572937
v -837.6558228 -186.5000153 65.1777649
v -837.0095215 -186.5000153 65.2685776
v -836.4088135 -186.5000153 65.5235977
v -835.8944702 -186.5000153 65.9253922
v -835.5017090 -186.5000153 66.4466019
v -835.2572632 -186.5000153 67.0517120
v -835.1776733 -186.5000153 67.6994781
v -835.2686157 -186.5000153 68.3457642
v -835.5235596 -186.5000153 68.9465179
v -835.9254150 -186.5000153 69.4608002
v -836.4465332 -186.5000153 69.8535538
v -837.0516968 -186.5000153 70.0980301
v -837.6994629 -186.5000153 70.1775742
v -838.3457642 -186.5000153 70.0867462
v -838.9464111 -186.5000153 69.8317337
v -839.4608154 -186.5000153 69.4299393
v -839.8535767 -186.5000153 68.9087219
v -840.0980225 -186.5000153 68.3036118
v -840.1776123 -186.5000153 67.6558380
v -804.4763794 -186.5000153 66.4088287
v -804.7313843 -186.5000153 67.0095673
v -804.0745850 -186.5000153 65.8945389
v -803.5533447 -186.5000153 65.5017776
v -802.9482422 -186.5000153 65.2572937
v -802.3005371 -186.5000153 65.1777649
v -801.6542358 -186.5000153 65.2685776
v -801.0535278 -186.5000153 65.5235977
v -800.5391846 -186.5000153 65.9253922
v -800.1464233 -186.5000153 66.4466019
v -799.9019165 -186.5000153 67.0517120
v -799.8223877 -186.5000153 67.6994781
v -799.9132080 -186.5000153 68.3457642
v -800.1682739 -186.5000153 68.9465179
v -800.5700073 -186.5000153 69.4608002
v -801.0912476 -186.5000153 69.8535538
v -801.6963501 -186.5000153 70.0980301
v -802.3441162 -186.5000153 70.1775742
v -802.9903564 -186.5000153 70.0867462
v -803.5911865 -186.5000153 69.8317337
v -804.1054077 -186.5000153 69.4299393
v -804.4981689 -186.5000153 68.9087219
v -804.7426758 -186.5000153 68.3036118
v -804.8221436 -186.5000153 67.6558380
v -804.4763794 -186.5000153 31.0534840
v -804.7313843 -186.5000153 31.6542358
v -804.0745850 -186.5000153 30.5392017
v -803.5533447 -186.5000153 30.1464310
v -802.9482422 -186.5000153 29.9019527
v -802.3005371 -186.5000153 29.8224239
v -801.6542358 -186.5000153 29.9132519
v -801.0535278 -186.5000153 30.1682510
v -800.5391846 -186.5000153 30.5700512
v -800.1464233 -186.5000153 31.0912647
v -799.9019165 -186.5000153 31.6963711
v -799.8223877 -186.5000153 32.3441429
v -799.9132080 -186.5000153 32.9904213
v -800.1682739 -186.5000153 33.5911751
v -800.5700073 -186.5000153 34.1054535
v -801.0912476 -186.5000153 34.4982147
v -801.6963501 -186.5000153 34.7426949
v -802.3441162 -186.5000153 34.8222351
v -802.9903564 -186.5000153 34.7314034
v -803.5911865 -186.5000153 34.4763947
v -804.1054077 -186.5000153 34.0746040
v -804.4981689 -186.5000153 33.5533829
v -804.7426758 -186.5000153 32.9482727
v -804.8221436 -186.5000153 32.3005104
v -822.5848999 -196.0000305 73.4773865
v -822.8908691 -196.0000305 74.1982880
v -822.1026611 -196.0000305 72.8602448
v -821.4771729 -196.0000305 72.3889236
v -820.7510986 -196.0000305 72.0955582
v -819.9737549 -196.0000305 72.0001144
v -819.1982422 -196.0000305 72.1091003
v -818.4773560 -196.0000305 72.4151001
v -817.8602295 -196.0000305 72.8972626
v -817.3889771 -196.0000305 73.5227203
v -817.0955200 -196.0000305 74.2488556
v -817.0000610 -196.0000305 75.0261688
v -817.1090698 -196.0000305 75.8017120
v -817.4151001 -196.0000305 76.5226135
v -817.8972168 -196.0000305 77.1397476
v -818.5227661 -196.0000305 77.6110687
v -819.2489014 -196.0000305 77.9044342
v -820.0262451 -196.0000305 77.9998856
v -820.8016968 -196.0000305 77.8908844
v -821.5225830 -196.0000305 77.5848846
v -822.1397705 -196.0000305 77.1027222
v -822.6110840 -196.0000305 76.4772644
v -822.9043579 -196.0000305 75.7511292
v -822.9998779 -196.0000305 74.9738159
v -815.0023193 -182.0000305 90.3631134
v -815.1726074 -183.2935181 90.3631134
v -815.1726074 -183.2935181 89.9631195
v -815.0023193 -182.0000305 89.9631195
v -815.1726074 -180.7065430 90.3631134
v -815.1726074 -180.7065430 89.9631195
v -815.6718750 -179.5012054 90.3631134
v -815.6718750 -179.5012054 89.9631195
v -816.4661255 -178.4661713 90.3631134
v -816.4661255 -178.4661713 89.9631195
v -817.5011597 -177.6719513 90.3631134
v -817.5011597 -177.6719513 89.9631195
v -818.7064209 -177.1726532 90.3631134
v -818.7064209 -177.1726532 89.9631195
v -819.9999390 -177.0023651 90.3631134
v -819.9999390 -177.0023651 89.9631195
v -821.2933960 -177.1726532 90.3631134
v -821.2933960 -177.1726532 89.9631195
v -822.4987793 -177.6719513 90.3631134
v -822.4987793 -177.6719513 89.9631195
v -823.5339355 -178.4661713 90.3631134
v -823.5339355 -178.4661713 89.9631195
v -824.3280640 -179.5012054 90.3631134
v -824.3280640 -179.5012054 89.9631195
v -824.8272705 -180.7065430 90.3631134
v -824.8272705 -180.7065430 89.9631195
v -824.9976196 -182.0000305 90.3631134
v -824.9976196 -182.0000305 89.9631195
v -824.8272705 -183.2935181 90.3631134
v -824.8272705 -183.2935181 89.9631195
v -824.3280640 -184.4988403 90.3631134
v -824.3280640 -184.4988403 89.9631195
v -823.5339355 -185.5338898 90.3631134
v -823.5339355 -185.5338898 89.9631195
v -822.4987793 -186.3281097 90.3631134
v -822.4987793 -186.3281097 89.9631195
v -821.2933960 -186.8273773 90.3631134
v -821.2933960 -186.8273773 89.9631195
v -819.9999390 -186.9976654 90.3631134
v -819.9999390 -186.9976654 89.9631195
v -818.7064209 -186.8273773 90.3631134
v -818.7064209 -186.8273773 89.9631195
v -817.5011597 -186.3281097 90.3631134
v -817.5011597 -186.3281097 89.9631195
v -816.4661255 -185.5338898 90.3631134
v -816.4661255 -185.5338898 89.9631195
v -815.6718750 -184.4988403 90.3631134
v -815.6718750 -184.4988403 89.9631195
v -780.0368652 -182.0000305 44.2499962
v -780.0368652 -183.4882355 44.4459229
v -780.0368652 -180.5118256 44.4459229
v -780.0368652 -179.1250305 45.0203552
v -780.0368652 -177.9341583 45.9341316
v -780.0368652 -177.0203705 47.1249924
v -780.0368652 -176.4459534 48.5117836
v -780.0368652 -176.2500305 49.9999924
v -780.0368652 -176.4459534 51.4882011
v -780.0368652 -177.0203705 52.8749924
v -780.0368652 -177.9341583 54.0658607
v -780.0368652 -179.1250305 54.9796448
v -780.0368652 -180.5118256 55.5540695
v -780.0368652 -182.0000305 55.7499924
v -780.0368652 -183.4882355 55.5540695
v -780.0368652 -184.8750153 54.9796448
v -780.0368652 -186.0658875 54.0658607
v -780.0368652 -186.9796753 52.8749924
v -780.0368652 -187.5540924 51.4882011
v -780.0368652 -187.7500153 49.9999924
v -780.0368652 -187.5540924 48.5117836
v -780.0368652 -186.9796753 47.1249924
v -780.0368652 -186.0658875 45.9341316
v -780.0368652 -184.8750153 45.0203552
v -813.9999390 -182.0000305 21.9999924
v -814.2044678 -180.4471130 21.9999924
v -814.2044678 -180.4471130 12.9999924
v -813.9999390 -182.0000305 12.9999924
v -814.2044678 -183.5529327 21.9999924
v -814.2044678 -183.5529327 12.9999924
v -814.8038330 -185.0000305 21.9999924
v -814.8038330 -185.0000305 12.9999924
v -815.7573242 -186.2426605 21.9999924
v -815.7573242 -186.2426605 12.9999914
v -817.0000000 -187.1961823 21.9999924
v -817.0000000 -187.1961823 12.9999914
v -818.4470825 -187.7955780 21.9999924
v -818.4470825 -187.7955780 12.9999914
v -819.9999390 -188.0000153 21.9999924
v -819.9999390 -188.0000153 12.9999914
v -821.5528564 -187.7955780 21.9999924
v -821.5528564 -187.7955780 12.9999914
v -822.9999390 -187.1961823 21.9999924
v -822.9999390 -187.1961823 12.9999914
v -824.2426147 -186.2426605 21.9999924
v -824.2426147 -186.2426605 12.9999914
v -825.1961670 -185.0000305 21.9999924
v -825.1961670 -185.0000305 12.9999924
v -825.7955322 -183.5529327 21.9999924
v -825.7955322 -183.5529327 12.9999924
v -826.0000610 -182.0000305 21.9999924
v -826.0000610 -182.0000305 12.9999924
v -825.7955322 -180.4471130 21.9999924
v -825.7955322 -180.4471130 12.9999924
v -825.1961670 -179.0000153 21.9999924
v -825.1961670 -179.0000153 12.9999924
v -824.2426147 -177.7573700 21.9999924
v -824.2426147 -177.7573700 12.9999924
v -822.9999390 -176.8038788 21.9999924
v -822.9999390 -176.8038788 12.9999924
v -821.5528564 -176.2044678 21.9999924
v -821.5528564 -176.2044678 12.9999924
v -819.9999390 -176.0000305 21.9999924
v -819.9999390 -176.0000305 12.9999924
v -818.4470825 -176.2044678 21.9999924
v -818.4470825 -176.2044678 12.9999924
v -817.0000000 -176.8038788 21.9999924
v -817.0000000 -176.8038788 12.9999924
v -815.7573242 -177.7573700 21.9999924
v -815.7573242 -177.7573700 12.9999924
v -814.8038330 -179.0000153 21.9999924
v -814.8038330 -179.0000153 12.9999924
v -849.9999390 -182.0000305 43.9999924
v -849.9999390 -180.4471130 44.2044411
v -856.9999390 -180.4471130 44.2044411
v -856.9999390 -182.0000305 43.9999924
v -849.9999390 -183.5529327 44.2044411
v -856.9999390 -183.5529327 44.2044411
v -849.9999390 -185.0000305 44.8038406
v -856.9999390 -185.0000305 44.8038406
v -849.9999390 -186.2426605 45.7573547
v -856.9999390 -186.2426605 45.7573547
v -849.9999390 -187.1961823 46.9999886
v -856.9999390 -187.1961823 46.9999886
v -849.9999390 -187.7955780 48.4470825
v -856.9999390 -187.7955780 48.4470825
v -849.9999390 -188.0000153 49.9999924
v -856.9999390 -188.0000153 49.9999924
v -849.9999390 -187.7955780 51.5529099
v -856.9999390 -187.7955780 51.5529099
v -849.9999390 -187.1961823 52.9999924
v -856.9999390 -187.1961823 52.9999924
v -849.9999390 -186.2426605 54.2426338
v -856.9999390 -186.2426605 54.2426338
v -849.9999390 -185.0000305 55.1961479
v -856.9999390 -185.0000305 55.1961479
v -849.9999390 -183.5529327 55.7955551
v -856.9999390 -183.5529327 55.7955551
v -849.9999390 -182.0000305 55.9999924
v -856.9999390 -182.0000305 55.9999924
v -849.9999390 -180.4471130 55.7955551
v -856.9999390 -180.4471130 55.7955551
v -849.9999390 -179.0000153 55.1961479
v -856.9999390 -179.0000153 55.1961479
v -849.9999390 -177.7573700 54.2426338
v -856.9999390 -177.7573700 54.2426338
v -849.9999390 -176.8038788 52.9999924
v -856.9999390 -176.8038788 52.9999924
v -849.9999390 -176.2044678 51.5529099
v -856.9999390 -176.2044678 51.5529099
v -849.9999390 -176.0000305 49.9999924
v -856.9999390 -176.0000305 49.9999924
v -849.9999390 -176.2044678 48.4470825
v -856.9999390 -176.2044678 48.4470825
v -849.9999390 -176.8038788 46.9999886
v -856.9999390 -176.8038788 46.9999886
v -849.9999390 -177.7573700 45.7573547
v -856.9999390 -177.7573700 45.7573547
v -849.9999390 -179.0000153 44.8038406
v -856.9999390 -179.0000153 44.8038406
v -837.6776733 -184.9978638 32.3223228
v -837.6776733 -184.9978638 67.6776581
v -802.3223267 -184.9978638 67.6776581
v -802.3223267 -184.9978638 32.3223228
v -819.9999390 -194.1974487 74.9999924
v -816.0000000 -182.0000305 21.9999924
v -816.1362915 -183.0353088 21.9999924
v -816.1362915 -183.0353088 11.9999933
v -816.0000000 -182.0000305 11.9999933
v -816.1362915 -180.9647675 21.9999924
v -816.1362915 -180.9647675 11.9999933
v -816.5358887 -180.0000305 21.9999924
v -816.5358887 -180.0000305 11.9999933
v -817.1715698 -179.1716156 21.9999924
v -817.1715698 -179.1716156 11.9999933
v -818.0000000 -178.5359192 21.9999924
v -818.0000000 -178.5359192 11.9999933
v -818.9647217 -178.1363220 21.9999924
v -818.9647217 -178.1363220 11.9999933
v -819.9999390 -178.0000153 21.9999924
v -819.9999390 -178.0000153 11.9999933
v -821.0352783 -178.1363220 21.9999924
v -821.0352783 -178.1363220 11.9999933
v -821.9999390 -178.5359192 21.9999924
v -821.9999390 -178.5359192 11.9999933
v -822.8283691 -179.1716156 21.9999924
v -822.8283691 -179.1716156 11.9999933
v -823.4641113 -180.0000305 21.9999924
v -823.4641113 -180.0000305 11.9999933
v -823.8637085 -180.9647675 21.9999924
v -823.8637085 -180.9647675 11.9999933
v -823.9999390 -182.0000305 21.9999924
v -823.9999390 -182.0000305 11.9999933
v -823.8637085 -183.0353088 21.9999924
v -823.8637085 -183.0353088 11.9999933
v -823.4641113 -184.0000153 21.9999924
v -823.4641113 -184.0000153 11.9999933
v -822.8283691 -184.8284607 21.9999924
v -822.8283691 -184.8284607 11.9999933
v -821.9999390 -185.4641418 21.9999924
v -821.9999390 -185.4641418 11.9999924
v -821.0352783 -185.8637238 21.9999924
v -821.0352783 -185.8637238 11.9999924
v -819.9999390 -186.0000305 21.9999924
v -819.9999390 -186.0000305 11.9999924
v -818.9647217 -185.8637238 21.9999924
v -818.9647217 -185.8637238 11.9999924
v -818.0000000 -185.4641418 21.9999924
v -818.0000000 -185.4641418 11.9999924
v -817.1715698 -184.8284607 21.9999924
v -817.1715698 -184.8284607 11.9999933
v -816.5358887 -184.0000153 21.9999924
v -816.5358887 -184.0000153 11.9999933
v -849.9999390 -182.0000305 45.9999924
v -849.9999390 -183.0353088 46.1362915
v -857.9999390 -183.0353088 46.1362915
v -857.9999390 -182.0000305 45.9999924
v -849.9999390 -180.9647675 46.1362915
v -857.9999390 -180.9647675 46.1362915
v -849.9999390 -180.0000305 46.5358925
v -857.9999390 -180.0000305 46.5358925
v -849.9999390 -179.1716156 47.1715622
v -857.9999390 -179.1716156 47.1715622
v -849.9999390 -178.5359192 47.9999962
v -857.9999390 -178.5359192 47.9999962
v -849.9999390 -178.1363220 48.9647217
v -857.9999390 -178.1363220 48.9647217
v -849.9999390 -178.0000153 49.9999924
v -857.9999390 -178.0000153 49.9999924
v -849.9999390 -178.1363220 51.0352745
v -857.9999390 -178.1363220 51.0352745
v -849.9999390 -178.5359192 51.9999924
v -857.9999390 -178.5359192 51.9999924
v -849.9999390 -179.1716156 52.8284225
v -857.9999390 -179.1716156 52.8284225
v -849.9999390 -180.0000305 53.4640923
v -857.9999390 -180.0000305 53.4640923
v -849.9999390 -180.9647675 53.8636971
v -857.9999390 -180.9647675 53.8636971
v -849.9999390 -182.0000305 53.9999924
v -857.9999390 -182.0000305 53.9999924
v -849.9999390 -183.0353088 53.8636971
v -857.9999390 -183.0353088 53.8636971
v -849.9999390 -184.0000153 53.4640923
v -857.9999390 -184.0000153 53.4640923
v -849.9999390 -184.8284607 52.8284225
v -857.9999390 -184.8284607 52.8284225
v -849.9999390 -185.4641418 51.9999924
v -857.9999390 -185.4641418 51.9999924
v -849.9999390 -185.8637238 51.0352745
v -857.9999390 -185.8637238 51.0352745
v -849.9999390 -186.0000305 49.9999924
v -857.9999390 -186.0000305 49.9999924
v -849.9999390 -185.8637238 48.9647217
v -857.9999390 -185.8637238 48.9647217
v -849.9999390 -185.4641418 47.9999962
v -857.9999390 -185.4641418 47.9999962
v -849.9999390 -184.8284607 47.1715622
v -857.9999390 -184.8284607 47.1715622
v -849.9999390 -184.0000153 46.5358925
v -857.9999390 -184.0000153 46.5358925
v -788.9722290 -194.3000336 36.0673256
v -788.7713623 -194.3000336 35.8101845
v -787.8951416 -193.5783539 36.7017441
v -788.5106812 -194.3000336 35.6138039
v -788.2081299 -194.3000336 35.4915619
v -787.8842163 -194.3000336 35.4517937
v -787.5611572 -194.3000336 35.4972038
v -787.2608032 -194.3000336 35.6247139
v -787.0035400 -194.3000336 35.8256111
v -786.8071899 -194.3000336 36.0862160
v -786.6849365 -194.3000336 36.3887749
v -786.6452026 -194.3000336 36.7126541
v -786.6906128 -194.3000336 37.0357933
v -786.8181152 -194.3000336 37.3361740
v -787.0189819 -194.3000336 37.5933113
v -787.2796631 -194.3000336 37.7896919
v -787.5821533 -194.3000336 37.9119301
v -787.9060669 -194.3000336 37.9516945
v -788.2292480 -194.3000336 37.9062843
v -788.5296631 -194.3000336 37.7787819
v -788.7867432 -194.3000336 37.5778847
v -788.9830933 -194.3000336 37.3172760
v -789.1053467 -194.3000336 37.0147247
v -789.1451416 -194.3000336 36.6908340
v -789.0996704 -194.3000336 36.3676949
v -807.9119873 -194.3000336 18.2081528
v -807.9517212 -194.3000336 17.8842716
v -806.7017822 -193.5783539 17.8951817
v -807.9063110 -194.3000336 17.5611324
v -807.7788086 -194.3000336 17.2607536
v -807.5778198 -194.3000336 17.0036125
v -807.3172607 -194.3000336 16.8072338
v -807.0147095 -194.3000336 16.6849918
v -806.6908569 -194.3000336 16.6452312
v -806.3676758 -194.3000336 16.6906414
v -806.0672607 -194.3000336 16.8181438
v -805.8101807 -194.3000336 17.0190430
v -805.6138306 -194.3000336 17.2796535
v -805.4915161 -194.3000336 17.5822029
v -805.4517822 -194.3000336 17.9060917
v -805.4971924 -194.3000336 18.2292328
v -805.6246948 -194.3000336 18.5296021
v -805.8255615 -194.3000336 18.7867413
v -806.0862427 -194.3000336 18.9831219
v -806.3887329 -194.3000336 19.1053619
v -806.7127075 -194.3000336 19.1451321
v -807.0357666 -194.3000336 19.0997219
v -807.3361206 -194.3000336 18.9722118
v -807.5932617 -194.3000336 18.7713146
v -807.7896729 -194.3000336 18.5107117
v -834.5083618 -194.3000336 82.4177856
v -834.5482178 -194.3000336 82.0939026
v -833.2982178 -193.5783539 82.1048126
v -834.5028076 -194.3000336 81.7707672
v -834.3752441 -194.3000336 81.4703827
v -834.1743774 -194.3000336 81.2132416
v -833.9136963 -194.3000336 81.0168686
v -833.6112061 -194.3000336 80.8946304
v -833.2872314 -194.3000336 80.8548584
v -832.9642334 -194.3000336 80.9002762
v -832.6638184 -194.3000336 81.0277786
v -832.4066772 -194.3000336 81.2286682
v -832.2103271 -194.3000336 81.4892807
v -832.0880127 -194.3000336 81.7918320
v -832.0482788 -194.3000336 82.1157074
v -832.0936890 -194.3000336 82.4388580
v -832.2211304 -194.3000336 82.7392349
v -832.4219971 -194.3000336 82.9963760
v -832.6826782 -194.3000336 83.1927567
v -832.9852905 -194.3000336 83.3149948
v -833.3091431 -194.3000336 83.3547592
v -833.6322632 -194.3000336 83.3093414
v -833.9326782 -194.3000336 83.1818390
v -834.1898193 -194.3000336 82.9809418
v -834.3861694 -194.3000336 82.7203293
v -807.9517212 -194.3000336 82.0939026
v -807.9063110 -194.3000336 81.7707672
v -806.7017822 -193.5783539 82.1048126
v -807.7788086 -194.3000336 81.4703827
v -807.5778198 -194.3000336 81.2132416
v -807.3172607 -194.3000336 81.0168686
v -807.0147095 -194.3000336 80.8946304
v -806.6908569 -194.3000336 80.8548584
v -806.3676758 -194.3000336 80.9002762
v -806.0672607 -194.3000336 81.0277786
v -805.8101807 -194.3000336 81.2286682
v -805.6138306 -194.3000336 81.4892807
v -805.4915161 -194.3000336 81.7918320
v -805.4517822 -194.3000336 82.1157074
v -805.4971924 -194.3000336 82.4388580
v -805.6246948 -194.3000336 82.7392349
v -805.8255615 -194.3000336 82.9963760
v -806.0862427 -194.3000336 83.1927567
v -806.3887329 -194.3000336 83.3149948
v -806.7127075 -194.3000336 83.3547592
v -807.0357666 -194.3000336 83.3093414
v -807.3361206 -194.3000336 83.1818390
v -807.5932617 -194.3000336 82.9809418
v -807.7896729 -194.3000336 82.7203293
v -807.9119873 -194.3000336 82.4177856
v -853.1818848 -194.3000336 62.6638222
v -852.9808960 -194.3000336 62.4066811
v -852.1048584 -193.5783539 63.2982407
v -852.7202759 -194.3000336 62.2103081
v -852.4178467 -194.3000336 62.0880623
v -852.0938721 -194.3000336 62.0482979
v -851.7707520 -194.3000336 62.0937080
v -851.4703369 -194.3000336 62.2212029
v -851.2132568 -194.3000336 62.4221001
v -851.0168457 -194.3000336 62.6827087
v -850.8945923 -194.3000336 62.9852791
v -850.8548584 -194.3000336 63.3091545
v -850.9002686 -194.3000336 63.6322937
v -851.0277710 -194.3000336 63.9326630
v -851.2286377 -194.3000336 64.1898041
v -851.4893188 -194.3000336 64.3861923
v -851.7917480 -194.3000336 64.5084305
v -852.1157837 -194.3000336 64.5481949
v -852.4388428 -194.3000336 64.5027924
v -852.7391968 -194.3000336 64.3752899
v -852.9964600 -194.3000336 64.1743851
v -853.1928101 -194.3000336 63.9137764
v -853.3150024 -194.3000336 63.6112251
v -853.3547363 -194.3000336 63.2873344
v -853.3093262 -194.3000336 62.9641953
v -853.3093262 -194.3000336 36.3676949
v -853.1818848 -194.3000336 36.0673256
v -852.1048584 -193.5783539 36.7017441
v -852.9808960 -194.3000336 35.8101845
v -852.7202759 -194.3000336 35.6138039
v -852.4178467 -194.3000336 35.4915619
v -852.0938721 -194.3000336 35.4517937
v -851.7707520 -194.3000336 35.4972038
v -851.4703369 -194.3000336 35.6247139
v -851.2132568 -194.3000336 35.8256111
v -851.0168457 -194.3000336 36.0862160
v -850.8945923 -194.3000336 36.3887749
v -850.8548584 -194.3000336 36.7126541
v -850.9002686 -194.3000336 37.0357933
v -851.0277710 -194.3000336 37.3361740
v -851.2286377 -194.3000336 37.5933113
v -851.4893188 -194.3000336 37.7896919
v -851.7917480 -194.3000336 37.9119301
v -852.1157837 -194.3000336 37.9516945
v -852.4388428 -194.3000336 37.9062843
v -852.7391968 -194.3000336 37.7787819
v -852.9964600 -194.3000336 37.5778847
v -853.1928101 -194.3000336 37.3172760
v -853.3150024 -194.3000336 37.0147247
v -853.3547363 -194.3000336 36.6908340
v -834.5482178 -194.3000336 17.8842716
v -834.5028076 -194.3000336 17.5611324
v -833.2982178 -193.5783539 17.8951817
v -834.3752441 -194.3000336 17.2607536
v -834.1743774 -194.3000336 17.0036125
v -833.9136963 -194.3000336 16.8072338
v -833.6112061 -194.3000336 16.6849918
v -833.2872314 -194.3000336 16.6452312
v -832.9642334 -194.3000336 16.6906414
v -832.6638184 -194.3000336 16.8181438
v -832.4066772 -194.3000336 17.0190430
v -832.2103271 -194.3000336 17.2796535
v -832.0880127 -194.3000336 17.5822029
v -832.0482788 -194.3000336 17.9060917
v -832.0936890 -194.3000336 18.2292328
v -832.2211304 -194.3000336 18.5296021
v -832.4219971 -194.3000336 18.7867413
v -832.6826782 -194.3000336 18.9831219
v -832.9852905 -194.3000336 19.1053619
v -833.3091431 -194.3000336 19.1451321
v -833.6322632 -194.3000336 19.0997219
v -833.9326782 -194.3000336 18.9722118
v -834.1898193 -194.3000336 18.7713146
v -834.3861694 -194.3000336 18.5107117
v -834.5083618 -194.3000336 18.2081528
v -789.0996704 -194.3000336 62.9641953
v -788.9722290 -194.3000336 62.6638222
v -787.8951416 -193.5783539 63.2982407
v -788.7713623 -194.3000336 62.4066811
v -788.5106812 -194.3000336 62.2103081
v -788.2081299 -194.3000336 62.0880623
v -787.8842163 -194.3000336 62.0482979
v -787.5611572 -194.3000336 62.0937080
v -787.2608032 -194.3000336 62.2212029
v -787.0035400 -194.3000336 62.4221001
v -786.8071899 -194.3000336 62.6827087
v -786.6849365 -194.3000336 62.9852791
v -786.6452026 -194.3000336 63.3091545
v -786.6906128 -194.3000336 63.6322937
v -786.8181152 -194.3000336 63.9326630
v -787.0189819 -194.3000336 64.1898041
v -787.2796631 -194.3000336 64.3861923
v -787.5821533 -194.3000336 64.5084305
v -787.9060669 -194.3000336 64.5481949
v -788.2292480 -194.3000336 64.5027924
v -788.5296631 -194.3000336 64.3752899
v -788.7867432 -194.3000336 64.1743851
v -788.9830933 -194.3000336 63.9137764
v -789.1053467 -194.3000336 63.6112251
v -789.1451416 -194.3000336 63.2873344
v -822.3489990 -182.0000305 21.9999924
v -822.3616943 -181.9033508 21.9999924
v -822.3616943 -181.9033508 19.9999924
v -822.3489990 -182.0000305 19.9999924
v -822.3616943 -182.0967102 21.9999924
v -822.3616943 -182.0967102 19.9999924
v -822.3989868 -182.1867981 21.9999924
v -822.3989868 -182.1867981 19.9999924
v -822.4583740 -182.2641754 21.9999924
v -822.4583740 -182.2641754 19.9999924
v -822.5357056 -182.3235321 21.9999924
v -822.5357056 -182.3235321 19.9999924
v -822.6258545 -182.3608704 21.9999924
v -822.6258545 -182.3608704 19.9999924
v -822.7225342 -182.3735809 21.9999924
v -822.7225342 -182.3735809 19.9999924
v -822.8192139 -182.3608704 21.9999924
v -822.8192139 -182.3608704 19.9999924
v -822.9092407 -182.3235321 21.9999924
v -822.9092407 -182.3235321 19.9999924
v -822.9866943 -182.2641754 21.9999924
v -822.9866943 -182.2641754 19.9999924
v -823.0460205 -182.1867981 21.9999924
v -823.0460205 -182.1867981 19.9999924
v -823.0833740 -182.0967102 21.9999924
v -823.0833740 -182.0967102 19.9999924
v -823.0961304 -182.0000305 21.9999924
v -823.0961304 -182.0000305 19.9999924
v -823.0833740 -181.9033508 21.9999924
v -823.0833740 -181.9033508 19.9999924
v -823.0460205 -181.8132629 21.9999924
v -823.0460205 -181.8132629 19.9999924
v -822.9866943 -181.7358856 21.9999924
v -822.9866943 -181.7358856 19.9999924
v -822.9092407 -181.6764984 21.9999924
v -822.9092407 -181.6764984 19.9999924
v -822.8192139 -181.6392059 21.9999924
v -822.8192139 -181.6392059 19.9999924
v -822.7225342 -181.6264801 21.9999924
v -822.7225342 -181.6264801 19.9999924
v -822.6258545 -181.6392059 21.9999924
v -822.6258545 -181.6392059 19.9999924
v -822.5357056 -181.6764984 21.9999924
v -822.5357056 -181.6764984 19.9999924
v -822.4583740 -181.7358856 21.9999924
v -822.4583740 -181.7358856 19.9999924
v -822.3989868 -181.8132629 21.9999924
v -822.3989868 -181.8132629 19.9999924
v -822.3489990 -182.0000305 11.9999933
v -822.3616943 -182.0967102 11.9999933
v -822.3616943 -182.0967102 13.9999924
v -822.3489990 -182.0000305 13.9999924
v -822.3616943 -181.9033508 11.9999933
v -822.3616943 -181.9033508 13.9999924
v -822.3989868 -181.8132629 11.9999933
v -822.3989868 -181.8132629 13.9999924
v -822.4583740 -181.7358856 11.9999933
v -822.4583740 -181.7358856 13.9999924
v -822.5357056 -181.6764984 11.9999933
v -822.5357056 -181.6764984 13.9999924
v -822.6258545 -181.6392059 11.9999933
v -822.6258545 -181.6392059 13.9999924
v -822.7225342 -181.6264801 11.9999933
v -822.7225342 -181.6264801 13.9999924
v -822.8192139 -181.6392059 11.9999933
v -822.8192139 -181.6392059 13.9999924
v -822.9092407 -181.6764984 11.9999933
v -822.9092407 -181.6764984 13.9999924
v -822.9866943 -181.7358856 11.9999933
v -822.9866943 -181.7358856 13.9999924
v -823.0460205 -181.8132629 11.9999933
v -823.0460205 -181.8132629 13.9999924
v -823.0833740 -181.9033508 11.9999933
v -823.0833740 -181.9033508 13.9999924
v -823.0961304 -182.0000305 11.9999933
v -823.0961304 -182.0000305 13.9999924
v -823.0833740 -182.0967102 11.9999933
v -823.0833740 -182.0967102 13.9999924
v -823.0460205 -182.1867981 11.9999933
v -823.0460205 -182.1867981 13.9999924
v -822.9866943 -182.2641754 11.9999933
v -822.9866943 -182.2641754 13.9999924
v -822.9092407 -182.3235321 11.9999933
v -822.9092407 -182.3235321 13.9999924
v -822.8192139 -182.3608704 11.9999933
v -822.8192139 -182.3608704 13.9999924
v -822.7225342 -182.3735809 11.9999933
v -822.7225342 -182.3735809 13.9999924
v -822.6258545 -182.3608704 11.9999933
v -822.6258545 -182.3608704 13.9999924
v -822.5357056 -182.3235321 11.9999933
v -822.5357056 -182.3235321 13.9999924
v -822.4583740 -182.2641754 11.9999933
v -822.4583740 -182.2641754 13.9999924
v -822.3989868 -182.1867981 11.9999933
v -822.3989868 -182.1867981 13.9999924
v -823.0961304 -182.0000305 17.9999924
v -823.0833740 -181.9033508 17.9999924
v -823.0460205 -181.8132629 17.9999924
v -822.9866943 -181.7358856 17.9999924
v -822.9092407 -181.6764984 17.9999924
v -822.8192139 -181.6392059 17.9999924
v -822.7225342 -181.6264801 17.9999924
v -822.6258545 -181.6392059 17.9999924
v -822.5357056 -181.6764984 17.9999924
v -822.4583740 -181.7358856 17.9999924
v -822.3989868 -181.8132629 17.9999924
v -822.3616943 -181.9033508 17.9999924
v -822.3489990 -182.0000305 17.9999924
v -822.3616943 -182.0967102 17.9999924
v -822.3989868 -182.1867981 17.9999924
v -822.4583740 -182.2641754 17.9999924
v -822.5357056 -182.3235321 17.9999924
v -822.6258545 -182.3608704 17.9999924
v -822.7225342 -182.3735809 17.9999924
v -822.8192139 -182.3608704 17.9999924
v -822.9092407 -182.3235321 17.9999924
v -822.9866943 -182.2641754 17.9999924
v -823.0460205 -182.1867981 17.9999924
v -823.0833740 -182.0967102 17.9999924
v -823.0961304 -182.0000305 15.9999933
v -823.0833740 -181.9033508 15.9999933
v -823.0460205 -181.8132629 15.9999933
v -822.9866943 -181.7358856 15.9999933
v -822.9092407 -181.6764984 15.9999933
v -822.8192139 -181.6392059 15.9999933
v -822.7225342 -181.6264801 15.9999933
v -822.6258545 -181.6392059 15.9999933
v -822.5357056 -181.6764984 15.9999933
v -822.4583740 -181.7358856 15.9999933
v -822.3989868 -181.8132629 15.9999933
v -822.3616943 -181.9033508 15.9999933
v -822.3489990 -182.0000305 15.9999933
v -822.3616943 -182.0967102 15.9999933
v -822.3989868 -182.1867981 15.9999933
v -822.4583740 -182.2641754 15.9999933
v -822.5357056 -182.3235321 15.9999933
v -822.6258545 -182.3608704 15.9999933
v -822.7225342 -182.3735809 15.9999933
v -822.8192139 -182.3608704 15.9999933
v -822.9092407 -182.3235321 15.9999933
v -822.9866943 -182.2641754 15.9999933
v -823.0460205 -182.1867981 15.9999933
v -823.0833740 -182.0967102 15.9999933
v -819.6264038 -179.2774811 21.9999924
v -819.6390991 -179.1808014 21.9999924
v -819.6390991 -179.1808014 19.9999924
v -819.6264038 -179.2774811 19.9999924
v -819.6390991 -179.3741608 21.9999924
v -819.6390991 -179.3741608 19.9999924
v -819.6765137 -179.4642639 21.9999924
v -819.6765137 -179.4642639 19.9999924
v -819.7357788 -179.5416260 21.9999924
v -819.7357788 -179.5416260 19.9999924
v -819.8132324 -179.6009827 21.9999924
v -819.8132324 -179.6009827 19.9999924
v -819.9032593 -179.6383057 21.9999924
v -819.9032593 -179.6383057 19.9999924
v -819.9999390 -179.6510315 21.9999924
v -819.9999390 -179.6510315 19.9999924
v -820.0967407 -179.6383057 21.9999924
v -820.0967407 -179.6383057 19.9999924
v -820.1867676 -179.6009827 21.9999924
v -820.1867676 -179.6009827 19.9999924
v -820.2640991 -179.5416260 21.9999924
v -820.2640991 -179.5416260 19.9999924
v -820.3234863 -179.4642639 21.9999924
v -820.3234863 -179.4642639 19.9999924
v -820.3607788 -179.3741608 21.9999924
v -820.3607788 -179.3741608 19.9999924
v -820.3735962 -179.2774811 21.9999924
v -820.3735962 -179.2774811 19.9999924
v -820.3607788 -179.1808014 21.9999924
v -820.3607788 -179.1808014 19.9999924
v -820.3234863 -179.0906830 21.9999924
v -820.3234863 -179.0906830 19.9999924
v -820.2640991 -179.0133514 21.9999924
v -820.2640991 -179.0133514 19.9999924
v -820.1867676 -178.9539642 21.9999924
v -820.1867676 -178.9539642 19.9999924
v -820.0967407 -178.9166718 21.9999924
v -820.0967407 -178.9166718 19.9999924
v -819.9999390 -178.9039154 21.9999924
v -819.9999390 -178.9039154 19.9999924
v -819.9032593 -178.9166718 21.9999924
v -819.9032593 -178.9166718 19.9999924
v -819.8132324 -178.9539642 21.9999924
v -819.8132324 -178.9539642 19.9999924
v -819.7357788 -179.0133514 21.9999924
v -819.7357788 -179.0133514 19.9999924
v -819.6765137 -179.0906830 21.9999924
v -819.6765137 -179.0906830 19.9999924
v -819.6264038 -179.2774811 11.9999933
v -819.6390991 -179.3741608 11.9999933
v -819.6390991 -179.3741608 13.9999924
v -819.6264038 -179.2774811 13.9999924
v -819.6390991 -179.1808014 11.9999933
v -819.6390991 -179.1808014 13.9999924
v -819.6765137 -179.0906830 11.9999933
v -819.6765137 -179.0906830 13.9999924
v -819.7357788 -179.0133514 11.9999933
v -819.7357788 -179.0133514 13.9999924
v -819.8132324 -178.9539642 11.9999933
v -819.8132324 -178.9539642 13.9999924
v -819.9032593 -178.9166718 11.9999933
v -819.9032593 -178.9166718 13.9999924
v -819.9999390 -178.9039154 11.9999933
v -819.9999390 -178.9039154 13.9999924
v -820.0967407 -178.9166718 11.9999933
v -820.0967407 -178.9166718 13.9999924
v -820.1867676 -178.9539642 11.9999933
v -820.1867676 -178.9539642 13.9999924
v -820.2640991 -179.0133514 11.9999933
v -820.2640991 -179.0133514 13.9999924
v -820.3234863 -179.0906830 11.9999933
v -820.3234863 -179.0906830 13.9999924
v -820.3607788 -179.1808014 11.9999933
v -820.3607788 -179.1808014 13.9999924
v -820.3735962 -179.2774811 11.9999933
v -820.3735962 -179.2774811 13.9999924
v -820.3607788 -179.3741608 11.9999933
v -820.3607788 -179.3741608 13.9999924
v -820.3234863 -179.4642639 11.9999933
v -820.3234863 -179.4642639 13.9999924
v -820.2640991 -179.5416260 11.9999933
v -820.2640991 -179.5416260 13.9999924
v -820.1867676 -179.6009827 11.9999933
v -820.1867676 -179.6009827 13.9999924
v -820.0967407 -179.6383057 11.9999933
v -820.0967407 -179.6383057 13.9999924
v -819.9999390 -179.6510315 11.9999933
v -819.9999390 -179.6510315 13.9999924
v -819.9032593 -179.6383057 11.9999933
v -819.9032593 -179.6383057 13.9999924
v -819.8132324 -179.6009827 11.9999933
v -819.8132324 -179.6009827 13.9999924
v -819.7357788 -179.5416260 11.9999933
v -819.7357788 -179.5416260 13.9999924
v -819.6765137 -179.4642639 11.9999933
v -819.6765137 -179.4642639 13.9999924
v -820.3735962 -179.2774811 17.9999924
v -820.3607788 -179.1808014 17.9999924
v -820.3234863 -179.0906830 17.9999924
v -820.2640991 -179.0133514 17.9999924
v -820.1867676 -178.9539642 17.9999924
v -820.0967407 -178.9166718 17.9999924
v -819.9999390 -178.9039154 17.9999924
v -819.9032593 -178.9166718 17.9999924
v -819.8132324 -178.9539642 17.9999924
v -819.7357788 -179.0133514 17.9999924
v -819.6765137 -179.0906830 17.9999924
v -819.6390991 -179.1808014 17.9999924
v -819.6264038 -179.2774811 17.9999924
v -819.6390991 -179.3741608 17.9999924
v -819.6765137 -179.4642639 17.9999924
v -819.7357788 -179.5416260 17.9999924
v -819.8132324 -179.6009827 17.9999924
v -819.9032593 -179.6383057 17.9999924
v -819.9999390 -179.6510315 17.9999924
v -820.0967407 -179.6383057 17.9999924
v -820.1867676 -179.6009827 17.9999924
v -820.2640991 -179.5416260 17.9999924
v -820.3234863 -179.4642639 17.9999924
v -820.3607788 -179.3741608 17.9999924
v -820.3735962 -179.2774811 15.9999933
v -820.3607788 -179.1808014 15.9999933
v -820.3234863 -179.0906830 15.9999933
v -820.2640991 -179.0133514 15.9999933
v -820.1867676 -178.9539642 15.9999933
v -820.0967407 -178.9166718 15.9999933
v -819.9999390 -178.9039154 15.9999933
v -819.9032593 -178.9166718 15.9999933
v -819.8132324 -178.9539642 15.9999933
v -819.7357788 -179.0133514 15.9999933
v -819.6765137 -179.0906830 15.9999933
v -819.6390991 -179.1808014 15.9999933
v -819.6264038 -179.2774811 15.9999933
v -819.6390991 -179.3741608 15.9999933
v -819.6765137 -179.4642639 15.9999933
v -819.7357788 -179.5416260 15.9999933
v -819.8132324 -179.6009827 15.9999933
v -819.9032593 -179.6383057 15.9999933
v -819.9999390 -179.6510315 15.9999933
v -820.0967407 -179.6383057 15.9999933
v -820.1867676 -179.6009827 15.9999933
v -820.2640991 -179.5416260 15.9999933
v -820.3234863 -179.4642639 15.9999933
v -820.3607788 -179.3741608 15.9999933
v -816.9038696 -182.0000305 21.9999924
v -816.9166260 -181.9033508 21.9999924
v -816.9166260 -181.9033508 19.9999924
v -816.9038696 -182.0000305 19.9999924
v -816.9166260 -182.0967102 21.9999924
v -816.9166260 -182.0967102 19.9999924
v -816.9539185 -182.1867981 21.9999924
v -816.9539185 -182.1867981 19.9999924
v -817.0133057 -182.2641754 21.9999924
v -817.0133057 -182.2641754 19.9999924
v -817.0906372 -182.3235321 21.9999924
v -817.0906372 -182.3235321 19.9999924
v -817.1807251 -182.3608704 21.9999924
v -817.1807251 -182.3608704 19.9999924
v -817.2774658 -182.3735809 21.9999924
v -817.2774658 -182.3735809 19.9999924
v -817.3741455 -182.3608704 21.9999924
v -817.3741455 -182.3608704 19.9999924
v -817.4642334 -182.3235321 21.9999924
v -817.4642334 -182.3235321 19.9999924
v -817.5416260 -182.2641754 21.9999924
v -817.5416260 -182.2641754 19.9999924
v -817.6009521 -182.1867981 21.9999924
v -817.6009521 -182.1867981 19.9999924
v -817.6383057 -182.0967102 21.9999924
v -817.6383057 -182.0967102 19.9999924
v -817.6510010 -182.0000305 21.9999924
v -817.6510010 -182.0000305 19.9999924
v -817.6383057 -181.9033508 21.9999924
v -817.6383057 -181.9033508 19.9999924
v -817.6009521 -181.8132629 21.9999924
v -817.6009521 -181.8132629 19.9999924
v -817.5416260 -181.7358856 21.9999924
v -817.5416260 -181.7358856 19.9999924
v -817.4642334 -181.6764984 21.9999924
v -817.4642334 -181.6764984 19.9999924
v -817.3741455 -181.6392059 21.9999924
v -817.3741455 -181.6392059 19.9999924
v -817.2774658 -181.6264801 21.9999924
v -817.2774658 -181.6264801 19.9999924
v -817.1807251 -181.6392059 21.9999924
v -817.1807251 -181.6392059 19.9999924
v -817.0906372 -181.6764984 21.9999924
v -817.0906372 -181.6764984 19.9999924
v -817.0133057 -181.7358856 21.9999924
v -817.0133057 -181.7358856 19.9999924
v -816.9539185 -181.8132629 21.9999924
v -816.9539185 -181.8132629 19.9999924
v -816.9038696 -182.0000305 11.9999933
v -816.9166260 -182.0967102 11.9999933
v -816.9166260 -182.0967102 13.9999924
v -816.9038696 -182.0000305 13.9999924
v -816.9166260 -181.9033508 11.9999933
v -816.9166260 -181.9033508 13.9999924
v -816.9539185 -181.8132629 11.9999933
v -816.9539185 -181.8132629 13.9999924
v -817.0133057 -181.7358856 11.9999933
v -817.0133057 -181.7358856 13.9999924
v -817.0906372 -181.6764984 11.9999933
v -817.0906372 -181.6764984 13.9999924
v -817.1807251 -181.6392059 11.9999933
v -817.1807251 -181.6392059 13.9999924
v -817.2774658 -181.6264801 11.9999933
v -817.2774658 -181.6264801 13.9999924
v -817.3741455 -181.6392059 11.9999933
v -817.3741455 -181.6392059 13.9999924
v -817.4642334 -181.6764984 11.9999933
v -817.4642334 -181.6764984 13.9999924
v -817.5416260 -181.7358856 11.9999933
v -817.5416260 -181.7358856 13.9999924
v -817.6009521 -181.8132629 11.9999933
v -817.6009521 -181.8132629 13.9999924
v -817.6383057 -181.9033508 11.9999933
v -817.6383057 -181.9033508 13.9999924
v -817.6510010 -182.0000305 11.9999933
v -817.6510010 -182.0000305 13.9999924
v -817.6383057 -182.0967102 11.9999933
v -817.6383057 -182.0967102 13.9999924
v -817.6009521 -182.1867981 11.9999933
v -817.6009521 -182.1867981 13.9999924
v -817.5416260 -182.2641754 11.9999933
v -817.5416260 -182.2641754 13.9999924
v -817.4642334 -182.3235321 11.9999933
v -817.4642334 -182.3235321 13.9999924
v -817.3741455 -182.3608704 11.9999933
v -817.3741455 -182.3608704 13.9999924
v -817.2774658 -182.3735809 11.9999933
v -817.2774658 -182.3735809 13.9999924
v -817.1807251 -182.3608704 11.9999933
v -817.1807251 -182.3608704 13.9999924
v -817.0906372 -182.3235321 11.9999933
v -817.0906372 -182.3235321 13.9999924
v -817.0133057 -182.2641754 11.9999933
v -817.0133057 -182.2641754 13.9999924
v -816.9539185 -182.1867981 11.9999933
v -816.9539185 -182.1867981 13.9999924
v -817.6510010 -182.0000305 17.9999924
v -817.6383057 -181.9033508 17.9999924
v -817.6009521 -181.8132629 17.9999924
v -817.5416260 -181.7358856 17.9999924
v -817.4642334 -181.6764984 17.9999924
v -817.3741455 -181.6392059 17.9999924
v -817.2774658 -181.6264801 17.9999924
v -817.1807251 -181.6392059 17.9999924
v -817.0906372 -181.6764984 17.9999924
v -817.0133057 -181.7358856 17.9999924
v -816.9539185 -181.8132629 17.9999924
v -816.9166260 -181.9033508 17.9999924
v -816.9038696 -182.0000305 17.9999924
v -816.9166260 -182.0967102 17.9999924
v -816.9539185 -182.1867981 17.9999924
v -817.0133057 -182.2641754 17.9999924
v -817.0906372 -182.3235321 17.9999924
v -817.1807251 -182.3608704 17.9999924
v -817.2774658 -182.3735809 17.9999924
v -817.3741455 -182.3608704 17.9999924
v -817.4642334 -182.3235321 17.9999924
v -817.5416260 -182.2641754 17.9999924
v -817.6009521 -182.1867981 17.9999924
v -817.6383057 -182.0967102 17.9999924
v -817.6510010 -182.0000305 15.9999933
v -817.6383057 -181.9033508 15.9999933
v -817.6009521 -181.8132629 15.9999933
v -817.5416260 -181.7358856 15.9999933
v -817.4642334 -181.6764984 15.9999933
v -817.3741455 -181.6392059 15.9999933
v -817.2774658 -181.6264801 15.9999933
v -817.1807251 -181.6392059 15.9999933
v -817.0906372 -181.6764984 15.9999933
v -817.0133057 -181.7358856 15.9999933
v -816.9539185 -181.8132629 15.9999933
v -816.9166260 -181.9033508 15.9999933
v -816.9038696 -182.0000305 15.9999933
v -816.9166260 -182.0967102 15.9999933
v -816.9539185 -182.1867981 15.9999933
v -817.0133057 -182.2641754 15.9999933
v -817.0906372 -182.3235321 15.9999933
v -817.1807251 -182.3608704 15.9999933
v -817.2774658 -182.3735809 15.9999933
v -817.3741455 -182.3608704 15.9999933
v -817.4642334 -182.3235321 15.9999933
v -817.5416260 -182.2641754 15.9999933
v -817.6009521 -182.1867981 15.9999933
v -817.6383057 -182.0967102 15.9999933
v -819.6264038 -184.7225800 21.9999924
v -819.6390991 -184.6258850 21.9999924
v -819.6390991 -184.6258850 19.9999924
v -819.6264038 -184.7225800 19.9999924
v -819.6390991 -184.8192444 21.9999924
v -819.6390991 -184.8192444 19.9999924
v -819.6765137 -184.9093475 21.9999924
v -819.6765137 -184.9093475 19.9999924
v -819.7357788 -184.9867096 21.9999924
v -819.7357788 -184.9867096 19.9999924
v -819.8132324 -185.0460663 21.9999924
v -819.8132324 -185.0460663 19.9999924
v -819.9032593 -185.0833893 21.9999924
v -819.9032593 -185.0833893 19.9999924
v -819.9999390 -185.0961151 21.9999924
v -819.9999390 -185.0961151 19.9999924
v -820.0967407 -185.0833893 21.9999924
v -820.0967407 -185.0833893 19.9999924
v -820.1867676 -185.0460663 21.9999924
v -820.1867676 -185.0460663 19.9999924
v -820.2640991 -184.9867096 21.9999924
v -820.2640991 -184.9867096 19.9999924
v -820.3234863 -184.9093475 21.9999924
v -820.3234863 -184.9093475 19.9999924
v -820.3607788 -184.8192444 21.9999924
v -820.3607788 -184.8192444 19.9999924
v -820.3735962 -184.7225800 21.9999924
v -820.3735962 -184.7225800 19.9999924
v -820.3607788 -184.6258850 21.9999924
v -820.3607788 -184.6258850 19.9999924
v -820.3234863 -184.5357971 21.9999924
v -820.3234863 -184.5357971 19.9999924
v -820.2640991 -184.4584198 21.9999924
v -820.2640991 -184.4584198 19.9999924
v -820.1867676 -184.3990479 21.9999924
v -820.1867676 -184.3990479 19.9999924
v -820.0967407 -184.3617401 21.9999924
v -820.0967407 -184.3617401 19.9999924
v -819.9999390 -184.3489990 21.9999924
v -819.9999390 -184.3489990 19.9999924
v -819.9032593 -184.3617401 21.9999924
v -819.9032593 -184.3617401 19.9999924
v -819.8132324 -184.3990479 21.9999924
v -819.8132324 -184.3990479 19.9999924
v -819.7357788 -184.4584198 21.9999924
v -819.7357788 -184.4584198 19.9999924
v -819.6765137 -184.5357971 21.9999924
v -819.6765137 -184.5357971 19.9999924
v -819.6264038 -184.7225800 11.9999933
v -819.6390991 -184.8192444 11.9999933
v -819.6390991 -184.8192444 13.9999924
v -819.6264038 -184.7225800 13.9999924
v -819.6390991 -184.6258850 11.9999933
v -819.6390991 -184.6258850 13.9999924
v -819.6765137 -184.5357971 11.9999933
v -819.6765137 -184.5357971 13.9999924
v -819.7357788 -184.4584198 11.9999933
v -819.7357788 -184.4584198 13.9999924
v -819.8132324 -184.3990479 11.9999933
v -819.8132324 -184.3990479 13.9999924
v -819.9032593 -184.3617401 11.9999933
v -819.9032593 -184.3617401 13.9999924
v -819.9999390 -184.3489990 11.9999933
v -819.9999390 -184.3489990 13.9999924
v -820.0967407 -184.3617401 11.9999933
v -820.0967407 -184.3617401 13.9999924
v -820.1867676 -184.3990479 11.9999933
v -820.1867676 -184.3990479 13.9999924
v -820.2640991 -184.4584198 11.9999933
v -820.2640991 -184.4584198 13.9999924
v -820.3234863 -184.5357971 11.9999933
v -820.3234863 -184.5357971 13.9999924
v -820.3607788 -184.6258850 11.9999933
v -820.3607788 -184.6258850 13.9999924
v -820.3735962 -184.7225800 11.9999933
v -820.3735962 -184.7225800 13.9999924
v -820.3607788 -184.8192444 11.9999933
v -820.3607788 -184.8192444 13.9999924
v -820.3234863 -184.9093475 11.9999933
v -820.3234863 -184.9093475 13.9999924
v -820.2640991 -184.9867096 11.9999933
v -820.2640991 -184.9867096 13.9999924
v -820.1867676 -185.0460663 11.9999933
v -820.1867676 -185.0460663 13.9999924
v -820.0967407 -185.0833893 11.9999933
v -820.0967407 -185.0833893 13.9999924
v -819.9999390 -185.0961151 11.9999933
v -819.9999390 -185.0961151 13.9999924
v -819.9032593 -185.0833893 11.9999933
v -819.9032593 -185.0833893 13.9999924
v -819.8132324 -185.0460663 11.9999933
v -819.8132324 -185.0460663 13.9999924
v -819.7357788 -184.9867096 11.9999933
v -819.7357788 -184.9867096 13.9999924
v -819.6765137 -184.9093475 11.9999933
v -819.6765137 -184.9093475 13.9999924
v -820.3735962 -184.7225800 17.9999924
v -820.3607788 -184.6258850 17.9999924
v -820.3234863 -184.5357971 17.9999924
v -820.2640991 -184.4584198 17.9999924
v -820.1867676 -184.3990479 17.9999924
v -820.0967407 -184.3617401 17.9999924
v -819.9999390 -184.3489990 17.9999924
v -819.9032593 -184.3617401 17.9999924
v -819.8132324 -184.3990479 17.9999924
v -819.7357788 -184.4584198 17.9999924
v -819.6765137 -184.5357971 17.9999924
v -819.6390991 -184.6258850 17.9999924
v -819.6264038 -184.7225800 17.9999924
v -819.6390991 -184.8192444 17.9999924
v -819.6765137 -184.9093475 17.9999924
v -819.7357788 -184.9867096 17.9999924
v -819.8132324 -185.0460663 17.9999924
v -819.9032593 -185.0833893 17.9999924
v -819.9999390 -185.0961151 17.9999924
v -820.0967407 -185.0833893 17.9999924
v -820.1867676 -185.0460663 17.9999924
v -820.2640991 -184.9867096 17.9999924
v -820.3234863 -184.9093475 17.9999924
v -820.3607788 -184.8192444 17.9999924
v -820.3735962 -184.7225800 15.9999933
v -820.3607788 -184.6258850 15.9999933
v -820.3234863 -184.5357971 15.9999933
v -820.2640991 -184.4584198 15.9999933
v -820.1867676 -184.3990479 15.9999933
v -820.0967407 -184.3617401 15.9999933
v -819.9999390 -184.3489990 15.9999933
v -819.9032593 -184.3617401 15.9999933
v -819.8132324 -184.3990479 15.9999933
v -819.7357788 -184.4584198 15.9999933
v -819.6765137 -184.5357971 15.9999933
v -819.6390991 -184.6258850 15.9999933
v -819.6264038 -184.7225800 15.9999933
v -819.6390991 -184.8192444 15.9999933
v -819.6765137 -184.9093475 15.9999933
v -819.7357788 -184.9867096 15.9999933
v -819.8132324 -185.0460663 15.9999933
v -819.9032593 -185.0833893 15.9999933
v -819.9999390 -185.0961151 15.9999933
v -820.0967407 -185.0833893 15.9999933
v -820.1867676 -185.0460663 15.9999933
v -820.2640991 -184.9867096 15.9999933
v -820.3234863 -184.9093475 15.9999933
v -820.3607788 -184.8192444 15.9999933
v -819.6115723 -182.0000305 21.9999924
v -819.6247559 -181.8994751 21.9999924
v -819.6247559 -181.8994751 19.9999924
v -819.6115723 -182.0000305 19.9999924
v -819.6247559 -182.1005707 21.9999924
v -819.6247559 -182.1005707 19.9999924
v -819.6635132 -182.1942596 21.9999924
v -819.6635132 -182.1942596 19.9999924
v -819.7253418 -182.2747040 21.9999924
v -819.7253418 -182.2747040 19.9999924
v -819.8057861 -182.3364563 21.9999924
v -819.8057861 -182.3364563 19.9999924
v -819.8994751 -182.3752594 21.9999924
v -819.8994751 -182.3752594 19.9999924
v -819.9999390 -182.3884735 21.9999924
v -819.9999390 -182.3884735 19.9999924
v -820.1005249 -182.3752594 21.9999924
v -820.1005249 -182.3752594 19.9999924
v -820.1942139 -182.3364563 21.9999924
v -820.1942139 -182.3364563 19.9999924
v -820.2746582 -182.2747040 21.9999924
v -820.2746582 -182.2747040 19.9999924
v -820.3363647 -182.1942596 21.9999924
v -820.3363647 -182.1942596 19.9999924
v -820.3751221 -182.1005707 21.9999924
v -820.3751221 -182.1005707 19.9999924
v -820.3884277 -182.0000305 21.9999924
v -820.3884277 -182.0000305 19.9999924
v -820.3751221 -181.8994751 21.9999924
v -820.3751221 -181.8994751 19.9999924
v -820.3363647 -181.8058014 21.9999924
v -820.3363647 -181.8058014 19.9999924
v -820.2746582 -181.7253571 21.9999924
v -820.2746582 -181.7253571 19.9999924
v -820.1942139 -181.6636200 21.9999924
v -820.1942139 -181.6636200 19.9999924
v -820.1005249 -181.6248016 21.9999924
v -820.1005249 -181.6248016 19.9999924
v -819.9999390 -181.6115723 21.9999924
v -819.9999390 -181.6115723 19.9999924
v -819.8994751 -181.6248016 21.9999924
v -819.8994751 -181.6248016 19.9999924
v -819.8057861 -181.6636200 21.9999924
v -819.8057861 -181.6636200 19.9999924
v -819.7253418 -181.7253571 21.9999924
v -819.7253418 -181.7253571 19.9999924
v -819.6635132 -181.8058014 21.9999924
v -819.6635132 -181.8058014 19.9999924
v -819.6115723 -182.0000305 11.9999933
v -819.6247559 -182.1005707 11.9999933
v -819.6247559 -182.1005707 13.9999924
v -819.6115723 -182.0000305 13.9999924
v -819.6247559 -181.8994751 11.9999933
v -819.6247559 -181.8994751 13.9999924
v -819.6635132 -181.8058014 11.9999933
v -819.6635132 -181.8058014 13.9999924
v -819.7253418 -181.7253571 11.9999933
v -819.7253418 -181.7253571 13.9999924
v -819.8057861 -181.6636200 11.9999933
v -819.8057861 -181.6636200 13.9999924
v -819.8994751 -181.6248016 11.9999933
v -819.8994751 -181.6248016 13.9999924
v -819.9999390 -181.6115723 11.9999933
v -819.9999390 -181.6115723 13.9999924
v -820.1005249 -181.6248016 11.9999933
v -820.1005249 -181.6248016 13.9999924
v -820.1942139 -181.6636200 11.9999933
v -820.1942139 -181.6636200 13.9999924
v -820.2746582 -181.7253571 11.9999933
v -820.2746582 -181.7253571 13.9999924
v -820.3363647 -181.8058014 11.9999933
v -820.3363647 -181.8058014 13.9999924
v -820.3751221 -181.8994751 11.9999933
v -820.3751221 -181.8994751 13.9999924
v -820.3884277 -182.0000305 11.9999933
v -820.3884277 -182.0000305 13.9999924
v -820.3751221 -182.1005707 11.9999933
v -820.3751221 -182.1005707 13.9999924
v -820.3363647 -182.1942596 11.9999933
v -820.3363647 -182.1942596 13.9999924
v -820.2746582 -182.2747040 11.9999933
v -820.2746582 -182.2747040 13.9999924
v -820.1942139 -182.3364563 11.9999933
v -820.1942139 -182.3364563 13.9999924
v -820.1005249 -182.3752594 11.9999933
v -820.1005249 -182.3752594 13.9999924
v -819.9999390 -182.3884735 11.9999933
v -819.9999390 -182.3884735 13.9999924
v -819.8994751 -182.3752594 11.9999933
v -819.8994751 -182.3752594 13.9999924
v -819.8057861 -182.3364563 11.9999933
v -819.8057861 -182.3364563 13.9999924
v -819.7253418 -182.2747040 11.9999933
v -819.7253418 -182.2747040 13.9999924
v -819.6635132 -182.1942596 11.9999933
v -819.6635132 -182.1942596 13.9999924
v -820.3884277 -182.0000305 17.9999924
v -820.3751221 -181.8994751 17.9999924
v -820.3363647 -181.8058014 17.9999924
v -820.2746582 -181.7253571 17.9999924
v -820.1942139 -181.6636200 17.9999924
v -820.1005249 -181.6248016 17.9999924
v -819.9999390 -181.6115723 17.9999924
v -819.8994751 -181.6248016 17.9999924
v -819.8057861 -181.6636200 17.9999924
v -819.7253418 -181.7253571 17.9999924
v -819.6635132 -181.8058014 17.9999924
v -819.6247559 -181.8994751 17.9999924
v -819.6115723 -182.0000305 17.9999924
v -819.6247559 -182.1005707 17.9999924
v -819.6635132 -182.1942596 17.9999924
v -819.7253418 -182.2747040 17.9999924
v -819.8057861 -182.3364563 17.9999924
v -819.8994751 -182.3752594 17.9999924
v -819.9999390 -182.3884735 17.9999924
v -820.1005249 -182.3752594 17.9999924
v -820.1942139 -182.3364563 17.9999924
v -820.2746582 -182.2747040 17.9999924
v -820.3363647 -182.1942596 17.9999924
v -820.3751221 -182.1005707 17.9999924
v -820.3884277 -182.0000305 15.9999933
v -820.3751221 -181.8994751 15.9999933
v -820.3363647 -181.8058014 15.9999933
v -820.2746582 -181.7253571 15.9999933
v -820.1942139 -181.6636200 15.9999933
v -820.1005249 -181.6248016 15.9999933
v -819.9999390 -181.6115723 15.9999933
v -819.8994751 -181.6248016 15.9999933
v -819.8057861 -181.6636200 15.9999933
v -819.7253418 -181.7253571 15.9999933
v -819.6635132 -181.8058014 15.9999933
v -819.6247559 -181.8994751 15.9999933
v -819.6115723 -182.0000305 15.9999933
v -819.6247559 -182.1005707 15.9999933
v -819.6635132 -182.1942596 15.9999933
v -819.7253418 -182.2747040 15.9999933
v -819.8057861 -182.3364563 15.9999933
v -819.8994751 -182.3752594 15.9999933
v -819.9999390 -182.3884735 15.9999933
v -820.1005249 -182.3752594 15.9999933
v -820.1942139 -182.3364563 15.9999933
v -820.2746582 -182.2747040 15.9999933
v -820.3363647 -182.1942596 15.9999933
v -820.3751221 -182.1005707 15.9999933
v -849.9999390 -182.0000305 52.3207932
v -849.9999390 -181.8982544 52.3341904
v -851.9999390 -181.8982544 52.3341904
v -851.9999390 -182.0000305 52.3207932
v -849.9999390 -182.1017914 52.3341904
v -851.9999390 -182.1017914 52.3341904
v -849.9999390 -182.1966400 52.3734741
v -851.9999390 -182.1966400 52.3734741
v -849.9999390 -182.2780609 52.4359627
v -851.9999390 -182.2780609 52.4359627
v -849.9999390 -182.3405609 52.5173950
v -851.9999390 -182.3405609 52.5173950
v -849.9999390 -182.3798370 52.6122322
v -851.9999390 -182.3798370 52.6122322
v -849.9999390 -182.3932343 52.7139931
v -851.9999390 -182.3932343 52.7139931
v -849.9999390 -182.3798370 52.8157654
v -851.9999390 -182.3798370 52.8157654
v -849.9999390 -182.3405609 52.9106026
v -851.9999390 -182.3405609 52.9106026
v -849.9999390 -182.2780609 52.9920349
v -851.9999390 -182.2780609 52.9920349
v -849.9999390 -182.1966400 53.0545235
v -851.9999390 -182.1966400 53.0545235
v -849.9999390 -182.1017914 53.0938034
v -851.9999390 -182.1017914 53.0938034
v -849.9999390 -182.0000305 53.1072006
v -851.9999390 -182.0000305 53.1072006
v -849.9999390 -181.8982544 53.0938034
v -851.9999390 -181.8982544 53.0938034
v -849.9999390 -181.8034210 53.0545235
v -851.9999390 -181.8034210 53.0545235
v -849.9999390 -181.7220001 52.9920349
v -851.9999390 -181.7220001 52.9920349
v -849.9999390 -181.6595154 52.9106026
v -851.9999390 -181.6595154 52.9106026
v -849.9999390 -181.6202240 52.8157654
v -851.9999390 -181.6202240 52.8157654
v -849.9999390 -181.6068268 52.7139931
v -851.9999390 -181.6068268 52.7139931
v -849.9999390 -181.6202240 52.6122322
v -851.9999390 -181.6202240 52.6122322
v -849.9999390 -181.6595154 52.5173950
v -851.9999390 -181.6595154 52.5173950
v -849.9999390 -181.7220001 52.4359627
v -851.9999390 -181.7220001 52.4359627
v -849.9999390 -181.8034210 52.3734741
v -851.9999390 -181.8034210 52.3734741
v -857.9999390 -182.0000305 52.3207932
v -857.9999390 -182.1017914 52.3341904
v -856.0000610 -182.1017914 52.3341904
v -856.0000610 -182.0000305 52.3207932
v -857.9999390 -181.8982544 52.3341904
v -856.0000610 -181.8982544 52.3341904
v -857.9999390 -181.8034210 52.3734741
v -856.0000610 -181.8034210 52.3734741
v -857.9999390 -181.7220001 52.4359627
v -856.0000610 -181.7220001 52.4359627
v -857.9999390 -181.6595154 52.5173950
v -856.0000610 -181.6595154 52.5173950
v -857.9999390 -181.6202240 52.6122322
v -856.0000610 -181.6202240 52.6122322
v -857.9999390 -181.6068268 52.7139931
v -856.0000610 -181.6068268 52.7139931
v -857.9999390 -181.6202240 52.8157654
v -856.0000610 -181.6202240 52.8157654
v -857.9999390 -181.6595154 52.9106026
v -856.0000610 -181.6595154 52.9106026
v -857.9999390 -181.7220001 52.9920349
v -856.0000610 -181.7220001 52.9920349
v -857.9999390 -181.8034210 53.0545235
v -856.0000610 -181.8034210 53.0545235
v -857.9999390 -181.8982544 53.0938034
v -856.0000610 -181.8982544 53.0938034
v -857.9999390 -182.0000305 53.1072006
v -856.0000610 -182.0000305 53.1072006
v -857.9999390 -182.1017914 53.0938034
v -856.0000610 -182.1017914 53.0938034
v -857.9999390 -182.1966400 53.0545235
v -856.0000610 -182.1966400 53.0545235
v -857.9999390 -182.2780609 52.9920349
v -856.0000610 -182.2780609 52.9920349
v -857.9999390 -182.3405609 52.9106026
v -856.0000610 -182.3405609 52.9106026
v -857.9999390 -182.3798370 52.8157654
v -856.0000610 -182.3798370 52.8157654
v -857.9999390 -182.3932343 52.7139931
v -856.0000610 -182.3932343 52.7139931
v -857.9999390 -182.3798370 52.6122322
v -856.0000610 -182.3798370 52.6122322
v -857.9999390 -182.3405609 52.5173950
v -856.0000610 -182.3405609 52.5173950
v -857.9999390 -182.2780609 52.4359627
v -856.0000610 -182.2780609 52.4359627
v -857.9999390 -182.1966400 52.3734741
v -856.0000610 -182.1966400 52.3734741
v -853.9999390 -182.0000305 53.1072006
v -853.9999390 -181.8982544 53.0938034
v -853.9999390 -181.8034210 53.0545235
v -853.9999390 -181.7220001 52.9920349
v -853.9999390 -181.6595154 52.9106026
v -853.9999390 -181.6202240 52.8157654
v -853.9999390 -181.6068268 52.7139931
v -853.9999390 -181.6202240 52.6122322
v -853.9999390 -181.6595154 52.5173950
v -853.9999390 -181.7220001 52.4359627
v -853.9999390 -181.8034210 52.3734741
v -853.9999390 -181.8982544 52.3341904
v -853.9999390 -182.0000305 52.3207932
v -853.9999390 -182.1017914 52.3341904
v -853.9999390 -182.1966400 52.3734741
v -853.9999390 -182.2780609 52.4359627
v -853.9999390 -182.3405609 52.5173950
v -853.9999390 -182.3798370 52.6122322
v -853.9999390 -182.3932343 52.7139931
v -853.9999390 -182.3798370 52.8157654
v -853.9999390 -182.3405609 52.9106026
v -853.9999390 -182.2780609 52.9920349
v -853.9999390 -182.1966400 53.0545235
v -853.9999390 -182.1017914 53.0938034
v -849.9999390 -184.1219177 51.2989426
v -849.9999390 -184.0201569 51.3123474
v -851.9999390 -184.0201569 51.3123474
v -851.9999390 -184.1219177 51.2989426
v -849.9999390 -184.2236938 51.3123474
v -851.9999390 -184.2236938 51.3123474
v -849.9999390 -184.3185272 51.3516235
v -851.9999390 -184.3185272 51.3516235
v -849.9999390 -184.3999481 51.4141121
v -851.9999390 -184.3999481 51.4141121
v -849.9999390 -184.4624329 51.4955444
v -851.9999390 -184.4624329 51.4955444
v -849.9999390 -184.5017242 51.5903854
v -851.9999390 -184.5017242 51.5903854
v -849.9999390 -184.5151215 51.6921425
v -851.9999390 -184.5151215 51.6921425
v -849.9999390 -184.5017242 51.7939148
v -851.9999390 -184.5017242 51.7939148
v -849.9999390 -184.4624329 51.8887558
v -851.9999390 -184.4624329 51.8887558
v -849.9999390 -184.3999481 51.9701843
v -851.9999390 -184.3999481 51.9701843
v -849.9999390 -184.3185272 52.0326729
v -851.9999390 -184.3185272 52.0326729
v -849.9999390 -184.2236938 52.0719528
v -851.9999390 -184.2236938 52.0719528
v -849.9999390 -184.1219177 52.0853577
v -851.9999390 -184.1219177 52.0853577
v -849.9999390 -184.0201569 52.0719528
v -851.9999390 -184.0201569 52.0719528
v -849.9999390 -183.9253235 52.0326729
v -851.9999390 -183.9253235 52.0326729
v -849.9999390 -183.8438873 51.9701843
v -851.9999390 -183.8438873 51.9701843
v -849.9999390 -183.7814026 51.8887558
v -851.9999390 -183.7814026 51.8887558
v -849.9999390 -183.7421112 51.7939148
v -851.9999390 -183.7421112 51.7939148
v -849.9999390 -183.7287140 51.6921425
v -851.9999390 -183.7287140 51.6921425
v -849.9999390 -183.7421112 51.5903854
v -851.9999390 -183.7421112 51.5903854
v -849.9999390 -183.7814026 51.4955444
v -851.9999390 -183.7814026 51.4955444
v -849.9999390 -183.8438873 51.4141121
v -851.9999390 -183.8438873 51.4141121
v -849.9999390 -183.9253235 51.3516235
v -851.9999390 -183.9253235 51.3516235
v -857.9999390 -184.1219177 51.2989426
v -857.9999390 -184.2236938 51.3123474
v -856.0000610 -184.2236938 51.3123474
v -856.0000610 -184.1219177 51.2989426
v -857.9999390 -184.0201569 51.3123474
v -856.0000610 -184.0201569 51.3123474
v -857.9999390 -183.9253235 51.3516235
v -856.0000610 -183.9253235 51.3516235
v -857.9999390 -183.8438873 51.4141121
v -856.0000610 -183.8438873 51.4141121
v -857.9999390 -183.7814026 51.4955444
v -856.0000610 -183.7814026 51.4955444
v -857.9999390 -183.7421112 51.5903854
v -856.0000610 -183.7421112 51.5903854
v -857.9999390 -183.7287140 51.6921425
v -856.0000610 -183.7287140 51.6921425
v -857.9999390 -183.7421112 51.7939148
v -856.0000610 -183.7421112 51.7939148
v -857.9999390 -183.7814026 51.8887558
v -856.0000610 -183.7814026 51.8887558
v -857.9999390 -183.8438873 51.9701843
v -856.0000610 -183.8438873 51.9701843
v -857.9999390 -183.9253235 52.0326729
v -856.0000610 -183.9253235 52.0326729
v -857.9999390 -184.0201569 52.0719528
v -856.0000610 -184.0201569 52.0719528
v -857.9999390 -184.1219177 52.0853577
v -856.0000610 -184.1219177 52.0853577
v -857.9999390 -184.2236938 52.0719528
v -856.0000610 -184.2236938 52.0719528
v -857.9999390 -184.3185272 52.0326729
v -856.0000610 -184.3185272 52.0326729
v -857.9999390 -184.3999481 51.9701843
v -856.0000610 -184.3999481 51.9701843
v -857.9999390 -184.4624329 51.8887558
v -856.0000610 -184.4624329 51.8887558
v -857.9999390 -184.5017242 51.7939148
v -856.0000610 -184.5017242 51.7939148
v -857.9999390 -184.5151215 51.6921425
v -856.0000610 -184.5151215 51.6921425
v -857.9999390 -184.5017242 51.5903854
v -856.0000610 -184.5017242 51.5903854
v -857.9999390 -184.4624329 51.4955444
v -856.0000610 -184.4624329 51.4955444
v -857.9999390 -184.3999481 51.4141121
v -856.0000610 -184.3999481 51.4141121
v -857.9999390 -184.3185272 51.3516235
v -856.0000610 -184.3185272 51.3516235
v -853.9999390 -184.1219177 52.0853577
v -853.9999390 -184.0201569 52.0719528
v -853.9999390 -183.9253235 52.0326729
v -853.9999390 -183.8438873 51.9701843
v -853.9999390 -183.7814026 51.8887558
v -853.9999390 -183.7421112 51.7939148
v -853.9999390 -183.7287140 51.6921425
v -853.9999390 -183.7421112 51.5903854
v -853.9999390 -183.7814026 51.4955444
v -853.9999390 -183.8438873 51.4141121
v -853.9999390 -183.9253235 51.3516235
v -853.9999390 -184.0201569 51.3123474
v -853.9999390 -184.1219177 51.2989426
v -853.9999390 -184.2236938 51.3123474
v -853.9999390 -184.3185272 51.3516235
v -853.9999390 -184.3999481 51.4141121
v -853.9999390 -184.4624329 51.4955444
v -853.9999390 -184.5017242 51.5903854
v -853.9999390 -184.5151215 51.6921425
v -853.9999390 -184.5017242 51.7939148
v -853.9999390 -184.4624329 51.8887558
v -853.9999390 -184.3999481 51.9701843
v -853.9999390 -184.3185272 52.0326729
v -853.9999390 -184.2236938 52.0719528
v -849.9999390 -184.6459808 49.0028725
v -849.9999390 -184.5442047 49.0162659
v -851.9999390 -184.5442047 49.0162659
v -851.9999390 -184.6459808 49.0028725
v -849.9999390 -184.7477570 49.0162659
v -851.9999390 -184.7477570 49.0162659
v -849.9999390 -184.8425903 49.0555420
v -851.9999390 -184.8425903 49.0555420
v -849.9999390 -184.9240112 49.1180344
v -851.9999390 -184.9240112 49.1180344
v -849.9999390 -184.9865112 49.1994743
v -851.9999390 -184.9865112 49.1994743
v -849.9999390 -185.0257874 49.2943001
v -851.9999390 -185.0257874 49.2943001
v -849.9999390 -185.0391998 49.3960762
v -851.9999390 -185.0391998 49.3960762
v -849.9999390 -185.0257874 49.4978447
v -851.9999390 -185.0257874 49.4978447
v -849.9999390 -184.9865112 49.5926743
v -851.9999390 -184.9865112 49.5926743
v -849.9999390 -184.9240112 49.6741142
v -851.9999390 -184.9240112 49.6741142
v -849.9999390 -184.8425903 49.7365913
v -851.9999390 -184.8425903 49.7365913
v -849.9999390 -184.7477570 49.7758751
v -851.9999390 -184.7477570 49.7758751
v -849.9999390 -184.6459808 49.7892761
v -851.9999390 -184.6459808 49.7892761
v -849.9999390 -184.5442047 49.7758751
v -851.9999390 -184.5442047 49.7758751
v -849.9999390 -184.4493866 49.7365913
v -851.9999390 -184.4493866 49.7365913
v -849.9999390 -184.3679504 49.6741142
v -851.9999390 -184.3679504 49.6741142
v -849.9999390 -184.3054657 49.5926743
v -851.9999390 -184.3054657 49.5926743
v -849.9999390 -184.2661896 49.4978447
v -851.9999390 -184.2661896 49.4978447
v -849.9999390 -184.2527924 49.3960762
v -851.9999390 -184.2527924 49.3960762
v -849.9999390 -184.2661896 49.2943001
v -851.9999390 -184.2661896 49.2943001
v -849.9999390 -184.3054657 49.1994743
v -851.9999390 -184.3054657 49.1994743
v -849.9999390 -184.3679504 49.1180344
v -851.9999390 -184.3679504 49.1180344
v -849.9999390 -184.4493866 49.0555420
v -851.9999390 -184.4493866 49.0555420
v -857.9999390 -184.6459808 49.0028725
v -857.9999390 -184.7477570 49.0162659
v -856.0000610 -184.7477570 49.0162659
v -856.0000610 -184.6459808 49.0028725
v -857.9999390 -184.5442047 49.0162659
v -856.0000610 -184.5442047 49.0162659
v -857.9999390 -184.4493866 49.0555420
v -856.0000610 -184.4493866 49.0555420
v -857.9999390 -184.3679504 49.1180344
v -856.0000610 -184.3679504 49.1180344
v -857.9999390 -184.3054657 49.1994743
v -856.0000610 -184.3054657 49.1994743
v -857.9999390 -184.2661896 49.2943001
v -856.0000610 -184.2661896 49.2943001
v -857.9999390 -184.2527924 49.3960762
v -856.0000610 -184.2527924 49.3960762
v -857.9999390 -184.2661896 49.4978447
v -856.0000610 -184.2661896 49.4978447
v -857.9999390 -184.3054657 49.5926743
v -856.0000610 -184.3054657 49.5926743
v -857.9999390 -184.3679504 49.6741142
v -856.0000610 -184.3679504 49.6741142
v -857.9999390 -184.4493866 49.7365913
v -856.0000610 -184.4493866 49.7365913
v -857.9999390 -184.5442047 49.7758751
v -856.0000610 -184.5442047 49.7758751
v -857.9999390 -184.6459808 49.7892761
v -856.0000610 -184.6459808 49.7892761
v -857.9999390 -184.7477570 49.7758751
v -856.0000610 -184.7477570 49.7758751
v -857.9999390 -184.8425903 49.7365913
v -856.0000610 -184.8425903 49.7365913
v -857.9999390 -184.9240112 49.6741142
v -856.0000610 -184.9240112 49.6741142
v -857.9999390 -184.9865112 49.5926743
v -856.0000610 -184.9865112 49.5926743
v -857.9999390 -185.0257874 49.4978447
v -856.0000610 -185.0257874 49.4978447
v -857.9999390 -185.0391998 49.3960762
v -856.0000610 -185.0391998 49.3960762
v -857.9999390 -185.0257874 49.2943001
v -856.0000610 -185.0257874 49.2943001
v -857.9999390 -184.9865112 49.1994743
v -856.0000610 -184.9865112 49.1994743
v -857.9999390 -184.9240112 49.1180344
v -856.0000610 -184.9240112 49.1180344
v -857.9999390 -184.8425903 49.0555420
v -856.0000610 -184.8425903 49.0555420
v -853.9999390 -184.6459808 49.7892761
v -853.9999390 -184.5442047 49.7758751
v -853.9999390 -184.4493866 49.7365913
v -853.9999390 -184.3679504 49.6741142
v -853.9999390 -184.3054657 49.5926743
v -853.9999390 -184.2661896 49.4978447
v -853.9999390 -184.2527924 49.3960762
v -853.9999390 -184.2661896 49.2943001
v -853.9999390 -184.3054657 49.1994743
v -853.9999390 -184.3679504 49.1180344
v -853.9999390 -184.4493866 49.0555420
v -853.9999390 -184.5442047 49.0162659
v -853.9999390 -184.6459808 49.0028725
v -853.9999390 -184.7477570 49.0162659
v -853.9999390 -184.8425903 49.0555420
v -853.9999390 -184.9240112 49.1180344
v -853.9999390 -184.9865112 49.1994743
v -853.9999390 -185.0257874 49.2943001
v -853.9999390 -185.0391998 49.3960762
v -853.9999390 -185.0257874 49.4978447
v -853.9999390 -184.9865112 49.5926743
v -853.9999390 -184.9240112 49.6741142
v -853.9999390 -184.8425903 49.7365913
v -853.9999390 -184.7477570 49.7758751
v -849.9999390 -183.1775970 47.1615639
v -849.9999390 -183.0758362 47.1749535
v -851.9999390 -183.0758362 47.1749535
v -851.9999390 -183.1775970 47.1615639
v -849.9999390 -183.2793427 47.1749535
v -851.9999390 -183.2793427 47.1749535
v -849.9999390 -183.3741913 47.2142448
v -851.9999390 -183.3741913 47.2142448
v -849.9999390 -183.4556122 47.2767220
v -851.9999390 -183.4556122 47.2767220
v -849.9999390 -183.5181122 47.3581619
v -851.9999390 -183.5181122 47.3581619
v -849.9999390 -183.5574036 47.4529915
v -851.9999390 -183.5574036 47.4529915
v -849.9999390 -183.5707855 47.5547638
v -851.9999390 -183.5707855 47.5547638
v -849.9999390 -183.5574036 47.6565323
v -851.9999390 -183.5574036 47.6565323
v -849.9999390 -183.5181122 47.7513618
v -851.9999390 -183.5181122 47.7513618
v -849.9999390 -183.4556122 47.8328018
v -851.9999390 -183.4556122 47.8328018
v -849.9999390 -183.3741913 47.8952827
v -851.9999390 -183.3741913 47.8952827
v -849.9999390 -183.2793427 47.9345627
v -851.9999390 -183.2793427 47.9345627
v -849.9999390 -183.1775970 47.9479637
v -851.9999390 -183.1775970 47.9479637
v -849.9999390 -183.0758362 47.9345627
v -851.9999390 -183.0758362 47.9345627
v -849.9999390 -182.9809875 47.8952827
v -851.9999390 -182.9809875 47.8952827
v -849.9999390 -182.8995514 47.8328018
v -851.9999390 -182.8995514 47.8328018
v -849.9999390 -182.8370667 47.7513618
v -851.9999390 -182.8370667 47.7513618
v -849.9999390 -182.7977753 47.6565323
v -851.9999390 -182.7977753 47.6565323
v -849.9999390 -182.7843933 47.5547638
v -851.9999390 -182.7843933 47.5547638
v -849.9999390 -182.7977753 47.4529915
v -851.9999390 -182.7977753 47.4529915
v -849.9999390 -182.8370667 47.3581619
v -851.9999390 -182.8370667 47.3581619
v -849.9999390 -182.8995514 47.2767220
v -851.9999390 -182.8995514 47.2767220
v -849.9999390 -182.9809875 47.2142448
v -851.9999390 -182.9809875 47.2142448
v -857.9999390 -183.1775970 47.1615639
v -857.9999390 -183.2793427 47.1749535
v -856.0000610 -183.2793427 47.1749535
v -856.0000610 -183.1775970 47.1615639
v -857.9999390 -183.0758362 47.1749535
v -856.0000610 -183.0758362 47.1749535
v -857.9999390 -182.9809875 47.2142448
v -856.0000610 -182.9809875 47.2142448
v -857.9999390 -182.8995514 47.2767220
v -856.0000610 -182.8995514 47.2767220
v -857.9999390 -182.8370667 47.3581619
v -856.0000610 -182.8370667 47.3581619
v -857.9999390 -182.7977753 47.4529915
v -856.0000610 -182.7977753 47.4529915
v -857.9999390 -182.7843933 47.5547638
v -856.0000610 -182.7843933 47.5547638
v -857.9999390 -182.7977753 47.6565323
v -856.0000610 -182.7977753 47.6565323
v -857.9999390 -182.8370667 47.7513618
v -856.0000610 -182.8370667 47.7513618
v -857.9999390 -182.8995514 47.8328018
v -856.0000610 -182.8995514 47.8328018
v -857.9999390 -182.9809875 47.8952827
v -856.0000610 -182.9809875 47.8952827
v -857.9999390 -183.0758362 47.9345627
v -856.0000610 -183.0758362 47.9345627
v -857.9999390 -183.1775970 47.9479637
v -856.0000610 -183.1775970 47.9479637
v -857.9999390 -183.2793427 47.9345627
v -856.0000610 -183.2793427 47.9345627
v -857.9999390 -183.3741913 47.8952827
v -856.0000610 -183.3741913 47.8952827
v -857.9999390 -183.4556122 47.8328018
v -856.0000610 -183.4556122 47.8328018
v -857.9999390 -183.5181122 47.7513618
v -856.0000610 -183.5181122 47.7513618
v -857.9999390 -183.5574036 47.6565323
v -856.0000610 -183.5574036 47.6565323
v -857.9999390 -183.5707855 47.5547638
v -856.0000610 -183.5707855 47.5547638
v -857.9999390 -183.5574036 47.4529915
v -856.0000610 -183.5574036 47.4529915
v -857.9999390 -183.5181122 47.3581619
v -856.0000610 -183.5181122 47.3581619
v -857.9999390 -183.4556122 47.2767220
v -856.0000610 -183.4556122 47.2767220
v -857.9999390 -183.3741913 47.2142448
v -856.0000610 -183.3741913 47.2142448
v -853.9999390 -183.1775970 47.9479637
v -853.9999390 -183.0758362 47.9345627
v -853.9999390 -182.9809875 47.8952827
v -853.9999390 -182.8995514 47.8328018
v -853.9999390 -182.8370667 47.7513618
v -853.9999390 -182.7977753 47.6565323
v -853.9999390 -182.7843933 47.5547638
v -853.9999390 -182.7977753 47.4529915
v -853.9999390 -182.8370667 47.3581619
v -853.9999390 -182.8995514 47.2767220
v -853.9999390 -182.9809875 47.2142448
v -853.9999390 -183.0758362 47.1749535
v -853.9999390 -183.1775970 47.1615639
v -853.9999390 -183.2793427 47.1749535
v -853.9999390 -183.3741913 47.2142448
v -853.9999390 -183.4556122 47.2767220
v -853.9999390 -183.5181122 47.3581619
v -853.9999390 -183.5574036 47.4529915
v -853.9999390 -183.5707855 47.5547638
v -853.9999390 -183.5574036 47.6565323
v -853.9999390 -183.5181122 47.7513618
v -853.9999390 -183.4556122 47.8328018
v -853.9999390 -183.3741913 47.8952827
v -853.9999390 -183.2793427 47.9345627
v -849.9999390 -180.8224792 47.1615639
v -849.9999390 -180.7206879 47.1749535
v -851.9999390 -180.7206879 47.1749535
v -851.9999390 -180.8224792 47.1615639
v -849.9999390 -180.9242249 47.1749535
v -851.9999390 -180.9242249 47.1749535
v -849.9999390 -181.0190582 47.2142448
v -851.9999390 -181.0190582 47.2142448
v -849.9999390 -181.1005096 47.2767220
v -851.9999390 -181.1005096 47.2767220
v -849.9999390 -181.1629944 47.3581619
v -851.9999390 -181.1629944 47.3581619
v -849.9999390 -181.2022858 47.4529915
v -851.9999390 -181.2022858 47.4529915
v -849.9999390 -181.2156830 47.5547638
v -851.9999390 -181.2156830 47.5547638
v -849.9999390 -181.2022858 47.6565323
v -851.9999390 -181.2022858 47.6565323
v -849.9999390 -181.1629944 47.7513618
v -851.9999390 -181.1629944 47.7513618
v -849.9999390 -181.1005096 47.8328018
v -851.9999390 -181.1005096 47.8328018
v -849.9999390 -181.0190582 47.8952827
v -851.9999390 -181.0190582 47.8952827
v -849.9999390 -180.9242249 47.9345627
v -851.9999390 -180.9242249 47.9345627
v -849.9999390 -180.8224792 47.9479637
v -851.9999390 -180.8224792 47.9479637
v -849.9999390 -180.7206879 47.9345627
v -851.9999390 -180.7206879 47.9345627
v -849.9999390 -180.6258545 47.8952827
v -851.9999390 -180.6258545 47.8952827
v -849.9999390 -180.5444336 47.8328018
v -851.9999390 -180.5444336 47.8328018
v -849.9999390 -180.4819489 47.7513618
v -851.9999390 -180.4819489 47.7513618
v -849.9999390 -180.4426575 47.6565323
v -851.9999390 -180.4426575 47.6565323
v -849.9999390 -180.4292755 47.5547638
v -851.9999390 -180.4292755 47.5547638
v -849.9999390 -180.4426575 47.4529915
v -851.9999390 -180.4426575 47.4529915
v -849.9999390 -180.4819489 47.3581619
v -851.9999390 -180.4819489 47.3581619
v -849.9999390 -180.5444336 47.2767220
v -851.9999390 -180.5444336 47.2767220
v -849.9999390 -180.6258545 47.2142448
v -851.9999390 -180.6258545 47.2142448
v -857.9999390 -180.8224792 47.1615639
v -857.9999390 -180.9242249 47.1749535
v -856.0000610 -180.9242249 47.1749535
v -856.0000610 -180.8224792 47.1615639
v -857.9999390 -180.7206879 47.1749535
v -856.0000610 -180.7206879 47.1749535
v -857.9999390 -180.6258545 47.2142448
v -856.0000610 -180.6258545 47.2142448
v -857.9999390 -180.5444336 47.2767220
v -856.0000610 -180.5444336 47.2767220
v -857.9999390 -180.4819489 47.3581619
v -856.0000610 -180.4819489 47.3581619
v -857.9999390 -180.4426575 47.4529915
v -856.0000610 -180.4426575 47.4529915
v -857.9999390 -180.4292755 47.5547638
v -856.0000610 -180.4292755 47.5547638
v -857.9999390 -180.4426575 47.6565323
v -856.0000610 -180.4426575 47.6565323
v -857.9999390 -180.4819489 47.7513618
v -856.0000610 -180.4819489 47.7513618
v -857.9999390 -180.5444336 47.8328018
v -856.0000610 -180.5444336 47.8328018
v -857.9999390 -180.6258545 47.8952827
v -856.0000610 -180.6258545 47.8952827
v -857.9999390 -180.7206879 47.9345627
v -856.0000610 -180.7206879 47.9345627
v -857.9999390 -180.8224792 47.9479637
v -856.0000610 -180.8224792 47.9479637
v -857.9999390 -180.9242249 47.9345627
v -856.0000610 -180.9242249 47.9345627
v -857.9999390 -181.0190582 47.8952827
v -856.0000610 -181.0190582 47.8952827
v -857.9999390 -181.1005096 47.8328018
v -856.0000610 -181.1005096 47.8328018
v -857.9999390 -181.1629944 47.7513618
v -856.0000610 -181.1629944 47.7513618
v -857.9999390 -181.2022858 47.6565323
v -856.0000610 -181.2022858 47.6565323
v -857.9999390 -181.2156830 47.5547638
v -856.0000610 -181.2156830 47.5547638
v -857.9999390 -181.2022858 47.4529915
v -856.0000610 -181.2022858 47.4529915
v -857.9999390 -181.1629944 47.3581619
v -856.0000610 -181.1629944 47.3581619
v -857.9999390 -181.1005096 47.2767220
v -856.0000610 -181.1005096 47.2767220
v -857.9999390 -181.0190582 47.2142448
v -856.0000610 -181.0190582 47.2142448
v -853.9999390 -180.8224792 47.9479637
v -853.9999390 -180.7206879 47.9345627
v -853.9999390 -180.6258545 47.8952827
v -853.9999390 -180.5444336 47.8328018
v -853.9999390 -180.4819489 47.7513618
v -853.9999390 -180.4426575 47.6565323
v -853.9999390 -180.4292755 47.5547638
v -853.9999390 -180.4426575 47.4529915
v -853.9999390 -180.4819489 47.3581619
v -853.9999390 -180.5444336 47.2767220
v -853.9999390 -180.6258545 47.2142448
v -853.9999390 -180.7206879 47.1749535
v -853.9999390 -180.8224792 47.1615639
v -853.9999390 -180.9242249 47.1749535
v -853.9999390 -181.0190582 47.2142448
v -853.9999390 -181.1005096 47.2767220
v -853.9999390 -181.1629944 47.3581619
v -853.9999390 -181.2022858 47.4529915
v -853.9999390 -181.2156830 47.5547638
v -853.9999390 -181.2022858 47.6565323
v -853.9999390 -181.1629944 47.7513618
v -853.9999390 -181.1005096 47.8328018
v -853.9999390 -181.0190582 47.8952827
v -853.9999390 -180.9242249 47.9345627
v -849.9999390 -179.3540802 49.0028725
v -849.9999390 -179.2523041 49.0162659
v -851.9999390 -179.2523041 49.0162659
v -851.9999390 -179.3540802 49.0028725
v -849.9999390 -179.4558411 49.0162659
v -851.9999390 -179.4558411 49.0162659
v -849.9999390 -179.5506744 49.0555420
v -851.9999390 -179.5506744 49.0555420
v -849.9999390 -179.6320953 49.1180344
v -851.9999390 -179.6320953 49.1180344
v -849.9999390 -179.6945953 49.1994743
v -851.9999390 -179.6945953 49.1994743
v -849.9999390 -179.7338715 49.2943001
v -851.9999390 -179.7338715 49.2943001
v -849.9999390 -179.7472839 49.3960762
v -851.9999390 -179.7472839 49.3960762
v -849.9999390 -179.7338715 49.4978447
v -851.9999390 -179.7338715 49.4978447
v -849.9999390 -179.6945953 49.5926743
v -851.9999390 -179.6945953 49.5926743
v -849.9999390 -179.6320953 49.6741142
v -851.9999390 -179.6320953 49.6741142
v -849.9999390 -179.5506744 49.7365913
v -851.9999390 -179.5506744 49.7365913
v -849.9999390 -179.4558411 49.7758751
v -851.9999390 -179.4558411 49.7758751
v -849.9999390 -179.3540802 49.7892761
v -851.9999390 -179.3540802 49.7892761
v -849.9999390 -179.2523041 49.7758751
v -851.9999390 -179.2523041 49.7758751
v -849.9999390 -179.1574707 49.7365913
v -851.9999390 -179.1574707 49.7365913
v -849.9999390 -179.0760345 49.6741142
v -851.9999390 -179.0760345 49.6741142
v -849.9999390 -179.0135345 49.5926743
v -851.9999390 -179.0135345 49.5926743
v -849.9999390 -178.9742737 49.4978447
v -851.9999390 -178.9742737 49.4978447
v -849.9999390 -178.9608612 49.3960762
v -851.9999390 -178.9608612 49.3960762
v -849.9999390 -178.9742737 49.2943001
v -851.9999390 -178.9742737 49.2943001
v -849.9999390 -179.0135345 49.1994743
v -851.9999390 -179.0135345 49.1994743
v -849.9999390 -179.0760345 49.1180344
v -851.9999390 -179.0760345 49.1180344
v -849.9999390 -179.1574707 49.0555420
v -851.9999390 -179.1574707 49.0555420
v -857.9999390 -179.3540802 49.0028725
v -857.9999390 -179.4558411 49.0162659
v -856.0000610 -179.4558411 49.0162659
v -856.0000610 -179.3540802 49.0028725
v -857.9999390 -179.2523041 49.0162659
v -856.0000610 -179.2523041 49.0162659
v -857.9999390 -179.1574707 49.0555420
v -856.0000610 -179.1574707 49.0555420
v -857.9999390 -179.0760345 49.1180344
v -856.0000610 -179.0760345 49.1180344
v -857.9999390 -179.0135345 49.1994743
v -856.0000610 -179.0135345 49.1994743
v -857.9999390 -178.9742737 49.2943001
v -856.0000610 -178.9742737 49.2943001
v -857.9999390 -178.9608612 49.3960762
v -856.0000610 -178.9608612 49.3960762
v -857.9999390 -178.9742737 49.4978447
v -856.0000610 -178.9742737 49.4978447
v -857.9999390 -179.0135345 49.5926743
v -856.0000610 -179.0135345 49.5926743
v -857.9999390 -179.0760345 49.6741142
v -856.0000610 -179.0760345 49.6741142
v -857.9999390 -179.1574707 49.7365913
v -856.0000610 -179.1574707 49.7365913
v -857.9999390 -179.2523041 49.7758751
v -856.0000610 -179.2523041 49.7758751
v -857.9999390 -179.3540802 49.7892761
v -856.0000610 -179.3540802 49.7892761
v -857.9999390 -179.4558411 49.7758751
v -856.0000610 -179.4558411 49.7758751
v -857.9999390 -179.5506744 49.7365913
v -856.0000610 -179.5506744 49.7365913
v -857.9999390 -179.6320953 49.6741142
v -856.0000610 -179.6320953 49.6741142
v -857.9999390 -179.6945953 49.5926743
v -856.0000610 -179.6945953 49.5926743
v -857.9999390 -179.7338715 49.4978447
v -856.0000610 -179.7338715 49.4978447
v -857.9999390 -179.7472839 49.3960762
v -856.0000610 -179.7472839 49.3960762
v -857.9999390 -179.7338715 49.2943001
v -856.0000610 -179.7338715 49.2943001
v -857.9999390 -179.6945953 49.1994743
v -856.0000610 -179.6945953 49.1994743
v -857.9999390 -179.6320953 49.1180344
v -856.0000610 -179.6320953 49.1180344
v -857.9999390 -179.5506744 49.0555420
v -856.0000610 -179.5506744 49.0555420
v -853.9999390 -179.3540802 49.7892761
v -853.9999390 -179.2523041 49.7758751
v -853.9999390 -179.1574707 49.7365913
v -853.9999390 -179.0760345 49.6741142
v -853.9999390 -179.0135345 49.5926743
v -853.9999390 -178.9742737 49.4978447
v -853.9999390 -178.9608612 49.3960762
v -853.9999390 -178.9742737 49.2943001
v -853.9999390 -179.0135345 49.1994743
v -853.9999390 -179.0760345 49.1180344
v -853.9999390 -179.1574707 49.0555420
v -853.9999390 -179.2523041 49.0162659
v -853.9999390 -179.3540802 49.0028725
v -853.9999390 -179.4558411 49.0162659
v -853.9999390 -179.5506744 49.0555420
v -853.9999390 -179.6320953 49.1180344
v -853.9999390 -179.6945953 49.1994743
v -853.9999390 -179.7338715 49.2943001
v -853.9999390 -179.7472839 49.3960762
v -853.9999390 -179.7338715 49.4978447
v -853.9999390 -179.6945953 49.5926743
v -853.9999390 -179.6320953 49.6741142
v -853.9999390 -179.5506744 49.7365913
v -853.9999390 -179.4558411 49.7758751
v -849.9999390 -179.8781433 51.2989426
v -849.9999390 -179.7763672 51.3123474
v -851.9999390 -179.7763672 51.3123474
v -851.9999390 -179.8781433 51.2989426
v -849.9999390 -179.9799042 51.3123474
v -851.9999390 -179.9799042 51.3123474
v -849.9999390 -180.0747375 51.3516235
v -851.9999390 -180.0747375 51.3516235
v -849.9999390 -180.1561737 51.4141121
v -851.9999390 -180.1561737 51.4141121
v -849.9999390 -180.2186584 51.4955444
v -851.9999390 -180.2186584 51.4955444
v -849.9999390 -180.2579346 51.5903854
v -851.9999390 -180.2579346 51.5903854
v -849.9999390 -180.2713470 51.6921425
v -851.9999390 -180.2713470 51.6921425
v -849.9999390 -180.2579346 51.7939148
v -851.9999390 -180.2579346 51.7939148
v -849.9999390 -180.2186584 51.8887558
v -851.9999390 -180.2186584 51.8887558
v -849.9999390 -180.1561737 51.9701843
v -851.9999390 -180.1561737 51.9701843
v -849.9999390 -180.0747375 52.0326729
v -851.9999390 -180.0747375 52.0326729
v -849.9999390 -179.9799042 52.0719528
v -851.9999390 -179.9799042 52.0719528
v -849.9999390 -179.8781433 52.0853577
v -851.9999390 -179.8781433 52.0853577
v -849.9999390 -179.7763672 52.0719528
v -851.9999390 -179.7763672 52.0719528
v -849.9999390 -179.6815338 52.0326729
v -851.9999390 -179.6815338 52.0326729
v -849.9999390 -179.6000824 51.9701843
v -851.9999390 -179.6000824 51.9701843
v -849.9999390 -179.5375977 51.8887558
v -851.9999390 -179.5375977 51.8887558
v -849.9999390 -179.4983368 51.7939148
v -851.9999390 -179.4983368 51.7939148
v -849.9999390 -179.4849243 51.6921425
v -851.9999390 -179.4849243 51.6921425
v -849.9999390 -179.4983368 51.5903854
v -851.9999390 -179.4983368 51.5903854
v -849.9999390 -179.5375977 51.4955444
v -851.9999390 -179.5375977 51.4955444
v -849.9999390 -179.6000824 51.4141121
v -851.9999390 -179.6000824 51.4141121
v -849.9999390 -179.6815338 51.3516235
v -851.9999390 -179.6815338 51.3516235
v -857.9999390 -179.8781433 51.2989426
v -857.9999390 -179.9799042 51.3123474
v -856.0000610 -179.9799042 51.3123474
v -856.0000610 -179.8781433 51.2989426
v -857.9999390 -179.7763672 51.3123474
v -856.0000610 -179.7763672 51.3123474
v -857.9999390 -179.6815338 51.3516235
v -856.0000610 -179.6815338 51.3516235
v -857.9999390 -179.6000824 51.4141121
v -856.0000610 -179.6000824 51.4141121
v -857.9999390 -179.5375977 51.4955444
v -856.0000610 -179.5375977 51.4955444
v -857.9999390 -179.4983368 51.5903854
v -856.0000610 -179.4983368 51.5903854
v -857.9999390 -179.4849243 51.6921425
v -856.0000610 -179.4849243 51.6921425
v -857.9999390 -179.4983368 51.7939148
v -856.0000610 -179.4983368 51.7939148
v -857.9999390 -179.5375977 51.8887558
v -856.0000610 -179.5375977 51.8887558
v -857.9999390 -179.6000824 51.9701843
v -856.0000610 -179.6000824 51.9701843
v -857.9999390 -179.6815338 52.0326729
v -856.0000610 -179.6815338 52.0326729
v -857.9999390 -179.7763672 52.0719528
v -856.0000610 -179.7763672 52.0719528
v -857.9999390 -179.8781433 52.0853577
v -856.0000610 -179.8781433 52.0853577
v -857.9999390 -179.9799042 52.0719528
v -856.0000610 -179.9799042 52.0719528
v -857.9999390 -180.0747375 52.0326729
v -856.0000610 -180.0747375 52.0326729
v -857.9999390 -180.1561737 51.9701843
v -856.0000610 -180.1561737 51.9701843
v -857.9999390 -180.2186584 51.8887558
v -856.0000610 -180.2186584 51.8887558
v -857.9999390 -180.2579346 51.7939148
v -856.0000610 -180.2579346 51.7939148
v -857.9999390 -180.2713470 51.6921425
v -856.0000610 -180.2713470 51.6921425
v -857.9999390 -180.2579346 51.5903854
v -856.0000610 -180.2579346 51.5903854
v -857.9999390 -180.2186584 51.4955444
v -856.0000610 -180.2186584 51.4955444
v -857.9999390 -180.1561737 51.4141121
v -856.0000610 -180.1561737 51.4141121
v -857.9999390 -180.0747375 51.3516235
v -856.0000610 -180.0747375 51.3516235
v -853.9999390 -179.8781433 52.0853577
v -853.9999390 -179.7763672 52.0719528
v -853.9999390 -179.6815338 52.0326729
v -853.9999390 -179.6000824 51.9701843
v -853.9999390 -179.5375977 51.8887558
v -853.9999390 -179.4983368 51.7939148
v -853.9999390 -179.4849243 51.6921425
v -853.9999390 -179.4983368 51.5903854
v -853.9999390 -179.5375977 51.4955444
v -853.9999390 -179.6000824 51.4141121
v -853.9999390 -179.6815338 51.3516235
v -853.9999390 -179.7763672 51.3123474
v -853.9999390 -179.8781433 51.2989426
v -853.9999390 -179.9799042 51.3123474
v -853.9999390 -180.0747375 51.3516235
v -853.9999390 -180.1561737 51.4141121
v -853.9999390 -180.2186584 51.4955444
v -853.9999390 -180.2579346 51.5903854
v -853.9999390 -180.2713470 51.6921425
v -853.9999390 -180.2579346 51.7939148
v -853.9999390 -180.2186584 51.8887558
v -853.9999390 -180.1561737 51.9701843
v -853.9999390 -180.0747375 52.0326729
v -853.9999390 -179.9799042 52.0719528
v -849.9999390 -182.0000305 49.5325127
v -849.9999390 -181.8790283 49.5484428
v -852.6666260 -181.8790283 49.5484428
v -852.6666260 -182.0000305 49.5325127
v -849.9999390 -182.1210327 49.5484428
v -852.6666260 -182.1210327 49.5484428
v -849.9999390 -182.2337494 49.5951424
v -852.6666260 -182.2337494 49.5951424
v -849.9999390 -182.3305969 49.6694374
v -852.6666260 -182.3305969 49.6694374
v -849.9999390 -182.4048615 49.7662544
v -852.6666260 -182.4048615 49.7662544
v -849.9999390 -182.4515839 49.8790054
v -852.6666260 -182.4515839 49.8790054
v -849.9999390 -182.4675140 49.9999924
v -852.6666260 -182.4675140 49.9999924
v -849.9999390 -182.4515839 50.1209793
v -852.6666260 -182.4515839 50.1209793
v -849.9999390 -182.4048615 50.2337341
v -852.6666260 -182.4048615 50.2337341
v -849.9999390 -182.3305969 50.3305511
v -852.6666260 -182.3305969 50.3305511
v -849.9999390 -182.2337494 50.4048424
v -852.6666260 -182.2337494 50.4048424
v -849.9999390 -182.1210327 50.4515419
v -852.6666260 -182.1210327 50.4515419
v -849.9999390 -182.0000305 50.4674721
v -852.6666260 -182.0000305 50.4674721
v -849.9999390 -181.8790283 50.4515419
v -852.6666260 -181.8790283 50.4515419
v -849.9999390 -181.7662811 50.4048424
v -852.6666260 -181.7662811 50.4048424
v -849.9999390 -181.6694641 50.3305511
v -852.6666260 -181.6694641 50.3305511
v -849.9999390 -181.5951843 50.2337341
v -852.6666260 -181.5951843 50.2337341
v -849.9999390 -181.5484619 50.1209793
v -852.6666260 -181.5484619 50.1209793
v -849.9999390 -181.5325317 49.9999924
v -852.6666260 -181.5325317 49.9999924
v -849.9999390 -181.5484619 49.8790054
v -852.6666260 -181.5484619 49.8790054
v -849.9999390 -181.5951843 49.7662544
v -852.6666260 -181.5951843 49.7662544
v -849.9999390 -181.6694641 49.6694374
v -852.6666260 -181.6694641 49.6694374
v -849.9999390 -181.7662811 49.5951424
v -852.6666260 -181.7662811 49.5951424
v -857.9999390 -182.0000305 49.5325127
v -857.9999390 -182.1210327 49.5484428
v -855.3332520 -182.1210327 49.5484428
v -855.3332520 -182.0000305 49.5325127
v -857.9999390 -181.8790283 49.5484428
v -855.3332520 -181.8790283 49.5484428
v -857.9999390 -181.7662811 49.5951424
v -855.3332520 -181.7662811 49.5951424
v -857.9999390 -181.6694641 49.6694374
v -855.3332520 -181.6694641 49.6694374
v -857.9999390 -181.5951843 49.7662544
v -855.3332520 -181.5951843 49.7662544
v -857.9999390 -181.5484619 49.8790054
v -855.3332520 -181.5484619 49.8790054
v -857.9999390 -181.5325317 49.9999924
v -855.3332520 -181.5325317 49.9999924
v -857.9999390 -181.5484619 50.1209793
v -855.3332520 -181.5484619 50.1209793
v -857.9999390 -181.5951843 50.2337341
v -855.3332520 -181.5951843 50.2337341
v -857.9999390 -181.6694641 50.3305511
v -855.3332520 -181.6694641 50.3305511
v -857.9999390 -181.7662811 50.4048424
v -855.3332520 -181.7662811 50.4048424
v -857.9999390 -181.8790283 50.4515419
v -855.3332520 -181.8790283 50.4515419
v -857.9999390 -182.0000305 50.4674721
v -855.3332520 -182.0000305 50.4674721
v -857.9999390 -182.1210327 50.4515419
v -855.3332520 -182.1210327 50.4515419
v -857.9999390 -182.2337494 50.4048424
v -855.3332520 -182.2337494 50.4048424
v -857.9999390 -182.3305969 50.3305511
v -855.3332520 -182.3305969 50.3305511
v -857.9999390 -182.4048615 50.2337341
v -855.3332520 -182.4048615 50.2337341
v -857.9999390 -182.4515839 50.1209793
v -855.3332520 -182.4515839 50.1209793
v -857.9999390 -182.4675140 49.9999924
v -855.3332520 -182.4675140 49.9999924
v -857.9999390 -182.4515839 49.8790054
v -855.3332520 -182.4515839 49.8790054
v -857.9999390 -182.4048615 49.7662544
v -855.3332520 -182.4048615 49.7662544
v -857.9999390 -182.3305969 49.6694374
v -855.3332520 -182.3305969 49.6694374
v -857.9999390 -182.2337494 49.5951424
v -855.3332520 -182.2337494 49.5951424
v -786.4977417 -194.3000336 62.9368515
v -786.8834839 -194.3000336 64.3277359
v -788.2808838 -194.3000336 64.6891251
v -789.2925415 -194.3000336 63.6596298
v -787.5093994 -194.3000336 61.9073601
v -788.9067993 -194.3000336 62.2687492
v -834.5418701 -194.3000336 17.1626129
v -833.2855835 -194.3000336 16.4518642
v -832.0419312 -194.3000336 17.1844330
v -832.0545654 -194.3000336 18.6277523
v -834.5544434 -194.3000336 18.6059322
v -833.3107910 -194.3000336 19.3385029
v -853.5021973 -194.3000336 37.0631332
v -853.1164551 -194.3000336 35.6722527
v -851.7191162 -194.3000336 35.3108635
v -850.7074585 -194.3000336 36.3403511
v -852.4904785 -194.3000336 38.0926247
v -851.0931396 -194.3000336 37.7312355
v -852.8373413 -194.3000336 64.5419083
v -853.5480957 -194.3000336 63.2856560
v -852.8155518 -194.3000336 62.0419922
v -851.3721924 -194.3000336 62.0545959
v -851.3941040 -194.3000336 64.5544891
v -850.6614990 -194.3000336 63.3108482
v -805.4581299 -194.3000336 82.8373795
v -806.7143555 -194.3000336 83.5481339
v -807.9579468 -194.3000336 82.8155670
v -807.9453735 -194.3000336 81.3722458
v -805.4454956 -194.3000336 81.3940582
v -806.6890869 -194.3000336 80.6614838
v -832.9367676 -194.3000336 83.5022125
v -834.3276978 -194.3000336 83.1164856
v -834.6890869 -194.3000336 81.7190857
v -833.6596069 -194.3000336 80.7074051
v -831.9073486 -194.3000336 82.4905319
v -832.2686768 -194.3000336 81.0931320
v -807.0631104 -194.3000336 16.4977818
v -805.6722412 -194.3000336 16.8835030
v -805.3108521 -194.3000336 18.2809029
v -806.3403931 -194.3000336 19.2925816
v -808.0926514 -194.3000336 17.5094528
v -807.7312012 -194.3000336 18.9068527
v -787.1625977 -194.3000336 35.4580917
v -786.4517822 -194.3000336 36.7143440
v -787.1844482 -194.3000336 37.9579926
v -788.6277466 -194.3000336 37.9454041
v -788.6058960 -194.3000336 35.4454918
v -789.3385010 -194.3000336 36.6891518
v -786.4977417 -195.6000214 62.9368515
v -787.5093994 -195.6000214 61.9073601
v -786.8834839 -195.6000214 64.3277359
v -788.2808838 -195.6000214 64.6891251
v -789.2925415 -195.6000214 63.6596298
v -788.9067993 -195.6000214 62.2687492
v -834.5418701 -195.6000214 17.1626129
v -834.5544434 -195.6000214 18.6059322
v -833.2855835 -195.6000214 16.4518642
v -832.0419312 -195.6000214 17.1844330
v -832.0545654 -195.6000214 18.6277523
v -833.3107910 -195.6000214 19.3385029
v -853.5021973 -195.6000214 37.0631332
v -852.4904785 -195.6000214 38.0926247
v -853.1164551 -195.6000214 35.6722527
v -851.7191162 -195.6000214 35.3108635
v -850.7074585 -195.6000214 36.3403511
v -851.0931396 -195.6000214 37.7312355
v -852.8373413 -195.6000214 64.5419083
v -851.3941040 -195.6000214 64.5544891
v -853.5480957 -195.6000214 63.2856560
v -852.8155518 -195.6000214 62.0419922
v -851.3721924 -195.6000214 62.0545959
v -850.6614990 -195.6000214 63.3108482
v -805.4581299 -195.6000214 82.8373795
v -805.4454956 -195.6000214 81.3940582
v -806.7143555 -195.6000214 83.5481339
v -807.9579468 -195.6000214 82.8155670
v -807.9453735 -195.6000214 81.3722458
v -806.6890869 -195.6000214 80.6614838
v -832.9367676 -195.6000214 83.5022125
v -831.9073486 -195.6000214 82.4905319
v -834.3276978 -195.6000214 83.1164856
v -834.6890869 -195.6000214 81.7190857
v -833.6596069 -195.6000214 80.7074051
v -832.2686768 -195.6000214 81.0931320
v -807.0631104 -195.6000214 16.4977818
v -808.0926514 -195.6000214 17.5094528
v -805.6722412 -195.6000214 16.8835030
v -805.3108521 -195.6000214 18.2809029
v -806.3403931 -195.6000214 19.2925816
v -807.7312012 -195.6000214 18.9068527
v -787.1625977 -195.6000214 35.4580917
v -788.6058960 -195.6000214 35.4454918
v -786.4517822 -195.6000214 36.7143440
v -787.1844482 -195.6000214 37.9579926
v -788.6277466 -195.6000214 37.9454041
v -789.3385010 -195.6000214 36.6891518
v -781.1097412 -181.5971527 41.7535057
v -781.1032104 -181.1960907 41.7832108
v -781.0924072 -180.7969513 41.8326454
v -781.0773926 -180.3996735 41.9018745
v -781.0682983 -180.2017212 41.9439621
v -781.0581665 -180.0042572 41.9911118
v -781.0469971 -179.8074646 42.0433044
v -781.0350342 -179.6125946 42.1002045
v -780.9101562 -178.1300354 42.7179222
v -780.9785156 -178.8545227 42.3732948
v -781.0083618 -179.2293243 42.2277260
v -781.0220947 -179.4198914 42.1616898
v -780.7470093 -176.7908173 43.6174622
v -780.7899170 -177.1079865 43.3685951
v -780.8110352 -177.2717896 43.2495537
v -780.8319092 -177.4389954 43.1342354
v -780.8522339 -177.6085815 43.0233536
v -780.8720703 -177.7803040 42.9170341
v -780.5723267 -175.6583405 44.7547150
v -780.6157837 -175.9210968 44.4491234
v -780.6596680 -176.1974487 44.1577759
v -780.7034912 -176.4873505 43.8805504
v -780.4105225 -174.7624054 46.0994835
v -780.4480591 -174.9605255 45.7487221
v -780.4877930 -175.1760864 45.4071236
v -780.5083618 -175.2904968 45.2397842
v -780.5293579 -175.4093475 45.0747871
v -780.5507202 -175.5321198 44.9129219
v -780.2869263 -174.1445618 47.5944023
v -780.2996826 -174.2062378 47.3994865
v -780.3132935 -174.2724609 47.2067795
v -780.3276978 -174.3431702 47.0164413
v -780.3428345 -174.4183044 46.8284454
v -780.3753662 -174.5816498 46.4593811
v -780.2199707 -173.8286591 49.1821632
v -780.2454224 -173.9474182 48.3824501
v -780.2641602 -174.0360870 47.9869614
v -780.2750244 -174.0878296 47.7903175
v -780.2197876 -173.8277893 50.8090248
v -780.2160034 -173.8104706 50.6064529
v -780.2133179 -173.7980804 50.4028511
v -780.2117920 -173.7906494 50.1982307
v -780.2112427 -173.7882843 49.9935341
v -780.2117920 -173.7909393 49.7895851
v -780.2134399 -173.7985992 49.5863762
v -780.2861328 -174.1409760 52.3937378
v -780.2637329 -174.0337219 52.0035019
v -780.2450562 -173.9457855 51.6093140
v -780.2303467 -173.8771057 51.2111626
v -780.4096680 -174.7581635 53.8924904
v -780.3744507 -174.5775452 53.5318718
v -780.3579102 -174.4935760 53.3477058
v -780.3419800 -174.4138947 53.1609230
v -780.3267212 -174.3385315 52.9715157
v -780.3193970 -174.3025208 52.8758736
v -780.3123169 -174.2677460 52.7799568
v -780.5706787 -175.6485443 55.2332649
v -780.5490112 -175.5224304 55.0745964
v -780.5278320 -175.4006042 54.9133530
v -780.4865723 -175.1696777 54.5832138
v -780.7459106 -176.7829895 56.3760605
v -780.7023926 -176.4802399 56.1129456
v -780.6585693 -176.1901245 55.8348427
v -780.6364746 -176.0498505 55.6901360
v -780.6143799 -175.9127655 55.5416145
v -780.5924072 -175.7789154 55.3892555
v -780.9090576 -178.1198730 57.2765923
v -780.8901367 -177.9428558 57.1783257
v -780.8707275 -177.7677460 57.0753708
v -780.8507080 -177.5955200 56.9683151
v -780.8303223 -177.4265900 56.8574142
v -780.7886963 -177.0984192 56.6242409
v -781.0343018 -179.6021271 57.8965797
v -780.9778442 -178.8463745 57.6232948
v -780.9448853 -178.4794769 57.4591599
v -781.1030273 -181.1877441 58.2159462
v -781.0921021 -180.7872162 58.1658821
v -781.0850220 -180.5872345 58.1333237
v -781.0768433 -180.3874817 58.0956726
v -781.0723267 -180.2877197 58.0749435
v -781.0676270 -180.1883545 58.0529976
v -781.0574951 -179.9910736 58.0055466
v -781.1030884 -182.8108673 41.7838936
v -781.1069946 -182.6079254 41.7662048
v -781.1097412 -182.4048157 41.7535820
v -781.1113892 -182.2021942 41.7460518
v -781.0348511 -184.3895111 42.1008224
v -781.0769043 -183.6100922 41.9038048
v -781.0921021 -183.2129669 41.8341141
v -780.9090576 -185.8799896 42.7232819
v -780.9272461 -185.7014008 42.6298294
v -780.9448853 -185.5200806 42.5405731
v -780.9618530 -185.3359375 42.4555244
v -780.9781494 -185.1492920 42.3748436
v -780.9935913 -184.9612122 42.2990456
v -781.0082397 -184.7718658 42.2281227
v -780.7466431 -187.2115479 43.6193542
v -780.7894897 -186.8947754 43.3706017
v -780.8311157 -186.5672760 43.1383934
v -780.8709717 -186.2290192 42.9226036
v -780.5711060 -188.3484955 44.7630043
v -780.6145020 -188.0869904 44.4580269
v -780.6584473 -187.8100586 44.1652603
v -780.7027588 -187.5174561 43.8848724
v -780.4098511 -189.2407837 46.1053543
v -780.4285889 -189.1428680 45.9266853
v -780.4476929 -189.0410004 45.7511635
v -780.4874268 -188.8255463 45.4094887
v -780.2866821 -189.8566742 47.5983315
v -780.3419800 -189.5860443 46.8387794
v -780.3744507 -189.4228363 46.4687691
v -780.3917847 -189.3341827 46.2862320
v -780.2197876 -190.1723480 49.1918373
v -780.2245483 -190.1500397 48.9893532
v -780.2304077 -190.1226501 48.7868156
v -780.2337646 -190.1070557 48.6855507
v -780.2373657 -190.0902252 48.5846214
v -780.2453003 -190.0529633 48.3840370
v -780.2641602 -189.9642029 47.9878845
v -780.2197876 -190.1722260 50.8094444
v -780.2133179 -190.2018890 50.4054031
v -780.2112427 -190.2117767 50.0011215
v -780.2133179 -190.2019653 49.5965919
v -780.2868042 -189.8560028 52.4039917
v -780.2642212 -189.9638214 52.0136642
v -780.2454224 -190.0529022 51.6163254
v -780.2412720 -190.0721893 51.5158806
v -780.2373657 -190.0902710 51.4150581
v -780.2304077 -190.1226501 51.2132454
v -780.2245483 -190.1499481 51.0113716
v -780.4100342 -189.2397766 53.8965263
v -780.3746948 -189.4216614 53.5337143
v -780.3421631 -189.5847168 53.1644325
v -780.5715332 -188.3460846 55.2399178
v -780.5290527 -188.5925598 54.9227295
v -780.4877930 -188.8237762 54.5931625
v -780.4677124 -188.9336548 54.4236794
v -780.4480591 -189.0396729 54.2510567
v -780.4287109 -189.1417847 54.0752373
v -780.4193115 -189.1913452 53.9861336
v -780.7470093 -187.2088318 56.3828850
v -780.7252197 -187.3633423 56.2521858
v -780.7030640 -187.5151215 56.1172409
v -780.6809692 -187.6632996 55.9788246
v -780.6588135 -187.8075256 55.8372612
v -780.6148682 -188.0844727 55.5447731
v -780.9093018 -185.8774567 57.2780762
v -780.8314819 -186.5642242 56.8636513
v -780.7899170 -186.8918152 56.6316147
v -781.0350952 -184.3855286 57.9003944
v -781.0084229 -184.7693939 57.7727547
v -780.9937744 -184.9593811 57.7016525
v -780.9782715 -185.1483917 57.6255112
v -780.9620361 -185.3344421 57.5451469
v -780.9450684 -185.5181274 57.4603310
v -781.1033325 -182.7980499 58.2173653
v -781.0984497 -183.0002594 58.1949654
v -781.0924072 -183.2021332 58.1674919
v -781.0772705 -183.6017151 58.0978737
v -781.0581665 -183.9963531 58.0087471
v -781.1098022 -182.3942719 58.2469215
v -781.1071167 -182.5960388 58.2346611
v -811.7534790 -181.5971527 88.8902206
v -811.7831421 -181.1960907 88.8967667
v -811.8326416 -180.7969513 88.9075851
v -811.9019165 -180.3996735 88.9226227
v -811.9439087 -180.2017212 88.9317093
v -811.9910889 -180.0042572 88.9418182
v -812.0432739 -179.8074646 88.9529343
v -812.1001587 -179.6125946 88.9649734
v -812.7178955 -178.1300354 89.0898743
v -812.3732910 -178.8545227 89.0214996
v -812.2277222 -179.2293243 88.9916229
v -812.1616821 -179.4198914 88.9778748
v -813.6174316 -176.7908173 89.2529755
v -813.3685303 -177.1079865 89.2100677
v -813.2495728 -177.2717896 89.1889420
v -813.1341553 -177.4389954 89.1681137
v -813.0233154 -177.6085815 89.1477356
v -812.9169922 -177.7803040 89.1278839
v -814.7546997 -175.6583405 89.4276886
v -814.4490967 -175.9210968 89.3841858
v -814.1577759 -176.1974487 89.3403473
v -813.8805542 -176.4873505 89.2965164
v -816.0994873 -174.7624054 89.5895004
v -815.7486572 -174.9605255 89.5519485
v -815.4071045 -175.1760864 89.5122223
v -815.2397461 -175.2904968 89.4916382
v -815.0748291 -175.4093475 89.4705887
v -814.9129028 -175.5321198 89.4492493
v -817.5943604 -174.1445618 89.7130814
v -817.3994751 -174.2062378 89.7003098
v -817.2067261 -174.2724609 89.6866989
v -817.0164185 -174.3431702 89.6722870
v -816.8284302 -174.4183044 89.6571426
v -816.4593506 -174.5816498 89.6246567
v -819.1821899 -173.8286591 89.7800140
v -818.3824463 -173.9474182 89.7545624
v -817.9869385 -174.0360870 89.7357864
v -817.7903442 -174.0878296 89.7249146
v -820.8090210 -173.8277893 89.7801971
v -820.6063843 -173.8104706 89.7839584
v -820.4028931 -173.7980804 89.7866364
v -820.1981812 -173.7906494 89.7882385
v -819.9935303 -173.7882843 89.7887573
v -819.7896118 -173.7909393 89.7881699
v -819.5863647 -173.7985992 89.7865219
v -822.3936768 -174.1409760 89.7138367
v -822.0034790 -174.0337219 89.7362823
v -821.6093140 -173.9457855 89.7548981
v -821.2110596 -173.8771057 89.7695847
v -823.8924561 -174.7581635 89.5903244
v -823.5317993 -174.5775452 89.6254730
v -823.3475952 -174.4935760 89.6420746
v -823.1608887 -174.4138947 89.6580124
v -822.9715576 -174.3385315 89.6732330
v -822.8758545 -174.3025208 89.6805573
v -822.7799072 -174.2677460 89.6876755
v -825.2332764 -175.6485443 89.4293518
v -825.0745850 -175.5224304 89.4509125
v -824.9133301 -175.4006042 89.4721222
v -824.5831299 -175.1696777 89.5133896
v -826.3760376 -176.7829895 89.2540741
v -826.1129150 -176.4802399 89.2975616
v -825.8348389 -176.1901245 89.3414764
v -825.6900635 -176.0498505 89.3635101
v -825.5416260 -175.9127655 89.3855362
v -825.3892212 -175.7789154 89.4075089
v -827.2764893 -178.1198730 89.0909271
v -827.1782837 -177.9428558 89.1098175
v -827.0753174 -177.7677460 89.1293182
v -826.9682007 -177.5955200 89.1492844
v -826.8573608 -177.4265900 89.1696320
v -826.6242676 -177.0984192 89.2113190
v -827.8965454 -179.6021271 88.9656525
v -827.6232910 -178.8463745 89.0221786
v -827.4591064 -178.4794769 89.0551376
v -828.2158813 -181.1877441 88.8969498
v -828.1658936 -180.7872162 88.9079056
v -828.1333618 -180.5872345 88.9149933
v -828.0956421 -180.3874817 88.9231491
v -828.0749512 -180.2877197 88.9276276
v -828.0529785 -180.1883545 88.9323578
v -828.0054932 -179.9910736 88.9425201
v -811.7838135 -182.8108673 88.8969269
v -811.7661743 -182.6079254 88.8930359
v -811.7535400 -182.4048157 88.8902512
v -811.7459717 -182.2021942 88.8885956
v -812.1007690 -184.3895111 88.9651108
v -811.9038086 -183.6100922 88.9230576
v -811.8341064 -183.2129669 88.9079132
v -812.7232666 -185.8799896 89.0909271
v -812.6297607 -185.7014008 89.0727310
v -812.5405273 -185.5200806 89.0550995
v -812.4555664 -185.3359375 89.0381165
v -812.3748779 -185.1492920 89.0218201
v -812.2990723 -184.9612122 89.0063400
v -812.2281494 -184.7718658 88.9917145
v -813.6193237 -187.2115479 89.2533112
v -813.3706055 -186.8947754 89.2104340
v -813.1383667 -186.5672760 89.1688843
v -812.9226074 -186.2290192 89.1289520
v -814.7630005 -188.3484955 89.4288559
v -814.4580688 -188.0869904 89.3854904
v -814.1652222 -187.8100586 89.3415070
v -813.8848267 -187.5174561 89.2972260
v -816.1053467 -189.2407837 89.5901108
v -815.9266968 -189.1428680 89.5714264
v -815.7510986 -189.0410004 89.5522308
v -815.4095459 -188.8255463 89.5125275
v -817.5982666 -189.8566742 89.7133484
v -816.8387451 -189.5860443 89.6580048
v -816.4687500 -189.4228363 89.6255341
v -816.2861938 -189.3341827 89.6081848
v -819.1918335 -190.1723480 89.7802277
v -818.9893799 -190.1500397 89.7754211
v -818.7868042 -190.1226501 89.7695389
v -818.6855469 -190.1070557 89.7661819
v -818.5845947 -190.0902252 89.7625885
v -818.3840332 -190.0529633 89.7546310
v -817.9878540 -189.9642029 89.7358475
v -820.8094482 -190.1722260 89.7801971
v -820.4053955 -190.2018890 89.7866058
v -820.0010986 -190.2117767 89.7887650
v -819.5966187 -190.2019653 89.7866440
v -822.4039307 -189.8560028 89.7131958
v -822.0136108 -189.9638214 89.7357635
v -821.6163330 -190.0529022 89.7546234
v -821.5158691 -190.0721893 89.7587357
v -821.4151001 -190.0902710 89.7625961
v -821.2132568 -190.1226501 89.7695389
v -821.0113525 -190.1499481 89.7754059
v -823.8965454 -189.2397766 89.5899200
v -823.5337524 -189.4216614 89.6253052
v -823.1644287 -189.5847168 89.6577301
v -825.2398682 -188.3460846 89.4284515
v -824.9227295 -188.5925598 89.4709244
v -824.5931396 -188.8237762 89.5122070
v -824.4237061 -188.9336548 89.5322952
v -824.2510376 -189.0396729 89.5519867
v -824.0751343 -189.1417847 89.5712128
v -823.9862061 -189.1913452 89.5806503
v -826.3828735 -187.2088318 89.2529373
v -826.2521973 -187.3633423 89.2747955
v -826.1172485 -187.5151215 89.2968826
v -825.9787598 -187.6632996 89.3190155
v -825.8372803 -187.8075256 89.3411179
v -825.5447998 -188.0844727 89.3850861
v -827.2780762 -185.8774567 89.0906525
v -826.8636475 -186.5642242 89.1685028
v -826.6315918 -186.8918152 89.2100449
v -827.9003296 -184.3855286 88.9648590
v -827.7727051 -184.7693939 88.9915314
v -827.7017212 -184.9593811 89.0062027
v -827.6255493 -185.1483917 89.0217438
v -827.5450439 -185.3344421 89.0379791
v -827.4603882 -185.5181274 89.0549164
v -828.2173462 -182.7980499 88.8966446
v -828.1949463 -183.0002594 88.9015503
v -828.1674194 -183.2021332 88.9075623
v -828.0979004 -183.6017151 88.9226837
v -828.0087280 -183.9963531 88.9418488
v -828.2469482 -182.3942719 88.8901443
v -828.2346191 -182.5960388 88.8928452
v -859.2600098 -181.6512756 57.1260719
v -859.2647705 -181.3038635 57.1004524
v -859.2725830 -180.9578400 57.0577812
v -859.2835693 -180.6131744 56.9979553
v -859.2974243 -180.2699127 56.9207573
v -859.3142090 -179.9309387 56.8266602
v -859.3335571 -179.5991516 56.7166786
v -859.3552246 -179.2744446 56.5910378
v -859.4048462 -178.6459808 56.2931938
v -859.4325562 -178.3422241 56.1208839
v -859.4470215 -178.1930237 56.0288010
v -859.4543457 -178.1190643 55.9812737
v -859.4618530 -178.0455933 55.9327316
v -859.4693604 -177.9727936 55.8833542
v -859.4769897 -177.9007721 55.8331795
v -859.4923096 -177.7589417 55.7304192
v -859.5234985 -177.4841309 55.5155067
v -859.6507568 -176.5014343 54.5317268
v -859.6190186 -176.7296448 54.7963448
v -859.5870361 -176.9695435 55.0484543
v -859.7686157 -175.7248993 53.3695412
v -859.7413330 -175.8965454 53.6725960
v -859.7123413 -176.0832367 53.9676018
v -859.6973877 -176.1822815 54.1120644
v -859.6820679 -176.2851410 54.2544785
v -859.6743774 -176.3380280 54.3249130
v -859.6664429 -176.3917542 54.3946533
v -859.8588257 -175.1892395 52.0769348
v -859.8542480 -175.2153778 52.1611633
v -859.8494873 -175.2426147 52.2452278
v -859.8446045 -175.2708588 52.3288765
v -859.8394775 -175.3000641 52.4119911
v -859.8290405 -175.3614044 52.5766830
v -859.8179321 -175.4267120 52.7397156
v -859.7943115 -175.5682220 53.0584641
v -859.9075928 -174.9158783 50.7064247
v -859.8889160 -175.0187225 51.3970032
v -859.8752441 -175.0954437 51.7383118
v -859.8674316 -175.1401825 51.9079628
v -859.9076538 -174.9151001 49.3014946
v -859.9104004 -174.9001160 49.4762535
v -859.9123535 -174.8893890 49.6518211
v -859.9135132 -174.8829651 49.8282318
v -859.9138184 -174.8813934 49.9167328
v -859.9139404 -174.8809052 50.0051537
v -859.9135132 -174.8832245 50.1814919
v -859.9122314 -174.8898315 50.3571434
v -859.8592529 -175.1863556 47.9325752
v -859.8756104 -175.0933685 48.2699776
v -859.8892212 -175.0171967 48.6105957
v -859.8999634 -174.9577789 48.9544258
v -859.7692871 -175.7210388 46.6376534
v -859.7948608 -175.5645752 46.9491920
v -859.8070068 -175.4918823 47.1082230
v -859.8186035 -175.4229126 47.2694435
v -859.8296509 -175.3577118 47.4328804
v -859.8350220 -175.3265228 47.5154419
v -859.8402100 -175.2963257 47.5984535
v -859.8500366 -175.2391815 47.7651062
v -859.6519165 -176.4937744 45.4776115
v -859.6597290 -176.4385071 45.5460434
v -859.6676025 -176.3842010 45.6150322
v -859.6830444 -176.2783813 45.7546425
v -859.7131348 -176.0779266 46.0403709
v -859.5242920 -177.4773865 44.4900436
v -859.5878296 -176.9632263 44.9578857
v -859.6199951 -176.7228241 45.2111855
v -859.6359863 -176.6068573 45.3427544
v -859.6439209 -176.5499573 45.4097748
v -859.4056396 -178.6374664 43.7113533
v -859.4193726 -178.4841003 43.7961655
v -859.4263916 -178.4080353 43.8400803
v -859.4334717 -178.3323822 43.8850250
v -859.4406738 -178.2572479 43.9309349
v -859.4479980 -178.1827850 43.9776726
v -859.4628296 -178.0360565 44.0736504
v -859.4932251 -177.7511292 44.2753792
v -859.3146973 -179.9222565 43.1759720
v -859.3340454 -179.5914307 43.2860909
v -859.3557129 -179.2670288 43.4120369
v -859.3796387 -178.9490356 43.5537491
v -859.2648926 -181.2961121 42.9003029
v -859.2728882 -180.9492950 42.9434853
v -859.2779541 -180.7761993 42.9715500
v -859.2838135 -180.6033173 43.0040054
v -859.2871704 -180.5169525 43.0218811
v -859.2905884 -180.4307709 43.0408401
v -859.2979126 -180.2596130 43.0818367
v -859.3060303 -180.0901031 43.1268921
v -859.2648926 -182.7016296 57.0999146
v -859.2633057 -182.6136932 57.1080933
v -859.2620850 -182.5257721 57.1151619
v -859.2600098 -182.3501892 57.1260109
v -859.2588501 -182.1749115 57.1324959
v -859.3143311 -184.0704956 56.8262520
v -859.2838135 -183.3950195 56.9963303
v -859.2728882 -183.0505981 57.0565376
v -859.2684326 -182.8766937 57.0803452
v -859.4056396 -185.3624420 56.2887192
v -859.3795166 -185.0497437 56.4468422
v -859.3734131 -184.9700623 56.4841194
v -859.3671265 -184.8897400 56.5204506
v -859.3612061 -184.8090668 56.5557556
v -859.3554077 -184.7281494 56.5900002
v -859.3441772 -184.5654144 56.6553230
v -859.3336182 -184.4015503 56.7164536
v -859.5236816 -186.5172729 55.5144043
v -859.4925537 -186.2428284 55.7291565
v -859.4623413 -185.9588928 55.9297714
v -859.4332275 -185.6654358 56.1163139
v -859.6516113 -187.5041809 54.5249557
v -859.6199951 -187.2771149 54.7889442
v -859.6039429 -187.1584778 54.9170532
v -859.5878296 -187.0364075 55.0425644
v -859.5717163 -186.9108734 55.1654282
v -859.5635986 -186.8468170 55.2258339
v -859.5555420 -186.7821198 55.2853622
v -859.7689819 -188.2772217 53.3656731
v -859.7553101 -188.1925507 53.5197334
v -859.7413330 -188.1043854 53.6711349
v -859.7125244 -187.9178314 53.9660835
v -859.8589478 -188.8117523 52.0739021
v -859.8399658 -188.7025299 52.4048958
v -859.8186035 -188.5771332 52.7305717
v -859.8070068 -188.5083313 52.8914108
v -859.7948608 -188.4354095 53.0509224
v -859.7821655 -188.3583679 53.2090759
v -859.9076538 -189.0849457 50.6984215
v -859.9041748 -189.0655823 50.8736534
v -859.9020996 -189.0542297 50.9613228
v -859.8998413 -189.0417938 51.0489235
v -859.8947754 -189.0137482 51.2231445
v -859.8890381 -188.9815369 51.3959846
v -859.8753662 -188.9047852 51.7376213
v -859.9076538 -189.0849152 49.3011131
v -859.9139404 -189.1191559 49.9987640
v -859.9123535 -189.1106415 50.3483429
v -859.9104004 -189.0999756 50.5233116
v -859.8588257 -188.8110657 47.9238472
v -859.8752441 -188.9045715 48.2615089
v -859.8825684 -188.9452515 48.4327011
v -859.8890991 -188.9818420 48.6054916
v -859.8948975 -189.0141754 48.7792053
v -859.8999634 -189.0420837 48.9530525
v -859.7691040 -188.2776642 46.6351166
v -859.7821655 -188.3583069 46.7907906
v -859.7947998 -188.4349213 46.9480247
v -859.8184204 -188.5761871 47.2671356
v -859.6513062 -187.5020447 45.4724312
v -859.6821899 -187.7158661 45.7467995
v -859.7123413 -187.9166718 46.0321655
v -859.7269897 -188.0121307 46.1790047
v -859.7413330 -188.1042786 46.3286514
v -859.7554321 -188.1929626 46.4810028
v -859.5235596 -186.5164185 44.4848938
v -859.5314941 -186.5839386 44.5411263
v -859.5394897 -186.6508636 44.5982819
v -859.5474854 -186.7170258 44.6562309
v -859.5556030 -186.7823792 44.7148743
v -859.5716553 -186.9105377 44.8342628
v -859.5877686 -187.0353851 44.9564133
v -859.6196899 -187.2752533 45.2089615
v -859.4053955 -185.3605804 43.7102699
v -859.4619751 -185.9561768 44.0684013
v -859.4923096 -186.2407532 44.2692833
v -859.5077515 -186.3796997 44.3752327
v -859.3140869 -184.0675964 43.1728554
v -859.3234863 -184.2348328 43.2259827
v -859.3335571 -184.4009857 43.2833290
v -859.3441772 -184.5660248 43.3449135
v -859.3555298 -184.7294769 43.4105415
v -859.3672485 -184.8906403 43.4799309
v -859.3795166 -185.0495148 43.5530434
v -859.2647095 -182.6913757 42.8990631
v -859.2681885 -182.8667145 42.9184036
v -859.2725830 -183.0415192 42.9421005
v -859.2777100 -183.2152405 42.9700546
v -859.2835693 -183.3878632 43.0022202
v -859.2974243 -183.7298889 43.0791740
v -859.2600098 -182.3413544 42.8735428
v -859.2619629 -182.5162506 42.8841248
v -827.1260376 -181.6512756 10.7399426
v -827.1004639 -181.3038635 10.7352028
v -827.0577393 -180.9578400 10.7273626
v -826.9979248 -180.6131744 10.7164526
v -826.9207764 -180.2699127 10.7025118
v -826.8265991 -179.9309387 10.6857319
v -826.7166748 -179.5991516 10.6664324
v -826.5910645 -179.2744446 10.6447735
v -826.2932129 -178.6459808 10.5950918
v -826.1208496 -178.3422241 10.5674324
v -826.0287476 -178.1930237 10.5529728
v -825.9812012 -178.1190643 10.5455923
v -825.9327393 -178.0455933 10.5381336
v -825.8833618 -177.9727936 10.5305929
v -825.8331299 -177.9007721 10.5230026
v -825.7304077 -177.7589417 10.5076618
v -825.5155029 -177.4841309 10.4764824
v -824.5316772 -176.5014343 10.3492031
v -824.7963257 -176.7296448 10.3809519
v -825.0484619 -176.9695435 10.4128933
v -823.3695679 -175.7248993 10.2313328
v -823.6726074 -175.8965454 10.2586927
v -823.9676514 -176.0832367 10.2876120
v -824.1120605 -176.1822815 10.3026028
v -824.2544556 -176.2851410 10.3179026
v -824.3249512 -176.3380280 10.3256626
v -824.3946533 -176.3917542 10.3334723
v -822.0769043 -175.1892395 10.1411924
v -822.1610718 -175.2153778 10.1457624
v -822.2451782 -175.2426147 10.1504927
v -822.3288574 -175.2708588 10.1553926
v -822.4119873 -175.3000641 10.1604328
v -822.5767212 -175.3614044 10.1709423
v -822.7396851 -175.4267120 10.1820431
v -823.0584717 -175.5682220 10.2057028
v -820.7064209 -174.9158783 10.0924435
v -821.3969116 -175.0187225 10.1110029
v -821.7383423 -175.0954437 10.1246719
v -821.9079590 -175.1401825 10.1325827
v -819.3015137 -174.9151001 10.0923023
v -819.4761963 -174.9001160 10.0895720
v -819.6517944 -174.8893890 10.0876122
v -819.8281860 -174.8829651 10.0864429
v -819.9167480 -174.8813934 10.0861521
v -820.0051270 -174.8809052 10.0860624
v -820.1815186 -174.8832245 10.0864820
v -820.3570557 -174.8898315 10.0876923
v -817.9324951 -175.1863556 10.1406927
v -818.2699585 -175.0933685 10.1243124
v -818.6105347 -175.0171967 10.1107225
v -818.9544678 -174.9577789 10.1000328
v -816.6376953 -175.7210388 10.2307034
v -816.9491577 -175.5645752 10.2051029
v -817.1082153 -175.4918823 10.1930037
v -817.2694702 -175.4229126 10.1814032
v -817.4329224 -175.3577118 10.1703129
v -817.5154419 -175.3265228 10.1649828
v -817.5984497 -175.2963257 10.1597929
v -817.7650757 -175.2391815 10.1499033
v -815.4776611 -176.4937744 10.3481131
v -815.5460205 -176.4385071 10.3402233
v -815.6150513 -176.3842010 10.3323822
v -815.7546387 -176.2783813 10.3169022
v -816.0404053 -176.0779266 10.2868032
v -814.4899902 -177.4773865 10.4756832
v -814.9578857 -176.9632263 10.4120731
v -815.2112427 -176.7228241 10.3800220
v -815.3427124 -176.6068573 10.3640327
v -815.4097290 -176.5499573 10.3560629
v -813.7113037 -178.6374664 10.5943518
v -813.7962036 -178.4841003 10.5806532
v -813.8400269 -178.4080353 10.5736322
v -813.8850098 -178.3323822 10.5664930
v -813.9309082 -178.2572479 10.5592632
v -813.9776611 -178.1827850 10.5519629
v -814.0736694 -178.0360565 10.5371523
v -814.2753906 -177.7511292 10.5068026
v -813.1759644 -179.9222565 10.6852732
v -813.2860718 -179.5914307 10.6659422
v -813.4120483 -179.2670288 10.6442423
v -813.5537109 -178.9490356 10.6203232
v -812.9002686 -181.2961121 10.7350616
v -812.9434814 -180.9492950 10.7271328
v -812.9715576 -180.7761993 10.7220030
v -813.0040283 -180.6033173 10.7160921
v -813.0218506 -180.5169525 10.7128515
v -813.0408325 -180.4307709 10.7094221
v -813.0818481 -180.2596130 10.7020426
v -813.1268311 -180.0901031 10.6939831
v -827.0998535 -182.7016296 10.7351027
v -827.1081543 -182.6136932 10.7366133
v -827.1151123 -182.5257721 10.7379227
v -827.1260376 -182.3501892 10.7399225
v -827.1324463 -182.1749115 10.7411222
v -826.8262329 -184.0704956 10.6856623
v -826.9963379 -183.3950195 10.7161531
v -827.0565186 -183.0505981 10.7271328
v -827.0803223 -182.8766937 10.7315025
v -826.2886963 -185.3624420 10.5943632
v -826.4468384 -185.0497437 10.6204214
v -826.4841309 -184.9700623 10.6266537
v -826.5204468 -184.8897400 10.6327724
v -826.5557251 -184.8090668 10.6387529
v -826.5899658 -184.7281494 10.6445827
v -826.6553345 -184.5654144 10.6557922
v -826.7164307 -184.4015503 10.6663818
v -825.5144043 -186.5172729 10.4763117
v -825.7291260 -186.2428284 10.5074625
v -825.9297485 -185.9588928 10.5376720
v -826.1162720 -185.6654358 10.5667019
v -824.5249634 -187.5041809 10.3484116
v -824.7889404 -187.2771149 10.3800325
v -824.9170532 -187.1584778 10.3960314
v -825.0425415 -187.0364075 10.4121227
v -825.1654663 -186.9108734 10.4282713
v -825.2258301 -186.8468170 10.4363613
v -825.2854004 -186.7821198 10.4444227
v -823.3656616 -188.2772217 10.2309923
v -823.5196533 -188.1925507 10.2445917
v -823.6711426 -188.1043854 10.2585516
v -823.9660645 -187.9178314 10.2874517
v -822.0739746 -188.8117523 10.1410313
v -822.4049072 -188.7025299 10.1599922
v -822.7305908 -188.5771332 10.1813908
v -822.8914795 -188.5083313 10.1929703
v -823.0508423 -188.4354095 10.2051115
v -823.2090454 -188.3583679 10.2177916
v -820.6983643 -189.0849457 10.0922918
v -820.8736572 -189.0655823 10.0958118
v -820.9613647 -189.0542297 10.0978613
v -821.0488892 -189.0417938 10.1001120
v -821.2230835 -189.0137482 10.1051712
v -821.3959351 -188.9815369 10.1109524
v -821.7376709 -188.9047852 10.1246414
v -819.3011475 -189.0849152 10.0923014
v -819.9987793 -189.1191559 10.0860615
v -820.3482666 -189.1106415 10.0876112
v -820.5233154 -189.0999756 10.0895624
v -817.9238281 -188.8110657 10.1411419
v -818.2615356 -188.9045715 10.1246815
v -818.4327393 -188.9452515 10.1174412
v -818.6054688 -188.9818420 10.1109018
v -818.7791748 -189.0141754 10.1051016
v -818.9530029 -189.0420837 10.1000614
v -816.6351318 -188.2776642 10.2309208
v -816.7908325 -188.3583069 10.2178020
v -816.9480591 -188.4349213 10.2051907
v -817.2670898 -188.5761871 10.1815519
v -815.4724731 -187.5020447 10.3487120
v -815.7467651 -187.7158661 10.3177509
v -816.0328979 -187.9171600 10.2875614
v -816.1790161 -188.0121307 10.2729511
v -816.3286133 -188.1042786 10.2585726
v -816.4809570 -188.1929626 10.2445221
v -814.4849243 -186.5164185 10.4764118
v -814.5411377 -186.5839386 10.4684515
v -814.5982666 -186.6508636 10.4604511
v -814.6562500 -186.7170258 10.4524212
v -814.7148438 -186.7823792 10.4443913
v -814.8342285 -186.9105377 10.4283123
v -814.9564209 -187.0353851 10.4122524
v -815.2089233 -187.2752533 10.3802919
v -813.7103271 -185.3605804 10.5945225
v -814.0684204 -185.9561768 10.5379419
v -814.2692871 -186.2407532 10.5076923
v -814.3752441 -186.3796997 10.4921722
v -813.1728516 -184.0675964 10.6858130
v -813.2259521 -184.2348328 10.6764421
v -813.2833252 -184.4009857 10.6664228
v -813.3449097 -184.5660248 10.6557522
v -813.4105225 -184.7294769 10.6444921
v -813.4799194 -184.8906403 10.6327124
v -813.5530396 -185.0495148 10.6204329
v -812.8990479 -182.6913757 10.7352924
v -812.9183960 -182.8667145 10.7317324
v -812.9420776 -183.0415192 10.7273827
v -812.9700928 -183.2152405 10.7222719
v -813.0021973 -183.3878632 10.7164135
v -813.0791626 -183.7298889 10.7025223
v -812.8735962 -182.3413544 10.7400017
v -812.8840942 -182.5162506 10.7380428
# 10580 vertices, 0 vertices normals

f 1 2 3
f 4 1 3
f 5 4 3
f 6 5 3
f 7 5 6
f 8 7 6
f 9 1 10
f 11 9 10
f 12 11 10
f 13 12 10
f 1 4 10
f 10 4 14
f 4 5 14
f 14 5 15
f 15 5 16
f 17 16 18
f 18 16 19
f 16 7 19
f 19 7 20
f 5 7 16
f 3 2 21
f 21 2 22
f 22 2 23
f 24 3 21
f 6 3 24
f 25 6 24
f 26 6 25
f 8 6 26
f 27 8 26
f 28 27 26
f 29 28 26
f 30 29 26
f 31 21 32
f 32 21 22
f 13 10 33
f 34 13 33
f 35 34 33
f 36 35 33
f 37 35 36
f 38 37 36
f 39 37 38
f 40 39 38
f 21 39 40
f 21 31 39
f 11 31 32
f 31 11 39
f 11 12 39
f 12 37 39
f 12 35 37
f 12 34 35
f 12 13 34
f 9 11 32
f 9 32 22
f 9 22 23
f 2 9 23
f 2 1 9
f 7 8 27
f 20 7 27
f 20 27 28
f 20 28 29
f 20 29 30
f 20 30 41
f 42 20 41
f 19 20 42
f 43 19 42
f 18 19 43
f 44 18 43
f 17 18 44
f 16 17 44
f 16 44 45
f 45 44 46
f 44 43 46
f 46 43 47
f 43 42 47
f 47 42 48
f 42 41 48
f 41 30 48
f 30 26 48
f 26 25 48
f 25 47 48
f 25 46 47
f 25 45 46
f 25 16 45
f 15 16 25
f 15 25 24
f 14 15 24
f 10 14 24
f 10 24 33
f 24 36 33
f 24 38 36
f 24 40 38
f 24 21 40
f 49 50 51
f 50 52 51
f 50 53 52
f 53 54 52
f 54 55 52
f 55 56 52
f 55 57 56
f 57 58 56
f 56 58 59
f 59 58 60
f 49 51 61
f 62 49 61
f 62 61 63
f 64 62 63
f 64 63 65
f 66 64 65
f 66 65 67
f 68 66 67
f 68 67 69
f 70 68 69
f 70 69 71
f 72 70 71
f 72 71 73
f 74 72 73
f 74 73 75
f 76 74 75
f 76 75 77
f 78 76 77
f 79 78 77
f 79 77 80
f 81 79 80
f 81 80 82
f 83 81 82
f 83 82 84
f 85 83 84
f 85 84 86
f 87 85 86
f 87 86 88
f 89 87 88
f 89 88 90
f 91 89 90
f 91 90 92
f 93 91 92
f 93 92 94
f 95 93 94
f 95 94 96
f 97 95 96
f 97 96 98
f 99 97 98
f 100 99 98
f 101 100 102
f 102 100 98
f 103 102 104
f 102 105 104
f 105 102 98
f 106 105 98
f 96 106 98
f 107 106 96
f 94 107 96
f 108 107 94
f 92 108 94
f 109 108 92
f 90 109 92
f 110 109 90
f 88 110 90
f 111 110 88
f 86 111 88
f 112 111 86
f 84 112 86
f 113 112 84
f 82 113 84
f 114 113 82
f 80 114 82
f 115 114 80
f 77 115 80
f 116 115 77
f 75 116 77
f 117 116 75
f 73 117 75
f 118 117 73
f 71 118 73
f 119 118 71
f 69 119 71
f 120 119 69
f 67 120 69
f 121 120 67
f 65 121 67
f 122 121 65
f 63 122 65
f 123 122 63
f 61 123 63
f 124 123 61
f 51 124 61
f 125 124 51
f 126 125 51
f 127 103 128
f 128 103 129
f 129 103 130
f 131 127 132
f 132 127 128
f 133 132 128
f 134 128 135
f 135 128 136
f 136 128 137
f 138 136 137
f 139 136 138
f 140 136 139
f 141 136 140
f 142 136 141
f 143 136 142
f 144 136 143
f 145 144 143
f 146 144 145
f 147 144 146
f 148 147 146
f 149 135 136
f 148 146 150
f 151 148 150
f 152 151 150
f 152 150 153
f 154 152 153
f 154 153 155
f 156 154 155
f 156 155 157
f 158 156 157
f 158 157 159
f 160 158 159
f 160 159 161
f 162 160 161
f 162 161 163
f 164 162 163
f 164 163 165
f 166 164 165
f 166 165 167
f 168 166 167
f 168 167 169
f 170 168 169
f 170 169 171
f 172 170 171
f 173 172 171
f 173 171 174
f 175 173 174
f 175 174 176
f 177 175 176
f 177 176 178
f 179 177 178
f 179 178 180
f 181 179 180
f 181 180 182
f 183 181 182
f 183 182 184
f 185 183 184
f 185 184 186
f 187 185 186
f 187 186 188
f 189 187 188
f 189 188 190
f 191 189 190
f 191 190 192
f 193 191 192
f 194 193 192
f 195 194 192
f 196 195 192
f 197 196 192
f 198 195 196
f 199 198 196
f 200 198 199
f 201 198 200
f 202 201 200
f 203 201 202
f 204 201 203
f 205 204 203
f 206 204 205
f 207 206 205
f 208 206 207
f 209 206 208
f 210 209 208
f 211 209 210
f 212 209 211
f 213 212 211
f 214 213 211
f 215 213 214
f 216 215 214
f 217 216 214
f 58 217 214
f 218 58 214
f 219 58 218
f 220 58 219
f 221 58 220
f 60 58 221
f 52 126 51
f 222 126 52
f 56 222 52
f 190 197 192
f 223 197 190
f 188 223 190
f 224 223 188
f 186 224 188
f 225 224 186
f 184 225 186
f 226 225 184
f 182 226 184
f 227 226 182
f 180 227 182
f 228 227 180
f 178 228 180
f 229 228 178
f 176 229 178
f 230 229 176
f 174 230 176
f 231 230 174
f 171 231 174
f 232 231 171
f 169 232 171
f 233 232 169
f 167 233 169
f 234 233 167
f 165 234 167
f 235 234 165
f 163 235 165
f 236 235 163
f 161 236 163
f 237 236 161
f 159 237 161
f 238 237 159
f 157 238 159
f 239 238 157
f 155 239 157
f 240 239 155
f 153 240 155
f 241 240 153
f 242 241 153
f 150 242 153
f 146 242 150
f 137 128 243
f 243 128 244
f 244 128 245
f 245 128 129
f 130 103 246
f 246 103 247
f 247 103 104
f 248 196 249
f 196 197 249
f 249 197 250
f 250 197 251
f 197 223 251
f 251 223 252
f 223 224 252
f 252 224 253
f 253 224 254
f 224 225 254
f 254 225 255
f 225 226 255
f 255 226 256
f 256 226 257
f 226 227 257
f 257 227 258
f 258 227 259
f 227 228 259
f 259 228 260
f 228 229 260
f 260 229 261
f 261 229 262
f 229 230 262
f 262 230 263
f 230 231 263
f 263 231 264
f 264 231 265
f 231 232 265
f 265 232 266
f 266 232 267
f 232 233 267
f 267 233 268
f 233 234 268
f 268 234 269
f 269 234 270
f 234 235 270
f 270 235 271
f 235 236 271
f 271 236 272
f 272 236 273
f 236 237 273
f 273 237 274
f 274 237 275
f 237 238 275
f 275 238 276
f 238 239 276
f 276 239 277
f 277 239 278
f 239 240 278
f 278 240 279
f 240 241 279
f 279 241 280
f 280 241 281
f 281 146 282
f 242 146 281
f 241 242 281
f 152 154 283
f 283 154 284
f 154 156 284
f 284 156 285
f 156 158 285
f 285 158 286
f 158 160 286
f 286 160 287
f 160 162 287
f 287 162 288
f 162 164 288
f 288 164 289
f 164 166 289
f 289 166 290
f 166 168 290
f 290 168 291
f 168 170 291
f 291 170 292
f 170 172 292
f 292 172 293
f 172 173 293
f 293 173 294
f 173 175 294
f 294 175 295
f 175 177 295
f 295 177 296
f 177 179 296
f 296 179 297
f 179 181 297
f 297 181 298
f 181 183 298
f 298 183 299
f 183 185 299
f 299 185 300
f 185 187 300
f 300 187 301
f 187 189 301
f 301 189 302
f 189 191 302
f 302 191 303
f 304 97 305
f 95 97 304
f 306 95 304
f 93 95 306
f 307 93 306
f 91 93 307
f 308 91 307
f 89 91 308
f 309 89 308
f 87 89 309
f 310 87 309
f 85 87 310
f 311 85 310
f 83 85 311
f 312 83 311
f 81 83 312
f 313 81 312
f 79 81 313
f 314 79 313
f 78 79 314
f 315 78 314
f 76 78 315
f 316 76 315
f 74 76 316
f 317 74 316
f 72 74 317
f 318 72 317
f 70 72 318
f 319 70 318
f 68 70 319
f 320 68 319
f 66 68 320
f 321 66 320
f 64 66 321
f 322 64 321
f 62 64 322
f 323 62 322
f 49 62 323
f 324 49 323
f 50 49 324
f 325 222 326
f 126 222 325
f 125 126 325
f 124 125 327
f 327 125 328
f 328 125 325
f 329 124 327
f 123 124 329
f 330 123 329
f 331 123 330
f 122 123 331
f 332 122 331
f 121 122 332
f 333 121 332
f 334 121 333
f 120 121 334
f 335 120 334
f 336 120 335
f 119 120 336
f 337 119 336
f 118 119 337
f 338 118 337
f 339 118 338
f 117 118 339
f 340 117 339
f 116 117 340
f 341 116 340
f 342 116 341
f 115 116 342
f 343 115 342
f 344 115 343
f 114 115 344
f 345 114 344
f 113 114 345
f 346 113 345
f 347 113 346
f 112 113 347
f 348 112 347
f 111 112 348
f 349 111 348
f 350 111 349
f 110 111 350
f 351 110 350
f 352 110 351
f 109 110 352
f 353 109 352
f 108 109 353
f 354 108 353
f 355 108 354
f 107 108 355
f 356 107 355
f 106 107 356
f 357 106 356
f 358 106 357
f 105 106 358
f 359 105 358
f 360 361 362
f 363 360 362
f 248 360 363
f 248 303 360
f 248 249 303
f 249 250 303
f 250 302 303
f 250 251 302
f 251 301 302
f 251 252 301
f 252 253 301
f 253 300 301
f 253 254 300
f 254 255 300
f 255 299 300
f 255 256 299
f 256 298 299
f 256 257 298
f 257 258 298
f 258 297 298
f 258 259 297
f 259 296 297
f 259 260 296
f 260 261 296
f 261 295 296
f 261 262 295
f 262 263 295
f 263 294 295
f 263 264 294
f 264 293 294
f 264 265 293
f 265 266 293
f 266 292 293
f 266 267 292
f 267 291 292
f 267 268 291
f 268 269 291
f 269 290 291
f 269 270 290
f 270 271 290
f 271 289 290
f 271 272 289
f 272 288 289
f 272 273 288
f 273 274 288
f 274 287 288
f 274 275 287
f 275 286 287
f 275 276 286
f 276 277 286
f 277 285 286
f 277 278 285
f 278 279 285
f 279 284 285
f 279 280 284
f 280 283 284
f 280 281 283
f 281 282 283
f 283 282 364
f 364 282 365
f 366 364 365
f 367 364 366
f 222 56 326
f 326 56 368
f 56 59 368
f 59 60 368
f 60 221 368
f 368 221 369
f 221 220 369
f 220 219 369
f 219 218 369
f 218 214 369
f 214 211 369
f 211 362 369
f 211 210 362
f 210 208 362
f 208 207 362
f 207 205 362
f 205 203 362
f 203 363 362
f 203 202 363
f 202 200 363
f 200 199 363
f 199 248 363
f 199 196 248
f 369 361 370
f 362 361 369
f 151 152 283
f 151 283 364
f 148 151 364
f 147 148 364
f 144 147 364
f 144 364 367
f 136 144 367
f 149 136 367
f 135 149 367
f 134 135 367
f 128 134 367
f 128 367 371
f 133 128 371
f 132 133 371
f 131 132 371
f 127 131 371
f 103 127 371
f 372 103 371
f 102 103 372
f 101 102 372
f 100 101 372
f 99 100 372
f 305 99 372
f 97 99 305
f 53 50 324
f 53 324 373
f 54 53 373
f 55 54 373
f 57 55 373
f 370 57 373
f 58 57 370
f 217 58 370
f 216 217 370
f 215 216 370
f 213 215 370
f 212 213 370
f 361 212 370
f 209 212 361
f 206 209 361
f 204 206 361
f 201 204 361
f 198 201 361
f 198 361 360
f 195 198 360
f 194 195 360
f 193 194 360
f 303 193 360
f 191 193 303
f 146 145 282
f 282 145 365
f 145 143 365
f 143 142 365
f 142 141 365
f 141 140 365
f 140 366 365
f 140 139 366
f 139 138 366
f 138 137 366
f 137 243 366
f 366 243 374
f 243 244 374
f 244 245 374
f 245 129 374
f 374 129 375
f 129 130 375
f 130 246 375
f 246 247 375
f 247 104 375
f 104 359 375
f 104 105 359
f 367 366 371
f 371 366 374
f 304 305 357
f 305 358 357
f 305 359 358
f 304 357 356
f 306 304 356
f 306 356 355
f 306 355 354
f 307 306 354
f 307 354 353
f 307 353 352
f 308 307 352
f 308 352 351
f 309 308 351
f 309 351 350
f 309 350 349
f 310 309 349
f 310 349 348
f 311 310 348
f 311 348 347
f 311 347 346
f 312 311 346
f 312 346 345
f 312 345 344
f 313 312 344
f 313 344 343
f 314 313 343
f 314 343 342
f 314 342 341
f 315 314 341
f 315 341 340
f 316 315 340
f 316 340 339
f 316 339 338
f 317 316 338
f 317 338 337
f 317 337 336
f 318 317 336
f 318 336 335
f 319 318 335
f 319 335 334
f 319 334 333
f 320 319 333
f 320 333 332
f 321 320 332
f 321 332 331
f 321 331 330
f 322 321 330
f 322 330 329
f 322 329 327
f 323 322 327
f 323 327 328
f 324 323 328
f 324 328 325
f 324 325 326
f 324 326 373
f 326 368 373
f 368 369 373
f 369 370 373
f 359 305 372
f 359 372 375
f 372 374 375
f 372 371 374
f 376 377 378
f 378 377 379
f 377 380 379
f 379 380 381
f 380 382 381
f 381 382 383
f 382 384 383
f 383 384 385
f 384 386 385
f 385 386 387
f 386 388 387
f 387 388 389
f 388 390 389
f 389 390 391
f 390 392 391
f 391 392 393
f 392 394 393
f 393 394 395
f 394 396 395
f 395 396 397
f 396 398 397
f 397 398 399
f 398 400 399
f 399 400 401
f 400 402 401
f 401 402 403
f 402 404 403
f 403 404 405
f 404 406 405
f 405 406 407
f 406 408 407
f 408 409 407
f 408 410 409
f 409 410 411
f 410 412 411
f 411 412 413
f 412 414 413
f 413 414 415
f 414 416 415
f 415 416 417
f 416 418 417
f 417 418 419
f 418 420 419
f 419 420 421
f 420 422 421
f 421 422 423
f 422 424 423
f 423 424 425
f 424 426 425
f 425 426 427
f 426 428 427
f 427 428 429
f 428 430 429
f 429 430 431
f 430 432 431
f 431 432 433
f 432 434 433
f 433 434 435
f 434 436 435
f 435 436 437
f 436 438 437
f 437 438 439
f 438 440 439
f 439 440 441
f 440 442 441
f 441 442 443
f 442 444 443
f 443 444 445
f 444 446 445
f 445 446 447
f 446 448 447
f 447 448 449
f 448 450 449
f 449 450 451
f 450 452 451
f 451 452 453
f 452 454 453
f 453 454 455
f 454 456 455
f 455 456 457
f 456 458 457
f 457 458 459
f 458 460 459
f 459 460 461
f 460 462 461
f 461 462 463
f 462 464 463
f 463 464 465
f 464 466 465
f 465 466 467
f 466 468 467
f 467 468 469
f 468 470 469
f 469 470 471
f 470 376 471
f 471 376 378
f 380 377 472
f 472 377 473
f 377 376 473
f 473 376 474
f 376 470 474
f 474 470 475
f 475 470 476
f 380 472 477
f 382 380 477
f 478 382 477
f 384 382 478
f 386 384 478
f 479 386 478
f 388 386 479
f 480 388 479
f 390 388 480
f 392 390 480
f 481 392 480
f 394 392 481
f 482 394 481
f 396 394 482
f 398 396 482
f 483 398 482
f 400 398 483
f 484 400 483
f 402 400 484
f 404 402 484
f 485 404 484
f 406 404 485
f 486 406 485
f 408 406 486
f 410 408 486
f 487 410 486
f 412 410 487
f 488 412 487
f 414 412 488
f 489 414 488
f 416 414 489
f 490 416 489
f 418 416 490
f 491 418 490
f 420 418 491
f 492 420 491
f 422 420 492
f 493 422 492
f 424 422 493
f 494 424 493
f 426 424 494
f 495 426 494
f 428 426 495
f 496 428 495
f 430 428 496
f 497 430 496
f 432 430 497
f 498 432 497
f 434 432 498
f 499 434 498
f 436 434 499
f 500 436 499
f 438 436 500
f 501 438 500
f 440 438 501
f 502 440 501
f 442 440 502
f 503 442 502
f 444 442 503
f 504 444 503
f 446 444 504
f 505 446 504
f 448 446 505
f 506 448 505
f 450 448 506
f 507 450 506
f 452 450 507
f 508 452 507
f 454 452 508
f 509 454 508
f 510 454 509
f 456 454 510
f 511 456 510
f 458 456 511
f 512 458 511
f 513 458 512
f 460 458 513
f 514 460 513
f 462 460 514
f 515 462 514
f 516 462 515
f 464 462 516
f 517 464 516
f 466 464 517
f 518 466 517
f 519 466 518
f 468 466 519
f 476 468 519
f 470 468 476
f 520 453 521
f 451 453 520
f 451 520 522
f 449 451 522
f 523 449 522
f 447 449 523
f 524 447 523
f 445 447 524
f 525 445 524
f 443 445 525
f 526 443 525
f 441 443 526
f 527 441 526
f 439 441 527
f 528 439 527
f 437 439 528
f 529 437 528
f 435 437 529
f 530 435 529
f 433 435 530
f 531 433 530
f 431 433 531
f 532 431 531
f 429 431 532
f 533 429 532
f 427 429 533
f 534 427 533
f 425 427 534
f 535 425 534
f 423 425 535
f 536 423 535
f 421 423 536
f 537 421 536
f 419 421 537
f 538 419 537
f 417 419 538
f 539 417 538
f 415 417 539
f 540 415 539
f 413 415 540
f 541 413 540
f 411 413 541
f 542 411 541
f 409 411 542
f 543 409 542
f 407 409 543
f 405 407 543
f 521 453 544
f 453 455 544
f 544 455 545
f 455 457 545
f 545 457 546
f 546 457 547
f 457 459 547
f 547 459 548
f 459 461 548
f 548 461 549
f 549 461 550
f 461 463 550
f 550 463 551
f 463 465 551
f 551 465 552
f 552 465 553
f 465 467 553
f 553 467 554
f 467 469 554
f 554 469 555
f 555 469 556
f 469 471 556
f 556 471 557
f 471 378 557
f 557 378 558
f 378 379 558
f 558 379 559
f 379 381 559
f 559 381 560
f 381 383 560
f 383 385 560
f 560 385 561
f 385 387 561
f 561 387 562
f 387 389 562
f 389 391 562
f 562 391 563
f 391 393 563
f 563 393 564
f 393 395 564
f 395 397 564
f 564 397 565
f 397 399 565
f 565 399 566
f 399 401 566
f 401 403 566
f 566 403 567
f 403 405 567
f 567 405 543
f 508 520 521
f 520 508 522
f 508 507 522
f 507 523 522
f 507 506 523
f 506 524 523
f 506 505 524
f 505 525 524
f 505 504 525
f 504 526 525
f 504 503 526
f 503 527 526
f 503 502 527
f 502 528 527
f 502 501 528
f 501 529 528
f 501 500 529
f 500 530 529
f 500 499 530
f 499 531 530
f 499 498 531
f 498 532 531
f 498 497 532
f 497 496 532
f 496 533 532
f 496 495 533
f 495 534 533
f 495 494 534
f 494 535 534
f 494 493 535
f 493 536 535
f 493 492 536
f 492 537 536
f 492 491 537
f 491 538 537
f 491 490 538
f 490 539 538
f 490 489 539
f 489 540 539
f 489 488 540
f 488 541 540
f 488 487 541
f 487 542 541
f 487 543 542
f 487 486 543
f 486 567 543
f 486 485 567
f 485 566 567
f 485 484 566
f 484 565 566
f 484 483 565
f 483 564 565
f 483 482 564
f 482 563 564
f 482 481 563
f 481 562 563
f 481 480 562
f 480 561 562
f 480 479 561
f 479 560 561
f 479 478 560
f 478 559 560
f 478 477 559
f 477 472 559
f 472 558 559
f 472 473 558
f 473 557 558
f 473 474 557
f 474 556 557
f 474 475 556
f 475 555 556
f 475 476 555
f 476 554 555
f 476 519 554
f 519 553 554
f 519 518 553
f 518 552 553
f 518 517 552
f 517 551 552
f 517 516 551
f 516 550 551
f 516 515 550
f 515 549 550
f 515 514 549
f 514 548 549
f 514 513 548
f 513 547 548
f 513 512 547
f 512 546 547
f 512 511 546
f 511 545 546
f 511 510 545
f 510 544 545
f 510 509 544
f 509 521 544
f 509 508 521
f 568 569 570
f 571 569 568
f 572 571 568
f 573 572 574
f 574 572 575
f 575 572 568
f 576 573 574
f 577 576 574
f 578 576 577
f 579 576 578
f 580 579 578
f 581 580 578
f 582 580 581
f 583 582 581
f 584 582 583
f 585 582 584
f 586 585 584
f 587 586 584
f 588 586 587
f 589 588 587
f 590 588 589
f 591 588 590
f 592 591 590
f 593 592 594
f 594 592 595
f 595 592 590
f 596 593 594
f 597 596 594
f 598 596 597
f 599 598 597
f 600 598 599
f 601 598 600
f 602 601 600
f 603 602 600
f 604 602 603
f 605 604 603
f 606 604 605
f 607 604 606
f 608 607 606
f 609 608 606
f 610 608 609
f 611 610 609
f 612 610 611
f 613 610 612
f 614 613 612
f 615 614 616
f 616 614 617
f 617 614 612
f 618 615 616
f 619 618 616
f 620 618 619
f 621 620 619
f 622 620 621
f 623 620 622
f 624 623 622
f 625 624 622
f 626 624 625
f 627 626 625
f 628 626 627
f 629 626 628
f 630 629 628
f 631 630 632
f 632 630 633
f 633 630 628
f 634 631 632
f 635 634 632
f 636 634 635
f 637 634 636
f 638 639 640
f 641 639 638
f 642 641 638
f 643 641 642
f 644 643 642
f 645 643 644
f 646 645 644
f 647 645 646
f 648 647 646
f 649 647 648
f 650 649 648
f 651 649 650
f 652 651 650
f 653 651 652
f 654 653 652
f 655 653 654
f 656 655 654
f 657 655 656
f 658 657 656
f 659 657 658
f 660 659 658
f 661 659 660
f 662 661 660
f 663 661 662
f 664 663 662
f 665 663 664
f 666 665 664
f 667 665 666
f 668 667 666
f 669 667 668
f 670 669 668
f 671 669 670
f 672 671 670
f 673 671 672
f 674 673 672
f 675 673 674
f 676 675 674
f 677 675 676
f 678 677 676
f 679 677 678
f 570 569 680
f 681 570 680
f 682 681 680
f 683 681 682
f 684 683 682
f 685 683 684
f 568 570 678
f 678 570 686
f 570 681 686
f 681 683 686
f 683 685 686
f 575 568 678
f 575 678 676
f 574 575 676
f 574 676 674
f 577 574 674
f 578 577 674
f 578 674 672
f 581 578 672
f 583 581 672
f 583 672 670
f 584 583 670
f 584 670 668
f 587 584 668
f 589 587 668
f 589 668 666
f 590 589 666
f 590 666 664
f 595 590 664
f 594 595 664
f 594 664 662
f 597 594 662
f 599 597 662
f 599 662 660
f 600 599 660
f 600 660 658
f 603 600 658
f 605 603 658
f 605 658 656
f 606 605 656
f 606 656 654
f 609 606 654
f 611 609 654
f 611 654 652
f 612 611 652
f 617 612 652
f 617 652 650
f 616 617 650
f 616 650 648
f 619 616 648
f 621 619 648
f 621 648 646
f 622 621 646
f 622 646 644
f 625 622 644
f 627 625 644
f 627 644 642
f 628 627 642
f 633 628 642
f 633 642 638
f 632 633 638
f 632 638 640
f 635 632 640
f 636 635 640
f 636 640 687
f 688 636 687
f 689 688 687
f 690 689 687
f 637 636 688
f 637 688 691
f 688 689 691
f 691 689 692
f 689 690 692
f 692 690 693
f 634 637 639
f 639 637 694
f 637 691 694
f 691 692 694
f 692 693 694
f 631 634 639
f 631 639 641
f 630 631 641
f 630 641 643
f 629 630 643
f 626 629 643
f 626 643 645
f 624 626 645
f 623 624 645
f 623 645 647
f 620 623 647
f 620 647 649
f 618 620 649
f 615 618 649
f 615 649 651
f 614 615 651
f 614 651 653
f 613 614 653
f 610 613 653
f 610 653 655
f 608 610 655
f 607 608 655
f 607 655 657
f 604 607 657
f 604 657 659
f 602 604 659
f 601 602 659
f 601 659 661
f 598 601 661
f 598 661 663
f 596 598 663
f 593 596 663
f 593 663 665
f 592 593 665
f 591 592 665
f 591 665 667
f 588 591 667
f 588 667 669
f 586 588 669
f 585 586 669
f 585 669 671
f 582 585 671
f 582 671 673
f 580 582 673
f 579 580 673
f 579 673 675
f 576 579 675
f 573 576 675
f 573 675 677
f 572 573 677
f 572 677 679
f 571 572 679
f 569 571 679
f 569 679 695
f 680 569 695
f 682 680 695
f 684 682 695
f 679 678 695
f 678 686 695
f 686 685 695
f 685 684 695
f 640 639 687
f 687 639 694
f 693 687 694
f 690 687 693
f 696 697 698
f 698 697 699
f 697 700 699
f 699 700 701
f 700 702 701
f 701 702 703
f 702 704 703
f 703 704 705
f 704 706 705
f 705 706 707
f 706 708 707
f 707 708 709
f 708 710 709
f 710 711 709
f 710 712 711
f 711 712 713
f 712 714 713
f 713 714 715
f 714 716 715
f 715 716 717
f 716 718 717
f 717 718 719
f 718 720 719
f 719 720 721
f 720 722 721
f 721 722 723
f 722 724 723
f 723 724 725
f 724 726 725
f 725 726 727
f 726 728 727
f 727 728 729
f 728 730 729
f 729 730 731
f 730 732 731
f 731 732 733
f 732 734 733
f 733 734 735
f 734 736 735
f 735 736 737
f 736 738 737
f 737 738 739
f 738 740 739
f 739 740 741
f 740 742 741
f 741 742 743
f 742 696 743
f 743 696 698
f 700 697 744
f 704 702 744
f 708 706 744
f 712 710 744
f 716 714 744
f 720 718 744
f 724 722 744
f 728 726 744
f 732 730 744
f 736 734 744
f 740 738 744
f 696 742 744
f 697 696 744
f 730 728 744
f 714 712 744
f 742 740 744
f 738 736 744
f 734 732 744
f 726 724 744
f 722 720 744
f 718 716 744
f 710 708 744
f 706 704 744
f 702 700 744
f 711 737 709
f 711 735 737
f 711 713 735
f 713 733 735
f 713 715 733
f 715 731 733
f 715 717 731
f 717 729 731
f 717 719 729
f 719 727 729
f 719 721 727
f 721 725 727
f 721 723 725
f 737 739 709
f 739 707 709
f 739 741 707
f 741 705 707
f 741 743 705
f 743 703 705
f 743 698 703
f 698 701 703
f 698 699 701
f 745 746 747
f 746 748 747
f 746 749 748
f 748 749 750
f 749 751 750
f 750 751 752
f 751 753 752
f 752 753 754
f 753 755 754
f 754 755 756
f 755 757 756
f 756 757 758
f 757 759 758
f 758 759 760
f 759 761 760
f 760 761 762
f 761 763 762
f 762 763 764
f 763 765 764
f 764 765 766
f 765 767 766
f 766 767 768
f 767 769 768
f 768 769 770
f 769 771 770
f 770 771 772
f 771 773 772
f 772 773 774
f 773 775 774
f 774 775 776
f 775 777 776
f 776 777 778
f 777 779 778
f 778 779 780
f 779 781 780
f 780 781 782
f 781 783 782
f 782 783 784
f 783 785 784
f 784 785 786
f 785 787 786
f 786 787 788
f 787 789 788
f 788 789 790
f 789 791 790
f 790 791 792
f 791 745 792
f 792 745 747
f 793 774 794
f 772 774 793
f 772 793 795
f 770 772 795
f 796 770 795
f 768 770 796
f 797 768 796
f 766 768 797
f 798 766 797
f 764 766 798
f 799 764 798
f 762 764 799
f 800 762 799
f 760 762 800
f 801 760 800
f 758 760 801
f 802 758 801
f 756 758 802
f 803 756 802
f 754 756 803
f 804 754 803
f 752 754 804
f 805 752 804
f 750 752 805
f 806 750 805
f 748 750 806
f 807 748 806
f 747 748 807
f 808 747 807
f 792 747 808
f 809 792 808
f 790 792 809
f 810 790 809
f 788 790 810
f 811 788 810
f 786 788 811
f 812 786 811
f 784 786 812
f 813 784 812
f 782 784 813
f 814 782 813
f 780 782 814
f 815 780 814
f 778 780 815
f 816 778 815
f 776 778 816
f 794 776 816
f 774 776 794
f 817 818 819
f 818 820 819
f 818 821 820
f 820 821 822
f 821 823 822
f 822 823 824
f 823 825 824
f 824 825 826
f 825 827 826
f 826 827 828
f 827 829 828
f 828 829 830
f 829 831 830
f 830 831 832
f 831 833 832
f 832 833 834
f 833 835 834
f 834 835 836
f 835 837 836
f 836 837 838
f 837 839 838
f 838 839 840
f 839 841 840
f 840 841 842
f 841 843 842
f 842 843 844
f 843 845 844
f 844 845 846
f 845 847 846
f 846 847 848
f 847 849 848
f 848 849 850
f 849 851 850
f 850 851 852
f 851 853 852
f 852 853 854
f 853 855 854
f 854 855 856
f 855 857 856
f 856 857 858
f 857 859 858
f 858 859 860
f 859 861 860
f 860 861 862
f 861 863 862
f 862 863 864
f 863 817 864
f 864 817 819
f 865 866 867
f 866 868 867
f 866 869 868
f 868 869 870
f 869 871 870
f 870 871 872
f 871 873 872
f 872 873 874
f 873 875 874
f 874 875 876
f 875 877 876
f 876 877 878
f 877 879 878
f 878 879 880
f 879 881 880
f 880 881 882
f 881 883 882
f 882 883 884
f 883 885 884
f 884 885 886
f 885 887 886
f 886 887 888
f 887 889 888
f 888 889 890
f 889 891 890
f 890 891 892
f 891 893 892
f 892 893 894
f 893 895 894
f 894 895 896
f 895 897 896
f 896 897 898
f 897 899 898
f 898 899 900
f 899 901 900
f 900 901 902
f 901 903 902
f 902 903 904
f 903 905 904
f 904 905 906
f 905 907 906
f 906 907 908
f 907 909 908
f 908 909 910
f 909 911 910
f 910 911 912
f 911 865 912
f 912 865 867
f 749 746 817
f 746 818 817
f 818 746 821
f 749 817 863
f 751 749 863
f 751 863 861
f 753 751 861
f 753 861 859
f 755 753 859
f 755 859 857
f 757 755 857
f 757 857 855
f 759 757 855
f 761 759 855
f 761 855 853
f 763 761 853
f 763 853 851
f 765 763 851
f 765 851 849
f 767 765 849
f 767 849 847
f 769 767 847
f 769 847 845
f 769 845 843
f 771 769 843
f 771 843 841
f 773 771 841
f 773 841 839
f 775 773 839
f 775 839 837
f 777 775 837
f 777 837 835
f 779 777 835
f 779 835 833
f 781 779 833
f 781 833 831
f 783 781 831
f 785 783 831
f 785 831 829
f 787 785 829
f 787 829 827
f 789 787 827
f 789 827 825
f 791 789 825
f 791 825 823
f 745 791 823
f 745 823 821
f 746 745 821
f 795 793 894
f 793 892 894
f 793 890 892
f 795 894 896
f 796 795 896
f 796 896 898
f 797 796 898
f 797 898 900
f 798 797 900
f 798 900 902
f 799 798 902
f 799 902 904
f 800 799 904
f 801 800 904
f 801 904 906
f 802 801 906
f 802 906 908
f 803 802 908
f 803 908 910
f 804 803 910
f 804 910 912
f 805 804 912
f 805 912 867
f 868 805 867
f 806 805 868
f 806 868 870
f 807 806 870
f 807 870 872
f 808 807 872
f 808 872 874
f 809 808 874
f 809 874 876
f 810 809 876
f 810 876 878
f 811 810 878
f 811 878 880
f 812 811 880
f 813 812 880
f 813 880 882
f 814 813 882
f 814 882 884
f 815 814 884
f 815 884 886
f 816 815 886
f 816 886 888
f 794 816 888
f 794 888 890
f 793 794 890
f 866 822 869
f 820 822 866
f 820 866 865
f 819 820 865
f 864 819 865
f 822 824 869
f 824 871 869
f 824 826 871
f 826 873 871
f 826 828 873
f 828 875 873
f 828 830 875
f 830 877 875
f 830 832 877
f 832 879 877
f 832 881 879
f 832 834 881
f 834 883 881
f 834 836 883
f 836 885 883
f 836 838 885
f 838 887 885
f 838 840 887
f 840 889 887
f 840 842 889
f 842 891 889
f 842 844 891
f 844 846 891
f 846 893 891
f 846 848 893
f 848 895 893
f 848 850 895
f 850 897 895
f 850 852 897
f 852 899 897
f 852 854 899
f 854 901 899
f 854 856 901
f 856 903 901
f 856 905 903
f 856 858 905
f 858 907 905
f 858 860 907
f 860 909 907
f 860 862 909
f 862 911 909
f 862 864 911
f 864 865 911
f 913 914 915
f 914 916 915
f 914 917 916
f 916 917 918
f 917 919 918
f 919 920 918
f 919 921 920
f 921 922 920
f 921 923 922
f 923 924 922
f 923 925 924
f 925 926 924
f 925 927 926
f 927 928 926
f 927 929 928
f 929 930 928
f 929 931 930
f 931 932 930
f 931 933 932
f 933 934 932
f 933 935 934
f 935 936 934
f 935 937 936
f 937 938 936
f 937 939 938
f 939 940 938
f 939 941 940
f 941 942 940
f 941 943 942
f 943 944 942
f 943 945 944
f 945 946 944
f 945 947 946
f 947 948 946
f 947 949 948
f 949 950 948
f 949 951 950
f 951 952 950
f 951 953 952
f 953 954 952
f 953 955 954
f 955 956 954
f 955 957 956
f 957 958 956
f 957 959 958
f 959 960 958
f 959 913 960
f 913 915 960
f 961 962 963
f 962 964 963
f 962 965 964
f 964 965 966
f 965 967 966
f 966 967 968
f 967 969 968
f 968 969 970
f 969 971 970
f 970 971 972
f 971 973 972
f 972 973 974
f 973 975 974
f 974 975 976
f 975 977 976
f 976 977 978
f 977 979 978
f 978 979 980
f 979 981 980
f 980 981 982
f 981 983 982
f 982 983 984
f 983 985 984
f 984 985 986
f 985 987 986
f 986 987 988
f 987 989 988
f 988 989 990
f 989 991 990
f 990 991 992
f 991 993 992
f 992 993 994
f 993 995 994
f 994 995 996
f 995 997 996
f 996 997 998
f 997 999 998
f 998 999 1000
f 999 1001 1000
f 1000 1001 1002
f 1001 1003 1002
f 1002 1003 1004
f 1003 1005 1004
f 1004 1005 1006
f 1005 1007 1006
f 1006 1007 1008
f 1007 961 1008
f 1008 961 963
f 964 916 918
f 964 918 963
f 918 920 963
f 920 1008 963
f 920 922 1008
f 922 1006 1008
f 922 924 1006
f 924 1004 1006
f 924 926 1004
f 926 1002 1004
f 926 928 1002
f 928 1000 1002
f 928 930 1000
f 930 998 1000
f 930 932 998
f 932 996 998
f 932 934 996
f 934 994 996
f 934 936 994
f 936 992 994
f 936 938 992
f 938 990 992
f 938 940 990
f 940 988 990
f 940 942 988
f 942 986 988
f 942 944 986
f 944 984 986
f 944 946 984
f 946 982 984
f 946 948 982
f 948 980 982
f 948 950 980
f 950 978 980
f 950 952 978
f 952 976 978
f 952 954 976
f 954 974 976
f 954 956 974
f 956 972 974
f 956 958 972
f 958 970 972
f 958 960 970
f 960 968 970
f 960 915 968
f 915 966 968
f 915 916 966
f 916 964 966
f 1009 1010 1011
f 1010 1012 1011
f 1010 1013 1012
f 1012 1013 1014
f 1013 1015 1014
f 1015 1016 1014
f 1015 1017 1016
f 1017 1018 1016
f 1017 1019 1018
f 1019 1020 1018
f 1019 1021 1020
f 1021 1022 1020
f 1021 1023 1022
f 1023 1024 1022
f 1023 1025 1024
f 1025 1026 1024
f 1025 1027 1026
f 1027 1028 1026
f 1027 1029 1028
f 1029 1030 1028
f 1029 1031 1030
f 1031 1032 1030
f 1031 1033 1032
f 1033 1034 1032
f 1033 1035 1034
f 1035 1036 1034
f 1035 1037 1036
f 1037 1038 1036
f 1037 1039 1038
f 1039 1040 1038
f 1039 1041 1040
f 1041 1042 1040
f 1041 1043 1042
f 1043 1044 1042
f 1043 1045 1044
f 1045 1046 1044
f 1045 1047 1046
f 1047 1048 1046
f 1047 1049 1048
f 1049 1050 1048
f 1049 1051 1050
f 1051 1052 1050
f 1051 1053 1052
f 1053 1054 1052
f 1053 1055 1054
f 1055 1056 1054
f 1055 1009 1056
f 1009 1011 1056
f 1057 1058 1059
f 1058 1060 1059
f 1058 1061 1060
f 1060 1061 1062
f 1061 1063 1062
f 1062 1063 1064
f 1063 1065 1064
f 1064 1065 1066
f 1065 1067 1066
f 1066 1067 1068
f 1067 1069 1068
f 1068 1069 1070
f 1069 1071 1070
f 1070 1071 1072
f 1071 1073 1072
f 1072 1073 1074
f 1073 1075 1074
f 1074 1075 1076
f 1075 1077 1076
f 1076 1077 1078
f 1077 1079 1078
f 1078 1079 1080
f 1079 1081 1080
f 1080 1081 1082
f 1081 1083 1082
f 1082 1083 1084
f 1083 1085 1084
f 1084 1085 1086
f 1085 1087 1086
f 1086 1087 1088
f 1087 1089 1088
f 1088 1089 1090
f 1089 1091 1090
f 1090 1091 1092
f 1091 1093 1092
f 1092 1093 1094
f 1093 1095 1094
f 1094 1095 1096
f 1095 1097 1096
f 1096 1097 1098
f 1097 1099 1098
f 1098 1099 1100
f 1099 1101 1100
f 1100 1101 1102
f 1101 1103 1102
f 1102 1103 1104
f 1103 1057 1104
f 1104 1057 1059
f 1105 1012 1014
f 1105 1014 1106
f 1014 1016 1106
f 1016 1107 1106
f 1016 1018 1107
f 1018 1108 1107
f 1018 1020 1108
f 1020 1109 1108
f 1020 1022 1109
f 1022 1110 1109
f 1022 1024 1110
f 1024 1111 1110
f 1024 1026 1111
f 1026 1112 1111
f 1026 1028 1112
f 1028 1113 1112
f 1028 1030 1113
f 1030 1114 1113
f 1030 1032 1114
f 1032 1115 1114
f 1032 1034 1115
f 1034 1116 1115
f 1034 1036 1116
f 1036 1117 1116
f 1036 1038 1117
f 1038 1118 1117
f 1038 1040 1118
f 1040 1119 1118
f 1040 1042 1119
f 1042 1120 1119
f 1042 1044 1120
f 1044 1121 1120
f 1044 1046 1121
f 1046 1122 1121
f 1046 1048 1122
f 1048 1123 1122
f 1048 1050 1123
f 1050 1124 1123
f 1050 1052 1124
f 1052 1125 1124
f 1052 1054 1125
f 1054 1126 1125
f 1054 1056 1126
f 1056 1127 1126
f 1056 1011 1127
f 1011 1128 1127
f 1011 1012 1128
f 1012 1105 1128
f 1060 1105 1106
f 1060 1106 1059
f 1106 1107 1059
f 1107 1104 1059
f 1107 1108 1104
f 1108 1102 1104
f 1108 1109 1102
f 1109 1100 1102
f 1109 1110 1100
f 1110 1098 1100
f 1110 1111 1098
f 1111 1096 1098
f 1111 1112 1096
f 1112 1094 1096
f 1112 1113 1094
f 1113 1092 1094
f 1113 1114 1092
f 1114 1090 1092
f 1114 1115 1090
f 1115 1088 1090
f 1115 1116 1088
f 1116 1086 1088
f 1116 1117 1086
f 1117 1084 1086
f 1117 1118 1084
f 1118 1082 1084
f 1118 1119 1082
f 1119 1080 1082
f 1119 1120 1080
f 1120 1078 1080
f 1120 1121 1078
f 1121 1076 1078
f 1121 1122 1076
f 1122 1074 1076
f 1122 1123 1074
f 1123 1072 1074
f 1123 1124 1072
f 1124 1070 1072
f 1124 1125 1070
f 1125 1068 1070
f 1125 1126 1068
f 1126 1066 1068
f 1126 1127 1066
f 1127 1064 1066
f 1127 1128 1064
f 1128 1062 1064
f 1128 1105 1062
f 1105 1060 1062
f 965 962 1057
f 962 1058 1057
f 962 961 1058
f 1058 961 1061
f 961 1063 1061
f 965 1057 1103
f 967 965 1103
f 967 1103 1101
f 969 967 1101
f 969 1101 1099
f 971 969 1099
f 971 1099 1097
f 973 971 1097
f 973 1097 1095
f 975 973 1095
f 977 975 1095
f 977 1095 1093
f 979 977 1093
f 979 1093 1091
f 981 979 1091
f 981 1091 1089
f 983 981 1089
f 983 1089 1087
f 985 983 1087
f 985 1087 1085
f 987 985 1085
f 987 1085 1083
f 987 1083 1081
f 989 987 1081
f 989 1081 1079
f 991 989 1079
f 991 1079 1077
f 993 991 1077
f 993 1077 1075
f 995 993 1075
f 995 1075 1073
f 997 995 1073
f 997 1073 1071
f 999 997 1071
f 1001 999 1071
f 1001 1071 1069
f 1003 1001 1069
f 1003 1069 1067
f 1005 1003 1067
f 1005 1067 1065
f 1007 1005 1065
f 1007 1065 1063
f 961 1007 1063
f 914 913 1010
f 917 914 1010
f 917 1010 1009
f 919 917 1009
f 919 1009 1055
f 921 919 1055
f 921 1055 1053
f 923 921 1053
f 923 1053 1051
f 925 923 1051
f 925 1051 1049
f 927 925 1049
f 927 1049 1047
f 927 1047 1045
f 929 927 1045
f 929 1045 1043
f 931 929 1043
f 931 1043 1041
f 933 931 1041
f 933 1041 1039
f 935 933 1039
f 935 1039 1037
f 937 935 1037
f 937 1037 1035
f 939 937 1035
f 941 939 1035
f 941 1035 1033
f 943 941 1033
f 943 1033 1031
f 945 943 1031
f 945 1031 1029
f 947 945 1029
f 947 1029 1027
f 949 947 1027
f 949 1027 1025
f 949 1025 1023
f 951 949 1023
f 951 1023 1021
f 953 951 1021
f 953 1021 1019
f 955 953 1019
f 955 1019 1017
f 957 955 1017
f 957 1017 1015
f 959 957 1015
f 959 1015 1013
f 913 959 1013
f 1010 913 1013
f 1129 1130 1131
f 1130 1132 1131
f 1130 1133 1132
f 1132 1133 1134
f 1133 1135 1134
f 1135 1136 1134
f 1135 1137 1136
f 1137 1138 1136
f 1137 1139 1138
f 1139 1140 1138
f 1139 1141 1140
f 1141 1142 1140
f 1141 1143 1142
f 1143 1144 1142
f 1143 1145 1144
f 1145 1146 1144
f 1145 1147 1146
f 1147 1148 1146
f 1147 1149 1148
f 1149 1150 1148
f 1149 1151 1150
f 1151 1152 1150
f 1151 1153 1152
f 1153 1154 1152
f 1153 1155 1154
f 1155 1156 1154
f 1155 1157 1156
f 1157 1158 1156
f 1157 1159 1158
f 1159 1160 1158
f 1159 1161 1160
f 1161 1162 1160
f 1161 1163 1162
f 1163 1164 1162
f 1163 1165 1164
f 1165 1166 1164
f 1165 1167 1166
f 1167 1168 1166
f 1167 1169 1168
f 1169 1170 1168
f 1169 1171 1170
f 1171 1172 1170
f 1171 1173 1172
f 1173 1174 1172
f 1173 1175 1174
f 1175 1176 1174
f 1175 1129 1176
f 1129 1131 1176
f 1177 1178 1179
f 1178 1180 1179
f 1178 1181 1180
f 1180 1181 1182
f 1181 1183 1182
f 1182 1183 1184
f 1183 1185 1184
f 1184 1185 1186
f 1185 1187 1186
f 1186 1187 1188
f 1187 1189 1188
f 1188 1189 1190
f 1189 1191 1190
f 1190 1191 1192
f 1191 1193 1192
f 1192 1193 1194
f 1193 1195 1194
f 1194 1195 1196
f 1195 1197 1196
f 1196 1197 1198
f 1197 1199 1198
f 1198 1199 1200
f 1199 1201 1200
f 1200 1201 1202
f 1201 1203 1202
f 1202 1203 1204
f 1203 1205 1204
f 1204 1205 1206
f 1205 1207 1206
f 1206 1207 1208
f 1207 1209 1208
f 1208 1209 1210
f 1209 1211 1210
f 1210 1211 1212
f 1211 1213 1212
f 1212 1213 1214
f 1213 1215 1214
f 1214 1215 1216
f 1215 1217 1216
f 1216 1217 1218
f 1217 1219 1218
f 1218 1219 1220
f 1219 1221 1220
f 1220 1221 1222
f 1221 1223 1222
f 1222 1223 1224
f 1223 1177 1224
f 1224 1177 1179
f 1180 1132 1134
f 1180 1134 1179
f 1134 1136 1179
f 1136 1224 1179
f 1136 1138 1224
f 1138 1222 1224
f 1138 1140 1222
f 1140 1220 1222
f 1140 1142 1220
f 1142 1218 1220
f 1142 1144 1218
f 1144 1216 1218
f 1144 1146 1216
f 1146 1214 1216
f 1146 1148 1214
f 1148 1212 1214
f 1148 1150 1212
f 1150 1210 1212
f 1150 1152 1210
f 1152 1208 1210
f 1152 1154 1208
f 1154 1206 1208
f 1154 1156 1206
f 1156 1204 1206
f 1156 1158 1204
f 1158 1202 1204
f 1158 1160 1202
f 1160 1200 1202
f 1160 1162 1200
f 1162 1198 1200
f 1162 1164 1198
f 1164 1196 1198
f 1164 1166 1196
f 1166 1194 1196
f 1166 1168 1194
f 1168 1192 1194
f 1168 1170 1192
f 1170 1190 1192
f 1170 1172 1190
f 1172 1188 1190
f 1172 1174 1188
f 1174 1186 1188
f 1174 1176 1186
f 1176 1184 1186
f 1176 1131 1184
f 1131 1182 1184
f 1131 1132 1182
f 1132 1180 1182
f 1225 1226 1227
f 1226 1228 1227
f 1226 1229 1228
f 1228 1229 1230
f 1229 1231 1230
f 1231 1232 1230
f 1231 1233 1232
f 1233 1234 1232
f 1233 1235 1234
f 1235 1236 1234
f 1235 1237 1236
f 1237 1238 1236
f 1237 1239 1238
f 1239 1240 1238
f 1239 1241 1240
f 1241 1242 1240
f 1241 1243 1242
f 1243 1244 1242
f 1243 1245 1244
f 1245 1246 1244
f 1245 1247 1246
f 1247 1248 1246
f 1247 1249 1248
f 1249 1250 1248
f 1249 1251 1250
f 1251 1252 1250
f 1251 1253 1252
f 1253 1254 1252
f 1253 1255 1254
f 1255 1256 1254
f 1255 1257 1256
f 1257 1258 1256
f 1257 1259 1258
f 1259 1260 1258
f 1259 1261 1260
f 1261 1262 1260
f 1261 1263 1262
f 1263 1264 1262
f 1263 1265 1264
f 1265 1266 1264
f 1265 1267 1266
f 1267 1268 1266
f 1267 1269 1268
f 1269 1270 1268
f 1269 1271 1270
f 1271 1272 1270
f 1271 1225 1272
f 1225 1227 1272
f 1273 1274 1275
f 1274 1276 1275
f 1274 1277 1276
f 1276 1277 1278
f 1277 1279 1278
f 1278 1279 1280
f 1279 1281 1280
f 1280 1281 1282
f 1281 1283 1282
f 1282 1283 1284
f 1283 1285 1284
f 1284 1285 1286
f 1285 1287 1286
f 1286 1287 1288
f 1287 1289 1288
f 1288 1289 1290
f 1289 1291 1290
f 1290 1291 1292
f 1291 1293 1292
f 1292 1293 1294
f 1293 1295 1294
f 1294 1295 1296
f 1295 1297 1296
f 1296 1297 1298
f 1297 1299 1298
f 1298 1299 1300
f 1299 1301 1300
f 1300 1301 1302
f 1301 1303 1302
f 1302 1303 1304
f 1303 1305 1304
f 1304 1305 1306
f 1305 1307 1306
f 1306 1307 1308
f 1307 1309 1308
f 1308 1309 1310
f 1309 1311 1310
f 1310 1311 1312
f 1311 1313 1312
f 1312 1313 1314
f 1313 1315 1314
f 1314 1315 1316
f 1315 1317 1316
f 1316 1317 1318
f 1317 1319 1318
f 1318 1319 1320
f 1319 1273 1320
f 1320 1273 1275
f 1321 1228 1230
f 1321 1230 1322
f 1230 1232 1322
f 1232 1323 1322
f 1232 1234 1323
f 1234 1324 1323
f 1234 1236 1324
f 1236 1325 1324
f 1236 1238 1325
f 1238 1326 1325
f 1238 1240 1326
f 1240 1327 1326
f 1240 1242 1327
f 1242 1328 1327
f 1242 1244 1328
f 1244 1329 1328
f 1244 1246 1329
f 1246 1330 1329
f 1246 1248 1330
f 1248 1331 1330
f 1248 1250 1331
f 1250 1332 1331
f 1250 1252 1332
f 1252 1333 1332
f 1252 1254 1333
f 1254 1334 1333
f 1254 1256 1334
f 1256 1335 1334
f 1256 1258 1335
f 1258 1336 1335
f 1258 1260 1336
f 1260 1337 1336
f 1260 1262 1337
f 1262 1338 1337
f 1262 1264 1338
f 1264 1339 1338
f 1264 1266 1339
f 1266 1340 1339
f 1266 1268 1340
f 1268 1341 1340
f 1268 1270 1341
f 1270 1342 1341
f 1270 1272 1342
f 1272 1343 1342
f 1272 1227 1343
f 1227 1344 1343
f 1227 1228 1344
f 1228 1321 1344
f 1276 1321 1322
f 1276 1322 1275
f 1322 1323 1275
f 1323 1320 1275
f 1323 1324 1320
f 1324 1318 1320
f 1324 1325 1318
f 1325 1316 1318
f 1325 1326 1316
f 1326 1314 1316
f 1326 1327 1314
f 1327 1312 1314
f 1327 1328 1312
f 1328 1310 1312
f 1328 1329 1310
f 1329 1308 1310
f 1329 1330 1308
f 1330 1306 1308
f 1330 1331 1306
f 1331 1304 1306
f 1331 1332 1304
f 1332 1302 1304
f 1332 1333 1302
f 1333 1300 1302
f 1333 1334 1300
f 1334 1298 1300
f 1334 1335 1298
f 1335 1296 1298
f 1335 1336 1296
f 1336 1294 1296
f 1336 1337 1294
f 1337 1292 1294
f 1337 1338 1292
f 1338 1290 1292
f 1338 1339 1290
f 1339 1288 1290
f 1339 1340 1288
f 1340 1286 1288
f 1340 1341 1286
f 1341 1284 1286
f 1341 1342 1284
f 1342 1282 1284
f 1342 1343 1282
f 1343 1280 1282
f 1343 1344 1280
f 1344 1278 1280
f 1344 1321 1278
f 1321 1276 1278
f 1181 1178 1273
f 1178 1274 1273
f 1178 1177 1274
f 1274 1177 1277
f 1177 1279 1277
f 1181 1273 1319
f 1183 1181 1319
f 1183 1319 1317
f 1185 1183 1317
f 1185 1317 1315
f 1187 1185 1315
f 1187 1315 1313
f 1189 1187 1313
f 1189 1313 1311
f 1191 1189 1311
f 1193 1191 1311
f 1193 1311 1309
f 1195 1193 1309
f 1195 1309 1307
f 1197 1195 1307
f 1197 1307 1305
f 1199 1197 1305
f 1199 1305 1303
f 1201 1199 1303
f 1201 1303 1301
f 1203 1201 1301
f 1203 1301 1299
f 1203 1299 1297
f 1205 1203 1297
f 1205 1297 1295
f 1207 1205 1295
f 1207 1295 1293
f 1209 1207 1293
f 1209 1293 1291
f 1211 1209 1291
f 1211 1291 1289
f 1213 1211 1289
f 1213 1289 1287
f 1215 1213 1287
f 1217 1215 1287
f 1217 1287 1285
f 1219 1217 1285
f 1219 1285 1283
f 1221 1219 1283
f 1221 1283 1281
f 1223 1221 1281
f 1223 1281 1279
f 1177 1223 1279
f 1130 1129 1226
f 1133 1130 1226
f 1133 1226 1225
f 1135 1133 1225
f 1135 1225 1271
f 1137 1135 1271
f 1137 1271 1269
f 1139 1137 1269
f 1139 1269 1267
f 1141 1139 1267
f 1141 1267 1265
f 1143 1141 1265
f 1143 1265 1263
f 1143 1263 1261
f 1145 1143 1261
f 1145 1261 1259
f 1147 1145 1259
f 1147 1259 1257
f 1149 1147 1257
f 1149 1257 1255
f 1151 1149 1255
f 1151 1255 1253
f 1153 1151 1253
f 1153 1253 1251
f 1155 1153 1251
f 1157 1155 1251
f 1157 1251 1249
f 1159 1157 1249
f 1159 1249 1247
f 1161 1159 1247
f 1161 1247 1245
f 1163 1161 1245
f 1163 1245 1243
f 1165 1163 1243
f 1165 1243 1241
f 1165 1241 1239
f 1167 1165 1239
f 1167 1239 1237
f 1169 1167 1237
f 1169 1237 1235
f 1171 1169 1235
f 1171 1235 1233
f 1173 1171 1233
f 1173 1233 1231
f 1175 1173 1231
f 1175 1231 1229
f 1129 1175 1229
f 1226 1129 1229
f 1345 1346 1347
f 1346 1348 1347
f 1346 1349 1348
f 1348 1349 1350
f 1349 1351 1350
f 1351 1352 1350
f 1351 1353 1352
f 1353 1354 1352
f 1353 1355 1354
f 1355 1356 1354
f 1355 1357 1356
f 1357 1358 1356
f 1357 1359 1358
f 1359 1360 1358
f 1359 1361 1360
f 1361 1362 1360
f 1361 1363 1362
f 1363 1364 1362
f 1363 1365 1364
f 1365 1366 1364
f 1365 1367 1366
f 1367 1368 1366
f 1367 1369 1368
f 1369 1370 1368
f 1369 1371 1370
f 1371 1372 1370
f 1371 1373 1372
f 1373 1374 1372
f 1373 1375 1374
f 1375 1376 1374
f 1375 1377 1376
f 1377 1378 1376
f 1377 1379 1378
f 1379 1380 1378
f 1379 1381 1380
f 1381 1382 1380
f 1381 1383 1382
f 1383 1384 1382
f 1383 1385 1384
f 1385 1386 1384
f 1385 1387 1386
f 1387 1388 1386
f 1387 1389 1388
f 1389 1390 1388
f 1389 1391 1390
f 1391 1392 1390
f 1391 1345 1392
f 1345 1347 1392
f 1393 1394 1395
f 1394 1396 1395
f 1394 1397 1396
f 1396 1397 1398
f 1397 1399 1398
f 1398 1399 1400
f 1399 1401 1400
f 1400 1401 1402
f 1401 1403 1402
f 1402 1403 1404
f 1403 1405 1404
f 1404 1405 1406
f 1405 1407 1406
f 1406 1407 1408
f 1407 1409 1408
f 1408 1409 1410
f 1409 1411 1410
f 1410 1411 1412
f 1411 1413 1412
f 1412 1413 1414
f 1413 1415 1414
f 1414 1415 1416
f 1415 1417 1416
f 1416 1417 1418
f 1417 1419 1418
f 1418 1419 1420
f 1419 1421 1420
f 1420 1421 1422
f 1421 1423 1422
f 1422 1423 1424
f 1423 1425 1424
f 1424 1425 1426
f 1425 1427 1426
f 1426 1427 1428
f 1427 1429 1428
f 1428 1429 1430
f 1429 1431 1430
f 1430 1431 1432
f 1431 1433 1432
f 1432 1433 1434
f 1433 1435 1434
f 1434 1435 1436
f 1435 1437 1436
f 1436 1437 1438
f 1437 1439 1438
f 1438 1439 1440
f 1439 1393 1440
f 1440 1393 1395
f 1396 1348 1350
f 1396 1350 1395
f 1350 1352 1395
f 1352 1440 1395
f 1352 1354 1440
f 1354 1438 1440
f 1354 1356 1438
f 1356 1436 1438
f 1356 1358 1436
f 1358 1434 1436
f 1358 1360 1434
f 1360 1432 1434
f 1360 1362 1432
f 1362 1430 1432
f 1362 1364 1430
f 1364 1428 1430
f 1364 1366 1428
f 1366 1426 1428
f 1366 1368 1426
f 1368 1424 1426
f 1368 1370 1424
f 1370 1422 1424
f 1370 1372 1422
f 1372 1420 1422
f 1372 1374 1420
f 1374 1418 1420
f 1374 1376 1418
f 1376 1416 1418
f 1376 1378 1416
f 1378 1414 1416
f 1378 1380 1414
f 1380 1412 1414
f 1380 1382 1412
f 1382 1410 1412
f 1382 1384 1410
f 1384 1408 1410
f 1384 1386 1408
f 1386 1406 1408
f 1386 1388 1406
f 1388 1404 1406
f 1388 1390 1404
f 1390 1402 1404
f 1390 1392 1402
f 1392 1400 1402
f 1392 1347 1400
f 1347 1398 1400
f 1347 1348 1398
f 1348 1396 1398
f 1441 1442 1443
f 1442 1444 1443
f 1442 1445 1444
f 1444 1445 1446
f 1445 1447 1446
f 1447 1448 1446
f 1447 1449 1448
f 1449 1450 1448
f 1449 1451 1450
f 1451 1452 1450
f 1451 1453 1452
f 1453 1454 1452
f 1453 1455 1454
f 1455 1456 1454
f 1455 1457 1456
f 1457 1458 1456
f 1457 1459 1458
f 1459 1460 1458
f 1459 1461 1460
f 1461 1462 1460
f 1461 1463 1462
f 1463 1464 1462
f 1463 1465 1464
f 1465 1466 1464
f 1465 1467 1466
f 1467 1468 1466
f 1467 1469 1468
f 1469 1470 1468
f 1469 1471 1470
f 1471 1472 1470
f 1471 1473 1472
f 1473 1474 1472
f 1473 1475 1474
f 1475 1476 1474
f 1475 1477 1476
f 1477 1478 1476
f 1477 1479 1478
f 1479 1480 1478
f 1479 1481 1480
f 1481 1482 1480
f 1481 1483 1482
f 1483 1484 1482
f 1483 1485 1484
f 1485 1486 1484
f 1485 1487 1486
f 1487 1488 1486
f 1487 1441 1488
f 1441 1443 1488
f 1489 1490 1491
f 1490 1492 1491
f 1490 1493 1492
f 1492 1493 1494
f 1493 1495 1494
f 1494 1495 1496
f 1495 1497 1496
f 1496 1497 1498
f 1497 1499 1498
f 1498 1499 1500
f 1499 1501 1500
f 1500 1501 1502
f 1501 1503 1502
f 1502 1503 1504
f 1503 1505 1504
f 1504 1505 1506
f 1505 1507 1506
f 1506 1507 1508
f 1507 1509 1508
f 1508 1509 1510
f 1509 1511 1510
f 1510 1511 1512
f 1511 1513 1512
f 1512 1513 1514
f 1513 1515 1514
f 1514 1515 1516
f 1515 1517 1516
f 1516 1517 1518
f 1517 1519 1518
f 1518 1519 1520
f 1519 1521 1520
f 1520 1521 1522
f 1521 1523 1522
f 1522 1523 1524
f 1523 1525 1524
f 1524 1525 1526
f 1525 1527 1526
f 1526 1527 1528
f 1527 1529 1528
f 1528 1529 1530
f 1529 1531 1530
f 1530 1531 1532
f 1531 1533 1532
f 1532 1533 1534
f 1533 1535 1534
f 1534 1535 1536
f 1535 1489 1536
f 1536 1489 1491
f 1537 1444 1446
f 1537 1446 1538
f 1446 1448 1538
f 1448 1539 1538
f 1448 1450 1539
f 1450 1540 1539
f 1450 1452 1540
f 1452 1541 1540
f 1452 1454 1541
f 1454 1542 1541
f 1454 1456 1542
f 1456 1543 1542
f 1456 1458 1543
f 1458 1544 1543
f 1458 1460 1544
f 1460 1545 1544
f 1460 1462 1545
f 1462 1546 1545
f 1462 1464 1546
f 1464 1547 1546
f 1464 1466 1547
f 1466 1548 1547
f 1466 1468 1548
f 1468 1549 1548
f 1468 1470 1549
f 1470 1550 1549
f 1470 1472 1550
f 1472 1551 1550
f 1472 1474 1551
f 1474 1552 1551
f 1474 1476 1552
f 1476 1553 1552
f 1476 1478 1553
f 1478 1554 1553
f 1478 1480 1554
f 1480 1555 1554
f 1480 1482 1555
f 1482 1556 1555
f 1482 1484 1556
f 1484 1557 1556
f 1484 1486 1557
f 1486 1558 1557
f 1486 1488 1558
f 1488 1559 1558
f 1488 1443 1559
f 1443 1560 1559
f 1443 1444 1560
f 1444 1537 1560
f 1492 1537 1538
f 1492 1538 1491
f 1538 1539 1491
f 1539 1536 1491
f 1539 1540 1536
f 1540 1534 1536
f 1540 1541 1534
f 1541 1532 1534
f 1541 1542 1532
f 1542 1530 1532
f 1542 1543 1530
f 1543 1528 1530
f 1543 1544 1528
f 1544 1526 1528
f 1544 1545 1526
f 1545 1524 1526
f 1545 1546 1524
f 1546 1522 1524
f 1546 1547 1522
f 1547 1520 1522
f 1547 1548 1520
f 1548 1518 1520
f 1548 1549 1518
f 1549 1516 1518
f 1549 1550 1516
f 1550 1514 1516
f 1550 1551 1514
f 1551 1512 1514
f 1551 1552 1512
f 1552 1510 1512
f 1552 1553 1510
f 1553 1508 1510
f 1553 1554 1508
f 1554 1506 1508
f 1554 1555 1506
f 1555 1504 1506
f 1555 1556 1504
f 1556 1502 1504
f 1556 1557 1502
f 1557 1500 1502
f 1557 1558 1500
f 1558 1498 1500
f 1558 1559 1498
f 1559 1496 1498
f 1559 1560 1496
f 1560 1494 1496
f 1560 1537 1494
f 1537 1492 1494
f 1346 1345 1442
f 1349 1346 1442
f 1349 1442 1441
f 1351 1349 1441
f 1351 1441 1487
f 1353 1351 1487
f 1353 1487 1485
f 1355 1353 1485
f 1355 1485 1483
f 1357 1355 1483
f 1357 1483 1481
f 1359 1357 1481
f 1359 1481 1479
f 1359 1479 1477
f 1361 1359 1477
f 1361 1477 1475
f 1363 1361 1475
f 1363 1475 1473
f 1365 1363 1473
f 1365 1473 1471
f 1367 1365 1471
f 1367 1471 1469
f 1369 1367 1469
f 1369 1469 1467
f 1371 1369 1467
f 1373 1371 1467
f 1373 1467 1465
f 1375 1373 1465
f 1375 1465 1463
f 1377 1375 1463
f 1377 1463 1461
f 1379 1377 1461
f 1379 1461 1459
f 1381 1379 1459
f 1381 1459 1457
f 1381 1457 1455
f 1383 1381 1455
f 1383 1455 1453
f 1385 1383 1453
f 1385 1453 1451
f 1387 1385 1451
f 1387 1451 1449
f 1389 1387 1449
f 1389 1449 1447
f 1391 1389 1447
f 1391 1447 1445
f 1345 1391 1445
f 1442 1345 1445
f 1397 1394 1489
f 1394 1490 1489
f 1394 1393 1490
f 1490 1393 1493
f 1393 1495 1493
f 1397 1489 1535
f 1399 1397 1535
f 1399 1535 1533
f 1401 1399 1533
f 1401 1533 1531
f 1403 1401 1531
f 1403 1531 1529
f 1405 1403 1529
f 1405 1529 1527
f 1407 1405 1527
f 1409 1407 1527
f 1409 1527 1525
f 1411 1409 1525
f 1411 1525 1523
f 1413 1411 1523
f 1413 1523 1521
f 1415 1413 1521
f 1415 1521 1519
f 1417 1415 1519
f 1417 1519 1517
f 1419 1417 1517
f 1419 1517 1515
f 1419 1515 1513
f 1421 1419 1513
f 1421 1513 1511
f 1423 1421 1511
f 1423 1511 1509
f 1425 1423 1509
f 1425 1509 1507
f 1427 1425 1507
f 1427 1507 1505
f 1429 1427 1505
f 1429 1505 1503
f 1431 1429 1503
f 1433 1431 1503
f 1433 1503 1501
f 1435 1433 1501
f 1435 1501 1499
f 1437 1435 1499
f 1437 1499 1497
f 1439 1437 1497
f 1439 1497 1495
f 1393 1439 1495
f 1561 1562 1563
f 1562 1564 1563
f 1562 1565 1564
f 1564 1565 1566
f 1565 1567 1566
f 1567 1568 1566
f 1567 1569 1568
f 1569 1570 1568
f 1569 1571 1570
f 1571 1572 1570
f 1571 1573 1572
f 1573 1574 1572
f 1573 1575 1574
f 1575 1576 1574
f 1575 1577 1576
f 1577 1578 1576
f 1577 1579 1578
f 1579 1580 1578
f 1579 1581 1580
f 1581 1582 1580
f 1581 1583 1582
f 1583 1584 1582
f 1583 1585 1584
f 1585 1586 1584
f 1585 1587 1586
f 1587 1588 1586
f 1587 1589 1588
f 1589 1590 1588
f 1589 1591 1590
f 1591 1592 1590
f 1591 1593 1592
f 1593 1594 1592
f 1593 1595 1594
f 1595 1596 1594
f 1595 1597 1596
f 1597 1598 1596
f 1597 1599 1598
f 1599 1600 1598
f 1599 1601 1600
f 1601 1602 1600
f 1601 1603 1602
f 1603 1604 1602
f 1603 1605 1604
f 1605 1606 1604
f 1605 1607 1606
f 1607 1608 1606
f 1607 1561 1608
f 1561 1563 1608
f 1609 1610 1611
f 1610 1612 1611
f 1610 1613 1612
f 1612 1613 1614
f 1613 1615 1614
f 1614 1615 1616
f 1615 1617 1616
f 1616 1617 1618
f 1617 1619 1618
f 1618 1619 1620
f 1619 1621 1620
f 1620 1621 1622
f 1621 1623 1622
f 1622 1623 1624
f 1623 1625 1624
f 1624 1625 1626
f 1625 1627 1626
f 1626 1627 1628
f 1627 1629 1628
f 1628 1629 1630
f 1629 1631 1630
f 1630 1631 1632
f 1631 1633 1632
f 1632 1633 1634
f 1633 1635 1634
f 1634 1635 1636
f 1635 1637 1636
f 1636 1637 1638
f 1637 1639 1638
f 1638 1639 1640
f 1639 1641 1640
f 1640 1641 1642
f 1641 1643 1642
f 1642 1643 1644
f 1643 1645 1644
f 1644 1645 1646
f 1645 1647 1646
f 1646 1647 1648
f 1647 1649 1648
f 1648 1649 1650
f 1649 1651 1650
f 1650 1651 1652
f 1651 1653 1652
f 1652 1653 1654
f 1653 1655 1654
f 1654 1655 1656
f 1655 1609 1656
f 1656 1609 1611
f 1612 1564 1566
f 1612 1566 1611
f 1566 1568 1611
f 1568 1656 1611
f 1568 1570 1656
f 1570 1654 1656
f 1570 1572 1654
f 1572 1652 1654
f 1572 1574 1652
f 1574 1650 1652
f 1574 1576 1650
f 1576 1648 1650
f 1576 1578 1648
f 1578 1646 1648
f 1578 1580 1646
f 1580 1644 1646
f 1580 1582 1644
f 1582 1642 1644
f 1582 1584 1642
f 1584 1640 1642
f 1584 1586 1640
f 1586 1638 1640
f 1586 1588 1638
f 1588 1636 1638
f 1588 1590 1636
f 1590 1634 1636
f 1590 1592 1634
f 1592 1632 1634
f 1592 1594 1632
f 1594 1630 1632
f 1594 1596 1630
f 1596 1628 1630
f 1596 1598 1628
f 1598 1626 1628
f 1598 1600 1626
f 1600 1624 1626
f 1600 1602 1624
f 1602 1622 1624
f 1602 1604 1622
f 1604 1620 1622
f 1604 1606 1620
f 1606 1618 1620
f 1606 1608 1618
f 1608 1616 1618
f 1608 1563 1616
f 1563 1614 1616
f 1563 1564 1614
f 1564 1612 1614
f 1657 1658 1659
f 1658 1660 1659
f 1658 1661 1660
f 1660 1661 1662
f 1661 1663 1662
f 1663 1664 1662
f 1663 1665 1664
f 1665 1666 1664
f 1665 1667 1666
f 1667 1668 1666
f 1667 1669 1668
f 1669 1670 1668
f 1669 1671 1670
f 1671 1672 1670
f 1671 1673 1672
f 1673 1674 1672
f 1673 1675 1674
f 1675 1676 1674
f 1675 1677 1676
f 1677 1678 1676
f 1677 1679 1678
f 1679 1680 1678
f 1679 1681 1680
f 1681 1682 1680
f 1681 1683 1682
f 1683 1684 1682
f 1683 1685 1684
f 1685 1686 1684
f 1685 1687 1686
f 1687 1688 1686
f 1687 1689 1688
f 1689 1690 1688
f 1689 1691 1690
f 1691 1692 1690
f 1691 1693 1692
f 1693 1694 1692
f 1693 1695 1694
f 1695 1696 1694
f 1695 1697 1696
f 1697 1698 1696
f 1697 1699 1698
f 1699 1700 1698
f 1699 1701 1700
f 1701 1702 1700
f 1701 1703 1702
f 1703 1704 1702
f 1703 1657 1704
f 1657 1659 1704
f 1705 1706 1707
f 1706 1708 1707
f 1706 1709 1708
f 1708 1709 1710
f 1709 1711 1710
f 1710 1711 1712
f 1711 1713 1712
f 1712 1713 1714
f 1713 1715 1714
f 1714 1715 1716
f 1715 1717 1716
f 1716 1717 1718
f 1717 1719 1718
f 1718 1719 1720
f 1719 1721 1720
f 1720 1721 1722
f 1721 1723 1722
f 1722 1723 1724
f 1723 1725 1724
f 1724 1725 1726
f 1725 1727 1726
f 1726 1727 1728
f 1727 1729 1728
f 1728 1729 1730
f 1729 1731 1730
f 1730 1731 1732
f 1731 1733 1732
f 1732 1733 1734
f 1733 1735 1734
f 1734 1735 1736
f 1735 1737 1736
f 1736 1737 1738
f 1737 1739 1738
f 1738 1739 1740
f 1739 1741 1740
f 1740 1741 1742
f 1741 1743 1742
f 1742 1743 1744
f 1743 1745 1744
f 1744 1745 1746
f 1745 1747 1746
f 1746 1747 1748
f 1747 1749 1748
f 1748 1749 1750
f 1749 1751 1750
f 1750 1751 1752
f 1751 1705 1752
f 1752 1705 1707
f 1753 1660 1662
f 1753 1662 1754
f 1662 1664 1754
f 1664 1755 1754
f 1664 1666 1755
f 1666 1756 1755
f 1666 1668 1756
f 1668 1757 1756
f 1668 1670 1757
f 1670 1758 1757
f 1670 1672 1758
f 1672 1759 1758
f 1672 1674 1759
f 1674 1760 1759
f 1674 1676 1760
f 1676 1761 1760
f 1676 1678 1761
f 1678 1762 1761
f 1678 1680 1762
f 1680 1763 1762
f 1680 1682 1763
f 1682 1764 1763
f 1682 1684 1764
f 1684 1765 1764
f 1684 1686 1765
f 1686 1766 1765
f 1686 1688 1766
f 1688 1767 1766
f 1688 1690 1767
f 1690 1768 1767
f 1690 1692 1768
f 1692 1769 1768
f 1692 1694 1769
f 1694 1770 1769
f 1694 1696 1770
f 1696 1771 1770
f 1696 1698 1771
f 1698 1772 1771
f 1698 1700 1772
f 1700 1773 1772
f 1700 1702 1773
f 1702 1774 1773
f 1702 1704 1774
f 1704 1775 1774
f 1704 1659 1775
f 1659 1776 1775
f 1659 1660 1776
f 1660 1753 1776
f 1708 1753 1754
f 1708 1754 1707
f 1754 1755 1707
f 1755 1752 1707
f 1755 1756 1752
f 1756 1750 1752
f 1756 1757 1750
f 1757 1748 1750
f 1757 1758 1748
f 1758 1746 1748
f 1758 1759 1746
f 1759 1744 1746
f 1759 1760 1744
f 1760 1742 1744
f 1760 1761 1742
f 1761 1740 1742
f 1761 1762 1740
f 1762 1738 1740
f 1762 1763 1738
f 1763 1736 1738
f 1763 1764 1736
f 1764 1734 1736
f 1764 1765 1734
f 1765 1732 1734
f 1765 1766 1732
f 1766 1730 1732
f 1766 1767 1730
f 1767 1728 1730
f 1767 1768 1728
f 1768 1726 1728
f 1768 1769 1726
f 1769 1724 1726
f 1769 1770 1724
f 1770 1722 1724
f 1770 1771 1722
f 1771 1720 1722
f 1771 1772 1720
f 1772 1718 1720
f 1772 1773 1718
f 1773 1716 1718
f 1773 1774 1716
f 1774 1714 1716
f 1774 1775 1714
f 1775 1712 1714
f 1775 1776 1712
f 1776 1710 1712
f 1776 1753 1710
f 1753 1708 1710
f 1562 1561 1671
f 1565 1562 1671
f 1565 1671 1669
f 1567 1565 1669
f 1567 1669 1667
f 1569 1567 1667
f 1569 1667 1665
f 1571 1569 1665
f 1571 1665 1663
f 1573 1571 1663
f 1573 1663 1661
f 1575 1573 1661
f 1658 1575 1661
f 1575 1658 1657
f 1577 1575 1657
f 1577 1657 1703
f 1579 1577 1703
f 1579 1703 1701
f 1581 1579 1701
f 1581 1701 1699
f 1583 1581 1699
f 1583 1699 1697
f 1585 1583 1697
f 1585 1697 1695
f 1587 1585 1695
f 1589 1587 1695
f 1589 1695 1693
f 1591 1589 1693
f 1591 1693 1691
f 1593 1591 1691
f 1593 1691 1689
f 1595 1593 1689
f 1595 1689 1687
f 1597 1595 1687
f 1597 1687 1685
f 1597 1685 1683
f 1599 1597 1683
f 1599 1683 1681
f 1601 1599 1681
f 1601 1681 1679
f 1603 1601 1679
f 1603 1679 1677
f 1605 1603 1677
f 1605 1677 1675
f 1607 1605 1675
f 1607 1675 1673
f 1561 1607 1673
f 1561 1673 1671
f 1610 1609 1743
f 1613 1610 1743
f 1613 1743 1741
f 1615 1613 1741
f 1615 1741 1739
f 1617 1615 1739
f 1617 1739 1737
f 1619 1617 1737
f 1619 1737 1735
f 1621 1619 1735
f 1621 1735 1733
f 1623 1621 1733
f 1623 1733 1731
f 1623 1731 1729
f 1625 1623 1729
f 1625 1729 1727
f 1627 1625 1727
f 1627 1727 1725
f 1629 1627 1725
f 1629 1725 1723
f 1631 1629 1723
f 1631 1723 1721
f 1633 1631 1721
f 1633 1721 1719
f 1635 1633 1719
f 1637 1635 1719
f 1637 1719 1717
f 1639 1637 1717
f 1639 1717 1715
f 1641 1639 1715
f 1641 1715 1713
f 1643 1641 1713
f 1643 1713 1711
f 1645 1643 1711
f 1645 1711 1709
f 1706 1645 1709
f 1647 1645 1706
f 1647 1706 1705
f 1649 1647 1705
f 1649 1705 1751
f 1651 1649 1751
f 1651 1751 1749
f 1653 1651 1749
f 1653 1749 1747
f 1655 1653 1747
f 1655 1747 1745
f 1609 1655 1745
f 1609 1745 1743
f 1777 1778 1779
f 1778 1780 1779
f 1778 1781 1780
f 1780 1781 1782
f 1781 1783 1782
f 1783 1784 1782
f 1783 1785 1784
f 1785 1786 1784
f 1785 1787 1786
f 1787 1788 1786
f 1787 1789 1788
f 1789 1790 1788
f 1789 1791 1790
f 1791 1792 1790
f 1791 1793 1792
f 1793 1794 1792
f 1793 1795 1794
f 1795 1796 1794
f 1795 1797 1796
f 1797 1798 1796
f 1797 1799 1798
f 1799 1800 1798
f 1799 1801 1800
f 1801 1802 1800
f 1801 1803 1802
f 1803 1804 1802
f 1803 1805 1804
f 1805 1806 1804
f 1805 1807 1806
f 1807 1808 1806
f 1807 1809 1808
f 1809 1810 1808
f 1809 1811 1810
f 1811 1812 1810
f 1811 1813 1812
f 1813 1814 1812
f 1813 1815 1814
f 1815 1816 1814
f 1815 1817 1816
f 1817 1818 1816
f 1817 1819 1818
f 1819 1820 1818
f 1819 1821 1820
f 1821 1822 1820
f 1821 1823 1822
f 1823 1824 1822
f 1823 1777 1824
f 1777 1779 1824
f 1825 1826 1827
f 1826 1828 1827
f 1826 1829 1828
f 1828 1829 1830
f 1829 1831 1830
f 1830 1831 1832
f 1831 1833 1832
f 1832 1833 1834
f 1833 1835 1834
f 1834 1835 1836
f 1835 1837 1836
f 1836 1837 1838
f 1837 1839 1838
f 1838 1839 1840
f 1839 1841 1840
f 1840 1841 1842
f 1841 1843 1842
f 1842 1843 1844
f 1843 1845 1844
f 1844 1845 1846
f 1845 1847 1846
f 1846 1847 1848
f 1847 1849 1848
f 1848 1849 1850
f 1849 1851 1850
f 1850 1851 1852
f 1851 1853 1852
f 1852 1853 1854
f 1853 1855 1854
f 1854 1855 1856
f 1855 1857 1856
f 1856 1857 1858
f 1857 1859 1858
f 1858 1859 1860
f 1859 1861 1860
f 1860 1861 1862
f 1861 1863 1862
f 1862 1863 1864
f 1863 1865 1864
f 1864 1865 1866
f 1865 1867 1866
f 1866 1867 1868
f 1867 1869 1868
f 1868 1869 1870
f 1869 1871 1870
f 1870 1871 1872
f 1871 1825 1872
f 1872 1825 1827
f 1828 1780 1782
f 1828 1782 1827
f 1782 1784 1827
f 1784 1872 1827
f 1784 1786 1872
f 1786 1870 1872
f 1786 1788 1870
f 1788 1868 1870
f 1788 1790 1868
f 1790 1866 1868
f 1790 1792 1866
f 1792 1864 1866
f 1792 1794 1864
f 1794 1862 1864
f 1794 1796 1862
f 1796 1860 1862
f 1796 1798 1860
f 1798 1858 1860
f 1798 1800 1858
f 1800 1856 1858
f 1800 1802 1856
f 1802 1854 1856
f 1802 1804 1854
f 1804 1852 1854
f 1804 1806 1852
f 1806 1850 1852
f 1806 1808 1850
f 1808 1848 1850
f 1808 1810 1848
f 1810 1846 1848
f 1810 1812 1846
f 1812 1844 1846
f 1812 1814 1844
f 1814 1842 1844
f 1814 1816 1842
f 1816 1840 1842
f 1816 1818 1840
f 1818 1838 1840
f 1818 1820 1838
f 1820 1836 1838
f 1820 1822 1836
f 1822 1834 1836
f 1822 1824 1834
f 1824 1832 1834
f 1824 1779 1832
f 1779 1830 1832
f 1779 1780 1830
f 1780 1828 1830
f 1873 1874 1875
f 1874 1876 1875
f 1874 1877 1876
f 1876 1877 1878
f 1877 1879 1878
f 1879 1880 1878
f 1879 1881 1880
f 1881 1882 1880
f 1881 1883 1882
f 1883 1884 1882
f 1883 1885 1884
f 1885 1886 1884
f 1885 1887 1886
f 1887 1888 1886
f 1887 1889 1888
f 1889 1890 1888
f 1889 1891 1890
f 1891 1892 1890
f 1891 1893 1892
f 1893 1894 1892
f 1893 1895 1894
f 1895 1896 1894
f 1895 1897 1896
f 1897 1898 1896
f 1897 1899 1898
f 1899 1900 1898
f 1899 1901 1900
f 1901 1902 1900
f 1901 1903 1902
f 1903 1904 1902
f 1903 1905 1904
f 1905 1906 1904
f 1905 1907 1906
f 1907 1908 1906
f 1907 1909 1908
f 1909 1910 1908
f 1909 1911 1910
f 1911 1912 1910
f 1911 1913 1912
f 1913 1914 1912
f 1913 1915 1914
f 1915 1916 1914
f 1915 1917 1916
f 1917 1918 1916
f 1917 1919 1918
f 1919 1920 1918
f 1919 1873 1920
f 1873 1875 1920
f 1921 1922 1923
f 1922 1924 1923
f 1922 1925 1924
f 1924 1925 1926
f 1925 1927 1926
f 1926 1927 1928
f 1927 1929 1928
f 1928 1929 1930
f 1929 1931 1930
f 1930 1931 1932
f 1931 1933 1932
f 1932 1933 1934
f 1933 1935 1934
f 1934 1935 1936
f 1935 1937 1936
f 1936 1937 1938
f 1937 1939 1938
f 1938 1939 1940
f 1939 1941 1940
f 1940 1941 1942
f 1941 1943 1942
f 1942 1943 1944
f 1943 1945 1944
f 1944 1945 1946
f 1945 1947 1946
f 1946 1947 1948
f 1947 1949 1948
f 1948 1949 1950
f 1949 1951 1950
f 1950 1951 1952
f 1951 1953 1952
f 1952 1953 1954
f 1953 1955 1954
f 1954 1955 1956
f 1955 1957 1956
f 1956 1957 1958
f 1957 1959 1958
f 1958 1959 1960
f 1959 1961 1960
f 1960 1961 1962
f 1961 1963 1962
f 1962 1963 1964
f 1963 1965 1964
f 1964 1965 1966
f 1965 1967 1966
f 1966 1967 1968
f 1967 1921 1968
f 1968 1921 1923
f 1969 1876 1878
f 1969 1878 1970
f 1878 1880 1970
f 1880 1971 1970
f 1880 1882 1971
f 1882 1972 1971
f 1882 1884 1972
f 1884 1973 1972
f 1884 1886 1973
f 1886 1974 1973
f 1886 1888 1974
f 1888 1975 1974
f 1888 1890 1975
f 1890 1976 1975
f 1890 1892 1976
f 1892 1977 1976
f 1892 1894 1977
f 1894 1978 1977
f 1894 1896 1978
f 1896 1979 1978
f 1896 1898 1979
f 1898 1980 1979
f 1898 1900 1980
f 1900 1981 1980
f 1900 1902 1981
f 1902 1982 1981
f 1902 1904 1982
f 1904 1983 1982
f 1904 1906 1983
f 1906 1984 1983
f 1906 1908 1984
f 1908 1985 1984
f 1908 1910 1985
f 1910 1986 1985
f 1910 1912 1986
f 1912 1987 1986
f 1912 1914 1987
f 1914 1988 1987
f 1914 1916 1988
f 1916 1989 1988
f 1916 1918 1989
f 1918 1990 1989
f 1918 1920 1990
f 1920 1991 1990
f 1920 1875 1991
f 1875 1992 1991
f 1875 1876 1992
f 1876 1969 1992
f 1924 1969 1970
f 1924 1970 1923
f 1970 1971 1923
f 1971 1968 1923
f 1971 1972 1968
f 1972 1966 1968
f 1972 1973 1966
f 1973 1964 1966
f 1973 1974 1964
f 1974 1962 1964
f 1974 1975 1962
f 1975 1960 1962
f 1975 1976 1960
f 1976 1958 1960
f 1976 1977 1958
f 1977 1956 1958
f 1977 1978 1956
f 1978 1954 1956
f 1978 1979 1954
f 1979 1952 1954
f 1979 1980 1952
f 1980 1950 1952
f 1980 1981 1950
f 1981 1948 1950
f 1981 1982 1948
f 1982 1946 1948
f 1982 1983 1946
f 1983 1944 1946
f 1983 1984 1944
f 1984 1942 1944
f 1984 1985 1942
f 1985 1940 1942
f 1985 1986 1940
f 1986 1938 1940
f 1986 1987 1938
f 1987 1936 1938
f 1987 1988 1936
f 1988 1934 1936
f 1988 1989 1934
f 1989 1932 1934
f 1989 1990 1932
f 1990 1930 1932
f 1990 1991 1930
f 1991 1928 1930
f 1991 1992 1928
f 1992 1926 1928
f 1992 1969 1926
f 1969 1924 1926
f 1829 1826 1921
f 1826 1922 1921
f 1826 1825 1922
f 1922 1825 1925
f 1825 1927 1925
f 1829 1921 1967
f 1831 1829 1967
f 1831 1967 1965
f 1833 1831 1965
f 1833 1965 1963
f 1835 1833 1963
f 1835 1963 1961
f 1837 1835 1961
f 1837 1961 1959
f 1839 1837 1959
f 1841 1839 1959
f 1841 1959 1957
f 1843 1841 1957
f 1843 1957 1955
f 1845 1843 1955
f 1845 1955 1953
f 1847 1845 1953
f 1847 1953 1951
f 1849 1847 1951
f 1849 1951 1949
f 1851 1849 1949
f 1851 1949 1947
f 1851 1947 1945
f 1853 1851 1945
f 1853 1945 1943
f 1855 1853 1943
f 1855 1943 1941
f 1857 1855 1941
f 1857 1941 1939
f 1859 1857 1939
f 1859 1939 1937
f 1861 1859 1937
f 1861 1937 1935
f 1863 1861 1935
f 1865 1863 1935
f 1865 1935 1933
f 1867 1865 1933
f 1867 1933 1931
f 1869 1867 1931
f 1869 1931 1929
f 1871 1869 1929
f 1871 1929 1927
f 1825 1871 1927
f 1778 1777 1874
f 1781 1778 1874
f 1781 1874 1873
f 1783 1781 1873
f 1783 1873 1919
f 1785 1783 1919
f 1785 1919 1917
f 1787 1785 1917
f 1787 1917 1915
f 1789 1787 1915
f 1789 1915 1913
f 1791 1789 1913
f 1791 1913 1911
f 1791 1911 1909
f 1793 1791 1909
f 1793 1909 1907
f 1795 1793 1907
f 1795 1907 1905
f 1797 1795 1905
f 1797 1905 1903
f 1799 1797 1903
f 1799 1903 1901
f 1801 1799 1901
f 1801 1901 1899
f 1803 1801 1899
f 1805 1803 1899
f 1805 1899 1897
f 1807 1805 1897
f 1807 1897 1895
f 1809 1807 1895
f 1809 1895 1893
f 1811 1809 1893
f 1811 1893 1891
f 1813 1811 1891
f 1813 1891 1889
f 1813 1889 1887
f 1815 1813 1887
f 1815 1887 1885
f 1817 1815 1885
f 1817 1885 1883
f 1819 1817 1883
f 1819 1883 1881
f 1821 1819 1881
f 1821 1881 1879
f 1823 1821 1879
f 1823 1879 1877
f 1777 1823 1877
f 1874 1777 1877
f 1993 1994 1995
f 1994 1996 1995
f 1994 1997 1996
f 1996 1997 1998
f 1997 1999 1998
f 1998 1999 2000
f 1999 2001 2000
f 2000 2001 2002
f 2001 2003 2002
f 2002 2003 2004
f 2003 2005 2004
f 2004 2005 2006
f 2005 2007 2006
f 2006 2007 2008
f 2007 2009 2008
f 2008 2009 2010
f 2009 2011 2010
f 2010 2011 2012
f 2011 2013 2012
f 2012 2013 2014
f 2013 2015 2014
f 2014 2015 2016
f 2015 2017 2016
f 2016 2017 2018
f 2017 2019 2018
f 2018 2019 2020
f 2019 2021 2020
f 2020 2021 2022
f 2021 2023 2022
f 2022 2023 2024
f 2023 2025 2024
f 2024 2025 2026
f 2025 2027 2026
f 2026 2027 2028
f 2027 2029 2028
f 2028 2029 2030
f 2029 2031 2030
f 2030 2031 2032
f 2031 2033 2032
f 2032 2033 2034
f 2033 2035 2034
f 2034 2035 2036
f 2035 2037 2036
f 2036 2037 2038
f 2037 2039 2038
f 2038 2039 2040
f 2039 1993 2040
f 2040 1993 1995
f 2041 2022 2042
f 2020 2022 2041
f 2020 2041 2043
f 2018 2020 2043
f 2044 2018 2043
f 2016 2018 2044
f 2045 2016 2044
f 2014 2016 2045
f 2046 2014 2045
f 2012 2014 2046
f 2047 2012 2046
f 2010 2012 2047
f 2048 2010 2047
f 2008 2010 2048
f 2049 2008 2048
f 2006 2008 2049
f 2050 2006 2049
f 2004 2006 2050
f 2051 2004 2050
f 2002 2004 2051
f 2052 2002 2051
f 2000 2002 2052
f 2053 2000 2052
f 1998 2000 2053
f 2054 1998 2053
f 1996 1998 2054
f 2055 1996 2054
f 1995 1996 2055
f 2056 1995 2055
f 2040 1995 2056
f 2057 2040 2056
f 2038 2040 2057
f 2058 2038 2057
f 2036 2038 2058
f 2059 2036 2058
f 2034 2036 2059
f 2060 2034 2059
f 2032 2034 2060
f 2061 2032 2060
f 2030 2032 2061
f 2062 2030 2061
f 2028 2030 2062
f 2063 2028 2062
f 2026 2028 2063
f 2064 2026 2063
f 2024 2026 2064
f 2042 2024 2064
f 2022 2024 2042
f 2065 2066 2067
f 2066 2068 2067
f 2066 2069 2068
f 2068 2069 2070
f 2069 2071 2070
f 2070 2071 2072
f 2071 2073 2072
f 2072 2073 2074
f 2073 2075 2074
f 2074 2075 2076
f 2075 2077 2076
f 2076 2077 2078
f 2077 2079 2078
f 2078 2079 2080
f 2079 2081 2080
f 2080 2081 2082
f 2081 2083 2082
f 2082 2083 2084
f 2083 2085 2084
f 2084 2085 2086
f 2085 2087 2086
f 2086 2087 2088
f 2087 2089 2088
f 2088 2089 2090
f 2089 2091 2090
f 2090 2091 2092
f 2091 2093 2092
f 2092 2093 2094
f 2093 2095 2094
f 2094 2095 2096
f 2095 2097 2096
f 2096 2097 2098
f 2097 2099 2098
f 2098 2099 2100
f 2099 2101 2100
f 2100 2101 2102
f 2101 2103 2102
f 2102 2103 2104
f 2103 2105 2104
f 2104 2105 2106
f 2105 2107 2106
f 2106 2107 2108
f 2107 2109 2108
f 2108 2109 2110
f 2109 2111 2110
f 2110 2111 2112
f 2111 2065 2112
f 2112 2065 2067
f 2113 2114 2115
f 2114 2116 2115
f 2114 2117 2116
f 2116 2117 2118
f 2117 2119 2118
f 2118 2119 2120
f 2119 2121 2120
f 2120 2121 2122
f 2121 2123 2122
f 2122 2123 2124
f 2123 2125 2124
f 2124 2125 2126
f 2125 2127 2126
f 2126 2127 2128
f 2127 2129 2128
f 2128 2129 2130
f 2129 2131 2130
f 2130 2131 2132
f 2131 2133 2132
f 2132 2133 2134
f 2133 2135 2134
f 2134 2135 2136
f 2135 2137 2136
f 2136 2137 2138
f 2137 2139 2138
f 2138 2139 2140
f 2139 2141 2140
f 2140 2141 2142
f 2141 2143 2142
f 2142 2143 2144
f 2143 2145 2144
f 2144 2145 2146
f 2145 2147 2146
f 2146 2147 2148
f 2147 2149 2148
f 2148 2149 2150
f 2149 2151 2150
f 2150 2151 2152
f 2151 2153 2152
f 2152 2153 2154
f 2153 2155 2154
f 2154 2155 2156
f 2155 2157 2156
f 2156 2157 2158
f 2157 2159 2158
f 2158 2159 2160
f 2159 2113 2160
f 2160 2113 2115
f 1994 2017 1997
f 1994 2019 2017
f 1994 1993 2019
f 1993 2021 2019
f 1993 2039 2021
f 2039 2023 2021
f 2039 2037 2023
f 2037 2025 2023
f 2037 2035 2025
f 2035 2027 2025
f 2035 2033 2027
f 2033 2029 2027
f 2033 2031 2029
f 2017 2015 1997
f 2015 1999 1997
f 2015 2013 1999
f 2013 2001 1999
f 2013 2011 2001
f 2011 2003 2001
f 2011 2009 2003
f 2009 2005 2003
f 2009 2007 2005
f 2043 2041 2094
f 2041 2092 2094
f 2041 2090 2092
f 2043 2094 2096
f 2044 2043 2096
f 2044 2096 2098
f 2045 2044 2098
f 2045 2098 2100
f 2046 2045 2100
f 2046 2100 2102
f 2047 2046 2102
f 2047 2102 2104
f 2048 2047 2104
f 2049 2048 2104
f 2049 2104 2106
f 2050 2049 2106
f 2050 2106 2108
f 2051 2050 2108
f 2051 2108 2110
f 2052 2051 2110
f 2052 2110 2112
f 2053 2052 2112
f 2053 2112 2067
f 2068 2053 2067
f 2054 2053 2068
f 2054 2068 2070
f 2055 2054 2070
f 2055 2070 2072
f 2056 2055 2072
f 2056 2072 2074
f 2057 2056 2074
f 2057 2074 2076
f 2058 2057 2076
f 2058 2076 2078
f 2059 2058 2078
f 2059 2078 2080
f 2060 2059 2080
f 2061 2060 2080
f 2061 2080 2082
f 2062 2061 2082
f 2062 2082 2084
f 2063 2062 2084
f 2063 2084 2086
f 2064 2063 2086
f 2064 2086 2088
f 2042 2064 2088
f 2042 2088 2090
f 2041 2042 2090
f 2069 2066 2118
f 2066 2116 2118
f 2066 2065 2116
f 2116 2065 2115
f 2065 2160 2115
f 2069 2118 2120
f 2071 2069 2120
f 2071 2120 2122
f 2073 2071 2122
f 2073 2122 2124
f 2075 2073 2124
f 2075 2124 2126
f 2077 2075 2126
f 2077 2126 2128
f 2079 2077 2128
f 2081 2079 2128
f 2081 2128 2130
f 2083 2081 2130
f 2083 2130 2132
f 2085 2083 2132
f 2085 2132 2134
f 2087 2085 2134
f 2087 2134 2136
f 2089 2087 2136
f 2089 2136 2138
f 2091 2089 2138
f 2091 2138 2140
f 2091 2140 2142
f 2093 2091 2142
f 2093 2142 2144
f 2095 2093 2144
f 2095 2144 2146
f 2097 2095 2146
f 2097 2146 2148
f 2099 2097 2148
f 2099 2148 2150
f 2101 2099 2150
f 2101 2150 2152
f 2103 2101 2152
f 2105 2103 2152
f 2105 2152 2154
f 2107 2105 2154
f 2107 2154 2156
f 2109 2107 2156
f 2109 2156 2158
f 2111 2109 2158
f 2111 2158 2160
f 2065 2111 2160
f 2114 2137 2117
f 2114 2139 2137
f 2114 2113 2139
f 2113 2141 2139
f 2113 2159 2141
f 2159 2143 2141
f 2159 2157 2143
f 2157 2145 2143
f 2157 2155 2145
f 2155 2147 2145
f 2155 2153 2147
f 2153 2149 2147
f 2153 2151 2149
f 2137 2135 2117
f 2135 2119 2117
f 2135 2133 2119
f 2133 2121 2119
f 2133 2131 2121
f 2131 2123 2121
f 2131 2129 2123
f 2129 2125 2123
f 2129 2127 2125
f 2161 2162 2163
f 2164 2161 2163
f 2164 2163 2165
f 2166 2164 2165
f 2166 2165 2167
f 2168 2166 2167
f 2168 2167 2169
f 2170 2168 2169
f 2170 2169 2171
f 2172 2170 2171
f 2173 2172 2171
f 2173 2171 2174
f 2175 2173 2174
f 2175 2174 2176
f 2177 2175 2176
f 2177 2176 2178
f 2179 2177 2178
f 2180 2179 2178
f 2180 2178 2181
f 2182 2180 2181
f 2182 2181 2183
f 2184 2182 2183
f 2184 2183 2185
f 2186 2184 2185
f 2186 2185 2187
f 2188 2186 2187
f 2188 2187 2189
f 2190 2188 2189
f 2190 2189 2191
f 2192 2190 2191
f 2192 2191 2193
f 2194 2192 2193
f 2194 2193 2195
f 2196 2194 2195
f 2196 2195 2197
f 2198 2196 2197
f 2198 2197 2199
f 2200 2198 2199
f 2200 2199 2201
f 2202 2200 2201
f 2202 2201 2203
f 2204 2202 2203
f 2204 2203 2205
f 2206 2204 2205
f 2206 2205 2207
f 2208 2206 2207
f 2208 2207 2209
f 2210 2208 2209
f 2211 2210 2209
f 2162 2210 2211
f 2163 2162 2211
f 2212 2213 2214
f 2213 2215 2214
f 2213 2216 2215
f 2215 2216 2217
f 2216 2218 2217
f 2217 2218 2219
f 2218 2220 2219
f 2219 2220 2221
f 2220 2222 2221
f 2221 2222 2223
f 2222 2224 2223
f 2223 2224 2225
f 2224 2226 2225
f 2225 2226 2227
f 2226 2228 2227
f 2227 2228 2229
f 2228 2230 2229
f 2229 2230 2231
f 2230 2232 2231
f 2231 2232 2233
f 2232 2234 2233
f 2233 2234 2235
f 2234 2236 2235
f 2235 2236 2237
f 2236 2238 2237
f 2237 2238 2239
f 2238 2240 2239
f 2239 2240 2241
f 2240 2242 2241
f 2241 2242 2243
f 2242 2244 2243
f 2243 2244 2245
f 2244 2246 2245
f 2245 2246 2247
f 2246 2248 2247
f 2247 2248 2249
f 2248 2250 2249
f 2249 2250 2251
f 2250 2252 2251
f 2251 2252 2253
f 2252 2254 2253
f 2253 2254 2255
f 2254 2256 2255
f 2255 2256 2257
f 2256 2258 2257
f 2257 2258 2259
f 2258 2212 2259
f 2212 2214 2259
f 2215 2163 2211
f 2214 2215 2211
f 2214 2211 2209
f 2214 2209 2259
f 2209 2207 2259
f 2207 2257 2259
f 2207 2205 2257
f 2205 2255 2257
f 2205 2203 2255
f 2203 2253 2255
f 2203 2201 2253
f 2201 2251 2253
f 2201 2199 2251
f 2199 2249 2251
f 2199 2197 2249
f 2197 2247 2249
f 2197 2195 2247
f 2195 2245 2247
f 2195 2193 2245
f 2193 2243 2245
f 2193 2191 2243
f 2191 2241 2243
f 2191 2189 2241
f 2189 2239 2241
f 2189 2187 2239
f 2187 2237 2239
f 2187 2185 2237
f 2185 2235 2237
f 2185 2183 2235
f 2183 2233 2235
f 2183 2181 2233
f 2181 2231 2233
f 2181 2178 2231
f 2178 2229 2231
f 2178 2176 2229
f 2176 2227 2229
f 2176 2174 2227
f 2174 2225 2227
f 2174 2171 2225
f 2171 2223 2225
f 2171 2169 2223
f 2169 2221 2223
f 2169 2167 2221
f 2167 2219 2221
f 2167 2165 2219
f 2165 2217 2219
f 2165 2163 2217
f 2163 2215 2217
f 2260 2261 2262
f 2261 2263 2262
f 2261 2264 2263
f 2263 2264 2265
f 2264 2266 2265
f 2266 2267 2265
f 2266 2268 2267
f 2268 2269 2267
f 2268 2270 2269
f 2270 2271 2269
f 2270 2272 2271
f 2272 2273 2271
f 2272 2274 2273
f 2274 2275 2273
f 2274 2276 2275
f 2276 2277 2275
f 2276 2278 2277
f 2278 2279 2277
f 2278 2280 2279
f 2280 2281 2279
f 2280 2282 2281
f 2282 2283 2281
f 2282 2284 2283
f 2284 2285 2283
f 2284 2286 2285
f 2286 2287 2285
f 2286 2288 2287
f 2288 2289 2287
f 2288 2290 2289
f 2290 2291 2289
f 2290 2292 2291
f 2292 2293 2291
f 2292 2294 2293
f 2294 2295 2293
f 2294 2296 2295
f 2296 2297 2295
f 2296 2298 2297
f 2298 2299 2297
f 2298 2300 2299
f 2300 2301 2299
f 2300 2302 2301
f 2302 2303 2301
f 2302 2304 2303
f 2304 2305 2303
f 2304 2306 2305
f 2306 2307 2305
f 2306 2260 2307
f 2260 2262 2307
f 2308 2309 2310
f 2309 2311 2310
f 2309 2312 2311
f 2311 2312 2313
f 2312 2314 2313
f 2313 2314 2315
f 2314 2316 2315
f 2315 2316 2317
f 2316 2318 2317
f 2317 2318 2319
f 2318 2320 2319
f 2319 2320 2321
f 2320 2322 2321
f 2321 2322 2323
f 2322 2324 2323
f 2323 2324 2325
f 2324 2326 2325
f 2325 2326 2327
f 2326 2328 2327
f 2327 2328 2329
f 2328 2330 2329
f 2329 2330 2331
f 2330 2332 2331
f 2331 2332 2333
f 2332 2334 2333
f 2333 2334 2335
f 2334 2336 2335
f 2335 2336 2337
f 2336 2338 2337
f 2337 2338 2339
f 2338 2340 2339
f 2339 2340 2341
f 2340 2342 2341
f 2341 2342 2343
f 2342 2344 2343
f 2343 2344 2345
f 2344 2346 2345
f 2345 2346 2347
f 2346 2348 2347
f 2347 2348 2349
f 2348 2350 2349
f 2349 2350 2351
f 2350 2352 2351
f 2351 2352 2353
f 2352 2354 2353
f 2353 2354 2355
f 2354 2308 2355
f 2355 2308 2310
f 2356 2263 2265
f 2356 2265 2357
f 2265 2267 2357
f 2267 2358 2357
f 2267 2269 2358
f 2269 2359 2358
f 2269 2271 2359
f 2271 2360 2359
f 2271 2273 2360
f 2273 2361 2360
f 2273 2275 2361
f 2275 2362 2361
f 2275 2277 2362
f 2277 2363 2362
f 2277 2279 2363
f 2279 2364 2363
f 2279 2281 2364
f 2281 2365 2364
f 2281 2283 2365
f 2283 2366 2365
f 2283 2285 2366
f 2285 2367 2366
f 2285 2287 2367
f 2287 2368 2367
f 2287 2289 2368
f 2289 2369 2368
f 2289 2291 2369
f 2291 2370 2369
f 2291 2293 2370
f 2293 2371 2370
f 2293 2295 2371
f 2295 2372 2371
f 2295 2297 2372
f 2297 2373 2372
f 2297 2299 2373
f 2299 2374 2373
f 2299 2301 2374
f 2301 2375 2374
f 2301 2303 2375
f 2303 2376 2375
f 2303 2305 2376
f 2305 2377 2376
f 2305 2307 2377
f 2307 2378 2377
f 2307 2262 2378
f 2262 2379 2378
f 2262 2263 2379
f 2263 2356 2379
f 2311 2356 2357
f 2311 2357 2310
f 2357 2358 2310
f 2358 2355 2310
f 2358 2359 2355
f 2359 2353 2355
f 2359 2360 2353
f 2360 2351 2353
f 2360 2361 2351
f 2361 2349 2351
f 2361 2362 2349
f 2362 2347 2349
f 2362 2363 2347
f 2363 2345 2347
f 2363 2364 2345
f 2364 2343 2345
f 2364 2365 2343
f 2365 2341 2343
f 2365 2366 2341
f 2366 2339 2341
f 2366 2367 2339
f 2367 2337 2339
f 2367 2368 2337
f 2368 2335 2337
f 2368 2369 2335
f 2369 2333 2335
f 2369 2370 2333
f 2370 2331 2333
f 2370 2371 2331
f 2371 2329 2331
f 2371 2372 2329
f 2372 2327 2329
f 2372 2373 2327
f 2373 2325 2327
f 2373 2374 2325
f 2374 2323 2325
f 2374 2375 2323
f 2375 2321 2323
f 2375 2376 2321
f 2376 2319 2321
f 2376 2377 2319
f 2377 2317 2319
f 2377 2378 2317
f 2378 2315 2317
f 2378 2379 2315
f 2379 2313 2315
f 2379 2356 2313
f 2356 2311 2313
f 2380 2381 2382
f 2380 2382 2383
f 2383 2382 2384
f 2385 2380 2383
f 2386 2385 2383
f 2387 2385 2386
f 2388 2387 2386
f 2389 2387 2388
f 2390 2387 2389
f 2391 2387 2390
f 2392 2391 2390
f 2393 2391 2392
f 2394 2393 2392
f 2395 2393 2394
f 2396 2395 2394
f 2397 2396 2394
f 2398 2396 2397
f 2399 2398 2397
f 2400 2398 2399
f 2401 2400 2399
f 2402 2400 2401
f 2403 2402 2401
f 2404 2402 2403
f 2405 2404 2403
f 2406 2405 2403
f 2407 2405 2406
f 2408 2407 2406
f 2409 2407 2408
f 2410 2409 2408
f 2411 2409 2410
f 2412 2411 2410
f 2413 2411 2412
f 2414 2413 2412
f 2415 2414 2412
f 2416 2414 2415
f 2417 2416 2415
f 2418 2416 2417
f 2419 2418 2417
f 2420 2418 2419
f 2421 2420 2419
f 2422 2420 2421
f 2423 2422 2421
f 2424 2423 2421
f 2425 2423 2424
f 2426 2425 2424
f 2427 2425 2426
f 2428 2427 2426
f 2429 2427 2428
f 2430 2429 2428
f 2431 2429 2430
f 2432 2431 2430
f 2433 2432 2430
f 2434 2432 2433
f 2435 2434 2433
f 2436 2434 2435
f 2437 2436 2435
f 2436 2437 2438
f 2438 2437 2439
f 2440 2436 2438
f 2441 2440 2438
f 2442 2440 2441
f 2443 2442 2441
f 2444 2442 2443
f 2445 2443 2441
f 2446 2443 2445
f 2447 2446 2445
f 2448 2446 2447
f 2449 2448 2447
f 2450 2448 2449
f 2451 2450 2449
f 2452 2450 2451
f 2453 2452 2451
f 2454 2453 2451
f 2455 2453 2454
f 2456 2455 2454
f 2457 2455 2456
f 2384 2457 2456
f 2382 2457 2384
f 2458 2459 2460
f 2459 2461 2460
f 2459 2462 2461
f 2461 2462 2463
f 2462 2464 2463
f 2464 2465 2463
f 2464 2466 2465
f 2466 2467 2465
f 2466 2468 2467
f 2468 2469 2467
f 2468 2470 2469
f 2470 2471 2469
f 2470 2472 2471
f 2472 2473 2471
f 2472 2474 2473
f 2474 2475 2473
f 2474 2476 2475
f 2476 2477 2475
f 2476 2478 2477
f 2478 2479 2477
f 2478 2480 2479
f 2480 2481 2479
f 2480 2482 2481
f 2482 2483 2481
f 2482 2484 2483
f 2484 2485 2483
f 2484 2486 2485
f 2486 2487 2485
f 2486 2488 2487
f 2488 2489 2487
f 2488 2490 2489
f 2490 2491 2489
f 2490 2492 2491
f 2492 2493 2491
f 2492 2494 2493
f 2494 2495 2493
f 2494 2496 2495
f 2496 2497 2495
f 2496 2498 2497
f 2498 2499 2497
f 2498 2500 2499
f 2500 2501 2499
f 2500 2502 2501
f 2502 2503 2501
f 2502 2504 2503
f 2504 2505 2503
f 2504 2458 2505
f 2458 2460 2505
f 2506 2507 2508
f 2507 2509 2508
f 2507 2510 2509
f 2509 2510 2511
f 2510 2512 2511
f 2511 2512 2513
f 2512 2514 2513
f 2513 2514 2515
f 2514 2516 2515
f 2515 2516 2517
f 2516 2518 2517
f 2517 2518 2519
f 2518 2520 2519
f 2519 2520 2521
f 2520 2522 2521
f 2521 2522 2523
f 2522 2524 2523
f 2523 2524 2525
f 2524 2526 2525
f 2525 2526 2527
f 2526 2528 2527
f 2527 2528 2529
f 2528 2530 2529
f 2529 2530 2531
f 2530 2532 2531
f 2531 2532 2533
f 2532 2534 2533
f 2533 2534 2535
f 2534 2536 2535
f 2535 2536 2537
f 2536 2538 2537
f 2537 2538 2539
f 2538 2540 2539
f 2539 2540 2541
f 2540 2542 2541
f 2541 2542 2543
f 2542 2544 2543
f 2543 2544 2545
f 2544 2546 2545
f 2545 2546 2547
f 2546 2548 2547
f 2547 2548 2549
f 2548 2550 2549
f 2549 2550 2551
f 2550 2552 2551
f 2551 2552 2553
f 2552 2506 2553
f 2553 2506 2508
f 2554 2461 2463
f 2554 2463 2555
f 2463 2465 2555
f 2465 2556 2555
f 2465 2467 2556
f 2467 2557 2556
f 2467 2469 2557
f 2469 2558 2557
f 2469 2471 2558
f 2471 2559 2558
f 2471 2473 2559
f 2473 2560 2559
f 2473 2475 2560
f 2475 2561 2560
f 2475 2477 2561
f 2477 2562 2561
f 2477 2479 2562
f 2479 2563 2562
f 2479 2481 2563
f 2481 2564 2563
f 2481 2483 2564
f 2483 2565 2564
f 2483 2485 2565
f 2485 2566 2565
f 2485 2487 2566
f 2487 2567 2566
f 2487 2489 2567
f 2489 2568 2567
f 2489 2491 2568
f 2491 2569 2568
f 2491 2493 2569
f 2493 2570 2569
f 2493 2495 2570
f 2495 2571 2570
f 2495 2497 2571
f 2497 2572 2571
f 2497 2499 2572
f 2499 2573 2572
f 2499 2501 2573
f 2501 2574 2573
f 2501 2503 2574
f 2503 2575 2574
f 2503 2505 2575
f 2505 2576 2575
f 2505 2460 2576
f 2460 2577 2576
f 2460 2461 2577
f 2461 2554 2577
f 2509 2554 2555
f 2509 2555 2508
f 2555 2556 2508
f 2556 2553 2508
f 2556 2557 2553
f 2557 2551 2553
f 2557 2558 2551
f 2558 2549 2551
f 2558 2559 2549
f 2559 2547 2549
f 2559 2560 2547
f 2560 2545 2547
f 2560 2561 2545
f 2561 2543 2545
f 2561 2562 2543
f 2562 2541 2543
f 2562 2563 2541
f 2563 2539 2541
f 2563 2564 2539
f 2564 2537 2539
f 2564 2565 2537
f 2565 2535 2537
f 2565 2566 2535
f 2566 2533 2535
f 2566 2567 2533
f 2567 2531 2533
f 2567 2568 2531
f 2568 2529 2531
f 2568 2569 2529
f 2569 2527 2529
f 2569 2570 2527
f 2570 2525 2527
f 2570 2571 2525
f 2571 2523 2525
f 2571 2572 2523
f 2572 2521 2523
f 2572 2573 2521
f 2573 2519 2521
f 2573 2574 2519
f 2574 2517 2519
f 2574 2575 2517
f 2575 2515 2517
f 2575 2576 2515
f 2576 2513 2515
f 2576 2577 2513
f 2577 2511 2513
f 2577 2554 2511
f 2554 2509 2511
f 2578 2579 2580
f 2581 2579 2578
f 2582 2581 2578
f 2583 2581 2582
f 2584 2583 2582
f 2585 2583 2584
f 2586 2587 2588
f 2589 2587 2586
f 2590 2589 2586
f 2591 2590 2586
f 2592 2590 2591
f 2593 2592 2591
f 2594 2592 2593
f 2595 2594 2593
f 2596 2594 2595
f 2597 2596 2595
f 2598 2596 2597
f 2599 2598 2597
f 2600 2598 2599
f 2601 2600 2599
f 2602 2600 2601
f 2603 2602 2601
f 2604 2602 2603
f 2605 2604 2603
f 2606 2604 2605
f 2607 2604 2606
f 2608 2609 2610
f 2608 2610 2611
f 2611 2610 2612
f 2613 2608 2611
f 2614 2613 2611
f 2615 2613 2614
f 2616 2615 2614
f 2617 2615 2616
f 2618 2615 2617
f 2619 2615 2618
f 2620 2619 2618
f 2621 2619 2620
f 2622 2621 2620
f 2623 2621 2622
f 2624 2623 2622
f 2625 2624 2622
f 2626 2624 2625
f 2627 2626 2625
f 2628 2626 2627
f 2629 2628 2627
f 2630 2628 2629
f 2631 2630 2629
f 2632 2630 2631
f 2633 2632 2631
f 2634 2633 2631
f 2635 2633 2634
f 2636 2635 2634
f 2637 2635 2636
f 2638 2637 2636
f 2639 2637 2638
f 2640 2639 2638
f 2641 2639 2640
f 2642 2641 2640
f 2643 2642 2640
f 2644 2642 2643
f 2645 2644 2643
f 2646 2644 2645
f 2647 2646 2645
f 2648 2646 2647
f 2649 2648 2647
f 2650 2648 2649
f 2651 2650 2649
f 2652 2651 2649
f 2653 2651 2652
f 2654 2653 2652
f 2655 2653 2654
f 2656 2655 2654
f 2657 2655 2656
f 2658 2657 2656
f 2659 2657 2658
f 2660 2659 2658
f 2661 2660 2658
f 2662 2660 2661
f 2663 2662 2661
f 2664 2662 2663
f 2665 2664 2663
f 2664 2665 2666
f 2666 2665 2667
f 2668 2664 2666
f 2669 2668 2666
f 2670 2668 2669
f 2671 2670 2669
f 2672 2670 2671
f 2673 2671 2669
f 2674 2671 2673
f 2675 2674 2673
f 2676 2674 2675
f 2677 2676 2675
f 2678 2676 2677
f 2679 2678 2677
f 2680 2678 2679
f 2681 2680 2679
f 2682 2681 2679
f 2683 2681 2682
f 2684 2683 2682
f 2685 2683 2684
f 2612 2685 2684
f 2610 2685 2612
f 2580 2579 2686
f 2687 2580 2686
f 2687 2686 2688
f 2689 2687 2688
f 2689 2688 2690
f 2691 2689 2690
f 2692 2691 2690
f 2693 2691 2692
f 2693 2692 2694
f 2695 2693 2694
f 2696 2695 2694
f 2696 2694 2697
f 2698 2696 2697
f 2698 2697 2699
f 2700 2698 2699
f 2700 2699 2701
f 2702 2700 2701
f 2703 2702 2701
f 2703 2701 2704
f 2705 2703 2704
f 2705 2704 2706
f 2707 2705 2706
f 2707 2706 2708
f 2709 2707 2708
f 2709 2708 2710
f 2711 2709 2710
f 2711 2710 2712
f 2713 2711 2712
f 2713 2712 2714
f 2715 2713 2714
f 2715 2714 2716
f 2717 2715 2716
f 2717 2716 2718
f 2719 2717 2718
f 2719 2718 2720
f 2721 2719 2720
f 2721 2720 2722
f 2723 2721 2722
f 2723 2722 2724
f 2725 2723 2724
f 2725 2724 2726
f 2727 2725 2726
f 2727 2726 2728
f 2729 2727 2728
f 2729 2728 2730
f 2731 2729 2730
f 2731 2730 2732
f 2733 2731 2732
f 2734 2733 2732
f 2579 2733 2734
f 2686 2579 2734
f 2735 2736 2737
f 2736 2738 2737
f 2736 2739 2738
f 2738 2739 2740
f 2739 2741 2740
f 2740 2741 2742
f 2741 2743 2742
f 2742 2743 2744
f 2743 2745 2744
f 2744 2745 2746
f 2745 2747 2746
f 2746 2747 2748
f 2747 2749 2748
f 2748 2749 2750
f 2749 2751 2750
f 2750 2751 2752
f 2751 2753 2752
f 2752 2753 2754
f 2753 2755 2754
f 2754 2755 2756
f 2755 2757 2756
f 2756 2757 2758
f 2757 2759 2758
f 2758 2759 2760
f 2759 2761 2760
f 2760 2761 2762
f 2761 2763 2762
f 2762 2763 2764
f 2763 2765 2764
f 2764 2765 2766
f 2765 2767 2766
f 2766 2767 2768
f 2767 2769 2768
f 2768 2769 2770
f 2769 2771 2770
f 2770 2771 2772
f 2771 2773 2772
f 2772 2773 2774
f 2773 2775 2774
f 2774 2775 2776
f 2775 2777 2776
f 2777 2778 2776
f 2777 2779 2778
f 2779 2780 2778
f 2779 2781 2780
f 2780 2781 2782
f 2781 2735 2782
f 2782 2735 2737
f 2738 2692 2690
f 2738 2690 2737
f 2690 2688 2737
f 2688 2782 2737
f 2688 2686 2782
f 2686 2780 2782
f 2780 2686 2734
f 2778 2780 2734
f 2778 2734 2732
f 2778 2732 2776
f 2732 2730 2776
f 2730 2774 2776
f 2730 2728 2774
f 2728 2772 2774
f 2728 2726 2772
f 2726 2770 2772
f 2726 2724 2770
f 2724 2768 2770
f 2724 2722 2768
f 2722 2766 2768
f 2722 2720 2766
f 2720 2764 2766
f 2720 2718 2764
f 2718 2762 2764
f 2718 2716 2762
f 2716 2760 2762
f 2716 2714 2760
f 2714 2758 2760
f 2714 2712 2758
f 2712 2756 2758
f 2712 2710 2756
f 2710 2754 2756
f 2710 2708 2754
f 2708 2752 2754
f 2708 2706 2752
f 2706 2750 2752
f 2706 2704 2750
f 2704 2748 2750
f 2704 2701 2748
f 2701 2746 2748
f 2701 2699 2746
f 2699 2744 2746
f 2699 2697 2744
f 2697 2742 2744
f 2697 2694 2742
f 2694 2740 2742
f 2694 2692 2740
f 2692 2738 2740
f 2783 2784 2785
f 2786 2783 2785
f 2787 2783 2786
f 2788 2787 2786
f 2789 2787 2788
f 2790 2789 2788
f 2791 2789 2790
f 2792 2789 2791
f 2793 2792 2791
f 2794 2792 2793
f 2795 2796 2797
f 2797 2796 2798
f 2796 2799 2798
f 2798 2799 2800
f 2800 2799 2801
f 2795 2797 2802
f 2803 2795 2802
f 2804 2803 2802
f 2805 2803 2804
f 2806 2805 2804
f 2807 2805 2806
f 2808 2807 2806
f 2809 2807 2808
f 2810 2809 2808
f 2811 2809 2810
f 2812 2809 2811
f 2813 2812 2811
f 2814 2812 2813
f 2815 2814 2813
f 2816 2814 2815
f 2817 2816 2815
f 2818 2816 2817
f 2819 2818 2817
f 2820 2818 2819
f 2821 2820 2819
f 2822 2821 2819
f 2823 2821 2822
f 2824 2823 2822
f 2825 2823 2824
f 2826 2825 2824
f 2827 2825 2826
f 2828 2827 2826
f 2829 2827 2828
f 2830 2829 2828
f 2831 2829 2830
f 2832 2829 2831
f 2833 2832 2831
f 2834 2832 2833
f 2835 2834 2833
f 2836 2834 2835
f 2837 2836 2835
f 2838 2836 2837
f 2839 2838 2837
f 2840 2838 2839
f 2841 2840 2839
f 2842 2841 2839
f 2843 2841 2842
f 2844 2843 2842
f 2845 2843 2844
f 2846 2845 2844
f 2847 2845 2846
f 2848 2847 2846
f 2849 2847 2848
f 2850 2849 2848
f 2851 2849 2850
f 2852 2849 2851
f 2853 2852 2851
f 2854 2852 2853
f 2855 2854 2853
f 2856 2854 2855
f 2857 2856 2855
f 2858 2856 2857
f 2859 2858 2857
f 2860 2858 2859
f 2861 2860 2859
f 2862 2861 2859
f 2863 2861 2862
f 2864 2863 2862
f 2865 2863 2864
f 2866 2865 2864
f 2867 2865 2866
f 2868 2867 2866
f 2869 2867 2868
f 2870 2869 2868
f 2871 2869 2870
f 2872 2869 2871
f 2873 2872 2871
f 2874 2872 2873
f 2875 2874 2873
f 2876 2874 2875
f 2877 2876 2875
f 2878 2876 2877
f 2879 2878 2877
f 2880 2878 2879
f 2881 2880 2879
f 2882 2881 2879
f 2883 2881 2882
f 2884 2883 2882
f 2885 2883 2884
f 2886 2885 2884
f 2887 2885 2886
f 2888 2887 2886
f 2889 2887 2888
f 2890 2889 2888
f 2891 2889 2890
f 2892 2889 2891
f 2893 2892 2891
f 2894 2892 2893
f 2895 2894 2893
f 2896 2894 2895
f 2897 2896 2895
f 2898 2896 2897
f 2899 2898 2897
f 2900 2898 2899
f 2901 2900 2899
f 2902 2901 2899
f 2903 2901 2902
f 2904 2903 2902
f 2905 2903 2904
f 2906 2905 2904
f 2907 2905 2906
f 2908 2907 2906
f 2909 2907 2908
f 2910 2909 2908
f 2911 2909 2910
f 2912 2909 2911
f 2913 2912 2911
f 2914 2912 2913
f 2915 2914 2913
f 2916 2914 2915
f 2917 2916 2915
f 2918 2916 2917
f 2919 2918 2917
f 2920 2918 2919
f 2921 2920 2919
f 2922 2921 2919
f 2923 2921 2922
f 2924 2923 2922
f 2925 2923 2924
f 2926 2925 2924
f 2927 2925 2926
f 2928 2927 2926
f 2929 2927 2928
f 2930 2929 2928
f 2931 2929 2930
f 2932 2929 2931
f 2933 2932 2931
f 2934 2932 2933
f 2935 2934 2933
f 2936 2934 2935
f 2937 2936 2935
f 2938 2936 2937
f 2939 2938 2937
f 2940 2938 2939
f 2941 2940 2939
f 2942 2941 2939
f 2943 2941 2942
f 2944 2943 2942
f 2945 2943 2944
f 2946 2945 2944
f 2947 2945 2946
f 2948 2947 2946
f 2949 2947 2948
f 2950 2949 2948
f 2951 2949 2950
f 2952 2949 2951
f 2801 2952 2951
f 2799 2952 2801
f 2953 2952 2954
f 2952 2953 2955
f 2955 2953 2956
f 2954 2796 2957
f 2799 2796 2954
f 2952 2799 2954
f 2796 2795 2957
f 2957 2795 2958
f 2958 2795 2959
f 2795 2803 2959
f 2959 2803 2960
f 2803 2805 2960
f 2805 2614 2960
f 2614 2805 2807
f 2614 2807 2809
f 2614 2809 2961
f 2961 2809 2962
f 2616 2614 2961
f 2666 2667 2962
f 2812 2666 2962
f 2809 2812 2962
f 2666 2812 2814
f 2666 2814 2963
f 2814 2816 2963
f 2963 2816 2964
f 2816 2818 2964
f 2818 2820 2964
f 2964 2820 2965
f 2820 2821 2965
f 2821 2823 2965
f 2965 2823 2966
f 2823 2825 2966
f 2825 2386 2966
f 2386 2825 2827
f 2386 2827 2829
f 2386 2829 2967
f 2967 2829 2968
f 2388 2386 2967
f 2438 2439 2968
f 2832 2438 2968
f 2829 2832 2968
f 2438 2832 2834
f 2438 2834 2969
f 2834 2836 2969
f 2969 2836 2970
f 2836 2838 2970
f 2838 2840 2970
f 2970 2840 2971
f 2840 2841 2971
f 2841 2843 2971
f 2971 2843 2972
f 2843 2845 2972
f 2972 2845 2973
f 2845 2847 2973
f 2847 2849 2973
f 2973 2849 2974
f 2974 2849 2975
f 2976 2973 2974
f 2977 2975 2978
f 2975 2852 2978
f 2849 2852 2975
f 2852 2854 2978
f 2978 2854 2979
f 2854 2856 2979
f 2979 2856 2980
f 2856 2858 2980
f 2858 2860 2980
f 2980 2860 2981
f 2860 2861 2981
f 2861 2863 2981
f 2981 2863 2982
f 2863 2865 2982
f 2982 2865 2983
f 2865 2867 2983
f 2867 2869 2983
f 2983 2869 2984
f 2984 2869 2985
f 2986 2983 2984
f 2987 2985 2988
f 2985 2872 2988
f 2869 2872 2985
f 2872 2874 2988
f 2988 2874 2989
f 2874 2876 2989
f 2989 2876 2990
f 2876 2878 2990
f 2878 2880 2990
f 2990 2880 2991
f 2880 2881 2991
f 2881 2883 2991
f 2991 2883 2992
f 2883 2885 2992
f 2992 2885 2993
f 2885 2887 2993
f 2887 2889 2993
f 2993 2889 2994
f 2994 2889 2995
f 2996 2993 2994
f 2997 2995 2998
f 2995 2892 2998
f 2889 2892 2995
f 2892 2894 2998
f 2998 2894 2999
f 2894 2896 2999
f 2999 2896 3000
f 2896 2898 3000
f 2898 2900 3000
f 3000 2900 3001
f 2900 2901 3001
f 2901 2903 3001
f 3001 2903 3002
f 2903 2905 3002
f 3002 2905 3003
f 2905 2907 3003
f 2907 2909 3003
f 3003 2909 3004
f 3004 2909 3005
f 3006 3003 3004
f 3005 2785 3007
f 2912 2785 3005
f 2909 2912 3005
f 2785 2912 2914
f 2786 2785 2914
f 2786 2914 2916
f 2788 2786 2916
f 2788 2916 2918
f 2788 2918 2920
f 2790 2788 2920
f 2790 2920 2921
f 2790 2921 2923
f 2791 2790 2923
f 2791 2923 2925
f 2793 2791 2925
f 2793 2925 2927
f 2793 2927 2929
f 2793 2929 3008
f 3008 2929 3009
f 3010 2793 3008
f 3011 3009 3012
f 3009 2932 3012
f 2929 2932 3009
f 2932 2934 3012
f 3012 2934 3013
f 2934 2936 3013
f 3013 2936 3014
f 2936 2938 3014
f 2938 2940 3014
f 3014 2940 3015
f 2940 2941 3015
f 2941 2943 3015
f 3015 2943 3016
f 2943 2945 3016
f 3016 2945 3017
f 2945 2947 3017
f 2947 2949 3017
f 3017 2949 3018
f 3018 2949 2955
f 3019 3017 3018
f 2949 2952 2955
f 3020 3021 3022
f 3020 3022 3023
f 3023 3022 3024
f 3025 3020 3023
f 2993 3025 3023
f 3025 2993 3026
f 2993 2996 3026
f 3026 2996 3027
f 3028 3026 3027
f 3029 3026 3028
f 3030 3029 3028
f 3031 3029 3030
f 3032 3031 3030
f 3033 3031 3032
f 3034 3033 3032
f 3035 3034 3032
f 3036 3034 3035
f 3037 3036 3035
f 3038 3036 3037
f 3039 3038 3037
f 3040 3038 3039
f 3041 3040 3039
f 3042 3040 3041
f 3043 3042 3041
f 3044 3043 3041
f 3045 3043 3044
f 3046 3045 3044
f 3047 3045 3046
f 3048 3047 3046
f 3049 3047 3048
f 3050 3049 3048
f 3051 3049 3050
f 3052 3051 3050
f 3053 3052 3050
f 3054 3052 3053
f 3055 3054 3053
f 3056 3054 3055
f 3057 3056 3055
f 3058 3056 3057
f 3059 3058 3057
f 3060 3058 3059
f 3061 3060 3059
f 3062 3061 3059
f 3063 3061 3062
f 3064 3063 3062
f 3065 3063 3064
f 3066 3065 3064
f 3067 3065 3066
f 3068 3067 3066
f 3069 3067 3068
f 3070 3069 3068
f 3071 3070 3068
f 3072 3070 3071
f 3073 3072 3071
f 3074 3072 3073
f 3075 3074 3073
f 2998 3074 3075
f 2997 2998 3075
f 3074 2998 3076
f 3076 2998 3077
f 3078 3076 3077
f 3079 3078 3077
f 3080 3078 3079
f 3081 3079 3077
f 3082 3079 3081
f 3083 3082 3081
f 3084 3082 3083
f 3085 3084 3083
f 3086 3084 3085
f 3087 3086 3085
f 3088 3086 3087
f 3089 3088 3087
f 3090 3089 3087
f 3091 3089 3090
f 3092 3091 3090
f 3093 3091 3092
f 3024 3093 3092
f 3022 3093 3024
f 3094 3095 3096
f 3094 3096 3097
f 3097 3096 3098
f 3099 3094 3097
f 3003 3099 3097
f 3099 3003 3100
f 3100 3003 3101
f 3102 3100 3101
f 3103 3100 3102
f 3104 3103 3102
f 3105 3103 3104
f 3106 3105 3104
f 3107 3105 3106
f 3108 3107 3106
f 3109 3108 3106
f 3110 3108 3109
f 3111 3110 3109
f 3112 3110 3111
f 3113 3112 3111
f 3114 3112 3113
f 3115 3114 3113
f 3116 3114 3115
f 3117 3116 3115
f 3118 3117 3115
f 3119 3117 3118
f 3120 3119 3118
f 3121 3119 3120
f 3122 3121 3120
f 3123 3121 3122
f 3124 3123 3122
f 3125 3123 3124
f 3126 3125 3124
f 3127 3125 3126
f 3128 3127 3126
f 3129 3127 3128
f 3130 3129 3128
f 3131 3129 3130
f 3132 3131 3130
f 3133 3131 3132
f 3134 3133 3132
f 3135 3133 3134
f 3136 3135 3134
f 3137 3136 3138
f 3138 3136 3139
f 3139 3136 3134
f 3140 3137 3138
f 3141 3137 3140
f 3142 3141 3140
f 3143 3142 3140
f 3144 3143 3140
f 3145 3143 3144
f 3146 3145 3144
f 3147 3145 3146
f 3148 3147 3146
f 2785 3147 3148
f 3007 2785 3148
f 3147 2785 3149
f 2785 2784 3149
f 3149 2784 3150
f 3150 2784 3151
f 3151 2784 3152
f 3153 3151 3152
f 3154 3153 3152
f 3155 3153 3154
f 3156 3155 3154
f 3157 3155 3156
f 3158 3157 3156
f 3159 3157 3158
f 3160 3159 3158
f 3161 3160 3158
f 3162 3160 3161
f 3163 3162 3161
f 3164 3162 3163
f 3098 3164 3163
f 3096 3164 3098
f 3003 3006 3101
f 3165 3166 3167
f 2794 3165 3167
f 2794 3167 3168
f 3165 2794 3169
f 2794 2793 3169
f 3169 2793 3170
f 2793 3010 3170
f 3170 3010 3171
f 3172 3170 3171
f 3173 3172 3171
f 3174 3172 3173
f 3175 3174 3173
f 3176 3174 3175
f 3177 3176 3175
f 3178 3176 3177
f 3179 3178 3177
f 3180 3178 3179
f 3181 3180 3179
f 3182 3181 3179
f 3183 3181 3182
f 3184 3183 3182
f 3185 3183 3184
f 3186 3185 3184
f 3187 3185 3186
f 3188 3187 3186
f 3189 3188 3186
f 3190 3188 3189
f 3191 3190 3189
f 3192 3190 3191
f 3193 3192 3191
f 3194 3192 3193
f 3195 3194 3193
f 3196 3194 3195
f 3197 3196 3195
f 3198 3197 3195
f 3199 3197 3198
f 3200 3199 3198
f 3201 3199 3200
f 3202 3199 3201
f 3203 3202 3201
f 3204 3203 3201
f 3205 3203 3204
f 3206 3205 3204
f 3207 3205 3206
f 3208 3207 3206
f 3209 3207 3208
f 3210 3209 3208
f 3211 3209 3210
f 3212 3211 3210
f 3213 3211 3212
f 3214 3213 3212
f 3215 3214 3212
f 3216 3214 3215
f 3217 3216 3215
f 3218 3216 3217
f 3219 3218 3217
f 3220 3218 3219
f 3012 3220 3219
f 3220 3012 3221
f 3222 3220 3221
f 3223 3222 3221
f 3224 3223 3221
f 3225 3224 3221
f 3226 3224 3225
f 3227 3226 3225
f 3228 3226 3227
f 3229 3228 3227
f 3230 3228 3229
f 3231 3230 3229
f 3232 3230 3231
f 3233 3232 3231
f 3234 3233 3231
f 3235 3233 3234
f 3236 3235 3234
f 3237 3235 3236
f 3168 3237 3236
f 3167 3237 3168
f 3011 3012 3219
f 3238 3239 3240
f 3241 3238 3240
f 3242 3241 3240
f 3017 3242 3240
f 3242 3017 3243
f 3243 3017 3244
f 3245 3243 3244
f 3246 3243 3245
f 3247 3246 3245
f 3248 3246 3247
f 3249 3248 3247
f 3250 3248 3249
f 3251 3250 3249
f 3252 3250 3251
f 3253 3252 3251
f 3254 3253 3255
f 3255 3253 3256
f 3256 3253 3251
f 3257 3254 3255
f 3258 3254 3257
f 3259 3258 3257
f 3260 3259 3257
f 3261 3259 3260
f 3262 3261 3260
f 3263 3261 3262
f 3264 3263 3262
f 3265 3263 3264
f 3266 3265 3264
f 3267 3265 3266
f 3268 3267 3266
f 3269 3267 3268
f 3270 3269 3268
f 3271 3269 3270
f 3272 3271 3270
f 3273 3271 3272
f 3274 3273 3272
f 3275 3274 3272
f 3276 3274 3275
f 3277 3276 3275
f 3278 3276 3277
f 3279 3278 3277
f 3280 3279 3277
f 3281 3279 3280
f 3282 3281 3280
f 3283 3281 3282
f 3284 3283 3282
f 3285 3283 3284
f 3286 3285 3284
f 3287 3286 3284
f 3288 3286 3287
f 3289 3288 3287
f 3290 3288 3289
f 3291 3290 3289
f 3292 3290 3291
f 2953 3292 3291
f 3292 2953 3293
f 3293 2953 3294
f 3295 3293 3294
f 3296 3295 3294
f 3297 3295 3296
f 3298 3297 3296
f 3299 3295 3297
f 3300 3298 3296
f 3301 3298 3300
f 3302 3301 3300
f 3303 3301 3302
f 3304 3303 3302
f 3305 3303 3304
f 3306 3305 3304
f 3307 3306 3304
f 3308 3306 3307
f 3309 3308 3307
f 3310 3308 3309
f 3311 3310 3309
f 3239 3310 3311
f 3240 3239 3311
f 3017 3019 3244
f 2956 2953 3291
f 3312 3313 3314
f 3312 3314 3315
f 3315 3314 3316
f 3317 3312 3315
f 2973 3317 3315
f 3317 2973 3318
f 3318 2973 3319
f 3320 3318 3319
f 3321 3318 3320
f 3322 3321 3320
f 3323 3321 3322
f 3324 3323 3322
f 3325 3323 3324
f 3326 3325 3324
f 3327 3326 3324
f 3328 3326 3327
f 3329 3328 3327
f 3330 3328 3329
f 3331 3330 3329
f 3332 3330 3331
f 3333 3332 3331
f 3334 3332 3333
f 3335 3334 3333
f 3336 3335 3333
f 3337 3335 3336
f 3338 3337 3336
f 3339 3337 3338
f 3340 3339 3338
f 3341 3339 3340
f 3342 3341 3340
f 3343 3341 3342
f 3344 3343 3342
f 3345 3343 3344
f 3346 3345 3344
f 3347 3345 3346
f 3348 3347 3346
f 3349 3347 3348
f 3350 3349 3348
f 3351 3349 3350
f 3352 3351 3350
f 3353 3351 3352
f 3354 3353 3352
f 3355 3354 3356
f 3356 3354 3357
f 3357 3354 3352
f 3358 3355 3356
f 3359 3355 3358
f 3360 3359 3358
f 3361 3360 3358
f 3362 3361 3358
f 3363 3361 3362
f 3364 3363 3362
f 3365 3363 3364
f 3366 3365 3364
f 2978 3365 3366
f 2977 2978 3366
f 3365 2978 3367
f 3367 2978 3368
f 3369 3367 3368
f 3370 3369 3368
f 3371 3370 3368
f 3372 3370 3371
f 3373 3372 3371
f 3374 3372 3373
f 3375 3374 3373
f 3376 3374 3375
f 3377 3376 3375
f 3378 3376 3377
f 3379 3378 3377
f 3380 3379 3377
f 3381 3379 3380
f 3382 3381 3380
f 3383 3381 3382
f 3316 3383 3382
f 3314 3383 3316
f 2973 2976 3319
f 3384 3385 3386
f 3384 3386 3387
f 3387 3386 3388
f 3389 3384 3387
f 2983 3389 3387
f 3389 2983 3390
f 2983 2986 3390
f 3390 2986 3391
f 3392 3390 3391
f 3393 3390 3392
f 3394 3393 3392
f 3395 3393 3394
f 3396 3395 3394
f 3397 3395 3396
f 3398 3397 3396
f 3399 3398 3396
f 3400 3398 3399
f 3401 3400 3399
f 3402 3400 3401
f 3403 3402 3401
f 3404 3402 3403
f 3405 3404 3403
f 3406 3404 3405
f 3407 3406 3405
f 3408 3407 3405
f 3409 3407 3408
f 3410 3409 3408
f 3411 3409 3410
f 3412 3411 3410
f 3413 3411 3412
f 3414 3413 3412
f 3415 3413 3414
f 3416 3415 3414
f 3417 3416 3414
f 3418 3416 3417
f 3419 3418 3417
f 3420 3418 3419
f 3421 3420 3419
f 3422 3420 3421
f 3423 3422 3421
f 3424 3422 3423
f 3425 3424 3423
f 3426 3425 3423
f 3427 3425 3426
f 3428 3427 3426
f 3429 3427 3428
f 3430 3429 3428
f 3431 3429 3430
f 3432 3431 3430
f 3433 3431 3432
f 3434 3433 3432
f 3435 3434 3432
f 3436 3434 3435
f 3437 3436 3435
f 3438 3436 3437
f 3439 3438 3437
f 2988 3438 3439
f 2987 2988 3439
f 3438 2988 3440
f 3440 2988 3441
f 3442 3440 3441
f 3443 3442 3441
f 3444 3442 3443
f 3445 3443 3441
f 3446 3443 3445
f 3447 3446 3445
f 3448 3446 3447
f 3449 3448 3447
f 3450 3448 3449
f 3451 3450 3449
f 3452 3450 3451
f 3453 3452 3451
f 3454 3453 3451
f 3455 3453 3454
f 3456 3455 3454
f 3457 3455 3456
f 3388 3457 3456
f 3386 3457 3388
f 3125 3127 3458
f 3458 3127 3459
f 3127 3129 3459
f 3459 3129 3460
f 3129 3131 3460
f 3460 3131 3461
f 3131 3133 3461
f 3133 3135 3461
f 3135 3136 3461
f 3136 3141 3461
f 3136 3137 3141
f 3461 3141 3462
f 3463 3464 3465
f 3464 3466 3465
f 3464 3467 3466
f 3466 3467 3468
f 3467 3469 3468
f 3469 3470 3468
f 3469 3471 3470
f 3471 3472 3470
f 3471 3473 3472
f 3473 3474 3472
f 3473 3475 3474
f 3475 3476 3474
f 3475 3477 3476
f 3477 3478 3476
f 3477 3479 3478
f 3479 3480 3478
f 3479 3481 3480
f 3481 3482 3480
f 3481 3483 3482
f 3483 3484 3482
f 3483 3485 3484
f 3485 3486 3484
f 3485 3487 3486
f 3487 3488 3486
f 3487 3489 3488
f 3489 3490 3488
f 3489 3491 3490
f 3491 3492 3490
f 3491 3493 3492
f 3493 3494 3492
f 3493 3495 3494
f 3495 3496 3494
f 3495 3497 3496
f 3497 3498 3496
f 3497 3499 3498
f 3499 3500 3498
f 3499 3501 3500
f 3501 3502 3500
f 3501 3503 3502
f 3503 3504 3502
f 3503 3505 3504
f 3505 3506 3504
f 3505 3507 3506
f 3507 3508 3506
f 3507 3509 3508
f 3509 3510 3508
f 3509 3463 3510
f 3463 3465 3510
f 3511 3512 3513
f 3512 3514 3513
f 3512 3515 3514
f 3514 3515 3516
f 3515 3517 3516
f 3516 3517 3518
f 3517 3519 3518
f 3518 3519 3520
f 3519 3521 3520
f 3520 3521 3522
f 3521 3523 3522
f 3522 3523 3524
f 3523 3525 3524
f 3524 3525 3526
f 3525 3527 3526
f 3526 3527 3528
f 3527 3529 3528
f 3528 3529 3530
f 3529 3531 3530
f 3530 3531 3532
f 3531 3533 3532
f 3532 3533 3534
f 3533 3535 3534
f 3534 3535 3536
f 3535 3537 3536
f 3536 3537 3538
f 3537 3539 3538
f 3538 3539 3540
f 3539 3541 3540
f 3540 3541 3542
f 3541 3543 3542
f 3542 3543 3544
f 3543 3545 3544
f 3544 3545 3546
f 3545 3547 3546
f 3546 3547 3548
f 3547 3549 3548
f 3548 3549 3550
f 3549 3551 3550
f 3550 3551 3552
f 3551 3553 3552
f 3552 3553 3554
f 3553 3555 3554
f 3554 3555 3556
f 3555 3557 3556
f 3556 3557 3558
f 3557 3511 3558
f 3558 3511 3513
f 3559 3466 3468
f 3559 3468 3560
f 3468 3470 3560
f 3470 3561 3560
f 3470 3472 3561
f 3472 3562 3561
f 3472 3474 3562
f 3474 3563 3562
f 3474 3476 3563
f 3476 3564 3563
f 3476 3478 3564
f 3478 3565 3564
f 3478 3480 3565
f 3480 3566 3565
f 3480 3482 3566
f 3482 3567 3566
f 3482 3484 3567
f 3484 3568 3567
f 3484 3486 3568
f 3486 3569 3568
f 3486 3488 3569
f 3488 3570 3569
f 3488 3490 3570
f 3490 3571 3570
f 3490 3492 3571
f 3492 3572 3571
f 3492 3494 3572
f 3494 3573 3572
f 3494 3496 3573
f 3496 3574 3573
f 3496 3498 3574
f 3498 3575 3574
f 3498 3500 3575
f 3500 3576 3575
f 3500 3502 3576
f 3502 3577 3576
f 3502 3504 3577
f 3504 3578 3577
f 3504 3506 3578
f 3506 3579 3578
f 3506 3508 3579
f 3508 3580 3579
f 3508 3510 3580
f 3510 3581 3580
f 3510 3465 3581
f 3465 3582 3581
f 3465 3466 3582
f 3466 3559 3582
f 3514 3559 3560
f 3514 3560 3513
f 3560 3561 3513
f 3561 3558 3513
f 3561 3562 3558
f 3562 3556 3558
f 3562 3563 3556
f 3563 3554 3556
f 3563 3564 3554
f 3564 3552 3554
f 3564 3565 3552
f 3565 3550 3552
f 3565 3566 3550
f 3566 3548 3550
f 3566 3567 3548
f 3567 3546 3548
f 3567 3568 3546
f 3568 3544 3546
f 3568 3569 3544
f 3569 3542 3544
f 3569 3570 3542
f 3570 3540 3542
f 3570 3571 3540
f 3571 3538 3540
f 3571 3572 3538
f 3572 3536 3538
f 3572 3573 3536
f 3573 3534 3536
f 3573 3574 3534
f 3574 3532 3534
f 3574 3575 3532
f 3575 3530 3532
f 3575 3576 3530
f 3576 3528 3530
f 3576 3577 3528
f 3577 3526 3528
f 3577 3578 3526
f 3578 3524 3526
f 3578 3579 3524
f 3579 3522 3524
f 3579 3580 3522
f 3580 3520 3522
f 3580 3581 3520
f 3581 3518 3520
f 3581 3582 3518
f 3582 3516 3518
f 3582 3559 3516
f 3559 3514 3516
f 3583 3584 3585
f 3585 3584 3586
f 3584 3587 3586
f 3587 3588 3586
f 3586 3588 3589
f 3588 3590 3589
f 3590 3591 3589
f 3590 3592 3591
f 3592 3593 3591
f 3592 3594 3593
f 3594 3595 3593
f 3595 3596 3593
f 3595 3597 3596
f 3597 3598 3596
f 3597 3599 3598
f 3599 3600 3598
f 3599 3601 3600
f 3601 3602 3600
f 3601 3603 3602
f 3603 3604 3602
f 3604 3605 3602
f 3604 3606 3605
f 3606 3607 3605
f 3606 3608 3607
f 3608 3609 3607
f 3608 3610 3609
f 3610 3611 3609
f 3610 3612 3611
f 3612 3613 3611
f 3612 3614 3613
f 3614 3615 3613
f 3614 3616 3615
f 3615 3616 3617
f 3616 3618 3617
f 3618 3619 3617
f 3618 3620 3619
f 3620 3621 3619
f 3620 3622 3621
f 3622 3623 3621
f 3622 3624 3623
f 3624 3625 3623
f 3624 3626 3625
f 3626 3627 3625
f 3626 3628 3627
f 3628 3629 3627
f 3628 3630 3629
f 3630 3631 3629
f 3630 3632 3631
f 3632 3633 3631
f 3632 3583 3633
f 3583 3585 3633
f 3634 3635 3636
f 3635 3637 3636
f 3635 3638 3637
f 3637 3638 3639
f 3638 3640 3639
f 3639 3640 3641
f 3640 3642 3641
f 3641 3642 3643
f 3642 3644 3643
f 3643 3644 3645
f 3644 3646 3645
f 3645 3646 3647
f 3646 3648 3647
f 3647 3648 3649
f 3648 3650 3649
f 3649 3650 3651
f 3650 3652 3651
f 3651 3652 3653
f 3652 3654 3653
f 3653 3654 3655
f 3654 3656 3655
f 3655 3656 3657
f 3656 3658 3657
f 3657 3658 3659
f 3658 3660 3659
f 3659 3660 3661
f 3660 3662 3661
f 3662 3663 3661
f 3662 3664 3663
f 3664 3665 3663
f 3664 3666 3665
f 3665 3666 3667
f 3666 3668 3667
f 3667 3668 3669
f 3668 3670 3669
f 3669 3670 3671
f 3670 3672 3671
f 3671 3672 3673
f 3672 3674 3673
f 3673 3674 3675
f 3674 3676 3675
f 3675 3676 3677
f 3676 3678 3677
f 3677 3678 3679
f 3678 3680 3679
f 3679 3680 3681
f 3680 3634 3681
f 3681 3634 3636
f 3637 3615 3617
f 3637 3617 3636
f 3617 3619 3636
f 3619 3681 3636
f 3619 3621 3681
f 3621 3679 3681
f 3621 3623 3679
f 3623 3677 3679
f 3623 3625 3677
f 3625 3675 3677
f 3625 3627 3675
f 3627 3673 3675
f 3627 3629 3673
f 3629 3671 3673
f 3629 3631 3671
f 3631 3669 3671
f 3631 3633 3669
f 3633 3667 3669
f 3633 3585 3667
f 3585 3665 3667
f 3665 3585 3586
f 3663 3665 3586
f 3663 3586 3589
f 3663 3589 3661
f 3589 3591 3661
f 3591 3659 3661
f 3591 3593 3659
f 3593 3657 3659
f 3593 3596 3657
f 3596 3655 3657
f 3596 3598 3655
f 3598 3653 3655
f 3598 3600 3653
f 3600 3651 3653
f 3600 3602 3651
f 3602 3649 3651
f 3602 3605 3649
f 3605 3647 3649
f 3605 3607 3647
f 3607 3645 3647
f 3607 3609 3645
f 3609 3643 3645
f 3609 3611 3643
f 3611 3641 3643
f 3611 3613 3641
f 3613 3639 3641
f 3613 3615 3639
f 3615 3637 3639
f 3682 3683 3684
f 3685 3683 3682
f 3686 3685 3682
f 3687 3685 3686
f 3688 3687 3686
f 3689 3687 3688
f 3690 3689 3688
f 3691 3689 3690
f 3692 3691 3690
f 3693 3691 3692
f 3694 3693 3692
f 3695 3693 3694
f 3696 3695 3694
f 3697 3695 3696
f 2213 2212 2346
f 2216 2213 2346
f 2216 2346 2344
f 2218 2216 2344
f 2218 2344 2342
f 2220 2218 2342
f 2220 2342 2340
f 2222 2220 2340
f 2222 2340 2338
f 2224 2222 2338
f 2224 2338 2336
f 2226 2224 2336
f 2226 2336 2334
f 2226 2334 2332
f 2228 2226 2332
f 2228 2332 2330
f 2230 2228 2330
f 2230 2330 2328
f 2232 2230 2328
f 2232 2328 2326
f 2234 2232 2326
f 2234 2326 2324
f 2236 2234 2324
f 2236 2324 2322
f 2238 2236 2322
f 2240 2238 2322
f 2240 2322 2320
f 2242 2240 2320
f 2242 2320 2318
f 2244 2242 2318
f 2244 2318 2316
f 2246 2244 2316
f 2246 2316 2314
f 2248 2246 2314
f 2248 2314 2312
f 2309 2248 2312
f 2250 2248 2309
f 2250 2309 2308
f 2252 2250 2308
f 2252 2308 2354
f 2254 2252 2354
f 2254 2354 2352
f 2256 2254 2352
f 2256 2352 2350
f 2258 2256 2350
f 2258 2350 2348
f 2212 2258 2348
f 2212 2348 2346
f 2162 2161 3698
f 3699 2162 3698
f 3700 3699 3698
f 3701 3699 3700
f 3702 3701 3700
f 3703 3701 3702
f 2395 3703 3702
f 2395 2396 3703
f 2396 2398 3703
f 2398 2400 3703
f 2400 2402 3703
f 3703 2402 3704
f 2402 2404 3704
f 2404 2405 3704
f 2405 2407 3704
f 2407 2409 3704
f 2409 2411 3704
f 2411 2413 3704
f 2413 2414 3704
f 2414 2416 3704
f 2416 2418 3704
f 2418 2703 3704
f 2418 2420 2703
f 2420 2422 2703
f 2422 2423 2703
f 2423 2425 2703
f 2425 2427 2703
f 2427 2429 2703
f 2703 2429 3705
f 2429 2431 3705
f 3705 2431 3706
f 2431 2432 3706
f 2432 2434 3706
f 2434 2436 3706
f 2436 2440 3706
f 2440 2442 3706
f 2442 2444 3706
f 2702 2703 3705
f 2393 2395 3702
f 2391 2393 3702
f 2387 2391 3702
f 2385 2387 3702
f 2380 2385 3702
f 2381 2380 3702
f 2382 2381 3707
f 3707 2381 3708
f 2381 2444 3708
f 2444 2443 3708
f 3706 2444 3709
f 3709 2444 3710
f 3710 2444 3711
f 3705 3706 3712
f 3712 3706 3713
f 3713 3706 3714
f 2484 2702 3705
f 2486 2484 3705
f 2587 2486 3705
f 2488 2486 2587
f 2488 2587 2589
f 2490 2488 2589
f 2490 2589 2590
f 2492 2490 2590
f 2492 2590 2592
f 2494 2492 2592
f 2494 2592 2594
f 2496 2494 2594
f 2496 2594 2596
f 2498 2496 2596
f 2498 2596 2598
f 2500 2498 2598
f 2500 2598 2600
f 2502 2500 2600
f 2502 2600 2602
f 2504 2502 2602
f 2504 2602 2604
f 2504 2604 2607
f 2458 2504 2607
f 2459 2458 2607
f 2480 2700 2702
f 2482 2480 2702
f 2484 2482 2702
f 2480 2478 2700
f 2478 2698 2700
f 2478 2476 2698
f 2476 2696 2698
f 2476 2695 2696
f 2476 2474 2695
f 2474 2693 2695
f 2474 2472 2693
f 2472 2691 2693
f 2472 2470 2691
f 2470 2689 2691
f 2470 2468 2689
f 2468 2687 2689
f 2468 2466 2687
f 2466 2580 2687
f 2466 2464 2580
f 2464 2462 2580
f 2462 2578 2580
f 2462 2459 2578
f 2578 2459 3715
f 2459 2607 3715
f 2582 2578 3716
f 3716 2578 3717
f 3717 2578 3715
f 2584 2582 3718
f 3718 2582 3719
f 3719 2582 3716
f 2587 3705 3720
f 3720 3705 3712
f 3714 3706 3709
f 3711 3702 3721
f 2381 3702 3711
f 2444 2381 3711
f 3721 3698 3722
f 3700 3698 3721
f 3702 3700 3721
f 3722 3698 3723
f 3698 2161 3723
f 3723 2161 3724
f 3724 2161 3725
f 3725 2161 3726
f 3726 2161 3727
f 2161 2268 3727
f 3727 2268 3728
f 2268 2266 3728
f 3728 2266 3729
f 2266 2264 3729
f 3729 2264 3730
f 2264 2261 3730
f 3730 2261 3731
f 2261 2260 3731
f 3731 2260 3732
f 2260 2306 3732
f 3732 2306 3733
f 2306 2304 3733
f 3733 2304 3734
f 2304 2302 3734
f 3734 2302 3735
f 2302 2300 3735
f 3735 2300 3736
f 2300 2298 3736
f 3736 2298 3737
f 2298 2296 3737
f 2296 2294 3737
f 3737 2294 3738
f 2294 2292 3738
f 2292 2179 3738
f 2179 2292 2290
f 2179 2290 2288
f 2177 2179 2288
f 2177 2288 2286
f 2175 2177 2286
f 2175 2286 2284
f 2173 2175 2284
f 2172 2173 2284
f 3739 3737 3738
f 3740 3739 3738
f 3741 3739 3740
f 2672 3741 3740
f 3741 2672 3742
f 3742 2672 3743
f 3744 3743 3745
f 3745 3743 3746
f 3743 2609 3746
f 3747 3744 3748
f 3748 3744 3749
f 3749 3744 3750
f 3751 3747 3748
f 3752 3747 3751
f 3753 3752 3751
f 3754 3752 3753
f 3755 3754 3753
f 3750 3744 3745
f 2610 2609 3756
f 3756 2609 3757
f 2609 2672 3757
f 2672 2671 3757
f 2172 2284 2282
f 2170 2172 2282
f 2170 2282 2280
f 2168 2170 2280
f 2168 2280 2278
f 2166 2168 2278
f 2166 2278 2276
f 2164 2166 2276
f 2164 2276 2274
f 2161 2164 2274
f 2161 2274 2272
f 2161 2272 2270
f 2161 2270 2268
f 2672 2609 3743
f 3750 3745 3758
f 3758 3745 3759
f 3745 3746 3759
f 3759 3746 3760
f 3746 2623 3760
f 2623 2624 3760
f 2624 2626 3760
f 2626 2628 3760
f 2628 2630 3760
f 2630 2632 3760
f 3760 2632 3761
f 2632 2633 3761
f 2633 2635 3761
f 2635 2637 3761
f 2637 2639 3761
f 2639 2641 3761
f 2641 2642 3761
f 2642 2644 3761
f 2644 2646 3761
f 2646 2180 3761
f 2180 2646 2648
f 2180 2648 2650
f 2180 2650 2651
f 2180 2651 2653
f 2180 2653 2655
f 2180 2655 2657
f 2180 2657 3738
f 2657 2659 3738
f 2659 3740 3738
f 2659 2660 3740
f 2660 2662 3740
f 2662 2664 3740
f 2664 2668 3740
f 2668 2670 3740
f 2670 2672 3740
f 2179 2180 3738
f 2621 2623 3746
f 2619 2621 3746
f 2615 2619 3746
f 2613 2615 3746
f 2608 2613 3746
f 2609 2608 3746
f 2210 2162 3762
f 3762 2162 3763
f 3763 2162 3764
f 3765 2210 3762
f 2208 2210 3765
f 3766 2208 3765
f 2206 2208 3766
f 3767 2206 3766
f 2204 2206 3767
f 3768 2204 3767
f 2202 2204 3768
f 3769 2202 3768
f 2200 2202 3769
f 3770 2200 3769
f 2198 2200 3770
f 3771 2198 3770
f 2196 2198 3771
f 3772 2196 3771
f 2194 2196 3772
f 3773 2194 3772
f 2192 2194 3773
f 3774 2192 3773
f 2190 2192 3774
f 3775 2190 3774
f 2188 2190 3775
f 3776 2188 3775
f 2186 2188 3776
f 3777 2186 3776
f 2184 2186 3777
f 2182 2184 3777
f 2180 2182 3761
f 3761 2182 3778
f 3778 2182 3777
f 3760 3761 3779
f 3779 3761 3780
f 3780 3761 3778
f 3759 3760 3779
f 3781 3759 3779
f 3758 3759 3781
f 3782 3758 3781
f 3783 3782 3781
f 3784 3783 3781
f 3785 3783 3784
f 3786 3785 3784
f 3787 3785 3786
f 3788 3787 3786
f 3789 3787 3788
f 2162 3699 3764
f 3764 3699 3790
f 3790 3699 3791
f 3791 3703 3792
f 3701 3703 3791
f 3699 3701 3791
f 3703 3704 3792
f 3792 3704 3793
f 3793 3704 3794
f 3704 2703 3794
f 3794 2703 3795
f 3795 2703 3796
f 2703 2705 3796
f 3796 2705 3797
f 2705 2707 3797
f 3797 2707 3798
f 2707 2709 3798
f 2709 2588 3798
f 2586 2588 2709
f 2586 2709 2711
f 2591 2586 2711
f 2591 2711 2713
f 2593 2591 2713
f 2593 2713 2715
f 2595 2593 2715
f 2595 2715 2717
f 2597 2595 2717
f 2597 2717 2719
f 2599 2597 2719
f 2599 2719 2721
f 2601 2599 2721
f 2601 2721 2723
f 2603 2601 2723
f 2603 2723 2725
f 2605 2603 2725
f 2605 2725 2727
f 2606 2605 2727
f 2606 2727 2729
f 2606 2729 3799
f 2729 2731 3799
f 2731 2581 3799
f 2581 2731 2733
f 2579 2581 2733
f 3799 2581 3800
f 3800 2581 3801
f 2581 2583 3801
f 3801 2583 3802
f 3802 2583 3803
f 2583 2585 3803
f 2443 2446 3708
f 2446 2448 3708
f 2448 2450 3708
f 2450 2452 3708
f 2452 2453 3708
f 2453 3707 3708
f 2453 2455 3707
f 2455 2457 3707
f 2457 2382 3707
f 2607 2606 3799
f 3715 2607 3799
f 3717 3715 3799
f 3717 3799 3800
f 3716 3717 3800
f 3716 3800 3801
f 3719 3716 3801
f 3719 3801 3802
f 3718 3719 3802
f 3718 3802 3803
f 2585 3718 3803
f 2585 2584 3718
f 3711 3792 3793
f 3710 3711 3793
f 3710 3793 3794
f 3709 3710 3794
f 3709 3794 3795
f 3714 3709 3795
f 3714 3795 3796
f 3713 3714 3796
f 3713 3796 3797
f 3712 3713 3797
f 3712 3797 3798
f 3720 3712 3798
f 2588 3720 3798
f 2588 2587 3720
f 3711 3791 3792
f 3711 3721 3791
f 3728 3767 3766
f 3727 3728 3766
f 3727 3766 3765
f 3726 3727 3765
f 3726 3765 3762
f 3725 3726 3762
f 3725 3762 3763
f 3724 3725 3763
f 3724 3763 3764
f 3723 3724 3764
f 3723 3764 3790
f 3722 3723 3790
f 3722 3790 3791
f 3721 3722 3791
f 3728 3729 3767
f 3729 3768 3767
f 3729 3730 3768
f 3730 3769 3768
f 3730 3731 3769
f 3731 3770 3769
f 3731 3732 3770
f 3732 3771 3770
f 3732 3733 3771
f 3733 3772 3771
f 3733 3734 3772
f 3734 3773 3772
f 3734 3735 3773
f 3735 3774 3773
f 3735 3736 3774
f 3736 3775 3774
f 3743 3779 3780
f 3742 3743 3780
f 3742 3780 3778
f 3741 3742 3778
f 3741 3778 3777
f 3739 3741 3777
f 3739 3777 3776
f 3737 3739 3776
f 3737 3776 3775
f 3736 3737 3775
f 3743 3781 3779
f 3743 3744 3781
f 3755 3789 3788
f 3754 3755 3788
f 3754 3788 3786
f 3752 3754 3786
f 3752 3786 3784
f 3747 3752 3784
f 3747 3784 3781
f 3744 3747 3781
f 2671 2674 3757
f 2674 2676 3757
f 2676 2678 3757
f 2678 2680 3757
f 2680 2681 3757
f 2681 3756 3757
f 2681 2683 3756
f 2683 2685 3756
f 2685 2610 3756
f 2544 2736 2735
f 2736 2544 2739
f 2544 2542 2739
f 2542 2741 2739
f 2542 2540 2741
f 2540 2743 2741
f 2540 2538 2743
f 2538 2745 2743
f 2538 2536 2745
f 2536 2747 2745
f 2536 2534 2747
f 2534 2749 2747
f 2534 2532 2749
f 2532 2530 2749
f 2530 2751 2749
f 2530 2528 2751
f 2528 2753 2751
f 2528 2526 2753
f 2526 2755 2753
f 2526 2524 2755
f 2524 2757 2755
f 2524 2522 2757
f 2522 2759 2757
f 2522 2520 2759
f 2520 2761 2759
f 2520 2763 2761
f 2520 2518 2763
f 2518 2765 2763
f 2518 2516 2765
f 2516 2767 2765
f 2516 2514 2767
f 2514 2769 2767
f 2514 2512 2769
f 2512 2771 2769
f 2512 2510 2771
f 2510 2507 2771
f 2507 2773 2771
f 2507 2506 2773
f 2506 2775 2773
f 2506 2552 2775
f 2552 2777 2775
f 2552 2550 2777
f 2550 2779 2777
f 2550 2548 2779
f 2548 2781 2779
f 2548 2546 2781
f 2546 2735 2781
f 2546 2544 2735
f 2445 2441 3804
f 2447 2445 3804
f 2449 2447 3804
f 3805 2449 3804
f 2451 2449 3805
f 2454 2451 3805
f 2456 2454 3805
f 2384 2456 3805
f 2383 2384 3805
f 2399 2390 2389
f 2401 2399 2389
f 2401 2389 3806
f 2403 2401 3806
f 2406 2403 3806
f 2399 2397 2390
f 2397 2392 2390
f 2397 2394 2392
f 2408 2406 3806
f 2410 2408 3806
f 3807 2410 3806
f 2412 2410 3807
f 2415 2412 3807
f 2417 2415 3807
f 2419 2417 3807
f 2437 2419 3807
f 2437 2421 2419
f 2437 2424 2421
f 2437 2426 2424
f 2437 2435 2426
f 2435 2428 2426
f 2435 2433 2428
f 2433 2430 2428
f 3750 3758 3782
f 3749 3750 3782
f 3749 3782 3783
f 3748 3749 3783
f 3748 3783 3785
f 3751 3748 3785
f 3751 3785 3787
f 3753 3751 3787
f 3753 3787 3789
f 3755 3753 3789
f 2673 2669 3808
f 2675 2673 3808
f 2677 2675 3808
f 3809 2677 3808
f 2679 2677 3809
f 2682 2679 3809
f 2684 2682 3809
f 2612 2684 3809
f 2611 2612 3809
f 2627 2618 2617
f 2629 2627 2617
f 2629 2617 3810
f 2631 2629 3810
f 2634 2631 3810
f 2627 2625 2618
f 2625 2620 2618
f 2625 2622 2620
f 2636 2634 3810
f 2638 2636 3810
f 3811 2638 3810
f 2640 2638 3811
f 2643 2640 3811
f 2645 2643 3811
f 2647 2645 3811
f 2665 2647 3811
f 2665 2649 2647
f 2665 2652 2649
f 2665 2654 2652
f 2665 2663 2654
f 2663 2656 2654
f 2663 2661 2656
f 2661 2658 2656
f 2802 2797 3812
f 3812 2797 3813
f 2797 2798 3813
f 3813 2798 3814
f 2798 2800 3814
f 2800 2801 3814
f 2801 3294 3814
f 2801 2951 3294
f 3294 2951 3815
f 2951 2950 3815
f 3815 2950 3816
f 2950 2948 3816
f 2948 3240 3816
f 2948 2946 3240
f 3240 2946 3817
f 2946 2944 3817
f 3817 2944 3818
f 2944 2942 3818
f 2942 2939 3818
f 3818 2939 3819
f 2939 2937 3819
f 2937 2935 3819
f 3819 2935 3820
f 2935 2933 3820
f 2933 3221 3820
f 2933 2931 3221
f 3221 2931 3821
f 2931 2930 3821
f 3821 2930 3822
f 2930 2928 3822
f 2928 2794 3822
f 2794 2928 2926
f 2792 2794 2926
f 2792 2926 2924
f 2789 2792 2924
f 2789 2924 2922
f 2789 2922 2919
f 2787 2789 2919
f 2787 2919 2917
f 2787 2917 2915
f 2783 2787 2915
f 2783 2915 2913
f 2784 2783 2913
f 2784 2913 2911
f 2784 2911 3823
f 2911 2910 3823
f 3823 2910 3824
f 2910 2908 3824
f 2908 3097 3824
f 2908 2906 3097
f 3097 2906 3825
f 2906 2904 3825
f 3825 2904 3826
f 2904 2902 3826
f 2902 2899 3826
f 3826 2899 3827
f 2899 2897 3827
f 2897 2895 3827
f 3827 2895 3828
f 2895 2893 3828
f 2893 3077 3828
f 2893 2891 3077
f 3077 2891 3829
f 2891 2890 3829
f 3829 2890 3830
f 2890 2888 3830
f 2888 3023 3830
f 2888 2886 3023
f 3023 2886 3831
f 2886 2884 3831
f 3831 2884 3832
f 2884 2882 3832
f 2882 2879 3832
f 3832 2879 3833
f 2879 2877 3833
f 2877 2875 3833
f 3833 2875 3834
f 2875 2873 3834
f 2873 3441 3834
f 2873 2871 3441
f 3441 2871 3835
f 2871 2870 3835
f 3835 2870 3836
f 2870 2868 3836
f 2868 3387 3836
f 2868 2866 3387
f 3387 2866 3837
f 2866 2864 3837
f 3837 2864 3838
f 2864 2862 3838
f 2862 2859 3838
f 3838 2859 3839
f 2859 2857 3839
f 2857 2855 3839
f 3839 2855 3840
f 2855 2853 3840
f 2853 3368 3840
f 2853 2851 3368
f 3368 2851 3841
f 2851 2850 3841
f 3841 2850 3842
f 2850 2848 3842
f 2848 3315 3842
f 2848 2846 3315
f 3315 2846 3843
f 2846 2844 3843
f 3843 2844 3844
f 2844 2842 3844
f 2842 2839 3844
f 3844 2839 3845
f 2839 2837 3845
f 2837 2835 3845
f 3845 2835 3846
f 2835 2833 3846
f 2833 2441 3846
f 2441 2833 2831
f 2441 2831 3804
f 2831 2830 3804
f 2830 3805 3804
f 2830 2828 3805
f 2828 2383 3805
f 2383 2828 2826
f 2383 2826 3847
f 2826 2824 3847
f 3847 2824 3848
f 2824 2822 3848
f 2822 2819 3848
f 3848 2819 3849
f 2819 2817 3849
f 2817 2815 3849
f 3849 2815 3850
f 2815 2813 3850
f 2813 2669 3850
f 2669 2813 2811
f 2669 2811 3808
f 2811 2810 3808
f 2810 3809 3808
f 2810 2808 3809
f 2808 2611 3809
f 2611 2808 2806
f 2611 2806 3851
f 2806 2804 3851
f 3851 2804 3852
f 2804 2802 3852
f 3852 2802 3812
f 2389 2388 3806
f 2388 2967 3806
f 2967 3807 3806
f 2967 2968 3807
f 2968 2437 3807
f 2439 2437 2968
f 2617 2616 2961
f 2617 2961 3810
f 2961 2962 3810
f 2962 3811 3810
f 2962 2667 3811
f 2667 2665 3811
f 3081 3077 3829
f 3083 3081 3829
f 3085 3083 3829
f 3085 3829 3830
f 3087 3085 3830
f 3090 3087 3830
f 3092 3090 3830
f 3024 3092 3830
f 3023 3024 3830
f 3077 2998 3828
f 2998 2999 3828
f 2999 3827 3828
f 2999 3000 3827
f 3000 3826 3827
f 3000 3001 3826
f 3001 3002 3826
f 3002 3825 3826
f 3002 3003 3825
f 3003 3097 3825
f 3152 2784 3823
f 3154 3152 3823
f 3156 3154 3823
f 3156 3823 3824
f 3158 3156 3824
f 3161 3158 3824
f 3163 3161 3824
f 3098 3163 3824
f 3097 3098 3824
f 3225 3221 3821
f 3227 3225 3821
f 3229 3227 3821
f 3229 3821 3822
f 3231 3229 3822
f 3234 3231 3822
f 3236 3234 3822
f 3168 3236 3822
f 2794 3168 3822
f 3221 3012 3820
f 3012 3013 3820
f 3013 3819 3820
f 3013 3014 3819
f 3014 3818 3819
f 3014 3015 3818
f 3015 3016 3818
f 3016 3817 3818
f 3016 3017 3817
f 3017 3240 3817
f 3296 3294 3815
f 3300 3296 3815
f 3302 3300 3815
f 3302 3815 3816
f 3304 3302 3816
f 3307 3304 3816
f 3309 3307 3816
f 3311 3309 3816
f 3240 3311 3816
f 3294 2953 3814
f 2953 2954 3814
f 2954 3813 3814
f 2954 2957 3813
f 2957 2958 3813
f 2958 3812 3813
f 2958 2959 3812
f 2959 3852 3812
f 2959 2960 3852
f 2960 3851 3852
f 2960 2614 3851
f 2614 2611 3851
f 2669 2666 3850
f 2666 2963 3850
f 2963 3849 3850
f 2963 2964 3849
f 2964 3848 3849
f 2964 2965 3848
f 2965 2966 3848
f 2966 3847 3848
f 2966 2386 3847
f 2386 2383 3847
f 2441 2438 3846
f 2438 2969 3846
f 2969 3845 3846
f 2969 2970 3845
f 2970 3844 3845
f 2970 2971 3844
f 2971 2972 3844
f 2972 3843 3844
f 2972 2973 3843
f 2973 3315 3843
f 3371 3368 3841
f 3373 3371 3841
f 3375 3373 3841
f 3375 3841 3842
f 3377 3375 3842
f 3380 3377 3842
f 3382 3380 3842
f 3316 3382 3842
f 3315 3316 3842
f 2983 3387 3837
f 2982 2983 3837
f 2982 3837 3838
f 2981 2982 3838
f 2980 2981 3838
f 2980 3838 3839
f 2979 2980 3839
f 2979 3839 3840
f 2978 2979 3840
f 3368 2978 3840
f 3445 3441 3835
f 3447 3445 3835
f 3449 3447 3835
f 3449 3835 3836
f 3451 3449 3836
f 3454 3451 3836
f 3456 3454 3836
f 3388 3456 3836
f 3387 3388 3836
f 3441 2988 3834
f 2988 2989 3834
f 2989 3833 3834
f 2989 2990 3833
f 2990 3832 3833
f 2990 2991 3832
f 2991 2992 3832
f 2992 3831 3832
f 2992 2993 3831
f 2993 3023 3831
f 3010 3008 3171
f 3171 3008 3853
f 3008 3009 3853
f 3853 3009 3854
f 3009 3011 3854
f 3011 3219 3854
f 3244 3019 3855
f 3019 3018 3855
f 3855 3018 3856
f 3018 2955 3856
f 2955 3291 3856
f 2955 2956 3291
f 3058 3078 3080
f 3056 3058 3080
f 3056 3080 3857
f 3054 3056 3857
f 3052 3054 3857
f 3058 3060 3078
f 3060 3076 3078
f 3060 3061 3076
f 3061 3074 3076
f 3061 3063 3074
f 3063 3072 3074
f 3063 3065 3072
f 3065 3070 3072
f 3065 3067 3070
f 3067 3069 3070
f 3858 3052 3857
f 3051 3052 3858
f 3049 3051 3858
f 3047 3049 3858
f 3021 3047 3858
f 3021 3045 3047
f 3021 3043 3045
f 3021 3020 3043
f 3020 3042 3043
f 3020 3025 3042
f 3025 3040 3042
f 3025 3026 3040
f 3026 3038 3040
f 3026 3029 3038
f 3029 3036 3038
f 3029 3031 3036
f 3031 3034 3036
f 3031 3033 3034
f 3080 3079 3857
f 3857 3079 3859
f 3858 3857 3859
f 3860 3858 3859
f 3022 3858 3860
f 3022 3021 3858
f 3079 3082 3859
f 3082 3084 3859
f 3084 3086 3859
f 3086 3088 3859
f 3088 3089 3859
f 3089 3860 3859
f 3089 3091 3860
f 3091 3093 3860
f 3093 3022 3860
f 2976 2974 3319
f 3319 2974 3861
f 2974 2975 3861
f 3861 2975 3862
f 2975 2977 3862
f 2977 3366 3862
f 3391 2986 3863
f 2986 2984 3863
f 3863 2984 3864
f 2984 2985 3864
f 2985 3439 3864
f 2985 2987 3439
f 2996 2994 3027
f 3027 2994 3865
f 2994 2995 3865
f 3865 2995 3866
f 2995 2997 3866
f 2997 3075 3866
f 3101 3006 3867
f 3006 3004 3867
f 3867 3004 3868
f 3004 3005 3868
f 3005 3148 3868
f 3005 3007 3148
f 3142 3143 3869
f 3143 3145 3869
f 3145 3147 3869
f 3869 3147 3870
f 3147 3149 3870
f 3870 3149 3871
f 3149 3150 3871
f 3150 3460 3871
f 3150 3459 3460
f 3459 3150 3872
f 3873 3459 3872
f 3458 3459 3873
f 3874 3458 3873
f 3460 3461 3871
f 3461 3870 3871
f 3461 3462 3870
f 3462 3869 3870
f 3096 3874 3873
f 3874 3096 3875
f 3096 3095 3875
f 3150 3151 3872
f 3151 3153 3872
f 3153 3155 3872
f 3155 3157 3872
f 3157 3159 3872
f 3159 3160 3872
f 3160 3873 3872
f 3160 3162 3873
f 3162 3164 3873
f 3164 3096 3873
f 3123 3125 3458
f 3123 3458 3874
f 3121 3123 3874
f 3121 3874 3875
f 3119 3121 3875
f 3095 3119 3875
f 3095 3117 3119
f 3095 3094 3117
f 3094 3116 3117
f 3094 3099 3116
f 3099 3114 3116
f 3099 3100 3114
f 3100 3112 3114
f 3100 3103 3112
f 3103 3110 3112
f 3103 3105 3110
f 3105 3108 3110
f 3105 3107 3108
f 3222 3223 3876
f 3220 3222 3876
f 3218 3220 3876
f 3216 3218 3876
f 3214 3216 3876
f 3213 3214 3876
f 3877 3213 3876
f 3211 3213 3877
f 3209 3211 3877
f 3207 3209 3877
f 3205 3207 3877
f 3878 3205 3877
f 3203 3205 3878
f 3202 3203 3878
f 3199 3202 3878
f 3197 3199 3878
f 3879 3197 3878
f 3196 3197 3879
f 3194 3196 3879
f 3880 3877 3876
f 3584 3877 3880
f 3587 3584 3880
f 3239 3238 3881
f 3881 3238 3882
f 3882 3238 3883
f 3884 3881 3882
f 3885 3881 3884
f 3299 3885 3884
f 3299 3297 3885
f 3883 3238 3886
f 3886 3238 3887
f 3888 3886 3887
f 3697 3886 3888
f 3889 3697 3888
f 3695 3697 3889
f 3693 3695 3889
f 3603 3693 3889
f 3603 3691 3693
f 3603 3689 3691
f 3603 3687 3689
f 3603 3685 3687
f 3603 3485 3685
f 3485 3483 3685
f 3483 3683 3685
f 3483 3481 3683
f 3683 3481 3890
f 3481 3479 3890
f 3890 3479 3891
f 3479 3477 3891
f 3891 3477 3892
f 3477 3475 3892
f 3475 3473 3892
f 3892 3473 3893
f 3473 3471 3893
f 3893 3471 3894
f 3471 3469 3894
f 3894 3469 3895
f 3469 3467 3895
f 3895 3467 3896
f 3896 3467 3897
f 3467 3464 3897
f 3897 3464 3898
f 3464 3463 3898
f 3898 3463 3899
f 3463 3880 3899
f 3899 3880 3900
f 3880 3876 3900
f 3900 3876 3901
f 3876 3223 3901
f 3901 3223 3902
f 3902 3223 3903
f 3904 3903 3905
f 3905 3903 3906
f 3903 3223 3906
f 3223 3224 3906
f 3907 3904 3905
f 3167 3907 3905
f 3907 3167 3908
f 3167 3166 3908
f 3507 3587 3880
f 3509 3507 3880
f 3463 3509 3880
f 3503 3588 3587
f 3505 3503 3587
f 3507 3505 3587
f 3503 3501 3588
f 3501 3590 3588
f 3501 3499 3590
f 3499 3592 3590
f 3499 3497 3592
f 3497 3594 3592
f 3497 3495 3594
f 3495 3595 3594
f 3495 3493 3595
f 3493 3597 3595
f 3493 3491 3597
f 3491 3599 3597
f 3491 3601 3599
f 3491 3489 3601
f 3489 3603 3601
f 3489 3487 3603
f 3487 3485 3603
f 3224 3226 3906
f 3226 3228 3906
f 3228 3230 3906
f 3230 3232 3906
f 3232 3233 3906
f 3233 3905 3906
f 3233 3235 3905
f 3235 3237 3905
f 3237 3167 3905
f 3194 3904 3907
f 3192 3194 3907
f 3192 3907 3908
f 3190 3192 3908
f 3166 3190 3908
f 3166 3188 3190
f 3166 3165 3188
f 3165 3187 3188
f 3165 3169 3187
f 3169 3185 3187
f 3169 3170 3185
f 3170 3183 3185
f 3170 3172 3183
f 3172 3181 3183
f 3172 3174 3181
f 3174 3180 3181
f 3174 3176 3180
f 3176 3178 3180
f 3883 3886 3909
f 3883 3909 3910
f 3882 3883 3910
f 3911 3882 3910
f 3884 3882 3911
f 3912 3884 3911
f 3269 3884 3912
f 3269 3271 3884
f 3271 3299 3884
f 3271 3273 3299
f 3273 3274 3299
f 3274 3295 3299
f 3274 3276 3295
f 3276 3293 3295
f 3276 3278 3293
f 3278 3292 3293
f 3278 3279 3292
f 3279 3290 3292
f 3279 3281 3290
f 3281 3288 3290
f 3281 3283 3288
f 3283 3286 3288
f 3283 3285 3286
f 3297 3298 3885
f 3298 3301 3885
f 3301 3303 3885
f 3303 3305 3885
f 3305 3306 3885
f 3306 3881 3885
f 3306 3308 3881
f 3308 3310 3881
f 3310 3239 3881
f 3604 3603 3889
f 3604 3889 3913
f 3889 3888 3913
f 3913 3888 3914
f 3888 3887 3914
f 3914 3887 3915
f 3887 3250 3915
f 3250 3252 3915
f 3252 3253 3915
f 3253 3254 3915
f 3254 3258 3915
f 3258 3259 3915
f 3259 3912 3915
f 3259 3261 3912
f 3261 3263 3912
f 3263 3265 3912
f 3265 3267 3912
f 3267 3269 3912
f 3248 3250 3887
f 3246 3248 3887
f 3243 3246 3887
f 3242 3243 3887
f 3241 3242 3887
f 3238 3241 3887
f 3360 3361 3916
f 3361 3363 3916
f 3363 3365 3916
f 3916 3365 3917
f 3365 3367 3917
f 3917 3367 3918
f 3367 3369 3918
f 3918 3369 3919
f 3919 3369 3920
f 3920 3369 3921
f 3922 3920 3921
f 3923 3922 3921
f 3924 3922 3923
f 3314 3924 3923
f 3924 3314 3925
f 3314 3313 3925
f 3926 3918 3919
f 3917 3918 3926
f 3927 3917 3926
f 3916 3917 3927
f 3369 3370 3921
f 3370 3372 3921
f 3372 3374 3921
f 3374 3376 3921
f 3376 3378 3921
f 3378 3379 3921
f 3379 3923 3921
f 3379 3381 3923
f 3381 3383 3923
f 3383 3314 3923
f 3341 3343 3922
f 3341 3922 3924
f 3339 3341 3924
f 3339 3924 3925
f 3337 3339 3925
f 3313 3337 3925
f 3313 3335 3337
f 3313 3312 3335
f 3312 3334 3335
f 3312 3317 3334
f 3317 3332 3334
f 3317 3318 3332
f 3318 3330 3332
f 3318 3321 3330
f 3321 3328 3330
f 3321 3323 3328
f 3323 3326 3328
f 3323 3325 3326
f 3422 3442 3444
f 3420 3422 3444
f 3420 3444 3928
f 3418 3420 3928
f 3416 3418 3928
f 3422 3424 3442
f 3424 3440 3442
f 3424 3425 3440
f 3425 3438 3440
f 3425 3427 3438
f 3427 3436 3438
f 3427 3429 3436
f 3429 3434 3436
f 3429 3431 3434
f 3431 3433 3434
f 3929 3416 3928
f 3415 3416 3929
f 3413 3415 3929
f 3411 3413 3929
f 3385 3411 3929
f 3385 3409 3411
f 3385 3407 3409
f 3385 3384 3407
f 3384 3406 3407
f 3384 3389 3406
f 3389 3404 3406
f 3389 3390 3404
f 3390 3402 3404
f 3390 3393 3402
f 3393 3400 3402
f 3393 3395 3400
f 3395 3398 3400
f 3395 3397 3398
f 3444 3443 3928
f 3928 3443 3930
f 3931 3928 3930
f 3929 3928 3931
f 3386 3929 3931
f 3386 3385 3929
f 3443 3446 3930
f 3446 3448 3930
f 3448 3450 3930
f 3450 3452 3930
f 3452 3453 3930
f 3453 3931 3930
f 3453 3455 3931
f 3455 3457 3931
f 3457 3386 3931
f 3182 3173 3171
f 3184 3182 3171
f 3184 3171 3853
f 3186 3184 3853
f 3189 3186 3853
f 3182 3179 3173
f 3179 3175 3173
f 3179 3177 3175
f 3191 3189 3853
f 3193 3191 3853
f 3193 3853 3854
f 3195 3193 3854
f 3198 3195 3854
f 3200 3198 3854
f 3201 3200 3854
f 3219 3201 3854
f 3219 3204 3201
f 3219 3206 3204
f 3219 3208 3206
f 3219 3217 3208
f 3217 3210 3208
f 3217 3215 3210
f 3215 3212 3210
f 3256 3245 3244
f 3255 3256 3244
f 3255 3244 3855
f 3257 3255 3855
f 3260 3257 3855
f 3256 3251 3245
f 3251 3247 3245
f 3251 3249 3247
f 3262 3260 3855
f 3264 3262 3855
f 3264 3855 3856
f 3266 3264 3856
f 3268 3266 3856
f 3270 3268 3856
f 3272 3270 3856
f 3291 3272 3856
f 3291 3275 3272
f 3291 3277 3275
f 3291 3280 3277
f 3291 3289 3280
f 3289 3282 3280
f 3289 3287 3282
f 3287 3284 3282
f 3037 3028 3027
f 3039 3037 3027
f 3039 3027 3865
f 3041 3039 3865
f 3044 3041 3865
f 3037 3035 3028
f 3035 3030 3028
f 3035 3032 3030
f 3046 3044 3865
f 3048 3046 3865
f 3048 3865 3866
f 3050 3048 3866
f 3053 3050 3866
f 3055 3053 3866
f 3057 3055 3866
f 3075 3057 3866
f 3075 3059 3057
f 3075 3062 3059
f 3075 3064 3062
f 3075 3073 3064
f 3073 3066 3064
f 3073 3071 3066
f 3071 3068 3066
f 3329 3320 3319
f 3331 3329 3319
f 3331 3319 3861
f 3333 3331 3861
f 3336 3333 3861
f 3329 3327 3320
f 3327 3322 3320
f 3327 3324 3322
f 3338 3336 3861
f 3340 3338 3861
f 3340 3861 3862
f 3342 3340 3862
f 3344 3342 3862
f 3346 3344 3862
f 3348 3346 3862
f 3366 3348 3862
f 3366 3350 3348
f 3366 3352 3350
f 3366 3357 3352
f 3366 3364 3357
f 3364 3356 3357
f 3364 3362 3356
f 3362 3358 3356
f 3401 3392 3391
f 3403 3401 3391
f 3403 3391 3863
f 3405 3403 3863
f 3408 3405 3863
f 3401 3399 3392
f 3399 3394 3392
f 3399 3396 3394
f 3410 3408 3863
f 3412 3410 3863
f 3412 3863 3864
f 3414 3412 3864
f 3417 3414 3864
f 3419 3417 3864
f 3421 3419 3864
f 3439 3421 3864
f 3439 3423 3421
f 3439 3426 3423
f 3439 3428 3426
f 3439 3437 3428
f 3437 3430 3428
f 3437 3435 3430
f 3435 3432 3430
f 3111 3102 3101
f 3113 3111 3101
f 3113 3101 3867
f 3115 3113 3867
f 3118 3115 3867
f 3111 3109 3102
f 3109 3104 3102
f 3109 3106 3104
f 3120 3118 3867
f 3122 3120 3867
f 3122 3867 3868
f 3124 3122 3868
f 3126 3124 3868
f 3128 3126 3868
f 3130 3128 3868
f 3148 3130 3868
f 3148 3132 3130
f 3148 3134 3132
f 3148 3139 3134
f 3148 3146 3139
f 3146 3138 3139
f 3146 3144 3138
f 3144 3140 3138
f 3141 3142 3869
f 3462 3141 3869
f 3608 3682 3684
f 3610 3608 3684
f 3610 3684 3932
f 3612 3610 3932
f 3614 3612 3932
f 3608 3606 3682
f 3606 3686 3682
f 3606 3688 3686
f 3606 3604 3688
f 3604 3690 3688
f 3604 3692 3690
f 3692 3604 3913
f 3694 3692 3913
f 3696 3694 3913
f 3696 3913 3914
f 3909 3696 3914
f 3909 3914 3915
f 3910 3909 3915
f 3911 3910 3915
f 3912 3911 3915
f 3933 3614 3932
f 3616 3614 3933
f 3934 3616 3933
f 3618 3616 3934
f 3935 3618 3934
f 3620 3618 3935
f 3936 3620 3935
f 3622 3620 3936
f 3937 3622 3936
f 3624 3622 3937
f 3938 3624 3937
f 3626 3624 3938
f 3939 3626 3938
f 3628 3626 3939
f 3940 3628 3939
f 3630 3628 3940
f 3941 3630 3940
f 3877 3630 3941
f 3942 3877 3941
f 3943 3877 3942
f 3878 3877 3943
f 3944 3878 3943
f 3945 3878 3944
f 3879 3878 3945
f 3632 3630 3877
f 3583 3632 3877
f 3584 3583 3877
f 3886 3696 3909
f 3697 3696 3886
f 3684 3683 3890
f 3684 3890 3932
f 3890 3891 3932
f 3891 3933 3932
f 3891 3892 3933
f 3892 3934 3933
f 3892 3893 3934
f 3893 3935 3934
f 3893 3894 3935
f 3894 3936 3935
f 3894 3895 3936
f 3895 3937 3936
f 3895 3896 3937
f 3896 3938 3937
f 3896 3897 3938
f 3897 3939 3938
f 3897 3898 3939
f 3898 3940 3939
f 3194 3903 3904
f 3903 3194 3945
f 3194 3879 3945
f 3902 3903 3945
f 3902 3945 3944
f 3901 3902 3944
f 3901 3944 3943
f 3900 3901 3943
f 3900 3943 3942
f 3899 3900 3942
f 3899 3942 3941
f 3899 3941 3940
f 3898 3899 3940
f 3359 3360 3916
f 3359 3916 3927
f 3343 3345 3922
f 3345 3920 3922
f 3345 3347 3920
f 3347 3919 3920
f 3347 3349 3919
f 3349 3926 3919
f 3349 3351 3926
f 3351 3353 3926
f 3353 3354 3926
f 3354 3359 3926
f 3354 3355 3359
f 3359 3927 3926
f 3549 3635 3634
f 3635 3549 3638
f 3549 3547 3638
f 3547 3640 3638
f 3547 3545 3640
f 3545 3642 3640
f 3545 3543 3642
f 3543 3644 3642
f 3543 3541 3644
f 3541 3646 3644
f 3541 3539 3646
f 3539 3648 3646
f 3539 3537 3648
f 3537 3535 3648
f 3535 3650 3648
f 3535 3533 3650
f 3533 3652 3650
f 3533 3531 3652
f 3531 3654 3652
f 3531 3529 3654
f 3529 3656 3654
f 3529 3527 3656
f 3527 3658 3656
f 3527 3525 3658
f 3525 3660 3658
f 3525 3662 3660
f 3525 3523 3662
f 3523 3664 3662
f 3523 3521 3664
f 3521 3666 3664
f 3521 3519 3666
f 3519 3668 3666
f 3519 3517 3668
f 3517 3670 3668
f 3517 3515 3670
f 3515 3512 3670
f 3512 3672 3670
f 3512 3511 3672
f 3511 3674 3672
f 3511 3557 3674
f 3557 3676 3674
f 3557 3555 3676
f 3555 3678 3676
f 3555 3553 3678
f 3553 3680 3678
f 3553 3551 3680
f 3551 3634 3680
f 3551 3549 3634
f 3946 3947 3948
f 3947 3949 3948
f 3950 3951 3948
f 3951 3952 3948
f 3952 3953 3948
f 3954 3955 3948
f 3955 3956 3948
f 3957 3958 3948
f 3958 3959 3948
f 3960 3961 3948
f 3961 3962 3948
f 3962 3963 3948
f 3964 3965 3948
f 3965 3966 3948
f 3966 3967 3948
f 3967 3968 3948
f 3968 3969 3948
f 3969 3970 3948
f 3956 3957 3948
f 3953 3954 3948
f 3949 3950 3948
f 3970 3946 3948
f 3963 3964 3948
f 3959 3960 3948
f 3971 3972 3973
f 3971 3973 3974
f 3975 3971 3974
f 3975 3974 3976
f 3977 3975 3976
f 3977 3976 3978
f 3979 3977 3978
f 3979 3978 3980
f 3981 3979 3980
f 3981 3980 3982
f 3983 3981 3982
f 3983 3982 3984
f 3985 3983 3984
f 3985 3984 3986
f 3987 3985 3986
f 3987 3986 3988
f 3989 3987 3988
f 3989 3988 3990
f 3991 3989 3990
f 3991 3990 3992
f 3993 3991 3992
f 3993 3992 3994
f 3995 3993 3994
f 3995 3994 3996
f 3997 3995 3996
f 3997 3996 3998
f 3999 3997 3998
f 3999 3998 4000
f 4001 3999 4000
f 4001 4000 4002
f 4003 4001 4002
f 4003 4002 4004
f 4005 4003 4004
f 4005 4004 4006
f 4007 4005 4006
f 4007 4006 4008
f 4009 4007 4008
f 4009 4008 4010
f 4011 4009 4010
f 4011 4010 4012
f 4013 4011 4012
f 4013 4012 4014
f 4015 4013 4014
f 4015 4014 4016
f 4017 4015 4016
f 4017 4016 4018
f 4019 4017 4018
f 4019 4018 4020
f 4021 4019 4020
f 4021 4020 4022
f 4023 4021 4022
f 4023 4022 4024
f 4025 4023 4024
f 4025 4024 4026
f 4027 4025 4026
f 4027 4026 4028
f 4029 4027 4028
f 4029 4028 4030
f 4031 4029 4030
f 4031 4030 4032
f 4033 4031 4032
f 4033 4032 4034
f 4035 4033 4034
f 4035 4034 4036
f 4037 4035 4036
f 4037 4036 4038
f 4039 4037 4038
f 4039 4038 4040
f 4041 4039 4040
f 4041 4040 4042
f 4043 4041 4042
f 4043 4042 4044
f 4045 4043 4044
f 4045 4044 4046
f 4047 4045 4046
f 4047 4046 4048
f 3972 4047 4048
f 3973 3972 4048
f 3973 4048 4049
f 4050 3973 4049
f 3973 4050 4051
f 4048 4052 4049
f 4048 4046 4052
f 4046 4053 4052
f 4046 4044 4053
f 4044 4054 4053
f 4044 4042 4054
f 4042 4055 4054
f 4042 4040 4055
f 4040 4056 4055
f 4040 4038 4056
f 4038 4057 4056
f 4038 4036 4057
f 4036 4058 4057
f 4036 4034 4058
f 4034 4059 4058
f 4034 4032 4059
f 4032 4060 4059
f 4032 4030 4060
f 4030 4061 4060
f 4030 4028 4061
f 4028 4062 4061
f 4028 4026 4062
f 4026 4063 4062
f 4026 4024 4063
f 4024 4064 4063
f 4024 4022 4064
f 4022 4065 4064
f 4022 4020 4065
f 4020 4066 4065
f 4020 4018 4066
f 4018 4067 4066
f 4018 4016 4067
f 4016 4068 4067
f 4016 4014 4068
f 4014 4069 4068
f 4014 4012 4069
f 4012 4070 4069
f 4012 4010 4070
f 4010 4071 4070
f 4010 4008 4071
f 4008 4072 4071
f 4008 4006 4072
f 4006 4073 4072
f 4006 4004 4073
f 4004 4074 4073
f 4004 4002 4074
f 4002 4075 4074
f 4002 4000 4075
f 4000 4076 4075
f 4000 3998 4076
f 3998 4077 4076
f 3998 3996 4077
f 3996 4078 4077
f 3996 3994 4078
f 3994 4079 4078
f 3994 3992 4079
f 3992 4080 4079
f 3992 3990 4080
f 3990 4081 4080
f 3990 3988 4081
f 3988 4082 4081
f 3988 3986 4082
f 3986 4083 4082
f 3986 3984 4083
f 3984 4084 4083
f 3984 3982 4084
f 3982 4085 4084
f 3982 3980 4085
f 3980 4086 4085
f 3980 3978 4086
f 3978 4087 4086
f 3978 3976 4087
f 3976 4088 4087
f 3976 3974 4088
f 3974 4051 4088
f 3974 3973 4051
f 4089 4090 4091
f 4089 4092 4090
f 4092 4093 4090
f 4092 4094 4093
f 4094 4095 4093
f 4094 4096 4095
f 4096 4097 4095
f 4096 4098 4097
f 4098 4099 4097
f 4098 4100 4099
f 4100 4101 4099
f 4100 4102 4101
f 4102 4103 4101
f 4102 4104 4103
f 4104 4105 4103
f 4104 4106 4105
f 4106 4107 4105
f 4106 4108 4107
f 4108 4109 4107
f 4108 4110 4109
f 4110 4111 4109
f 4110 4112 4111
f 4112 4113 4111
f 4112 4114 4113
f 4115 4116 4117
f 4115 4117 4118
f 4119 4115 4118
f 4119 4118 4120
f 4121 4119 4120
f 4121 4120 4122
f 4123 4121 4122
f 4123 4122 4124
f 4125 4123 4124
f 4125 4124 4126
f 4127 4125 4126
f 4127 4126 4128
f 4129 4127 4128
f 4129 4128 4130
f 4131 4129 4130
f 4131 4130 4132
f 4133 4131 4132
f 4133 4132 4134
f 4135 4133 4134
f 4135 4134 4136
f 4137 4135 4136
f 4137 4136 4138
f 4139 4137 4138
f 4139 4138 4140
f 4141 4139 4140
f 4141 4140 4142
f 4143 4141 4142
f 4143 4142 4144
f 4145 4143 4144
f 4145 4144 4146
f 4147 4145 4146
f 4147 4146 4148
f 4149 4147 4148
f 4149 4148 4150
f 4151 4149 4150
f 4151 4150 4152
f 4153 4151 4152
f 4153 4152 4154
f 4155 4153 4154
f 4155 4154 4156
f 4157 4155 4156
f 4158 4157 4156
f 4158 4156 4159
f 4160 4158 4159
f 4160 4159 4161
f 4162 4160 4161
f 4162 4161 4163
f 4164 4162 4163
f 4164 4163 4165
f 4166 4164 4165
f 4166 4165 4167
f 4168 4166 4167
f 4168 4167 4169
f 4170 4168 4169
f 4170 4169 4171
f 4170 4171 4172
f 4116 4173 4117
f 4116 4174 4173
f 4174 4175 4173
f 4174 4176 4175
f 4176 4177 4175
f 4176 4178 4177
f 4178 4179 4177
f 4178 4180 4179
f 4180 4181 4179
f 4180 4182 4181
f 4182 4183 4181
f 4182 4184 4183
f 4184 4185 4183
f 4184 4186 4185
f 4186 4187 4185
f 4186 4188 4187
f 4188 4189 4187
f 4188 4190 4189
f 4190 4191 4189
f 4190 4192 4191
f 4192 4193 4191
f 4192 4194 4193
f 4194 4195 4193
f 4194 4196 4195
f 4195 4196 4197
f 4196 4170 4197
f 4170 4198 4197
f 4170 4199 4198
f 4170 4172 4199
f 4200 4195 4197
f 4201 4202 4203
f 4204 4201 4203
f 4205 4201 4204
f 4205 4204 4206
f 4207 4205 4206
f 4207 4206 4208
f 4209 4207 4208
f 4209 4208 4210
f 4211 4209 4210
f 4211 4210 4212
f 4213 4211 4212
f 4213 4212 4214
f 4215 4213 4214
f 4215 4214 4216
f 4217 4215 4216
f 4217 4216 4218
f 4219 4217 4218
f 4219 4218 4220
f 4221 4219 4220
f 4221 4220 4222
f 4223 4221 4222
f 4223 4222 4224
f 4225 4223 4224
f 4225 4224 4226
f 4227 4225 4226
f 4227 4226 4228
f 4229 4227 4228
f 4229 4228 4230
f 4231 4229 4230
f 4231 4230 4232
f 4233 4231 4232
f 4233 4232 4234
f 4235 4233 4234
f 4235 4234 4236
f 4237 4235 4236
f 4237 4236 4238
f 4239 4237 4238
f 4239 4238 4240
f 4241 4239 4240
f 4241 4240 4242
f 4243 4241 4242
f 4243 4242 4244
f 4245 4243 4244
f 4245 4244 4246
f 4247 4245 4246
f 4247 4246 4248
f 4249 4247 4248
f 4249 4248 4250
f 4251 4249 4250
f 4251 4250 4252
f 4253 4251 4252
f 4253 4252 4254
f 4255 4253 4254
f 4255 4254 4256
f 4257 4255 4256
f 4257 4256 4258
f 4259 4257 4258
f 4259 4258 4260
f 4261 4259 4260
f 4261 4260 4262
f 4263 4261 4262
f 4263 4262 4264
f 4265 4263 4264
f 4265 4264 4266
f 4267 4265 4266
f 4267 4266 4268
f 4269 4267 4268
f 4269 4268 4270
f 4271 4269 4270
f 4271 4270 4272
f 4273 4271 4272
f 4273 4272 4274
f 4275 4273 4274
f 4275 4274 4276
f 4277 4275 4276
f 4277 4276 4278
f 4279 4277 4278
f 4279 4278 4280
f 4202 4279 4280
f 4202 4280 4203
f 4281 4282 4283
f 4281 4283 4284
f 4285 4281 4284
f 4285 4284 4286
f 4287 4285 4286
f 4287 4286 4288
f 4289 4287 4288
f 4290 4289 4288
f 4291 4290 4288
f 4292 4291 4288
f 4293 4292 4288
f 4294 4293 4288
f 4294 4288 4295
f 4296 4294 4295
f 4297 4296 4295
f 4298 4297 4295
f 4299 4298 4295
f 4299 4295 4300
f 4301 4299 4300
f 4302 4301 4300
f 4303 4302 4300
f 4304 4303 4300
f 4305 4304 4300
f 4305 4300 4306
f 4307 4305 4306
f 4308 4307 4306
f 4309 4308 4306
f 4309 4310 4308
f 4309 4311 4310
f 4309 4312 4311
f 4309 4313 4312
f 4313 4314 4312
f 4313 4315 4314
f 4313 4316 4315
f 4313 4317 4316
f 4313 4318 4317
f 4313 4319 4318
f 4319 4320 4318
f 4319 4321 4320
f 4319 4322 4321
f 4319 4323 4322
f 4319 4287 4323
f 4287 4324 4323
f 4287 4325 4324
f 4287 4326 4325
f 4287 4289 4326
f 4282 4327 4283
f 4282 4328 4327
f 4328 4329 4327
f 4328 4330 4329
f 4330 4331 4329
f 4330 4332 4331
f 4332 4333 4331
f 4332 4334 4333
f 4333 4334 4335
f 4334 4336 4335
f 4334 4337 4336
f 4334 4338 4337
f 4334 4339 4338
f 4339 4340 4338
f 4339 4341 4340
f 4339 4342 4341
f 4339 4343 4342
f 4339 4344 4343
f 4344 4345 4343
f 4344 4346 4345
f 4344 4347 4346
f 4344 4348 4347
f 4348 4349 4347
f 4348 4350 4349
f 4348 4351 4350
f 4348 4352 4351
f 4348 4353 4352
f 4348 4354 4353
f 4354 4355 4353
f 4354 4356 4355
f 4355 4356 4357
f 4356 4358 4357
f 4358 4359 4357
f 4358 4360 4359
f 4358 4361 4360
f 4358 4362 4361
f 4358 4363 4362
f 4358 4364 4363
f 4364 4365 4363
f 4364 4366 4365
f 4364 4367 4366
f 4364 4368 4367
f 4364 4369 4368
f 4369 4370 4368
f 4369 4371 4370
f 4369 4372 4371
f 4369 4373 4372
f 4369 4333 4373
f 4333 4374 4373
f 4333 4335 4374
f 4354 4375 4356
f 4354 4376 4375
f 4376 4377 4375
f 4376 4378 4377
f 4378 4379 4377
f 4378 4380 4379
f 4380 4381 4379
f 4380 4382 4381
f 4382 4383 4381
f 4382 4384 4383
f 4384 4385 4383
f 4384 4386 4385
f 4385 4386 4387
f 4386 4388 4387
f 4386 4389 4388
f 4389 4390 4388
f 4389 4391 4390
f 4389 4392 4391
f 4389 4393 4392
f 4389 4394 4393
f 4389 4395 4394
f 4395 4396 4394
f 4395 4397 4396
f 4395 4398 4397
f 4395 4399 4398
f 4399 4400 4398
f 4399 4401 4400
f 4399 4402 4401
f 4399 4403 4402
f 4399 4404 4403
f 4399 4405 4404
f 4405 4406 4404
f 4405 4407 4406
f 4405 4408 4407
f 4407 4408 4409
f 4408 4410 4409
f 4408 4411 4410
f 4411 4412 4410
f 4411 4413 4412
f 4411 4414 4413
f 4411 4415 4414
f 4411 4416 4415
f 4411 4417 4416
f 4417 4418 4416
f 4417 4419 4418
f 4417 4420 4419
f 4417 4421 4420
f 4417 4422 4421
f 4422 4423 4421
f 4422 4424 4423
f 4422 4425 4424
f 4422 4426 4425
f 4422 4385 4426
f 4385 4387 4426
f 4405 4427 4408
f 4405 4428 4427
f 4428 4429 4427
f 4428 4430 4429
f 4430 4431 4429
f 4430 4432 4431
f 4432 4433 4431
f 4432 4434 4433
f 4434 4435 4433
f 4434 4436 4435
f 4436 4437 4435
f 4436 4438 4437
f 4438 4439 4437
f 4438 4440 4439
f 4440 4441 4439
f 4440 4442 4441
f 4440 4443 4442
f 4440 4444 4443
f 4440 4445 4444
f 4440 4446 4445
f 4446 4447 4445
f 4446 4448 4447
f 4446 4449 4448
f 4446 4450 4449
f 4446 4451 4450
f 4446 4452 4451
f 4452 4453 4451
f 4452 4454 4453
f 4452 4455 4454
f 4452 4456 4455
f 4452 4457 4456
f 4452 4458 4457
f 4458 4459 4457
f 4458 4460 4459
f 4460 4458 4461
f 4462 4460 4461
f 4463 4462 4461
f 4464 4463 4461
f 4464 4461 4465
f 4466 4464 4465
f 4467 4466 4465
f 4468 4467 4465
f 4469 4468 4465
f 4470 4469 4465
f 4470 4465 4471
f 4472 4470 4471
f 4473 4472 4471
f 4474 4473 4471
f 4475 4474 4471
f 4475 4471 4439
f 4476 4475 4439
f 4477 4476 4439
f 4478 4477 4439
f 4441 4478 4439
f 4458 4479 4461
f 4458 4480 4479
f 4480 4481 4479
f 4480 4482 4481
f 4481 4482 4483
f 4482 4484 4483
f 4484 4485 4483
f 4484 4486 4485
f 4486 4487 4485
f 4486 4488 4487
f 4488 4489 4487
f 4488 4490 4489
f 4490 4306 4489
f 4490 4309 4306
f 4479 4491 4492
f 4479 4481 4491
f 4481 4483 4491
f 4461 4479 4492
f 4461 4492 4493
f 4465 4461 4493
f 4465 4493 4494
f 4471 4465 4494
f 4471 4494 4495
f 4439 4471 4495
f 4439 4495 4496
f 4437 4439 4496
f 4437 4496 4497
f 4435 4437 4497
f 4435 4497 4498
f 4433 4435 4498
f 4433 4498 4499
f 4431 4433 4499
f 4431 4499 4500
f 4429 4431 4500
f 4429 4500 4501
f 4427 4429 4501
f 4427 4501 4502
f 4408 4427 4502
f 4408 4502 4503
f 4411 4408 4503
f 4411 4503 4504
f 4417 4411 4504
f 4417 4504 4505
f 4422 4417 4505
f 4422 4505 4506
f 4385 4422 4506
f 4385 4506 4507
f 4383 4385 4507
f 4383 4507 4508
f 4381 4383 4508
f 4381 4508 4509
f 4379 4381 4509
f 4379 4509 4510
f 4377 4379 4510
f 4377 4510 4511
f 4375 4377 4511
f 4375 4511 4512
f 4356 4375 4512
f 4356 4512 4513
f 4358 4356 4513
f 4358 4513 4514
f 4364 4358 4514
f 4364 4514 4515
f 4369 4364 4515
f 4369 4515 4516
f 4333 4369 4516
f 4333 4516 4517
f 4331 4333 4517
f 4331 4517 4518
f 4329 4331 4518
f 4329 4518 4519
f 4327 4329 4519
f 4327 4519 4520
f 4283 4327 4520
f 4283 4520 4521
f 4284 4283 4521
f 4284 4521 4522
f 4286 4284 4522
f 4286 4522 4523
f 4288 4286 4523
f 4288 4523 4524
f 4295 4288 4524
f 4295 4524 4525
f 4300 4295 4525
f 4300 4525 4526
f 4306 4300 4526
f 4306 4526 4527
f 4489 4306 4527
f 4489 4527 4528
f 4487 4489 4528
f 4487 4528 4529
f 4485 4487 4529
f 4485 4529 4530
f 4483 4485 4530
f 4491 4483 4530
f 4531 4532 4533
f 4534 4531 4533
f 4531 4534 4535
f 4532 4536 4533
f 4532 4537 4536
f 4537 4538 4536
f 4537 4539 4538
f 4539 4540 4538
f 4539 4541 4540
f 4539 4542 4541
f 4542 4543 4541
f 4542 4544 4543
f 4544 4545 4543
f 4544 4546 4545
f 4546 4547 4545
f 4546 4548 4547
f 4546 4549 4548
f 4549 4550 4548
f 4549 4551 4550
f 4551 4552 4550
f 4551 4553 4552
f 4553 4554 4552
f 4553 4555 4554
f 4553 4556 4555
f 4556 4557 4555
f 4556 4558 4557
f 4558 4559 4557
f 4558 4560 4559
f 4560 4561 4559
f 4560 4562 4561
f 4560 4563 4562
f 4563 4564 4562
f 4563 4565 4564
f 4565 4566 4564
f 4565 4567 4566
f 4567 4568 4566
f 4567 4569 4568
f 4567 4570 4569
f 4570 4571 4569
f 4570 4572 4571
f 4572 4573 4571
f 4572 4574 4573
f 4574 4575 4573
f 4574 4576 4575
f 4574 4577 4576
f 4577 4578 4576
f 4577 4579 4578
f 4579 4580 4578
f 4579 4581 4580
f 4581 4582 4580
f 4581 4583 4582
f 4581 4584 4583
f 4584 4585 4583
f 4584 4586 4585
f 4586 4535 4585
f 4586 4531 4535
f 4587 4588 4589
f 4590 4587 4589
f 4587 4590 4591
f 4588 4592 4589
f 4588 4593 4592
f 4593 4594 4592
f 4593 4595 4594
f 4595 4596 4594
f 4595 4597 4596
f 4595 4598 4597
f 4598 4599 4597
f 4598 4600 4599
f 4600 4601 4599
f 4600 4602 4601
f 4602 4603 4601
f 4602 4604 4603
f 4602 4605 4604
f 4605 4606 4604
f 4605 4607 4606
f 4607 4608 4606
f 4607 4609 4608
f 4609 4610 4608
f 4609 4611 4610
f 4609 4612 4611
f 4612 4613 4611
f 4612 4614 4613
f 4614 4615 4613
f 4614 4616 4615
f 4616 4617 4615
f 4616 4618 4617
f 4616 4619 4618
f 4619 4620 4618
f 4619 4621 4620
f 4621 4622 4620
f 4621 4623 4622
f 4623 4624 4622
f 4623 4625 4624
f 4623 4626 4625
f 4626 4627 4625
f 4626 4628 4627
f 4628 4629 4627
f 4628 4630 4629
f 4630 4631 4629
f 4630 4632 4631
f 4630 4633 4632
f 4633 4634 4632
f 4633 4635 4634
f 4635 4636 4634
f 4635 4637 4636
f 4637 4638 4636
f 4637 4639 4638
f 4637 4640 4639
f 4640 4641 4639
f 4640 4642 4641
f 4642 4591 4641
f 4642 4587 4591
f 4643 4644 4645
f 4646 4643 4645
f 4643 4646 4647
f 4644 4648 4645
f 4644 4649 4648
f 4649 4650 4648
f 4649 4651 4650
f 4651 4652 4650
f 4651 4653 4652
f 4651 4654 4653
f 4654 4655 4653
f 4654 4656 4655
f 4656 4657 4655
f 4656 4658 4657
f 4658 4659 4657
f 4658 4660 4659
f 4658 4661 4660
f 4661 4662 4660
f 4661 4663 4662
f 4663 4664 4662
f 4663 4665 4664
f 4665 4666 4664
f 4665 4667 4666
f 4665 4668 4667
f 4668 4669 4667
f 4668 4670 4669
f 4670 4671 4669
f 4670 4672 4671
f 4672 4673 4671
f 4672 4674 4673
f 4672 4675 4674
f 4675 4676 4674
f 4675 4677 4676
f 4677 4678 4676
f 4677 4679 4678
f 4679 4680 4678
f 4679 4681 4680
f 4679 4682 4681
f 4682 4683 4681
f 4682 4684 4683
f 4684 4685 4683
f 4684 4686 4685
f 4686 4687 4685
f 4686 4688 4687
f 4686 4689 4688
f 4689 4690 4688
f 4689 4691 4690
f 4691 4692 4690
f 4691 4693 4692
f 4693 4694 4692
f 4693 4695 4694
f 4693 4696 4695
f 4696 4697 4695
f 4696 4698 4697
f 4698 4647 4697
f 4698 4643 4647
f 4699 4700 4701
f 4702 4699 4701
f 4699 4702 4703
f 4700 4704 4701
f 4700 4705 4704
f 4705 4706 4704
f 4705 4707 4706
f 4707 4708 4706
f 4707 4709 4708
f 4707 4710 4709
f 4710 4711 4709
f 4710 4712 4711
f 4712 4713 4711
f 4712 4714 4713
f 4714 4715 4713
f 4714 4716 4715
f 4714 4717 4716
f 4717 4718 4716
f 4717 4719 4718
f 4719 4720 4718
f 4719 4721 4720
f 4721 4722 4720
f 4721 4723 4722
f 4721 4724 4723
f 4724 4725 4723
f 4724 4726 4725
f 4726 4727 4725
f 4726 4728 4727
f 4728 4729 4727
f 4728 4730 4729
f 4728 4731 4730
f 4731 4732 4730
f 4731 4733 4732
f 4733 4734 4732
f 4733 4735 4734
f 4735 4736 4734
f 4735 4737 4736
f 4735 4738 4737
f 4738 4739 4737
f 4738 4740 4739
f 4740 4741 4739
f 4740 4742 4741
f 4742 4743 4741
f 4742 4744 4743
f 4742 4745 4744
f 4745 4746 4744
f 4745 4747 4746
f 4747 4748 4746
f 4747 4749 4748
f 4749 4750 4748
f 4749 4751 4750
f 4749 4752 4751
f 4752 4753 4751
f 4752 4754 4753
f 4754 4703 4753
f 4754 4699 4703
f 4755 4756 4757
f 4758 4755 4757
f 4759 4755 4758
f 4759 4758 4760
f 4761 4759 4760
f 4761 4760 4762
f 4763 4761 4762
f 4763 4762 4764
f 4765 4763 4764
f 4765 4764 4766
f 4767 4765 4766
f 4767 4766 4768
f 4769 4767 4768
f 4769 4768 4770
f 4771 4769 4770
f 4771 4770 4772
f 4773 4771 4772
f 4773 4772 4774
f 4775 4773 4774
f 4775 4774 4776
f 4777 4775 4776
f 4777 4776 4778
f 4779 4777 4778
f 4779 4778 4780
f 4781 4779 4780
f 4781 4780 4782
f 4783 4781 4782
f 4783 4782 4784
f 4785 4783 4784
f 4785 4784 4786
f 4787 4785 4786
f 4787 4786 4788
f 4789 4787 4788
f 4789 4788 4790
f 4791 4789 4790
f 4791 4790 4792
f 4793 4791 4792
f 4793 4792 4794
f 4795 4793 4794
f 4795 4794 4796
f 4797 4795 4796
f 4797 4796 4798
f 4799 4797 4798
f 4799 4798 4800
f 4801 4799 4800
f 4801 4800 4802
f 4756 4801 4802
f 4756 4802 4757
f 4803 4804 4805
f 4806 4803 4805
f 4807 4803 4806
f 4807 4806 4808
f 4809 4807 4808
f 4809 4808 4810
f 4811 4809 4810
f 4811 4810 4812
f 4813 4811 4812
f 4813 4812 4814
f 4815 4813 4814
f 4815 4814 4816
f 4817 4815 4816
f 4817 4816 4818
f 4819 4817 4818
f 4819 4818 4820
f 4821 4819 4820
f 4821 4820 4822
f 4823 4821 4822
f 4823 4822 4824
f 4825 4823 4824
f 4825 4824 4826
f 4827 4825 4826
f 4827 4826 4828
f 4829 4827 4828
f 4829 4828 4830
f 4831 4829 4830
f 4831 4830 4832
f 4833 4831 4832
f 4833 4832 4834
f 4835 4833 4834
f 4835 4834 4836
f 4837 4835 4836
f 4837 4836 4838
f 4839 4837 4838
f 4839 4838 4840
f 4841 4839 4840
f 4841 4840 4842
f 4843 4841 4842
f 4843 4842 4844
f 4845 4843 4844
f 4845 4844 4846
f 4847 4845 4846
f 4847 4846 4848
f 4849 4847 4848
f 4849 4848 4850
f 4804 4849 4850
f 4804 4850 4805
f 4851 4852 4853
f 4854 4851 4853
f 4855 4851 4854
f 4855 4854 4856
f 4857 4855 4856
f 4857 4856 4858
f 4859 4857 4858
f 4859 4858 4860
f 4861 4859 4860
f 4861 4860 4862
f 4863 4861 4862
f 4863 4862 4864
f 4865 4863 4864
f 4865 4864 4866
f 4867 4865 4866
f 4867 4866 4868
f 4869 4867 4868
f 4869 4868 4870
f 4871 4869 4870
f 4871 4870 4872
f 4873 4871 4872
f 4873 4872 4874
f 4875 4873 4874
f 4875 4874 4876
f 4877 4875 4876
f 4877 4876 4878
f 4879 4877 4878
f 4879 4878 4880
f 4881 4879 4880
f 4881 4880 4882
f 4883 4881 4882
f 4883 4882 4884
f 4885 4883 4884
f 4885 4884 4886
f 4887 4885 4886
f 4887 4886 4888
f 4889 4887 4888
f 4889 4888 4890
f 4891 4889 4890
f 4891 4890 4892
f 4893 4891 4892
f 4893 4892 4894
f 4895 4893 4894
f 4895 4894 4896
f 4897 4895 4896
f 4897 4896 4898
f 4852 4897 4898
f 4852 4898 4853
f 4899 4900 4901
f 4899 4901 4902
f 4903 4899 4902
f 4903 4902 4904
f 4905 4903 4904
f 4905 4904 4906
f 4907 4905 4906
f 4907 4906 4908
f 4909 4907 4908
f 4909 4908 4910
f 4911 4909 4910
f 4911 4910 4912
f 4913 4911 4912
f 4913 4912 4914
f 4915 4913 4914
f 4915 4914 4916
f 4917 4915 4916
f 4917 4916 4918
f 4919 4917 4918
f 4919 4918 4920
f 4921 4919 4920
f 4921 4920 4922
f 4923 4921 4922
f 4923 4922 4924
f 4925 4923 4924
f 4925 4924 4926
f 4927 4925 4926
f 4927 4926 4928
f 4929 4927 4928
f 4929 4928 4930
f 4931 4929 4930
f 4931 4930 4932
f 4933 4931 4932
f 4933 4932 4934
f 4935 4933 4934
f 4935 4934 4936
f 4937 4935 4936
f 4937 4936 4938
f 4939 4937 4938
f 4939 4938 4940
f 4941 4939 4940
f 4941 4940 4942
f 4943 4941 4942
f 4943 4942 4944
f 4945 4943 4944
f 4945 4944 4946
f 4947 4945 4946
f 4947 4946 4948
f 4949 4947 4948
f 4949 4948 4950
f 4951 4949 4950
f 4951 4950 4952
f 4953 4951 4952
f 4953 4952 4954
f 4955 4953 4954
f 4956 4955 4954
f 4957 4955 4956
f 4957 4956 4958
f 4959 4957 4958
f 4959 4958 4960
f 4961 4959 4960
f 4961 4960 4962
f 4963 4961 4962
f 4963 4962 4964
f 4965 4963 4964
f 4965 4964 4966
f 4967 4965 4966
f 4967 4966 4968
f 4969 4967 4968
f 4969 4968 4970
f 4900 4969 4970
f 4900 4970 4901
f 4971 4972 4973
f 4974 4971 4973
f 4975 4971 4974
f 4975 4974 4976
f 4977 4975 4976
f 4977 4976 4978
f 4979 4977 4978
f 4979 4978 4980
f 4981 4979 4980
f 4981 4980 4982
f 4983 4981 4982
f 4983 4982 4984
f 4985 4983 4984
f 4985 4984 4986
f 4987 4985 4986
f 4987 4986 4988
f 4989 4987 4988
f 4989 4988 4990
f 4991 4989 4990
f 4991 4990 4992
f 4993 4991 4992
f 4993 4992 4994
f 4995 4993 4994
f 4995 4994 4996
f 4997 4995 4996
f 4997 4996 4998
f 4999 4997 4998
f 4999 4998 5000
f 5001 4999 5000
f 5001 5000 5002
f 5003 5001 5002
f 5003 5002 5004
f 5005 5003 5004
f 5005 5004 5006
f 5007 5005 5006
f 5007 5006 5008
f 5009 5007 5008
f 5009 5008 5010
f 5011 5009 5010
f 5011 5010 5012
f 5013 5011 5012
f 5013 5012 5014
f 5015 5013 5014
f 5015 5014 5016
f 5017 5015 5016
f 5017 5016 5018
f 4972 5017 5018
f 4972 5018 4973
f 5019 5020 5021
f 5022 5019 5021
f 5023 5019 5022
f 5023 5022 5024
f 5025 5023 5024
f 5025 5024 5026
f 5027 5025 5026
f 5027 5026 5028
f 5029 5027 5028
f 5029 5028 5030
f 5031 5029 5030
f 5031 5030 5032
f 5033 5031 5032
f 5033 5032 5034
f 5035 5033 5034
f 5035 5034 5036
f 5037 5035 5036
f 5037 5036 5038
f 5039 5037 5038
f 5039 5038 5040
f 5041 5039 5040
f 5041 5040 5042
f 5043 5041 5042
f 5043 5042 5044
f 5045 5043 5044
f 5045 5044 5046
f 5047 5045 5046
f 5047 5046 5048
f 5049 5047 5048
f 5049 5048 5050
f 5051 5049 5050
f 5051 5050 5052
f 5053 5051 5052
f 5053 5052 5054
f 5055 5053 5054
f 5055 5054 5056
f 5057 5055 5056
f 5057 5056 5058
f 5059 5057 5058
f 5059 5058 5060
f 5061 5059 5060
f 5061 5060 5062
f 5063 5061 5062
f 5063 5062 5064
f 5065 5063 5064
f 5065 5064 5066
f 5020 5065 5066
f 5020 5066 5021
f 5067 5068 5069
f 5070 5067 5069
f 5071 5067 5070
f 5071 5070 5072
f 5073 5071 5072
f 5073 5072 5074
f 5075 5073 5074
f 5075 5074 5076
f 5077 5075 5076
f 5077 5076 5078
f 5079 5077 5078
f 5079 5078 5080
f 5081 5079 5080
f 5081 5080 5082
f 5083 5081 5082
f 5083 5082 5084
f 5085 5083 5084
f 5085 5084 5086
f 5087 5085 5086
f 5087 5086 5088
f 5089 5087 5088
f 5089 5088 5090
f 5091 5089 5090
f 5091 5090 5092
f 5093 5091 5092
f 5093 5092 5094
f 5095 5093 5094
f 5095 5094 5096
f 5097 5095 5096
f 5097 5096 5098
f 5099 5097 5098
f 5099 5098 5100
f 5101 5099 5100
f 5101 5100 5102
f 5103 5101 5102
f 5103 5102 5104
f 5105 5103 5104
f 5105 5104 5106
f 5107 5105 5106
f 5107 5106 5108
f 5109 5107 5108
f 5109 5108 5110
f 5111 5109 5110
f 5111 5110 5112
f 5113 5111 5112
f 5113 5112 5114
f 5068 5113 5114
f 5068 5114 5069
f 5115 5116 5117
f 5118 5115 5117
f 5119 5115 5118
f 5119 5118 5120
f 5121 5119 5120
f 5121 5120 5122
f 5123 5121 5122
f 5123 5122 5124
f 5125 5123 5124
f 5125 5124 5126
f 5127 5125 5126
f 5127 5126 5128
f 5129 5127 5128
f 5129 5128 5130
f 5131 5129 5130
f 5131 5130 5132
f 5133 5131 5132
f 5133 5132 5134
f 5135 5133 5134
f 5135 5134 5136
f 5137 5135 5136
f 5137 5136 5138
f 5139 5137 5138
f 5139 5138 5140
f 5141 5139 5140
f 5141 5140 5142
f 5143 5141 5142
f 5143 5142 5144
f 5145 5143 5144
f 5145 5144 5146
f 5147 5145 5146
f 5147 5146 5148
f 5149 5147 5148
f 5149 5148 5150
f 5151 5149 5150
f 5151 5150 5152
f 5153 5151 5152
f 5153 5152 5154
f 5155 5153 5154
f 5155 5154 5156
f 5157 5155 5156
f 5157 5156 5158
f 5159 5157 5158
f 5159 5158 5160
f 5161 5159 5160
f 5161 5160 5162
f 5116 5161 5162
f 5116 5162 5117
f 5163 5164 5165
f 5166 5163 5165
f 5167 5163 5166
f 5167 5166 5168
f 5169 5167 5168
f 5169 5168 5170
f 5171 5169 5170
f 5171 5170 5172
f 5173 5171 5172
f 5173 5172 5174
f 5175 5173 5174
f 5175 5174 5176
f 5177 5175 5176
f 5177 5176 5178
f 5179 5177 5178
f 5179 5178 5180
f 5181 5179 5180
f 5181 5180 5182
f 5183 5181 5182
f 5183 5182 5184
f 5185 5183 5184
f 5185 5184 5186
f 5187 5185 5186
f 5187 5186 5188
f 5189 5187 5188
f 5189 5188 5190
f 5191 5189 5190
f 5191 5190 5192
f 5193 5191 5192
f 5193 5192 5194
f 5195 5193 5194
f 5195 5194 5196
f 5197 5195 5196
f 5197 5196 5198
f 5199 5197 5198
f 5199 5198 5200
f 5201 5199 5200
f 5201 5200 5202
f 5203 5201 5202
f 5203 5202 5204
f 5205 5203 5204
f 5205 5204 5206
f 5207 5205 5206
f 5207 5206 5208
f 5209 5207 5208
f 5209 5208 5210
f 5164 5209 5210
f 5164 5210 5165
f 5211 5212 5213
f 5214 5211 5213
f 5215 5211 5214
f 5215 5214 5216
f 5217 5215 5216
f 5217 5216 5218
f 5219 5217 5218
f 5219 5218 5220
f 5221 5219 5220
f 5221 5220 5222
f 5223 5221 5222
f 5223 5222 5224
f 5225 5223 5224
f 5225 5224 5226
f 5227 5225 5226
f 5227 5226 5228
f 5229 5227 5228
f 5229 5228 5230
f 5231 5229 5230
f 5231 5230 5232
f 5233 5231 5232
f 5233 5232 5234
f 5235 5233 5234
f 5235 5234 5236
f 5237 5235 5236
f 5237 5236 5238
f 5239 5237 5238
f 5239 5238 5240
f 5241 5239 5240
f 5241 5240 5242
f 5243 5241 5242
f 5243 5242 5244
f 5245 5243 5244
f 5245 5244 5246
f 5247 5245 5246
f 5247 5246 5248
f 5249 5247 5248
f 5249 5248 5250
f 5251 5249 5250
f 5251 5250 5252
f 5253 5251 5252
f 5253 5252 5254
f 5255 5253 5254
f 5255 5254 5256
f 5257 5255 5256
f 5257 5256 5258
f 5212 5257 5258
f 5212 5258 5213
f 5259 5260 5261
f 5262 5259 5261
f 5263 5259 5262
f 5263 5262 5264
f 5265 5263 5264
f 5265 5264 5266
f 5267 5265 5266
f 5267 5266 5268
f 5269 5267 5268
f 5269 5268 5270
f 5271 5269 5270
f 5271 5270 5272
f 5273 5271 5272
f 5273 5272 5274
f 5275 5273 5274
f 5275 5274 5276
f 5277 5275 5276
f 5277 5276 5278
f 5279 5277 5278
f 5279 5278 5280
f 5281 5279 5280
f 5281 5280 5282
f 5283 5281 5282
f 5283 5282 5284
f 5285 5283 5284
f 5285 5284 5286
f 5287 5285 5286
f 5287 5286 5288
f 5289 5287 5288
f 5289 5288 5290
f 5291 5289 5290
f 5291 5290 5292
f 5293 5291 5292
f 5293 5292 5294
f 5295 5293 5294
f 5295 5294 5296
f 5297 5295 5296
f 5297 5296 5298
f 5299 5297 5298
f 5299 5298 5300
f 5301 5299 5300
f 5301 5300 5302
f 5303 5301 5302
f 5303 5302 5304
f 5305 5303 5304
f 5305 5304 5306
f 5260 5305 5306
f 5260 5306 5261
f 4900 5307 5308
f 4900 4899 5307
f 5307 4899 5309
f 4899 4903 5309
f 4903 5310 5309
f 4903 4905 5310
f 4905 5311 5310
f 4905 4907 5311
f 4907 5312 5311
f 4907 4909 5312
f 4909 5313 5312
f 4909 4911 5313
f 4911 5314 5313
f 4911 4913 5314
f 4913 5315 5314
f 4913 4915 5315
f 4915 5316 5315
f 4915 4917 5316
f 4917 5317 5316
f 4917 4919 5317
f 4919 5318 5317
f 4919 4921 5318
f 4921 5319 5318
f 4921 4923 5319
f 4923 5320 5319
f 4923 4925 5320
f 4925 5321 5320
f 4925 4927 5321
f 4927 5322 5321
f 4927 4929 5322
f 4929 5323 5322
f 4929 4931 5323
f 4931 5324 5323
f 4931 4933 5324
f 4933 5325 5324
f 4933 4935 5325
f 4935 5326 5325
f 4935 4937 5326
f 4937 5327 5326
f 4937 4939 5327
f 4939 5328 5327
f 4939 4941 5328
f 4941 5329 5328
f 4941 4943 5329
f 4943 5330 5329
f 4943 4945 5330
f 4945 5331 5330
f 4945 4947 5331
f 4947 5332 5331
f 4947 4949 5332
f 4949 5333 5332
f 4949 4951 5333
f 4951 5334 5333
f 4951 4953 5334
f 4953 5335 5334
f 4953 4955 5335
f 4955 5336 5335
f 4955 4957 5336
f 4957 5337 5336
f 4957 4959 5337
f 4959 5338 5337
f 4959 4961 5338
f 4961 5339 5338
f 4961 4963 5339
f 4963 5340 5339
f 4963 4965 5340
f 4965 5341 5340
f 4965 4967 5341
f 4967 5342 5341
f 4967 4969 5342
f 4969 5308 5342
f 4969 4900 5308
f 5343 5344 5345
f 5346 5343 5345
f 5347 5343 5346
f 5347 5346 5348
f 5349 5347 5348
f 5349 5348 5350
f 5351 5349 5350
f 5351 5350 5352
f 5353 5351 5352
f 5353 5352 5354
f 5355 5353 5354
f 5355 5354 5356
f 5357 5355 5356
f 5357 5356 5358
f 5359 5357 5358
f 5359 5358 5360
f 5361 5359 5360
f 5361 5360 5362
f 5363 5361 5362
f 5363 5362 5364
f 5365 5363 5364
f 5365 5364 5366
f 5367 5365 5366
f 5367 5366 5368
f 5369 5367 5368
f 5369 5368 5370
f 5371 5369 5370
f 5371 5370 5372
f 5373 5371 5372
f 5373 5372 5374
f 5375 5373 5374
f 5375 5374 5376
f 5377 5375 5376
f 5377 5376 5378
f 5379 5377 5378
f 5379 5378 5380
f 5381 5379 5380
f 5381 5380 5382
f 5383 5381 5382
f 5383 5382 5384
f 5385 5383 5384
f 5385 5384 5386
f 5387 5385 5386
f 5387 5386 5388
f 5389 5387 5388
f 5389 5388 5390
f 5344 5389 5390
f 5344 5390 5345
f 5391 5392 5393
f 5394 5391 5393
f 5395 5391 5394
f 5395 5394 5396
f 5397 5395 5396
f 5397 5396 5398
f 5399 5397 5398
f 5399 5398 5400
f 5401 5399 5400
f 5401 5400 5402
f 5403 5401 5402
f 5403 5402 5404
f 5405 5403 5404
f 5405 5404 5406
f 5407 5405 5406
f 5407 5406 5408
f 5409 5407 5408
f 5409 5408 5410
f 5411 5409 5410
f 5411 5410 5412
f 5413 5411 5412
f 5413 5412 5414
f 5415 5413 5414
f 5415 5414 5416
f 5417 5415 5416
f 5417 5416 5418
f 5419 5417 5418
f 5419 5418 5420
f 5421 5419 5420
f 5421 5420 5422
f 5423 5421 5422
f 5423 5422 5424
f 5425 5423 5424
f 5425 5424 5426
f 5427 5425 5426
f 5427 5426 5428
f 5429 5427 5428
f 5429 5428 5430
f 5431 5429 5430
f 5431 5430 5432
f 5433 5431 5432
f 5433 5432 5434
f 5435 5433 5434
f 5435 5434 5436
f 5437 5435 5436
f 5437 5436 5438
f 5392 5437 5438
f 5392 5438 5393
f 5439 5440 5441
f 5442 5439 5441
f 5443 5439 5442
f 5443 5442 5444
f 5445 5443 5444
f 5445 5444 5446
f 5447 5445 5446
f 5447 5446 5448
f 5449 5447 5448
f 5449 5448 5450
f 5451 5449 5450
f 5451 5450 5452
f 5453 5451 5452
f 5453 5452 5454
f 5455 5453 5454
f 5455 5454 5456
f 5457 5455 5456
f 5457 5456 5458
f 5459 5457 5458
f 5459 5458 5460
f 5461 5459 5460
f 5461 5460 5462
f 5463 5461 5462
f 5463 5462 5464
f 5465 5463 5464
f 5465 5464 5466
f 5467 5465 5466
f 5467 5466 5468
f 5469 5467 5468
f 5469 5468 5470
f 5471 5469 5470
f 5471 5470 5472
f 5473 5471 5472
f 5473 5472 5474
f 5475 5473 5474
f 5475 5474 5476
f 5477 5475 5476
f 5477 5476 5478
f 5479 5477 5478
f 5479 5478 5480
f 5481 5479 5480
f 5481 5480 5482
f 5483 5481 5482
f 5483 5482 5484
f 5485 5483 5484
f 5485 5484 5486
f 5440 5485 5486
f 5440 5486 5441
f 5487 5488 5489
f 5487 5489 5490
f 5491 5487 5490
f 5491 5490 5492
f 5493 5491 5492
f 5493 5492 5494
f 5495 5493 5494
f 5495 5494 5496
f 5497 5495 5496
f 5497 5496 5498
f 5499 5497 5498
f 5499 5498 5500
f 5501 5499 5500
f 5502 5501 5500
f 5503 5501 5502
f 5503 5502 5504
f 5505 5503 5504
f 5505 5504 5506
f 5507 5505 5506
f 5507 5506 5508
f 5509 5507 5508
f 5509 5508 5510
f 5511 5509 5510
f 5511 5510 5512
f 5513 5511 5512
f 5513 5512 5514
f 5515 5513 5514
f 5515 5514 5516
f 5517 5515 5516
f 5517 5516 5518
f 5519 5517 5518
f 5519 5518 5520
f 5521 5519 5520
f 5521 5520 5522
f 5523 5521 5522
f 5523 5522 5524
f 5525 5523 5524
f 5525 5524 5526
f 5527 5525 5526
f 5527 5526 5528
f 5529 5527 5528
f 5529 5528 5530
f 5531 5529 5530
f 5531 5530 5532
f 5533 5531 5532
f 5533 5532 5534
f 5488 5533 5534
f 5488 5534 5489
f 5535 5536 5537
f 5538 5535 5537
f 5539 5535 5538
f 5539 5538 5540
f 5541 5539 5540
f 5541 5540 5542
f 5543 5541 5542
f 5543 5542 5544
f 5545 5543 5544
f 5545 5544 5546
f 5547 5545 5546
f 5547 5546 5548
f 5549 5547 5548
f 5549 5548 5550
f 5551 5549 5550
f 5551 5550 5552
f 5553 5551 5552
f 5553 5552 5554
f 5555 5553 5554
f 5555 5554 5556
f 5557 5555 5556
f 5557 5556 5558
f 5559 5557 5558
f 5559 5558 5560
f 5561 5559 5560
f 5561 5560 5562
f 5563 5561 5562
f 5563 5562 5564
f 5565 5563 5564
f 5565 5564 5566
f 5567 5565 5566
f 5567 5566 5568
f 5569 5567 5568
f 5569 5568 5570
f 5571 5569 5570
f 5571 5570 5572
f 5573 5571 5572
f 5573 5572 5574
f 5575 5573 5574
f 5575 5574 5576
f 5577 5575 5576
f 5577 5576 5578
f 5579 5577 5578
f 5579 5578 5580
f 5581 5579 5580
f 5581 5580 5582
f 5536 5581 5582
f 5536 5582 5537
f 5583 5584 5585
f 5586 5583 5585
f 5587 5583 5586
f 5587 5586 5588
f 5589 5587 5588
f 5589 5588 5590
f 5591 5589 5590
f 5591 5590 5592
f 5593 5591 5592
f 5593 5592 5594
f 5595 5593 5594
f 5595 5594 5596
f 5597 5595 5596
f 5597 5596 5598
f 5599 5597 5598
f 5599 5598 5600
f 5601 5599 5600
f 5601 5600 5602
f 5603 5601 5602
f 5603 5602 5604
f 5605 5603 5604
f 5605 5604 5606
f 5607 5605 5606
f 5607 5606 5608
f 5609 5607 5608
f 5609 5608 5610
f 5611 5609 5610
f 5611 5610 5612
f 5613 5611 5612
f 5613 5612 5614
f 5615 5613 5614
f 5615 5614 5616
f 5617 5615 5616
f 5617 5616 5618
f 5619 5617 5618
f 5619 5618 5620
f 5621 5619 5620
f 5621 5620 5622
f 5623 5621 5622
f 5623 5622 5624
f 5625 5623 5624
f 5625 5624 5626
f 5627 5625 5626
f 5627 5626 5628
f 5629 5627 5628
f 5629 5628 5630
f 5584 5629 5630
f 5584 5630 5585
f 5631 5632 5633
f 5631 5633 5634
f 5635 5631 5634
f 5635 5634 5636
f 5637 5635 5636
f 5637 5636 5638
f 5639 5637 5638
f 5639 5638 5640
f 5641 5639 5640
f 5641 5640 5642
f 5643 5641 5642
f 5643 5642 5644
f 5645 5643 5644
f 5646 5645 5644
f 5647 5645 5646
f 5647 5646 5648
f 5649 5647 5648
f 5649 5648 5650
f 5651 5649 5650
f 5651 5650 5652
f 5653 5651 5652
f 5653 5652 5654
f 5655 5653 5654
f 5655 5654 5656
f 5657 5655 5656
f 5657 5656 5658
f 5659 5657 5658
f 5659 5658 5660
f 5661 5659 5660
f 5661 5660 5662
f 5663 5661 5662
f 5663 5662 5664
f 5665 5663 5664
f 5665 5664 5666
f 5667 5665 5666
f 5667 5666 5668
f 5669 5667 5668
f 5669 5668 5670
f 5671 5669 5670
f 5671 5670 5672
f 5673 5671 5672
f 5673 5672 5674
f 5675 5673 5674
f 5675 5674 5676
f 5677 5675 5676
f 5677 5676 5678
f 5632 5677 5678
f 5632 5678 5633
f 5679 5680 5681
f 5679 5681 5682
f 5683 5679 5682
f 5683 5682 5684
f 5685 5683 5684
f 5685 5684 5686
f 5687 5685 5686
f 5687 5686 5688
f 5689 5687 5688
f 5689 5688 5690
f 5691 5689 5690
f 5691 5690 5692
f 5693 5691 5692
f 5694 5693 5692
f 5695 5693 5694
f 5695 5694 5696
f 5697 5695 5696
f 5697 5696 5698
f 5699 5697 5698
f 5699 5698 5700
f 5701 5699 5700
f 5701 5700 5702
f 5703 5701 5702
f 5703 5702 5704
f 5705 5703 5704
f 5705 5704 5706
f 5707 5705 5706
f 5707 5706 5708
f 5709 5707 5708
f 5709 5708 5710
f 5711 5709 5710
f 5711 5710 5712
f 5713 5711 5712
f 5713 5712 5714
f 5715 5713 5714
f 5715 5714 5716
f 5717 5715 5716
f 5717 5716 5718
f 5719 5717 5718
f 5719 5718 5720
f 5721 5719 5720
f 5721 5720 5722
f 5723 5721 5722
f 5723 5722 5724
f 5725 5723 5724
f 5725 5724 5726
f 5680 5725 5726
f 5680 5726 5681
f 5727 5728 5729
f 5727 5729 5730
f 5731 5727 5730
f 5731 5730 5732
f 5733 5731 5732
f 5733 5732 5734
f 5735 5733 5734
f 5735 5734 5736
f 5737 5735 5736
f 5737 5736 5738
f 5739 5737 5738
f 5739 5738 5740
f 5741 5739 5740
f 5742 5741 5740
f 5743 5741 5742
f 5743 5742 5744
f 5745 5743 5744
f 5745 5744 5746
f 5747 5745 5746
f 5747 5746 5748
f 5749 5747 5748
f 5749 5748 5750
f 5751 5749 5750
f 5751 5750 5752
f 5753 5751 5752
f 5753 5752 5754
f 5755 5753 5754
f 5755 5754 5756
f 5757 5755 5756
f 5757 5756 5758
f 5759 5757 5758
f 5759 5758 5760
f 5761 5759 5760
f 5761 5760 5762
f 5763 5761 5762
f 5763 5762 5764
f 5765 5763 5764
f 5765 5764 5766
f 5767 5765 5766
f 5767 5766 5768
f 5769 5767 5768
f 5769 5768 5770
f 5771 5769 5770
f 5771 5770 5772
f 5773 5771 5772
f 5773 5772 5774
f 5728 5773 5774
f 5728 5774 5729
f 5775 5776 5777
f 5778 5775 5777
f 5779 5775 5778
f 5779 5778 5780
f 5781 5779 5780
f 5781 5780 5782
f 5783 5781 5782
f 5783 5782 5784
f 5785 5783 5784
f 5785 5784 5786
f 5787 5785 5786
f 5787 5786 5788
f 5789 5787 5788
f 5789 5788 5790
f 5791 5789 5790
f 5791 5790 5792
f 5793 5791 5792
f 5793 5792 5794
f 5795 5793 5794
f 5795 5794 5796
f 5797 5795 5796
f 5797 5796 5798
f 5799 5797 5798
f 5799 5798 5800
f 5801 5799 5800
f 5801 5800 5802
f 5803 5801 5802
f 5803 5802 5804
f 5805 5803 5804
f 5805 5804 5806
f 5807 5805 5806
f 5807 5806 5808
f 5809 5807 5808
f 5809 5808 5810
f 5811 5809 5810
f 5811 5810 5812
f 5813 5811 5812
f 5813 5812 5814
f 5815 5813 5814
f 5815 5814 5816
f 5817 5815 5816
f 5817 5816 5818
f 5819 5817 5818
f 5819 5818 5820
f 5821 5819 5820
f 5821 5820 5822
f 5776 5821 5822
f 5776 5822 5777
f 5372 5823 5824
f 5372 5370 5823
f 5823 5370 5825
f 5370 5368 5825
f 5368 5826 5825
f 5368 5366 5826
f 5366 5827 5826
f 5366 5364 5827
f 5364 5828 5827
f 5364 5362 5828
f 5362 5829 5828
f 5362 5360 5829
f 5360 5830 5829
f 5360 5358 5830
f 5358 5831 5830
f 5358 5356 5831
f 5356 5832 5831
f 5356 5354 5832
f 5354 5833 5832
f 5354 5352 5833
f 5352 5834 5833
f 5352 5350 5834
f 5350 5835 5834
f 5350 5348 5835
f 5348 5836 5835
f 5348 5346 5836
f 5346 5837 5836
f 5346 5345 5837
f 5345 5838 5837
f 5345 5390 5838
f 5390 5839 5838
f 5390 5388 5839
f 5388 5840 5839
f 5388 5386 5840
f 5386 5841 5840
f 5386 5384 5841
f 5384 5842 5841
f 5384 5382 5842
f 5382 5843 5842
f 5382 5380 5843
f 5380 5844 5843
f 5380 5378 5844
f 5378 5845 5844
f 5378 5376 5845
f 5376 5846 5845
f 5376 5374 5846
f 5374 5824 5846
f 5374 5372 5824
f 5847 5848 5849
f 5850 5847 5849
f 5851 5847 5850
f 5851 5850 5852
f 5853 5851 5852
f 5853 5852 5854
f 5855 5853 5854
f 5855 5854 5856
f 5857 5855 5856
f 5857 5856 5858
f 5859 5857 5858
f 5859 5858 5860
f 5861 5859 5860
f 5861 5860 5862
f 5863 5861 5862
f 5863 5862 5864
f 5865 5863 5864
f 5865 5864 5866
f 5867 5865 5866
f 5867 5866 5868
f 5869 5867 5868
f 5869 5868 5870
f 5871 5869 5870
f 5871 5870 5872
f 5873 5871 5872
f 5873 5872 5874
f 5875 5873 5874
f 5875 5874 5876
f 5877 5875 5876
f 5877 5876 5878
f 5879 5877 5878
f 5879 5878 5880
f 5881 5879 5880
f 5881 5880 5882
f 5883 5881 5882
f 5883 5882 5884
f 5885 5883 5884
f 5885 5884 5886
f 5887 5885 5886
f 5887 5886 5888
f 5889 5887 5888
f 5889 5888 5890
f 5891 5889 5890
f 5891 5890 5892
f 5893 5891 5892
f 5893 5892 5894
f 5848 5893 5894
f 5848 5894 5849
f 5895 5896 5897
f 5898 5895 5897
f 5899 5895 5898
f 5899 5898 5900
f 5901 5899 5900
f 5901 5900 5902
f 5903 5901 5902
f 5903 5902 5904
f 5905 5903 5904
f 5905 5904 5906
f 5907 5905 5906
f 5907 5906 5908
f 5909 5907 5908
f 5909 5908 5910
f 5911 5909 5910
f 5911 5910 5912
f 5913 5911 5912
f 5913 5912 5914
f 5915 5913 5914
f 5915 5914 5916
f 5917 5915 5916
f 5917 5916 5918
f 5919 5917 5918
f 5919 5918 5920
f 5921 5919 5920
f 5921 5920 5922
f 5923 5921 5922
f 5923 5922 5924
f 5925 5923 5924
f 5925 5924 5926
f 5927 5925 5926
f 5927 5926 5928
f 5929 5927 5928
f 5929 5928 5930
f 5931 5929 5930
f 5931 5930 5932
f 5933 5931 5932
f 5933 5932 5934
f 5935 5933 5934
f 5935 5934 5936
f 5937 5935 5936
f 5937 5936 5938
f 5939 5937 5938
f 5939 5938 5940
f 5941 5939 5940
f 5941 5940 5942
f 5896 5941 5942
f 5896 5942 5897
f 5943 5944 5945
f 5944 5946 5945
f 5946 5947 5945
f 5946 5948 5947
f 5947 5948 5949
f 5948 5950 5949
f 5949 5950 5951
f 5950 5952 5951
f 5952 5953 5951
f 5951 5953 5954
f 5953 5955 5954
f 5954 5955 5956
f 5955 5957 5956
f 5956 5957 5958
f 5957 5959 5958
f 5959 5960 5958
f 5958 5960 5961
f 5960 5962 5961
f 5961 5962 5963
f 5962 5964 5963
f 5963 5964 5965
f 5964 5966 5965
f 5966 5967 5965
f 5965 5967 5968
f 5967 5969 5968
f 5968 5969 5970
f 5969 5971 5970
f 5971 5972 5970
f 5971 5973 5972
f 5973 5974 5972
f 5972 5974 5975
f 5974 5976 5975
f 5975 5976 5977
f 5976 5978 5977
f 5977 5978 5979
f 5978 5980 5979
f 5980 5981 5979
f 5979 5981 5982
f 5981 5983 5982
f 5982 5983 5984
f 5983 5985 5984
f 5984 5985 5986
f 5985 5987 5986
f 5987 5988 5986
f 5986 5988 5989
f 5988 5990 5989
f 5989 5990 5991
f 5990 5992 5991
f 5991 5992 5993
f 5992 5994 5993
f 5994 5995 5993
f 5993 5995 5996
f 5995 5997 5996
f 5996 5997 5998
f 5997 5943 5998
f 5943 5945 5998
f 5442 5441 5999
f 6000 5442 5999
f 5444 5442 6000
f 5444 6000 6001
f 5446 5444 6001
f 5446 6001 6002
f 5448 5446 6002
f 5448 6002 6003
f 5450 5448 6003
f 5450 6003 6004
f 5452 5450 6004
f 5452 6004 6005
f 5452 6005 6006
f 6005 6007 6006
f 6006 6007 6008
f 6007 6009 6008
f 6008 6009 6010
f 6009 6011 6010
f 6010 6011 6012
f 6011 6013 6012
f 6012 6013 6014
f 6013 5996 6014
f 6014 5996 6015
f 5996 5998 6015
f 5998 5945 6015
f 5441 6016 5999
f 5441 5486 6016
f 5486 6017 6016
f 5486 5484 6017
f 5484 6018 6017
f 5484 5482 6018
f 5482 6019 6018
f 5482 5480 6019
f 5480 6020 6019
f 5480 5478 6020
f 5478 6021 6020
f 5478 5476 6021
f 5476 6022 6021
f 5476 5474 6022
f 5474 6023 6022
f 5474 5472 6023
f 5472 6024 6023
f 5472 5470 6024
f 5470 6025 6024
f 5470 5468 6025
f 5468 5466 6025
f 6025 5466 6026
f 5466 5464 6026
f 6026 5464 6027
f 5464 6028 6027
f 6028 6029 6027
f 6030 6029 6028
f 6030 6031 6029
f 6032 6031 6030
f 6032 6010 6031
f 6008 6010 6032
f 5464 5462 6028
f 5462 5460 6028
f 5460 6030 6028
f 5460 5458 6030
f 5458 6032 6030
f 5458 6033 6032
f 6033 6008 6032
f 6006 6008 6033
f 5458 5456 6033
f 5456 5454 6033
f 5454 6006 6033
f 5454 5452 6006
f 5972 6034 5970
f 5970 6034 6035
f 5968 5970 6035
f 6036 5968 6035
f 5965 5968 6036
f 6037 5965 6036
f 5963 5965 6037
f 6038 5963 6037
f 5961 5963 6038
f 6039 5961 6038
f 5958 5961 6039
f 6040 5958 6039
f 5956 5958 6040
f 6041 5956 6040
f 5954 5956 6041
f 6042 5954 6041
f 5951 5954 6042
f 6043 5951 6042
f 5949 5951 6043
f 6044 5949 6043
f 5947 5949 6044
f 6045 5947 6044
f 5947 6045 6046
f 6045 6047 6046
f 6046 6047 6048
f 6048 6047 6049
f 6050 6048 6049
f 6029 6050 6049
f 6031 6050 6029
f 6034 6051 6035
f 6035 6051 6052
f 6036 6035 6052
f 6053 6036 6052
f 6037 6036 6053
f 6054 6037 6053
f 6038 6037 6054
f 6055 6038 6054
f 6039 6038 6055
f 6056 6039 6055
f 6040 6039 6056
f 6057 6040 6056
f 6041 6040 6057
f 6058 6041 6057
f 6042 6041 6058
f 6059 6042 6058
f 6043 6042 6059
f 6060 6043 6059
f 6044 6043 6060
f 6061 6044 6060
f 6045 6044 6061
f 6062 6045 6061
f 6045 6062 6047
f 6062 6063 6047
f 6047 6063 6049
f 6049 6063 6027
f 6029 6049 6027
f 6034 5972 6064
f 5972 5975 6064
f 6064 5975 6065
f 5975 5977 6065
f 6065 5977 6066
f 5977 5979 6066
f 6066 5979 6067
f 5979 5982 6067
f 6067 5982 6068
f 5982 5984 6068
f 6068 5984 5986
f 6051 6069 6052
f 6052 6069 6070
f 6053 6052 6070
f 6071 6053 6070
f 6054 6053 6071
f 6072 6054 6071
f 6055 6054 6072
f 6073 6055 6072
f 6056 6055 6073
f 6074 6056 6073
f 6057 6056 6074
f 6075 6057 6074
f 6058 6057 6075
f 6076 6058 6075
f 6059 6058 6076
f 6077 6059 6076
f 6060 6059 6077
f 6078 6060 6077
f 6061 6060 6078
f 6079 6061 6078
f 6062 6061 6079
f 6080 6062 6079
f 6062 6080 6063
f 6080 6026 6063
f 6063 6026 6027
f 6051 6034 6081
f 6034 6064 6081
f 6081 6064 6082
f 6064 6065 6082
f 6082 6065 6083
f 6065 6066 6083
f 6083 6066 6084
f 6066 6067 6084
f 6084 6067 6085
f 6067 6068 6085
f 6085 6068 6086
f 6068 5986 6086
f 6086 5986 5989
f 6069 6000 6070
f 6070 6000 5999
f 6071 6070 5999
f 6016 6071 5999
f 6072 6071 6016
f 6017 6072 6016
f 6073 6072 6017
f 6018 6073 6017
f 6074 6073 6018
f 6019 6074 6018
f 6075 6074 6019
f 6020 6075 6019
f 6076 6075 6020
f 6021 6076 6020
f 6077 6076 6021
f 6022 6077 6021
f 6078 6077 6022
f 6023 6078 6022
f 6079 6078 6023
f 6024 6079 6023
f 6080 6079 6024
f 6025 6080 6024
f 6080 6025 6026
f 6069 6051 6087
f 6051 6081 6087
f 6087 6081 6088
f 6081 6082 6088
f 6088 6082 6089
f 6082 6083 6089
f 6089 6083 6090
f 6083 6084 6090
f 6090 6084 6091
f 6084 6085 6091
f 6091 6085 6092
f 6085 6086 6092
f 6092 6086 6093
f 6086 5989 6093
f 6093 5989 6094
f 5989 5991 6094
f 6094 5991 5993
f 6000 6069 6001
f 6069 6087 6001
f 6001 6087 6002
f 6087 6088 6002
f 6002 6088 6003
f 6088 6089 6003
f 6003 6089 6004
f 6089 6090 6004
f 6004 6090 6005
f 6090 6091 6005
f 6005 6091 6007
f 6091 6092 6007
f 6007 6092 6009
f 6092 6093 6009
f 6009 6093 6011
f 6093 6094 6011
f 6011 6094 6013
f 6094 5993 6013
f 6013 5993 5996
f 5947 6046 5945
f 5945 6046 6015
f 6015 6046 6048
f 6010 6012 6031
f 6031 6012 6050
f 6012 6014 6050
f 6050 6014 6048
f 6014 6015 6048
f 6095 6096 6097
f 6096 6098 6097
f 6098 6099 6097
f 6098 6100 6099
f 6100 6101 6099
f 6099 6101 6102
f 6101 6103 6102
f 6102 6103 6104
f 6103 6105 6104
f 6105 6106 6104
f 6104 6106 6107
f 6106 6108 6107
f 6108 6109 6107
f 6107 6109 6110
f 6109 6111 6110
f 6110 6111 6112
f 6111 6113 6112
f 6112 6113 6114
f 6113 6115 6114
f 6115 6116 6114
f 6114 6116 6117
f 6116 6118 6117
f 6118 6119 6117
f 6117 6119 6120
f 6119 6121 6120
f 6121 6122 6120
f 6120 6122 6123
f 6122 6124 6123
f 6123 6124 6125
f 6124 6126 6125
f 6126 6127 6125
f 6126 6128 6127
f 6128 6129 6127
f 6127 6129 6130
f 6129 6131 6130
f 6130 6131 6132
f 6131 6133 6132
f 6133 6134 6132
f 6132 6134 6135
f 6134 6136 6135
f 6135 6136 6137
f 6136 6138 6137
f 6138 6139 6137
f 6137 6139 6140
f 6139 6141 6140
f 6140 6141 6142
f 6141 6143 6142
f 6143 6144 6142
f 6142 6144 6145
f 6144 6146 6145
f 6146 6147 6145
f 6145 6147 6148
f 6147 6149 6148
f 6149 6150 6148
f 6148 6150 6151
f 6150 6152 6151
f 6152 6153 6151
f 6151 6153 6154
f 6153 6155 6154
f 6154 6155 6156
f 6155 6095 6156
f 6095 6097 6156
f 5502 5500 6157
f 6158 5502 6157
f 5504 5502 6158
f 6159 5504 6158
f 5506 5504 6159
f 5506 6159 6160
f 5508 5506 6160
f 5508 6160 6161
f 5510 5508 6161
f 5510 6161 6162
f 5512 5510 6162
f 5512 6162 6163
f 5514 5512 6163
f 5514 6163 6164
f 5516 5514 6164
f 5516 6164 6165
f 5518 5516 6165
f 5518 6165 6166
f 5520 5518 6166
f 5520 6166 6167
f 5522 5520 6167
f 5522 6167 6168
f 5524 5522 6168
f 5524 6168 6169
f 5526 5524 6169
f 6170 5526 6169
f 5528 5526 6170
f 5528 6170 6171
f 5530 5528 6171
f 5530 6171 6172
f 5532 5530 6172
f 5532 6172 6173
f 5534 5532 6173
f 5534 6173 6174
f 5489 5534 6174
f 5489 6174 6175
f 5490 5489 6175
f 5490 6175 6176
f 5492 5490 6176
f 5492 6176 6177
f 5494 5492 6177
f 5494 6177 6178
f 5494 6178 6179
f 6178 6180 6179
f 6179 6180 6181
f 6180 6182 6181
f 6181 6182 6183
f 6182 6184 6183
f 6184 6185 6183
f 6186 6185 6184
f 6187 6185 6186
f 6188 6187 6186
f 6187 6188 6189
f 6188 6190 6189
f 6189 6190 6191
f 6190 6192 6191
f 6191 6192 6193
f 6192 6194 6193
f 6193 6194 6195
f 6194 6196 6195
f 6195 6196 6197
f 6196 6198 6197
f 6197 6198 6199
f 6198 6200 6199
f 6199 6200 6201
f 6200 6202 6201
f 6201 6202 6203
f 6202 6204 6203
f 6203 6204 6205
f 6204 6206 6205
f 6205 6206 6207
f 6206 6208 6207
f 6208 6209 6207
f 6210 6209 6208
f 6209 6210 6211
f 6210 6212 6211
f 6211 6212 6213
f 6212 6214 6213
f 6213 6214 6215
f 6214 6216 6215
f 6215 6216 6217
f 6216 6218 6217
f 6217 6218 6219
f 6218 6220 6219
f 6219 6220 6221
f 6220 6222 6221
f 6221 6222 6223
f 6222 6224 6223
f 6223 6224 6225
f 6224 6226 6225
f 6225 6226 6227
f 6226 6228 6227
f 6227 6228 6229
f 6228 6154 6229
f 6229 6154 6230
f 6154 6156 6230
f 6156 6231 6230
f 6097 6231 6156
f 6232 6231 6097
f 6099 6232 6097
f 6232 6099 6233
f 6099 6102 6233
f 6233 6102 6234
f 6102 6104 6234
f 6234 6104 6235
f 6104 6107 6235
f 6235 6107 6236
f 6107 6110 6236
f 6236 6110 6237
f 6110 6112 6237
f 6237 6112 6238
f 6112 6114 6238
f 6238 6114 6239
f 6114 6117 6239
f 6239 6117 6240
f 6117 6120 6240
f 6240 6120 6241
f 6120 6123 6241
f 6241 6123 6242
f 6123 6125 6242
f 6125 6243 6242
f 6127 6243 6125
f 6243 6127 6244
f 6127 6130 6244
f 6244 6130 6245
f 6130 6132 6245
f 6245 6132 6246
f 6132 6135 6246
f 6246 6135 6247
f 6135 6137 6247
f 6247 6137 6248
f 6137 6140 6248
f 6248 6140 6249
f 6140 6142 6249
f 6249 6142 6250
f 6142 6145 6250
f 6250 6145 6251
f 6145 6148 6251
f 6251 6148 6151
f 5500 6252 6157
f 5500 5498 6252
f 5498 5496 6252
f 5496 6179 6252
f 5496 5494 6179
f 6243 6210 6242
f 6242 6210 6208
f 6241 6242 6208
f 6206 6241 6208
f 6240 6241 6206
f 6204 6240 6206
f 6239 6240 6204
f 6202 6239 6204
f 6238 6239 6202
f 6200 6238 6202
f 6237 6238 6200
f 6198 6237 6200
f 6236 6237 6198
f 6196 6236 6198
f 6235 6236 6196
f 6194 6235 6196
f 6234 6235 6194
f 6192 6234 6194
f 6233 6234 6192
f 6190 6233 6192
f 6232 6233 6190
f 6188 6232 6190
f 6232 6188 6231
f 6188 6186 6231
f 6231 6186 6230
f 6230 6186 6184
f 6229 6230 6184
f 6182 6229 6184
f 6227 6229 6182
f 6180 6227 6182
f 6225 6227 6180
f 6178 6225 6180
f 6223 6225 6178
f 6177 6223 6178
f 6221 6223 6177
f 6176 6221 6177
f 6219 6221 6176
f 6175 6219 6176
f 6217 6219 6175
f 6174 6217 6175
f 6215 6217 6174
f 6173 6215 6174
f 6213 6215 6173
f 6172 6213 6173
f 6211 6213 6172
f 6171 6211 6172
f 6209 6211 6171
f 6170 6209 6171
f 6209 6170 6207
f 6207 6170 6169
f 6205 6207 6169
f 6168 6205 6169
f 6203 6205 6168
f 6167 6203 6168
f 6201 6203 6167
f 6166 6201 6167
f 6199 6201 6166
f 6165 6199 6166
f 6197 6199 6165
f 6164 6197 6165
f 6195 6197 6164
f 6163 6195 6164
f 6193 6195 6163
f 6162 6193 6163
f 6191 6193 6162
f 6161 6191 6162
f 6189 6191 6161
f 6160 6189 6161
f 6187 6189 6160
f 6159 6187 6160
f 6187 6159 6185
f 6159 6158 6185
f 6185 6158 6183
f 6183 6158 6157
f 6181 6183 6157
f 6252 6181 6157
f 6179 6181 6252
f 6210 6243 6212
f 6243 6244 6212
f 6212 6244 6214
f 6244 6245 6214
f 6214 6245 6216
f 6245 6246 6216
f 6216 6246 6218
f 6246 6247 6218
f 6218 6247 6220
f 6247 6248 6220
f 6220 6248 6222
f 6248 6249 6222
f 6222 6249 6224
f 6249 6250 6224
f 6224 6250 6226
f 6250 6251 6226
f 6226 6251 6228
f 6251 6151 6228
f 6228 6151 6154
f 6253 6254 6255
f 6254 6256 6255
f 6256 6257 6255
f 6256 6258 6257
f 6258 6259 6257
f 6257 6259 6260
f 6259 6261 6260
f 6260 6261 6262
f 6261 6263 6262
f 6263 6264 6262
f 6262 6264 6265
f 6264 6266 6265
f 6266 6267 6265
f 6265 6267 6268
f 6267 6269 6268
f 6268 6269 6270
f 6269 6271 6270
f 6270 6271 6272
f 6271 6273 6272
f 6273 6274 6272
f 6272 6274 6275
f 6274 6276 6275
f 6276 6277 6275
f 6275 6277 6278
f 6277 6279 6278
f 6279 6280 6278
f 6278 6280 6281
f 6280 6282 6281
f 6281 6282 6283
f 6282 6284 6283
f 6284 6285 6283
f 6284 6286 6285
f 6286 6287 6285
f 6285 6287 6288
f 6287 6289 6288
f 6288 6289 6290
f 6289 6291 6290
f 6291 6292 6290
f 6290 6292 6293
f 6292 6294 6293
f 6293 6294 6295
f 6294 6296 6295
f 6296 6297 6295
f 6295 6297 6298
f 6297 6299 6298
f 6299 6300 6298
f 6298 6300 6301
f 6300 6302 6301
f 6301 6302 6303
f 6302 6304 6303
f 6304 6305 6303
f 6303 6305 6306
f 6305 6307 6306
f 6306 6307 6308
f 6307 6309 6308
f 6309 6310 6308
f 6308 6310 6311
f 6310 6312 6311
f 6311 6312 6313
f 6312 6253 6313
f 6253 6255 6313
f 5538 5537 6314
f 6315 5538 6314
f 5540 5538 6315
f 5540 6315 6316
f 5542 5540 6316
f 5542 6316 6317
f 5544 5542 6317
f 5544 6317 6318
f 5546 5544 6318
f 5546 6318 6319
f 5548 5546 6319
f 5548 6319 6320
f 5550 5548 6320
f 5550 6320 6321
f 5552 5550 6321
f 5552 6321 6322
f 5554 5552 6322
f 5554 6322 6323
f 5556 5554 6323
f 5556 6323 6324
f 5558 5556 6324
f 5558 6324 6325
f 5560 5558 6325
f 5560 6325 6326
f 5562 5560 6326
f 6327 5562 6326
f 5564 5562 6327
f 6328 5564 6327
f 5566 5564 6328
f 5566 6328 6329
f 5568 5566 6329
f 5568 6329 6330
f 5570 5568 6330
f 5570 6330 6331
f 5572 5570 6331
f 5572 6331 6332
f 5574 5572 6332
f 5574 6332 6333
f 5576 5574 6333
f 5576 6333 6334
f 5578 5576 6334
f 5578 6334 6335
f 5578 6335 6336
f 6335 6337 6336
f 6336 6337 6338
f 6337 6339 6338
f 6338 6339 6340
f 6339 6341 6340
f 6341 6342 6340
f 6343 6342 6341
f 6342 6343 6344
f 6343 6345 6344
f 6344 6345 6346
f 6345 6347 6346
f 6346 6347 6348
f 6347 6349 6348
f 6348 6349 6350
f 6349 6351 6350
f 6350 6351 6352
f 6351 6353 6352
f 6352 6353 6354
f 6353 6355 6354
f 6354 6355 6356
f 6355 6357 6356
f 6356 6357 6358
f 6357 6359 6358
f 6358 6359 6360
f 6359 6361 6360
f 6360 6361 6362
f 6361 6363 6362
f 6362 6363 6364
f 6363 6365 6364
f 6365 6366 6364
f 6367 6366 6365
f 6368 6366 6367
f 6369 6368 6367
f 6368 6369 6370
f 6369 6371 6370
f 6370 6371 6372
f 6371 6373 6372
f 6372 6373 6374
f 6373 6375 6374
f 6374 6375 6376
f 6375 6377 6376
f 6376 6377 6378
f 6377 6379 6378
f 6378 6379 6380
f 6379 6381 6380
f 6380 6381 6382
f 6381 6383 6382
f 6382 6383 6384
f 6383 6385 6384
f 6384 6385 6386
f 6385 6281 6386
f 6386 6281 6387
f 6281 6283 6387
f 6283 6388 6387
f 6285 6388 6283
f 6388 6285 6389
f 6285 6288 6389
f 6389 6288 6390
f 6288 6290 6390
f 6390 6290 6391
f 6290 6293 6391
f 6391 6293 6392
f 6293 6295 6392
f 6392 6295 6393
f 6295 6298 6393
f 6393 6298 6394
f 6298 6301 6394
f 6394 6301 6395
f 6301 6303 6395
f 6395 6303 6396
f 6303 6306 6396
f 6396 6306 6397
f 6306 6308 6397
f 6397 6308 6398
f 6308 6311 6398
f 6398 6311 6399
f 6311 6313 6399
f 6313 6400 6399
f 6255 6400 6313
f 6401 6400 6255
f 6257 6401 6255
f 6401 6257 6402
f 6257 6260 6402
f 6402 6260 6403
f 6260 6262 6403
f 6403 6262 6404
f 6262 6265 6404
f 6404 6265 6405
f 6265 6268 6405
f 6405 6268 6406
f 6268 6270 6406
f 6406 6270 6407
f 6270 6272 6407
f 6407 6272 6408
f 6272 6275 6408
f 6408 6275 6278
f 5537 6409 6314
f 5537 5582 6409
f 5582 5580 6409
f 5580 6336 6409
f 5580 5578 6336
f 6388 6343 6387
f 6387 6343 6341
f 6386 6387 6341
f 6339 6386 6341
f 6384 6386 6339
f 6337 6384 6339
f 6382 6384 6337
f 6335 6382 6337
f 6380 6382 6335
f 6334 6380 6335
f 6378 6380 6334
f 6333 6378 6334
f 6376 6378 6333
f 6332 6376 6333
f 6374 6376 6332
f 6331 6374 6332
f 6372 6374 6331
f 6330 6372 6331
f 6370 6372 6330
f 6329 6370 6330
f 6368 6370 6329
f 6328 6368 6329
f 6368 6328 6366
f 6328 6327 6366
f 6366 6327 6364
f 6364 6327 6326
f 6362 6364 6326
f 6325 6362 6326
f 6360 6362 6325
f 6324 6360 6325
f 6358 6360 6324
f 6323 6358 6324
f 6356 6358 6323
f 6322 6356 6323
f 6354 6356 6322
f 6321 6354 6322
f 6352 6354 6321
f 6320 6352 6321
f 6350 6352 6320
f 6319 6350 6320
f 6348 6350 6319
f 6318 6348 6319
f 6346 6348 6318
f 6317 6346 6318
f 6344 6346 6317
f 6316 6344 6317
f 6342 6344 6316
f 6315 6342 6316
f 6342 6315 6340
f 6340 6315 6314
f 6338 6340 6314
f 6409 6338 6314
f 6336 6338 6409
f 6343 6388 6345
f 6388 6389 6345
f 6345 6389 6347
f 6389 6390 6347
f 6347 6390 6349
f 6390 6391 6349
f 6349 6391 6351
f 6391 6392 6351
f 6351 6392 6353
f 6392 6393 6353
f 6353 6393 6355
f 6393 6394 6355
f 6355 6394 6357
f 6394 6395 6357
f 6357 6395 6359
f 6395 6396 6359
f 6359 6396 6361
f 6396 6397 6361
f 6361 6397 6363
f 6397 6398 6363
f 6363 6398 6365
f 6398 6399 6365
f 6399 6367 6365
f 6400 6367 6399
f 6369 6367 6400
f 6401 6369 6400
f 6369 6401 6371
f 6401 6402 6371
f 6371 6402 6373
f 6402 6403 6373
f 6373 6403 6375
f 6403 6404 6375
f 6375 6404 6377
f 6404 6405 6377
f 6377 6405 6379
f 6405 6406 6379
f 6379 6406 6381
f 6406 6407 6381
f 6381 6407 6383
f 6407 6408 6383
f 6383 6408 6385
f 6408 6278 6385
f 6385 6278 6281
f 6410 6411 6412
f 6410 6412 6413
f 6414 6410 6413
f 6414 6413 6415
f 6416 6414 6415
f 6416 6415 6417
f 6418 6416 6417
f 6418 6417 6419
f 6420 6418 6419
f 6420 6419 6421
f 6422 6420 6421
f 6422 6421 6423
f 6424 6422 6423
f 6425 6424 6423
f 6426 6424 6425
f 6426 6425 6427
f 6428 6426 6427
f 6428 6427 6429
f 6430 6428 6429
f 6430 6429 6431
f 6432 6430 6431
f 6432 6431 6433
f 6434 6432 6433
f 6434 6433 6435
f 6436 6434 6435
f 6436 6435 6437
f 6438 6436 6437
f 6438 6437 6439
f 6440 6438 6439
f 6440 6439 6441
f 6442 6440 6441
f 6442 6441 6443
f 6444 6442 6443
f 6444 6443 6445
f 6446 6444 6445
f 6446 6445 6447
f 6448 6446 6447
f 6448 6447 6449
f 6450 6448 6449
f 6450 6449 6451
f 6452 6450 6451
f 6452 6451 6453
f 6454 6452 6453
f 6454 6453 6455
f 6456 6454 6455
f 6456 6455 6457
f 6458 6456 6457
f 6458 6457 6459
f 6460 6458 6459
f 6460 6459 6461
f 6411 6460 6461
f 6411 6461 6412
f 6462 6463 6464
f 6462 6464 6465
f 6466 6462 6465
f 6466 6465 6467
f 6468 6466 6467
f 6468 6467 6469
f 6470 6468 6469
f 6470 6469 6471
f 6472 6470 6471
f 6472 6471 6473
f 6474 6472 6473
f 6474 6473 6475
f 6476 6474 6475
f 6477 6476 6475
f 6478 6476 6477
f 6478 6477 6479
f 6480 6478 6479
f 6480 6479 6481
f 6482 6480 6481
f 6482 6481 6483
f 6484 6482 6483
f 6484 6483 6485
f 6486 6484 6485
f 6486 6485 6487
f 6488 6486 6487
f 6488 6487 6489
f 6490 6488 6489
f 6490 6489 6491
f 6492 6490 6491
f 6492 6491 6493
f 6494 6492 6493
f 6494 6493 6495
f 6496 6494 6495
f 6496 6495 6497
f 6498 6496 6497
f 6498 6497 6499
f 6500 6498 6499
f 6500 6499 6501
f 6502 6500 6501
f 6502 6501 6503
f 6504 6502 6503
f 6504 6503 6505
f 6506 6504 6505
f 6506 6505 6507
f 6508 6506 6507
f 6508 6507 6509
f 6463 6508 6509
f 6463 6509 6464
f 6510 6511 6512
f 6510 6512 6513
f 6514 6510 6513
f 6514 6513 6515
f 6516 6514 6515
f 6516 6515 6517
f 6518 6516 6517
f 6518 6517 6519
f 6520 6518 6519
f 6520 6519 6521
f 6522 6520 6521
f 6522 6521 6523
f 6524 6522 6523
f 6525 6524 6523
f 6526 6524 6525
f 6526 6525 6527
f 6528 6526 6527
f 6528 6527 6529
f 6530 6528 6529
f 6530 6529 6531
f 6532 6530 6531
f 6532 6531 6533
f 6534 6532 6533
f 6534 6533 6535
f 6536 6534 6535
f 6536 6535 6537
f 6538 6536 6537
f 6538 6537 6539
f 6540 6538 6539
f 6540 6539 6541
f 6542 6540 6541
f 6542 6541 6543
f 6544 6542 6543
f 6544 6543 6545
f 6546 6544 6545
f 6546 6545 6547
f 6548 6546 6547
f 6548 6547 6549
f 6550 6548 6549
f 6550 6549 6551
f 6552 6550 6551
f 6552 6551 6553
f 6554 6552 6553
f 6554 6553 6555
f 6556 6554 6555
f 6556 6555 6557
f 6511 6556 6557
f 6511 6557 6512
f 6558 6559 6560
f 6558 6560 6561
f 6562 6558 6561
f 6562 6561 6563
f 6564 6562 6563
f 6564 6563 6565
f 6566 6564 6565
f 6566 6565 6567
f 6568 6566 6567
f 6568 6567 6569
f 6570 6568 6569
f 6570 6569 6571
f 6572 6570 6571
f 6573 6572 6571
f 6574 6572 6573
f 6574 6573 6575
f 6576 6574 6575
f 6576 6575 6577
f 6578 6576 6577
f 6578 6577 6579
f 6580 6578 6579
f 6580 6579 6581
f 6582 6580 6581
f 6582 6581 6583
f 6584 6582 6583
f 6584 6583 6585
f 6586 6584 6585
f 6586 6585 6587
f 6588 6586 6587
f 6588 6587 6589
f 6590 6588 6589
f 6590 6589 6591
f 6592 6590 6591
f 6592 6591 6593
f 6594 6592 6593
f 6594 6593 6595
f 6596 6594 6595
f 6596 6595 6597
f 6598 6596 6597
f 6598 6597 6599
f 6600 6598 6599
f 6600 6599 6601
f 6602 6600 6601
f 6602 6601 6603
f 6604 6602 6603
f 6604 6603 6605
f 6559 6604 6605
f 6559 6605 6560
f 6606 6607 6608
f 6606 6608 6609
f 6610 6606 6609
f 6610 6609 6611
f 6612 6610 6611
f 6612 6611 6613
f 6614 6612 6613
f 6614 6613 6615
f 6616 6614 6615
f 6616 6615 6617
f 6618 6616 6617
f 6618 6617 6619
f 6620 6618 6619
f 6621 6620 6619
f 6622 6620 6621
f 6622 6621 6623
f 6624 6622 6623
f 6624 6623 6625
f 6626 6624 6625
f 6626 6625 6627
f 6628 6626 6627
f 6628 6627 6629
f 6630 6628 6629
f 6630 6629 6631
f 6632 6630 6631
f 6632 6631 6633
f 6634 6632 6633
f 6634 6633 6635
f 6636 6634 6635
f 6636 6635 6637
f 6638 6636 6637
f 6638 6637 6639
f 6640 6638 6639
f 6640 6639 6641
f 6642 6640 6641
f 6642 6641 6643
f 6644 6642 6643
f 6644 6643 6645
f 6646 6644 6645
f 6646 6645 6647
f 6648 6646 6647
f 6648 6647 6649
f 6650 6648 6649
f 6650 6649 6651
f 6652 6650 6651
f 6652 6651 6653
f 6607 6652 6653
f 6607 6653 6608
f 6654 6655 6656
f 6654 6656 6657
f 6658 6654 6657
f 6658 6657 6659
f 6660 6658 6659
f 6660 6659 6661
f 6662 6660 6661
f 6662 6661 6663
f 6664 6662 6663
f 6664 6663 6665
f 6666 6664 6665
f 6666 6665 6667
f 6668 6666 6667
f 6669 6668 6667
f 6670 6668 6669
f 6670 6669 6671
f 6672 6670 6671
f 6672 6671 6673
f 6674 6672 6673
f 6674 6673 6675
f 6676 6674 6675
f 6676 6675 6677
f 6678 6676 6677
f 6678 6677 6679
f 6680 6678 6679
f 6680 6679 6681
f 6682 6680 6681
f 6682 6681 6683
f 6684 6682 6683
f 6684 6683 6685
f 6686 6684 6685
f 6686 6685 6687
f 6688 6686 6687
f 6688 6687 6689
f 6690 6688 6689
f 6690 6689 6691
f 6692 6690 6691
f 6692 6691 6693
f 6694 6692 6693
f 6694 6693 6695
f 6696 6694 6695
f 6696 6695 6697
f 6698 6696 6697
f 6698 6697 6699
f 6700 6698 6699
f 6700 6699 6701
f 6655 6700 6701
f 6655 6701 6656
f 6702 6703 6704
f 6703 6705 6704
f 6705 6706 6704
f 6705 6707 6706
f 6706 6707 6708
f 6707 6709 6708
f 6708 6709 6710
f 6709 6711 6710
f 6711 6712 6710
f 6710 6712 6713
f 6712 6714 6713
f 6713 6714 6715
f 6714 6716 6715
f 6715 6716 6717
f 6716 6718 6717
f 6718 6719 6717
f 6717 6719 6720
f 6719 6721 6720
f 6720 6721 6722
f 6721 6723 6722
f 6722 6723 6724
f 6723 6725 6724
f 6725 6726 6724
f 6724 6726 6727
f 6726 6728 6727
f 6728 6729 6727
f 6727 6729 6730
f 6729 6731 6730
f 6731 6732 6730
f 6731 6733 6732
f 6733 6734 6732
f 6732 6734 6735
f 6734 6736 6735
f 6735 6736 6737
f 6736 6738 6737
f 6737 6738 6739
f 6738 6740 6739
f 6740 6741 6739
f 6739 6741 6742
f 6741 6743 6742
f 6742 6743 6744
f 6743 6745 6744
f 6744 6745 6746
f 6745 6747 6746
f 6747 6748 6746
f 6746 6748 6749
f 6748 6750 6749
f 6749 6750 6751
f 6750 6752 6751
f 6751 6752 6753
f 6752 6754 6753
f 6754 6755 6753
f 6753 6755 6756
f 6755 6757 6756
f 6757 6758 6756
f 6756 6758 6759
f 6758 6702 6759
f 6702 6704 6759
f 5586 5585 6760
f 6761 5586 6760
f 5588 5586 6761
f 5588 6761 6762
f 5590 5588 6762
f 5590 6762 6763
f 5592 5590 6763
f 5592 6763 6764
f 5594 5592 6764
f 5594 6764 6765
f 5596 5594 6765
f 5596 6765 6766
f 5598 5596 6766
f 5598 6766 6767
f 5600 5598 6767
f 5600 6767 6768
f 5602 5600 6768
f 5602 6768 6769
f 5604 5602 6769
f 5604 6769 6770
f 5606 5604 6770
f 5606 6770 6771
f 5608 5606 6771
f 5608 6771 6772
f 5610 5608 6772
f 6773 5610 6772
f 5612 5610 6773
f 6774 5612 6773
f 5614 5612 6774
f 5614 6774 6775
f 5616 5614 6775
f 5616 6775 6776
f 5618 5616 6776
f 5618 6776 6777
f 5620 5618 6777
f 5620 6777 6778
f 5622 5620 6778
f 5622 6778 6779
f 5624 5622 6779
f 5624 6779 6780
f 5626 5624 6780
f 5626 6780 6781
f 5628 5626 6781
f 5628 6781 6782
f 5630 5628 6782
f 5630 6782 6783
f 5585 5630 6783
f 5585 6783 6760
f 6732 6784 6730
f 6730 6784 6785
f 6727 6730 6785
f 6786 6727 6785
f 6724 6727 6786
f 6787 6724 6786
f 6722 6724 6787
f 6788 6722 6787
f 6720 6722 6788
f 6789 6720 6788
f 6717 6720 6789
f 6790 6717 6789
f 6715 6717 6790
f 6791 6715 6790
f 6713 6715 6791
f 6792 6713 6791
f 6710 6713 6792
f 6793 6710 6792
f 6708 6710 6793
f 6794 6708 6793
f 6706 6708 6794
f 6795 6706 6794
f 6706 6795 6704
f 6795 6796 6704
f 6704 6796 6759
f 6759 6796 6797
f 6756 6759 6797
f 6798 6756 6797
f 6753 6756 6798
f 6799 6753 6798
f 6751 6753 6799
f 6800 6751 6799
f 6749 6751 6800
f 6801 6749 6800
f 6746 6749 6801
f 6802 6746 6801
f 6744 6746 6802
f 6803 6744 6802
f 6742 6744 6803
f 6804 6742 6803
f 6739 6742 6804
f 6805 6739 6804
f 6737 6739 6805
f 6806 6737 6805
f 6735 6737 6806
f 6807 6735 6806
f 6732 6735 6807
f 6784 6732 6807
f 6784 6808 6785
f 6785 6808 6809
f 6786 6785 6809
f 6810 6786 6809
f 6787 6786 6810
f 6811 6787 6810
f 6788 6787 6811
f 6812 6788 6811
f 6789 6788 6812
f 6813 6789 6812
f 6790 6789 6813
f 6814 6790 6813
f 6791 6790 6814
f 6815 6791 6814
f 6792 6791 6815
f 6816 6792 6815
f 6793 6792 6816
f 6817 6793 6816
f 6794 6793 6817
f 6818 6794 6817
f 6795 6794 6818
f 6819 6795 6818
f 6795 6819 6796
f 6819 6820 6796
f 6796 6820 6797
f 6797 6820 6821
f 6798 6797 6821
f 6822 6798 6821
f 6799 6798 6822
f 6823 6799 6822
f 6800 6799 6823
f 6824 6800 6823
f 6801 6800 6824
f 6825 6801 6824
f 6802 6801 6825
f 6826 6802 6825
f 6803 6802 6826
f 6827 6803 6826
f 6804 6803 6827
f 6828 6804 6827
f 6805 6804 6828
f 6829 6805 6828
f 6806 6805 6829
f 6830 6806 6829
f 6807 6806 6830
f 6831 6807 6830
f 6784 6807 6831
f 6808 6784 6831
f 6808 6832 6809
f 6809 6832 6833
f 6810 6809 6833
f 6834 6810 6833
f 6811 6810 6834
f 6835 6811 6834
f 6812 6811 6835
f 6836 6812 6835
f 6813 6812 6836
f 6837 6813 6836
f 6814 6813 6837
f 6838 6814 6837
f 6815 6814 6838
f 6839 6815 6838
f 6816 6815 6839
f 6840 6816 6839
f 6817 6816 6840
f 6841 6817 6840
f 6818 6817 6841
f 6842 6818 6841
f 6819 6818 6842
f 6843 6819 6842
f 6819 6843 6820
f 6843 6844 6820
f 6820 6844 6821
f 6821 6844 6845
f 6822 6821 6845
f 6846 6822 6845
f 6823 6822 6846
f 6847 6823 6846
f 6824 6823 6847
f 6848 6824 6847
f 6825 6824 6848
f 6849 6825 6848
f 6826 6825 6849
f 6850 6826 6849
f 6827 6826 6850
f 6851 6827 6850
f 6828 6827 6851
f 6852 6828 6851
f 6829 6828 6852
f 6853 6829 6852
f 6830 6829 6853
f 6854 6830 6853
f 6831 6830 6854
f 6855 6831 6854
f 6808 6831 6855
f 6832 6808 6855
f 6832 6761 6833
f 6833 6761 6760
f 6834 6833 6760
f 6783 6834 6760
f 6835 6834 6783
f 6782 6835 6783
f 6836 6835 6782
f 6781 6836 6782
f 6837 6836 6781
f 6780 6837 6781
f 6838 6837 6780
f 6779 6838 6780
f 6839 6838 6779
f 6778 6839 6779
f 6840 6839 6778
f 6777 6840 6778
f 6841 6840 6777
f 6776 6841 6777
f 6842 6841 6776
f 6775 6842 6776
f 6843 6842 6775
f 6774 6843 6775
f 6843 6774 6844
f 6774 6773 6844
f 6844 6773 6845
f 6845 6773 6772
f 6846 6845 6772
f 6771 6846 6772
f 6847 6846 6771
f 6770 6847 6771
f 6848 6847 6770
f 6769 6848 6770
f 6849 6848 6769
f 6768 6849 6769
f 6850 6849 6768
f 6767 6850 6768
f 6851 6850 6767
f 6766 6851 6767
f 6852 6851 6766
f 6765 6852 6766
f 6853 6852 6765
f 6764 6853 6765
f 6854 6853 6764
f 6763 6854 6764
f 6855 6854 6763
f 6762 6855 6763
f 6832 6855 6762
f 6761 6832 6762
f 6856 6857 6858
f 6857 6859 6858
f 6859 6860 6858
f 6859 6861 6860
f 6860 6861 6862
f 6861 6863 6862
f 6862 6863 6864
f 6863 6865 6864
f 6865 6866 6864
f 6864 6866 6867
f 6866 6868 6867
f 6867 6868 6869
f 6868 6870 6869
f 6869 6870 6871
f 6870 6872 6871
f 6872 6873 6871
f 6871 6873 6874
f 6873 6875 6874
f 6874 6875 6876
f 6875 6877 6876
f 6876 6877 6878
f 6877 6879 6878
f 6879 6880 6878
f 6878 6880 6881
f 6880 6882 6881
f 6881 6882 6883
f 6882 6884 6883
f 6884 6885 6883
f 6884 6886 6885
f 6886 6887 6885
f 6885 6887 6888
f 6887 6889 6888
f 6888 6889 6890
f 6889 6891 6890
f 6890 6891 6892
f 6891 6893 6892
f 6893 6894 6892
f 6892 6894 6895
f 6894 6896 6895
f 6895 6896 6897
f 6896 6898 6897
f 6897 6898 6899
f 6898 6900 6899
f 6900 6901 6899
f 6899 6901 6902
f 6901 6903 6902
f 6902 6903 6904
f 6903 6905 6904
f 6904 6905 6906
f 6905 6907 6906
f 6907 6908 6906
f 6906 6908 6909
f 6908 6910 6909
f 6909 6910 6911
f 6910 6856 6911
f 6856 6858 6911
f 5646 5644 6912
f 6913 5646 6912
f 5648 5646 6913
f 5650 5648 6913
f 5650 6913 6914
f 5652 5650 6914
f 5652 6914 6915
f 5654 5652 6915
f 5654 6915 6916
f 5656 5654 6916
f 5656 6916 6917
f 5656 6917 6918
f 6917 6919 6918
f 6918 6919 6920
f 6919 6921 6920
f 6920 6921 6922
f 6921 6923 6922
f 6922 6923 6924
f 6923 6925 6924
f 6924 6925 6926
f 6925 6927 6926
f 6926 6927 6928
f 6927 6929 6928
f 6929 6930 6928
f 6931 6930 6929
f 6930 6931 6932
f 6931 6933 6932
f 6932 6933 6934
f 6933 6935 6934
f 6934 6935 6936
f 6935 6937 6936
f 6936 6937 6938
f 6937 6939 6938
f 6938 6939 6940
f 6939 6941 6940
f 6940 6941 6942
f 6941 6943 6942
f 6942 6943 6944
f 6943 6945 6944
f 6944 6945 6946
f 6945 6947 6946
f 6946 6947 6948
f 6947 6949 6948
f 6948 6949 6950
f 6949 6909 6950
f 6950 6909 6951
f 6909 6911 6951
f 6911 6858 6951
f 5644 5642 6952
f 5644 6952 6953
f 6912 5644 6953
f 6954 6912 6953
f 6955 6912 6954
f 6956 6955 6954
f 6955 6956 6957
f 6956 6958 6957
f 6957 6958 6959
f 6958 6960 6959
f 6959 6960 6961
f 6960 6962 6961
f 6961 6962 6963
f 6962 6964 6963
f 6963 6964 6965
f 6964 6966 6965
f 6965 6966 6967
f 6966 6874 6967
f 6967 6874 6968
f 6874 6876 6968
f 6968 6876 6969
f 6876 6878 6969
f 6969 6878 6970
f 6878 6881 6970
f 6970 6881 6971
f 6881 6883 6971
f 6883 6972 6971
f 6885 6972 6883
f 6972 6885 6973
f 6885 6888 6973
f 6973 6888 6974
f 6888 6890 6974
f 6974 6890 6975
f 6890 6892 6975
f 6975 6892 6976
f 6892 6895 6976
f 6976 6895 6977
f 6895 6897 6977
f 6977 6897 6978
f 6897 6899 6978
f 6978 6899 6979
f 6899 6902 6979
f 6979 6902 6980
f 6902 6904 6980
f 6980 6904 6906
f 5642 5640 6952
f 5640 6981 6952
f 6981 6982 6952
f 6981 6983 6982
f 6983 6984 6982
f 6983 6948 6984
f 6948 6950 6984
f 5640 5638 6981
f 5638 6985 6981
f 6985 6983 6981
f 6985 6946 6983
f 6946 6948 6983
f 5638 6986 6985
f 5638 5636 6986
f 5636 6987 6986
f 5636 5634 6987
f 5634 6988 6987
f 5634 5633 6988
f 5633 6989 6988
f 5633 5678 6989
f 5678 6990 6989
f 5678 5676 6990
f 5676 6991 6990
f 5676 5674 6991
f 5674 6992 6991
f 5674 5672 6992
f 5672 6993 6992
f 5672 5670 6993
f 6993 5670 6994
f 5670 5668 6994
f 5668 6995 6994
f 5668 5666 6995
f 5666 6996 6995
f 5666 5664 6996
f 5664 6997 6996
f 5664 5662 6997
f 5662 6998 6997
f 5662 5660 6998
f 5660 5658 6998
f 5658 6918 6998
f 5658 5656 6918
f 6972 6931 6971
f 6971 6931 6929
f 6970 6971 6929
f 6927 6970 6929
f 6969 6970 6927
f 6925 6969 6927
f 6968 6969 6925
f 6923 6968 6925
f 6967 6968 6923
f 6921 6967 6923
f 6965 6967 6921
f 6919 6965 6921
f 6963 6965 6919
f 6917 6963 6919
f 6961 6963 6917
f 6916 6961 6917
f 6959 6961 6916
f 6915 6959 6916
f 6957 6959 6915
f 6914 6957 6915
f 6955 6957 6914
f 6913 6955 6914
f 6955 6913 6912
f 6931 6972 6933
f 6972 6973 6933
f 6933 6973 6935
f 6973 6974 6935
f 6935 6974 6937
f 6974 6975 6937
f 6937 6975 6939
f 6975 6976 6939
f 6939 6976 6941
f 6976 6977 6941
f 6941 6977 6943
f 6977 6978 6943
f 6943 6978 6945
f 6978 6979 6945
f 6945 6979 6947
f 6979 6980 6947
f 6947 6980 6949
f 6980 6906 6949
f 6949 6906 6909
f 6930 6993 6928
f 6928 6993 6994
f 6926 6928 6994
f 6995 6926 6994
f 6924 6926 6995
f 6996 6924 6995
f 6922 6924 6996
f 6997 6922 6996
f 6920 6922 6997
f 6998 6920 6997
f 6918 6920 6998
f 6993 6930 6992
f 6930 6932 6992
f 6992 6932 6991
f 6932 6934 6991
f 6991 6934 6990
f 6934 6936 6990
f 6990 6936 6989
f 6936 6938 6989
f 6989 6938 6988
f 6938 6940 6988
f 6988 6940 6987
f 6940 6942 6987
f 6987 6942 6986
f 6942 6944 6986
f 6986 6944 6985
f 6944 6946 6985
f 6860 6999 7000
f 6999 7001 7000
f 7000 7001 7002
f 7002 7001 7003
f 6984 7002 7003
f 6982 6984 7003
f 6999 6956 7001
f 6956 6954 7001
f 7001 6954 7003
f 7003 6954 6953
f 6982 7003 6953
f 6952 6982 6953
f 6999 6860 7004
f 6860 6862 7004
f 7004 6862 7005
f 6862 6864 7005
f 7005 6864 7006
f 6864 6867 7006
f 7006 6867 7007
f 6867 6869 7007
f 7007 6869 6871
f 6956 6999 6958
f 6999 7004 6958
f 6958 7004 6960
f 7004 7005 6960
f 6960 7005 6962
f 7005 7006 6962
f 6962 7006 6964
f 7006 7007 6964
f 6964 7007 6966
f 7007 6871 6966
f 6966 6871 6874
f 6858 7000 6951
f 6860 7000 6858
f 6951 7000 7002
f 6984 6950 7002
f 6950 6951 7002
f 7008 7009 7010
f 7009 7011 7010
f 7011 7012 7010
f 7011 7013 7012
f 7012 7013 7014
f 7013 7015 7014
f 7014 7015 7016
f 7015 7017 7016
f 7017 7018 7016
f 7016 7018 7019
f 7018 7020 7019
f 7020 7021 7019
f 7019 7021 7022
f 7021 7023 7022
f 7022 7023 7024
f 7023 7025 7024
f 7025 7026 7024
f 7024 7026 7027
f 7026 7028 7027
f 7027 7028 7029
f 7028 7030 7029
f 7030 7031 7029
f 7029 7031 7032
f 7031 7033 7032
f 7033 7034 7032
f 7032 7034 7035
f 7034 7036 7035
f 7035 7036 7037
f 7036 7038 7037
f 7038 7039 7037
f 7039 7040 7037
f 7039 7041 7040
f 7041 7042 7040
f 7040 7042 7043
f 7042 7044 7043
f 7043 7044 7045
f 7044 7046 7045
f 7045 7046 7047
f 7046 7048 7047
f 7048 7049 7047
f 7047 7049 7050
f 7049 7051 7050
f 7051 7052 7050
f 7050 7052 7053
f 7052 7054 7053
f 7053 7054 7055
f 7054 7056 7055
f 7056 7057 7055
f 7055 7057 7058
f 7057 7059 7058
f 7059 7060 7058
f 7058 7060 7061
f 7060 7062 7061
f 7062 7063 7061
f 7061 7063 7064
f 7063 7065 7064
f 7065 7066 7064
f 7064 7066 7067
f 7066 7068 7067
f 7067 7068 7069
f 7068 7070 7069
f 7070 7008 7069
f 7008 7010 7069
f 5694 5692 7071
f 7072 5694 7071
f 5696 5694 7072
f 7073 5696 7072
f 5698 5696 7073
f 5698 7073 7074
f 5698 7074 7075
f 7074 7076 7075
f 7075 7076 7077
f 7076 7078 7077
f 7077 7078 7079
f 7078 7080 7079
f 7079 7080 7081
f 7080 7082 7081
f 7081 7082 7083
f 7082 7084 7083
f 7083 7084 7085
f 7084 7086 7085
f 7085 7086 7087
f 7086 7088 7087
f 7087 7088 7089
f 7088 7090 7089
f 7089 7090 7091
f 7090 7092 7091
f 7092 7093 7091
f 7094 7093 7092
f 7093 7094 7095
f 7094 7096 7095
f 7095 7096 7097
f 7096 7098 7097
f 7097 7098 7099
f 7098 7100 7099
f 7099 7100 7101
f 7100 7102 7101
f 7101 7102 7103
f 7102 7104 7103
f 7103 7104 7105
f 7104 7106 7105
f 7105 7106 7107
f 7106 7108 7107
f 7107 7108 7109
f 7108 7110 7109
f 7109 7110 7111
f 7110 7112 7111
f 7111 7112 7113
f 7112 7114 7113
f 7113 7114 7115
f 7114 7116 7115
f 7116 7117 7115
f 7118 7117 7116
f 7119 7117 7118
f 7120 7119 7118
f 7119 7120 7121
f 7120 7122 7121
f 7121 7122 7123
f 7122 7124 7123
f 7123 7124 7125
f 7124 7019 7125
f 7125 7019 7126
f 7019 7022 7126
f 7126 7022 7127
f 7022 7024 7127
f 7127 7024 7128
f 7024 7027 7128
f 7128 7027 7129
f 7027 7029 7129
f 7129 7029 7130
f 7029 7032 7130
f 7130 7032 7131
f 7032 7035 7131
f 7131 7035 7132
f 7035 7037 7132
f 7037 7133 7132
f 7040 7133 7037
f 7133 7040 7134
f 7040 7043 7134
f 7134 7043 7135
f 7043 7045 7135
f 7135 7045 7136
f 7045 7047 7136
f 7136 7047 7137
f 7047 7050 7137
f 7137 7050 7138
f 7050 7053 7138
f 7138 7053 7139
f 7053 7055 7139
f 7139 7055 7140
f 7055 7058 7140
f 7140 7058 7141
f 7058 7061 7141
f 7141 7061 7142
f 7061 7064 7142
f 7142 7064 7143
f 7064 7067 7143
f 7143 7067 7144
f 7067 7069 7144
f 7069 7145 7144
f 7010 7145 7069
f 7146 7145 7010
f 7012 7146 7010
f 7146 7012 7147
f 7012 7014 7147
f 7147 7014 7016
f 5692 7148 7071
f 5692 5690 7148
f 5690 7149 7148
f 5690 5688 7149
f 5688 7150 7149
f 5688 5686 7150
f 5686 7151 7150
f 5686 5684 7151
f 5684 7152 7151
f 5684 5682 7152
f 5682 7153 7152
f 5682 5681 7153
f 5681 7154 7153
f 5681 5726 7154
f 5726 7155 7154
f 5726 5724 7155
f 5724 7156 7155
f 5724 5722 7156
f 5722 7157 7156
f 5722 5720 7157
f 5720 7158 7157
f 5720 5718 7158
f 7158 5718 7159
f 5718 5716 7159
f 5716 7160 7159
f 5716 5714 7160
f 5714 7161 7160
f 5714 5712 7161
f 5712 7162 7161
f 5712 5710 7162
f 5710 7163 7162
f 5710 5708 7163
f 5708 7164 7163
f 5708 5706 7164
f 5706 7165 7164
f 5706 5704 7165
f 5704 7166 7165
f 5704 5702 7166
f 5702 5700 7166
f 5700 7075 7166
f 5700 5698 7075
f 7133 7094 7132
f 7132 7094 7092
f 7131 7132 7092
f 7090 7131 7092
f 7130 7131 7090
f 7088 7130 7090
f 7129 7130 7088
f 7086 7129 7088
f 7128 7129 7086
f 7084 7128 7086
f 7127 7128 7084
f 7082 7127 7084
f 7126 7127 7082
f 7080 7126 7082
f 7125 7126 7080
f 7078 7125 7080
f 7123 7125 7078
f 7076 7123 7078
f 7121 7123 7076
f 7074 7121 7076
f 7119 7121 7074
f 7073 7119 7074
f 7119 7073 7117
f 7073 7072 7117
f 7117 7072 7115
f 7115 7072 7071
f 7113 7115 7071
f 7148 7113 7071
f 7111 7113 7148
f 7149 7111 7148
f 7109 7111 7149
f 7150 7109 7149
f 7107 7109 7150
f 7151 7107 7150
f 7105 7107 7151
f 7152 7105 7151
f 7103 7105 7152
f 7153 7103 7152
f 7101 7103 7153
f 7154 7101 7153
f 7099 7101 7154
f 7155 7099 7154
f 7097 7099 7155
f 7156 7097 7155
f 7095 7097 7156
f 7157 7095 7156
f 7093 7095 7157
f 7158 7093 7157
f 7093 7158 7091
f 7091 7158 7159
f 7089 7091 7159
f 7160 7089 7159
f 7087 7089 7160
f 7161 7087 7160
f 7085 7087 7161
f 7162 7085 7161
f 7083 7085 7162
f 7163 7083 7162
f 7081 7083 7163
f 7164 7081 7163
f 7079 7081 7164
f 7165 7079 7164
f 7077 7079 7165
f 7166 7077 7165
f 7075 7077 7166
f 7094 7133 7096
f 7133 7134 7096
f 7096 7134 7098
f 7134 7135 7098
f 7098 7135 7100
f 7135 7136 7100
f 7100 7136 7102
f 7136 7137 7102
f 7102 7137 7104
f 7137 7138 7104
f 7104 7138 7106
f 7138 7139 7106
f 7106 7139 7108
f 7139 7140 7108
f 7108 7140 7110
f 7140 7141 7110
f 7110 7141 7112
f 7141 7142 7112
f 7112 7142 7114
f 7142 7143 7114
f 7114 7143 7116
f 7143 7144 7116
f 7144 7118 7116
f 7145 7118 7144
f 7120 7118 7145
f 7146 7120 7145
f 7120 7146 7122
f 7146 7147 7122
f 7122 7147 7124
f 7147 7016 7124
f 7124 7016 7019
f 7167 7168 7169
f 7168 7170 7169
f 7170 7171 7169
f 7170 7172 7171
f 7171 7172 7173
f 7172 7174 7173
f 7173 7174 7175
f 7174 7176 7175
f 7176 7177 7175
f 7175 7177 7178
f 7177 7179 7178
f 7178 7179 7180
f 7179 7181 7180
f 7180 7181 7182
f 7181 7183 7182
f 7183 7184 7182
f 7182 7184 7185
f 7184 7186 7185
f 7185 7186 7187
f 7186 7188 7187
f 7187 7188 7189
f 7188 7190 7189
f 7190 7191 7189
f 7189 7191 7192
f 7191 7193 7192
f 7193 7194 7192
f 7192 7194 7195
f 7194 7196 7195
f 7196 7197 7195
f 7196 7198 7197
f 7198 7199 7197
f 7197 7199 7200
f 7199 7201 7200
f 7200 7201 7202
f 7201 7203 7202
f 7202 7203 7204
f 7203 7205 7204
f 7205 7206 7204
f 7204 7206 7207
f 7206 7208 7207
f 7207 7208 7209
f 7208 7210 7209
f 7209 7210 7211
f 7210 7212 7211
f 7212 7213 7211
f 7211 7213 7214
f 7213 7215 7214
f 7214 7215 7216
f 7215 7217 7216
f 7216 7217 7218
f 7217 7219 7218
f 7219 7220 7218
f 7218 7220 7221
f 7220 7222 7221
f 7222 7223 7221
f 7221 7223 7224
f 7223 7167 7224
f 7167 7169 7224
f 5742 5740 7225
f 7226 5742 7225
f 5744 5742 7226
f 5746 5744 7226
f 5746 7226 7227
f 5748 5746 7227
f 5748 7227 7228
f 5750 5748 7228
f 5750 7228 7229
f 5752 5750 7229
f 5752 7229 7230
f 5754 5752 7230
f 5754 7230 7231
f 5756 5754 7231
f 5756 7231 7232
f 5758 5756 7232
f 5758 7232 7233
f 5760 5758 7233
f 5760 7233 7234
f 5762 5760 7234
f 5762 7234 7235
f 5764 5762 7235
f 5764 7235 7236
f 5766 5764 7236
f 7237 5766 7236
f 5768 5766 7237
f 5768 7237 7238
f 5770 5768 7238
f 5770 7238 7239
f 5772 5770 7239
f 5772 7239 7240
f 5774 5772 7240
f 5774 7240 7241
f 5729 5774 7241
f 5729 7241 7242
f 5730 5729 7242
f 5730 7242 7243
f 5732 5730 7243
f 5732 7243 7244
f 5734 5732 7244
f 5734 7244 7245
f 5736 5734 7245
f 5736 7245 7246
f 5738 5736 7246
f 5738 7246 7247
f 5740 5738 7247
f 5740 7247 7248
f 7225 5740 7248
f 7249 7225 7248
f 7250 7225 7249
f 7251 7250 7249
f 7250 7251 7252
f 7251 7253 7252
f 7252 7253 7254
f 7253 7255 7254
f 7254 7255 7256
f 7255 7257 7256
f 7256 7257 7258
f 7257 7259 7258
f 7258 7259 7260
f 7259 7261 7260
f 7260 7261 7262
f 7261 7263 7262
f 7262 7263 7264
f 7263 7265 7264
f 7264 7265 7266
f 7265 7267 7266
f 7266 7267 7268
f 7267 7269 7268
f 7268 7269 7270
f 7269 7271 7270
f 7271 7272 7270
f 7273 7272 7271
f 7272 7273 7274
f 7273 7275 7274
f 7274 7275 7276
f 7275 7277 7276
f 7276 7277 7278
f 7277 7279 7278
f 7278 7279 7280
f 7279 7281 7280
f 7280 7281 7282
f 7281 7283 7282
f 7282 7283 7284
f 7283 7285 7284
f 7284 7285 7286
f 7285 7287 7286
f 7286 7287 7288
f 7287 7289 7288
f 7288 7289 7290
f 7289 7291 7290
f 7290 7291 7292
f 7291 7293 7292
f 7292 7293 7294
f 7293 7295 7294
f 7295 7296 7294
f 7297 7296 7295
f 7298 7296 7297
f 7171 7298 7297
f 7298 7171 7299
f 7171 7173 7299
f 7299 7173 7300
f 7173 7175 7300
f 7300 7175 7301
f 7175 7178 7301
f 7301 7178 7302
f 7178 7180 7302
f 7302 7180 7303
f 7180 7182 7303
f 7303 7182 7304
f 7182 7185 7304
f 7304 7185 7305
f 7185 7187 7305
f 7305 7187 7306
f 7187 7189 7306
f 7306 7189 7307
f 7189 7192 7307
f 7307 7192 7308
f 7192 7195 7308
f 7195 7309 7308
f 7197 7309 7195
f 7309 7197 7310
f 7197 7200 7310
f 7310 7200 7311
f 7200 7202 7311
f 7311 7202 7312
f 7202 7204 7312
f 7312 7204 7313
f 7204 7207 7313
f 7313 7207 7314
f 7207 7209 7314
f 7314 7209 7315
f 7209 7211 7315
f 7315 7211 7316
f 7211 7214 7316
f 7316 7214 7317
f 7214 7216 7317
f 7317 7216 7318
f 7216 7218 7318
f 7318 7218 7319
f 7218 7221 7319
f 7319 7221 7320
f 7221 7224 7320
f 7224 7169 7320
f 7309 7273 7308
f 7308 7273 7271
f 7307 7308 7271
f 7269 7307 7271
f 7306 7307 7269
f 7267 7306 7269
f 7305 7306 7267
f 7265 7305 7267
f 7304 7305 7265
f 7263 7304 7265
f 7303 7304 7263
f 7261 7303 7263
f 7302 7303 7261
f 7259 7302 7261
f 7301 7302 7259
f 7257 7301 7259
f 7300 7301 7257
f 7255 7300 7257
f 7299 7300 7255
f 7253 7299 7255
f 7298 7299 7253
f 7251 7298 7253
f 7298 7251 7296
f 7251 7249 7296
f 7296 7249 7294
f 7294 7249 7248
f 7292 7294 7248
f 7247 7292 7248
f 7290 7292 7247
f 7246 7290 7247
f 7288 7290 7246
f 7245 7288 7246
f 7286 7288 7245
f 7244 7286 7245
f 7284 7286 7244
f 7243 7284 7244
f 7282 7284 7243
f 7242 7282 7243
f 7280 7282 7242
f 7241 7280 7242
f 7278 7280 7241
f 7240 7278 7241
f 7276 7278 7240
f 7239 7276 7240
f 7274 7276 7239
f 7238 7274 7239
f 7272 7274 7238
f 7237 7272 7238
f 7272 7237 7270
f 7270 7237 7236
f 7268 7270 7236
f 7235 7268 7236
f 7266 7268 7235
f 7234 7266 7235
f 7264 7266 7234
f 7233 7264 7234
f 7262 7264 7233
f 7232 7262 7233
f 7260 7262 7232
f 7231 7260 7232
f 7258 7260 7231
f 7230 7258 7231
f 7256 7258 7230
f 7229 7256 7230
f 7254 7256 7229
f 7228 7254 7229
f 7252 7254 7228
f 7227 7252 7228
f 7250 7252 7227
f 7226 7250 7227
f 7250 7226 7225
f 7273 7309 7275
f 7309 7310 7275
f 7275 7310 7277
f 7310 7311 7277
f 7277 7311 7279
f 7311 7312 7279
f 7279 7312 7281
f 7312 7313 7281
f 7281 7313 7283
f 7313 7314 7283
f 7283 7314 7285
f 7314 7315 7285
f 7285 7315 7287
f 7315 7316 7287
f 7287 7316 7289
f 7316 7317 7289
f 7289 7317 7291
f 7317 7318 7291
f 7291 7318 7293
f 7318 7319 7293
f 7293 7319 7295
f 7319 7320 7295
f 7320 7297 7295
f 7169 7297 7320
f 7171 7297 7169
f 7321 7322 7323
f 7322 7324 7323
f 7324 7325 7323
f 7324 7326 7325
f 7325 7326 7327
f 7326 7328 7327
f 7327 7328 7329
f 7328 7330 7329
f 7330 7331 7329
f 7329 7331 7332
f 7331 7333 7332
f 7333 7334 7332
f 7332 7334 7335
f 7334 7336 7335
f 7335 7336 7337
f 7336 7338 7337
f 7338 7339 7337
f 7337 7339 7340
f 7339 7341 7340
f 7340 7341 7342
f 7341 7343 7342
f 7343 7344 7342
f 7342 7344 7345
f 7344 7346 7345
f 7346 7347 7345
f 7345 7347 7348
f 7347 7349 7348
f 7348 7349 7350
f 7349 7351 7350
f 7351 7352 7350
f 7352 7353 7350
f 7352 7354 7353
f 7354 7355 7353
f 7353 7355 7356
f 7355 7357 7356
f 7356 7357 7358
f 7357 7359 7358
f 7358 7359 7360
f 7359 7361 7360
f 7361 7362 7360
f 7360 7362 7363
f 7362 7364 7363
f 7364 7365 7363
f 7363 7365 7366
f 7365 7367 7366
f 7366 7367 7368
f 7367 7369 7368
f 7369 7370 7368
f 7368 7370 7371
f 7370 7372 7371
f 7372 7373 7371
f 7371 7373 7374
f 7373 7375 7374
f 7375 7376 7374
f 7374 7376 7377
f 7376 7378 7377
f 7378 7379 7377
f 7377 7379 7380
f 7379 7381 7380
f 7380 7381 7382
f 7381 7383 7382
f 7383 7321 7382
f 7321 7323 7382
f 5778 5777 7384
f 7385 5778 7384
f 5780 5778 7385
f 5780 7385 7386
f 5782 5780 7386
f 5782 7386 7387
f 5782 7387 7388
f 7387 7389 7388
f 7388 7389 7390
f 7389 7391 7390
f 7390 7391 7392
f 7391 7393 7392
f 7392 7393 7394
f 7393 7395 7394
f 7394 7395 7396
f 7395 7397 7396
f 7396 7397 7398
f 7397 7399 7398
f 7398 7399 7400
f 7399 7401 7400
f 7400 7401 7402
f 7401 7403 7402
f 7402 7403 7404
f 7403 7405 7404
f 7405 7406 7404
f 7407 7406 7405
f 7408 7406 7407
f 7409 7408 7407
f 7408 7409 7410
f 7409 7411 7410
f 7410 7411 7412
f 7411 7413 7412
f 7412 7413 7414
f 7413 7415 7414
f 7414 7415 7416
f 7415 7417 7416
f 7416 7417 7418
f 7417 7419 7418
f 7418 7419 7420
f 7419 7421 7420
f 7420 7421 7422
f 7421 7423 7422
f 7422 7423 7424
f 7423 7425 7424
f 7424 7425 7426
f 7425 7427 7426
f 7426 7427 7428
f 7427 7429 7428
f 7429 7430 7428
f 7431 7430 7429
f 7430 7431 7432
f 7431 7433 7432
f 7432 7433 7434
f 7433 7435 7434
f 7434 7435 7436
f 7435 7437 7436
f 7436 7437 7438
f 7437 7363 7438
f 7438 7363 7439
f 7363 7366 7439
f 7439 7366 7440
f 7366 7368 7440
f 7440 7368 7441
f 7368 7371 7441
f 7441 7371 7442
f 7371 7374 7442
f 7442 7374 7443
f 7374 7377 7443
f 7443 7377 7444
f 7377 7380 7444
f 7444 7380 7445
f 7380 7382 7445
f 7382 7446 7445
f 7323 7446 7382
f 7447 7446 7323
f 7325 7447 7323
f 7447 7325 7448
f 7325 7327 7448
f 7448 7327 7449
f 7327 7329 7449
f 7449 7329 7450
f 7329 7332 7450
f 7450 7332 7451
f 7332 7335 7451
f 7451 7335 7452
f 7335 7337 7452
f 7452 7337 7453
f 7337 7340 7453
f 7453 7340 7454
f 7340 7342 7454
f 7454 7342 7455
f 7342 7345 7455
f 7455 7345 7456
f 7345 7348 7456
f 7456 7348 7457
f 7348 7350 7457
f 7350 7458 7457
f 7353 7458 7350
f 7458 7353 7459
f 7353 7356 7459
f 7459 7356 7460
f 7356 7358 7460
f 7460 7358 7360
f 5777 7461 7384
f 5777 5822 7461
f 5822 7462 7461
f 5822 5820 7462
f 5820 7463 7462
f 5820 5818 7463
f 5818 7464 7463
f 5818 5816 7464
f 5816 7465 7464
f 5816 5814 7465
f 5814 7466 7465
f 5814 5812 7466
f 5812 7467 7466
f 5812 5810 7467
f 5810 7468 7467
f 5810 5808 7468
f 5808 7469 7468
f 5808 5806 7469
f 5806 7470 7469
f 5806 5804 7470
f 7470 5804 7471
f 5804 5802 7471
f 7471 5802 7472
f 5802 5800 7472
f 5800 7473 7472
f 5800 5798 7473
f 5798 7474 7473
f 5798 5796 7474
f 5796 7475 7474
f 5796 5794 7475
f 5794 7476 7475
f 5794 5792 7476
f 5792 7477 7476
f 5792 5790 7477
f 5790 7478 7477
f 5790 5788 7478
f 5788 7479 7478
f 5788 5786 7479
f 5786 5784 7479
f 5784 7388 7479
f 5784 5782 7388
f 7458 7431 7457
f 7457 7431 7429
f 7456 7457 7429
f 7427 7456 7429
f 7455 7456 7427
f 7425 7455 7427
f 7454 7455 7425
f 7423 7454 7425
f 7453 7454 7423
f 7421 7453 7423
f 7452 7453 7421
f 7419 7452 7421
f 7451 7452 7419
f 7417 7451 7419
f 7450 7451 7417
f 7415 7450 7417
f 7449 7450 7415
f 7413 7449 7415
f 7448 7449 7413
f 7411 7448 7413
f 7447 7448 7411
f 7409 7447 7411
f 7447 7409 7446
f 7409 7407 7446
f 7446 7407 7445
f 7445 7407 7405
f 7444 7445 7405
f 7403 7444 7405
f 7443 7444 7403
f 7401 7443 7403
f 7442 7443 7401
f 7399 7442 7401
f 7441 7442 7399
f 7397 7441 7399
f 7440 7441 7397
f 7395 7440 7397
f 7439 7440 7395
f 7393 7439 7395
f 7438 7439 7393
f 7391 7438 7393
f 7436 7438 7391
f 7389 7436 7391
f 7434 7436 7389
f 7387 7434 7389
f 7432 7434 7387
f 7386 7432 7387
f 7430 7432 7386
f 7385 7430 7386
f 7430 7385 7428
f 7428 7385 7384
f 7426 7428 7384
f 7461 7426 7384
f 7424 7426 7461
f 7462 7424 7461
f 7422 7424 7462
f 7463 7422 7462
f 7420 7422 7463
f 7464 7420 7463
f 7418 7420 7464
f 7465 7418 7464
f 7416 7418 7465
f 7466 7416 7465
f 7414 7416 7466
f 7467 7414 7466
f 7412 7414 7467
f 7468 7412 7467
f 7410 7412 7468
f 7469 7410 7468
f 7408 7410 7469
f 7470 7408 7469
f 7408 7470 7406
f 7470 7471 7406
f 7406 7471 7404
f 7404 7471 7472
f 7402 7404 7472
f 7473 7402 7472
f 7400 7402 7473
f 7474 7400 7473
f 7398 7400 7474
f 7475 7398 7474
f 7396 7398 7475
f 7476 7396 7475
f 7394 7396 7476
f 7477 7394 7476
f 7392 7394 7477
f 7478 7392 7477
f 7390 7392 7478
f 7479 7390 7478
f 7388 7390 7479
f 7431 7458 7433
f 7458 7459 7433
f 7433 7459 7435
f 7459 7460 7435
f 7435 7460 7437
f 7460 7360 7437
f 7437 7360 7363
f 7480 7481 7482
f 7483 7480 7482
f 7484 7480 7483
f 7484 7483 7485
f 7486 7484 7485
f 7486 7485 7487
f 7488 7486 7487
f 7488 7487 7489
f 7490 7488 7489
f 7490 7489 7491
f 7492 7490 7491
f 7492 7491 7493
f 7494 7492 7493
f 7494 7493 7495
f 7496 7494 7495
f 7496 7495 7497
f 7498 7496 7497
f 7498 7497 7499
f 7500 7498 7499
f 7500 7499 7501
f 7502 7500 7501
f 7502 7501 7503
f 7504 7502 7503
f 7504 7503 7505
f 7506 7504 7505
f 7506 7505 7507
f 7508 7506 7507
f 7508 7507 7509
f 7510 7508 7509
f 7510 7509 7511
f 7512 7510 7511
f 7512 7511 7513
f 7514 7512 7513
f 7514 7513 7515
f 7516 7514 7515
f 7516 7515 7517
f 7518 7516 7517
f 7518 7517 7519
f 7520 7518 7519
f 7520 7519 7521
f 7522 7520 7521
f 7522 7521 7523
f 7524 7522 7523
f 7524 7523 7525
f 7526 7524 7525
f 7526 7525 7527
f 7481 7526 7527
f 7481 7527 7482
f 6411 7528 7529
f 6411 6410 7528
f 7528 6410 7530
f 6410 6414 7530
f 6414 7531 7530
f 6414 6416 7531
f 6416 7532 7531
f 6416 6418 7532
f 6418 7533 7532
f 6418 6420 7533
f 6420 7534 7533
f 6420 6422 7534
f 6422 7535 7534
f 6422 6424 7535
f 6424 7536 7535
f 6424 6426 7536
f 6426 7537 7536
f 6426 6428 7537
f 6428 7538 7537
f 6428 6430 7538
f 6430 7539 7538
f 6430 6432 7539
f 6432 7540 7539
f 6432 6434 7540
f 6434 7541 7540
f 6434 6436 7541
f 6436 7542 7541
f 6436 6438 7542
f 6438 7543 7542
f 6438 6440 7543
f 6440 7544 7543
f 6440 6442 7544
f 6442 7545 7544
f 6442 6444 7545
f 6444 7546 7545
f 6444 6446 7546
f 6446 7547 7546
f 6446 6448 7547
f 6448 7548 7547
f 6448 6450 7548
f 6450 7549 7548
f 6450 6452 7549
f 6452 7550 7549
f 6452 6454 7550
f 6454 7551 7550
f 6454 6456 7551
f 6456 7552 7551
f 6456 6458 7552
f 6458 7553 7552
f 6458 6460 7553
f 6460 7529 7553
f 6460 6411 7529
f 6498 7554 7555
f 6498 6500 7554
f 7554 6500 7556
f 6500 6502 7556
f 6502 7557 7556
f 6502 6504 7557
f 6504 7558 7557
f 6504 6506 7558
f 6506 7559 7558
f 6506 6508 7559
f 6508 7560 7559
f 6508 6463 7560
f 6463 7561 7560
f 6463 6462 7561
f 6462 7562 7561
f 6462 6466 7562
f 6466 7563 7562
f 6466 6468 7563
f 6468 7564 7563
f 6468 6470 7564
f 6470 7565 7564
f 6470 6472 7565
f 6472 7566 7565
f 6472 6474 7566
f 6474 7567 7566
f 6474 6476 7567
f 6476 7568 7567
f 6476 6478 7568
f 6478 7569 7568
f 6478 6480 7569
f 6480 7570 7569
f 6480 6482 7570
f 6482 7571 7570
f 6482 6484 7571
f 6484 7572 7571
f 6484 6486 7572
f 6486 7573 7572
f 6486 6488 7573
f 6488 7574 7573
f 6488 6490 7574
f 6490 7575 7574
f 6490 6492 7575
f 6492 7576 7575
f 6492 6494 7576
f 6494 7577 7576
f 6494 6496 7577
f 6496 7555 7577
f 6496 6498 7555
f 6546 7578 7579
f 6546 6548 7578
f 7578 6548 7580
f 6548 6550 7580
f 6550 7581 7580
f 6550 6552 7581
f 6552 7582 7581
f 6552 6554 7582
f 6554 7583 7582
f 6554 6556 7583
f 6556 7584 7583
f 6556 6511 7584
f 6511 7585 7584
f 6511 6510 7585
f 6510 7586 7585
f 6510 6514 7586
f 6514 7587 7586
f 6514 6516 7587
f 6516 7588 7587
f 6516 6518 7588
f 6518 7589 7588
f 6518 6520 7589
f 6520 7590 7589
f 6520 6522 7590
f 6522 7591 7590
f 6522 6524 7591
f 6524 7592 7591
f 6524 6526 7592
f 6526 7593 7592
f 6526 6528 7593
f 6528 7594 7593
f 6528 6530 7594
f 6530 7595 7594
f 6530 6532 7595
f 6532 7596 7595
f 6532 6534 7596
f 6534 7597 7596
f 6534 6536 7597
f 6536 7598 7597
f 6536 6538 7598
f 6538 7599 7598
f 6538 6540 7599
f 6540 7600 7599
f 6540 6542 7600
f 6542 7601 7600
f 6542 6544 7601
f 6544 7579 7601
f 6544 6546 7579
f 6594 7602 7603
f 6594 6596 7602
f 7602 6596 7604
f 6596 6598 7604
f 6598 7605 7604
f 6598 6600 7605
f 6600 7606 7605
f 6600 6602 7606
f 6602 7607 7606
f 6602 6604 7607
f 6604 7608 7607
f 6604 6559 7608
f 6559 7609 7608
f 6559 6558 7609
f 6558 7610 7609
f 6558 6562 7610
f 6562 7611 7610
f 6562 6564 7611
f 6564 7612 7611
f 6564 6566 7612
f 6566 7613 7612
f 6566 6568 7613
f 6568 7614 7613
f 6568 6570 7614
f 6570 7615 7614
f 6570 6572 7615
f 6572 7616 7615
f 6572 6574 7616
f 6574 7617 7616
f 6574 6576 7617
f 6576 7618 7617
f 6576 6578 7618
f 6578 7619 7618
f 6578 6580 7619
f 6580 7620 7619
f 6580 6582 7620
f 6582 7621 7620
f 6582 6584 7621
f 6584 7622 7621
f 6584 6586 7622
f 6586 7623 7622
f 6586 6588 7623
f 6588 7624 7623
f 6588 6590 7624
f 6590 7625 7624
f 6590 6592 7625
f 6592 7603 7625
f 6592 6594 7603
f 6642 7626 7627
f 6642 6644 7626
f 7626 6644 7628
f 6644 6646 7628
f 6646 7629 7628
f 6646 6648 7629
f 6648 7630 7629
f 6648 6650 7630
f 6650 7631 7630
f 6650 6652 7631
f 6652 7632 7631
f 6652 6607 7632
f 6607 7633 7632
f 6607 6606 7633
f 6606 7634 7633
f 6606 6610 7634
f 6610 7635 7634
f 6610 6612 7635
f 6612 7636 7635
f 6612 6614 7636
f 6614 7637 7636
f 6614 6616 7637
f 6616 7638 7637
f 6616 6618 7638
f 6618 7639 7638
f 6618 6620 7639
f 6620 7640 7639
f 6620 6622 7640
f 6622 7641 7640
f 6622 6624 7641
f 6624 7642 7641
f 6624 6626 7642
f 6626 7643 7642
f 6626 6628 7643
f 6628 7644 7643
f 6628 6630 7644
f 6630 7645 7644
f 6630 6632 7645
f 6632 7646 7645
f 6632 6634 7646
f 6634 7647 7646
f 6634 6636 7647
f 6636 7648 7647
f 6636 6638 7648
f 6638 7649 7648
f 6638 6640 7649
f 6640 7627 7649
f 6640 6642 7627
f 6690 7650 7651
f 6690 6692 7650
f 7650 6692 7652
f 6692 6694 7652
f 6694 7653 7652
f 6694 6696 7653
f 6696 7654 7653
f 6696 6698 7654
f 6698 7655 7654
f 6698 6700 7655
f 6700 7656 7655
f 6700 6655 7656
f 6655 7657 7656
f 6655 6654 7657
f 6654 7658 7657
f 6654 6658 7658
f 6658 7659 7658
f 6658 6660 7659
f 6660 7660 7659
f 6660 6662 7660
f 6662 7661 7660
f 6662 6664 7661
f 6664 7662 7661
f 6664 6666 7662
f 6666 7663 7662
f 6666 6668 7663
f 6668 7664 7663
f 6668 6670 7664
f 6670 7665 7664
f 6670 6672 7665
f 6672 7666 7665
f 6672 6674 7666
f 6674 7667 7666
f 6674 6676 7667
f 6676 7668 7667
f 6676 6678 7668
f 6678 7669 7668
f 6678 6680 7669
f 6680 7670 7669
f 6680 6682 7670
f 6682 7671 7670
f 6682 6684 7671
f 6684 7672 7671
f 6684 6686 7672
f 6686 7673 7672
f 6686 6688 7673
f 6688 7651 7673
f 6688 6690 7651
f 7674 7675 7676
f 7677 7674 7676
f 7678 7674 7677
f 7678 7677 7679
f 7680 7678 7679
f 7680 7679 7681
f 7682 7680 7681
f 7682 7681 7683
f 7684 7682 7683
f 7684 7683 7685
f 7686 7684 7685
f 7686 7685 7687
f 7688 7686 7687
f 7688 7687 7689
f 7690 7688 7689
f 7690 7689 7691
f 7692 7690 7691
f 7692 7691 7693
f 7694 7692 7693
f 7694 7693 7695
f 7696 7694 7695
f 7696 7695 7697
f 7698 7696 7697
f 7698 7697 7699
f 7700 7698 7699
f 7700 7699 7701
f 7702 7700 7701
f 7702 7701 7703
f 7704 7702 7703
f 7704 7703 7705
f 7706 7704 7705
f 7706 7705 7707
f 7708 7706 7707
f 7708 7707 7709
f 7710 7708 7709
f 7710 7709 7711
f 7712 7710 7711
f 7712 7711 7713
f 7714 7712 7713
f 7714 7713 7715
f 7716 7714 7715
f 7716 7715 7717
f 7718 7716 7717
f 7718 7717 7719
f 7720 7718 7719
f 7720 7719 7721
f 7675 7720 7721
f 7675 7721 7676
f 7509 7722 7723
f 7509 7507 7722
f 7722 7507 7724
f 7507 7505 7724
f 7505 7725 7724
f 7505 7503 7725
f 7503 7726 7725
f 7503 7501 7726
f 7501 7727 7726
f 7501 7499 7727
f 7499 7728 7727
f 7499 7497 7728
f 7497 7729 7728
f 7497 7495 7729
f 7495 7730 7729
f 7495 7493 7730
f 7493 7731 7730
f 7493 7491 7731
f 7491 7732 7731
f 7491 7489 7732
f 7489 7733 7732
f 7489 7487 7733
f 7487 7734 7733
f 7487 7485 7734
f 7485 7735 7734
f 7485 7483 7735
f 7483 7736 7735
f 7483 7482 7736
f 7482 7737 7736
f 7482 7527 7737
f 7527 7738 7737
f 7527 7525 7738
f 7525 7739 7738
f 7525 7523 7739
f 7523 7740 7739
f 7523 7521 7740
f 7521 7741 7740
f 7521 7519 7741
f 7519 7742 7741
f 7519 7517 7742
f 7517 7743 7742
f 7517 7515 7743
f 7515 7744 7743
f 7515 7513 7744
f 7513 7745 7744
f 7513 7511 7745
f 7511 7723 7745
f 7511 7509 7723
f 7746 7747 7748
f 7749 7746 7748
f 7750 7746 7749
f 7750 7749 7751
f 7752 7750 7751
f 7752 7751 7753
f 7754 7752 7753
f 7754 7753 7755
f 7756 7754 7755
f 7756 7755 7757
f 7758 7756 7757
f 7758 7757 7759
f 7760 7758 7759
f 7760 7759 7761
f 7762 7760 7761
f 7762 7761 7763
f 7764 7762 7763
f 7764 7763 7765
f 7766 7764 7765
f 7766 7765 7767
f 7768 7766 7767
f 7768 7767 7769
f 7770 7768 7769
f 7770 7769 7771
f 7772 7770 7771
f 7772 7771 7773
f 7774 7772 7773
f 7774 7773 7775
f 7776 7774 7775
f 7776 7775 7777
f 7778 7776 7777
f 7778 7777 7779
f 7780 7778 7779
f 7780 7779 7781
f 7782 7780 7781
f 7782 7781 7783
f 7784 7782 7783
f 7784 7783 7785
f 7786 7784 7785
f 7786 7785 7787
f 7788 7786 7787
f 7788 7787 7789
f 7790 7788 7789
f 7790 7789 7791
f 7792 7790 7791
f 7792 7791 7793
f 7747 7792 7793
f 7747 7793 7748
f 7794 7795 7796
f 7797 7794 7796
f 7798 7794 7797
f 7798 7797 7799
f 7800 7798 7799
f 7800 7799 7801
f 7802 7800 7801
f 7802 7801 7803
f 7804 7802 7803
f 7804 7803 7805
f 7806 7804 7805
f 7806 7805 7807
f 7808 7806 7807
f 7808 7807 7809
f 7810 7808 7809
f 7810 7809 7811
f 7812 7810 7811
f 7812 7811 7813
f 7814 7812 7813
f 7814 7813 7815
f 7816 7814 7815
f 7816 7815 7817
f 7818 7816 7817
f 7818 7817 7819
f 7820 7818 7819
f 7820 7819 7821
f 7822 7820 7821
f 7822 7821 7823
f 7824 7822 7823
f 7824 7823 7825
f 7826 7824 7825
f 7826 7825 7827
f 7828 7826 7827
f 7828 7827 7829
f 7830 7828 7829
f 7830 7829 7831
f 7832 7830 7831
f 7832 7831 7833
f 7834 7832 7833
f 7834 7833 7835
f 7836 7834 7835
f 7836 7835 7837
f 7838 7836 7837
f 7838 7837 7839
f 7840 7838 7839
f 7840 7839 7841
f 7795 7840 7841
f 7795 7841 7796
f 7554 7556 7842
f 7557 7558 7842
f 7559 7560 7842
f 7561 7562 7842
f 7563 7564 7842
f 7565 7566 7842
f 7567 7568 7842
f 7569 7570 7842
f 7571 7572 7842
f 7573 7574 7842
f 7575 7576 7842
f 7577 7555 7842
f 7555 7554 7842
f 7570 7571 7842
f 7562 7563 7842
f 7576 7577 7842
f 7574 7575 7842
f 7572 7573 7842
f 7568 7569 7842
f 7566 7567 7842
f 7564 7565 7842
f 7560 7561 7842
f 7558 7559 7842
f 7556 7557 7842
f 7578 7580 7843
f 7581 7582 7843
f 7583 7584 7843
f 7585 7586 7843
f 7587 7588 7843
f 7589 7590 7843
f 7591 7592 7843
f 7593 7594 7843
f 7595 7596 7843
f 7597 7598 7843
f 7599 7600 7843
f 7601 7579 7843
f 7579 7578 7843
f 7594 7595 7843
f 7586 7587 7843
f 7600 7601 7843
f 7598 7599 7843
f 7596 7597 7843
f 7592 7593 7843
f 7590 7591 7843
f 7588 7589 7843
f 7584 7585 7843
f 7582 7583 7843
f 7580 7581 7843
f 7602 7604 7844
f 7605 7606 7844
f 7607 7608 7844
f 7609 7610 7844
f 7611 7612 7844
f 7613 7614 7844
f 7615 7616 7844
f 7617 7618 7844
f 7619 7620 7844
f 7621 7622 7844
f 7623 7624 7844
f 7625 7603 7844
f 7603 7602 7844
f 7618 7619 7844
f 7610 7611 7844
f 7624 7625 7844
f 7622 7623 7844
f 7620 7621 7844
f 7616 7617 7844
f 7614 7615 7844
f 7612 7613 7844
f 7608 7609 7844
f 7606 7607 7844
f 7604 7605 7844
f 7626 7628 7845
f 7629 7630 7845
f 7631 7632 7845
f 7633 7634 7845
f 7635 7636 7845
f 7637 7638 7845
f 7639 7640 7845
f 7641 7642 7845
f 7643 7644 7845
f 7645 7646 7845
f 7647 7648 7845
f 7649 7627 7845
f 7627 7626 7845
f 7642 7643 7845
f 7634 7635 7845
f 7648 7649 7845
f 7646 7647 7845
f 7644 7645 7845
f 7640 7641 7845
f 7638 7639 7845
f 7636 7637 7845
f 7632 7633 7845
f 7630 7631 7845
f 7628 7629 7845
f 7650 7652 7846
f 7653 7654 7846
f 7655 7656 7846
f 7657 7658 7846
f 7659 7660 7846
f 7661 7662 7846
f 7663 7664 7846
f 7665 7666 7846
f 7667 7668 7846
f 7669 7670 7846
f 7671 7672 7846
f 7673 7651 7846
f 7651 7650 7846
f 7666 7667 7846
f 7658 7659 7846
f 7672 7673 7846
f 7670 7671 7846
f 7668 7669 7846
f 7664 7665 7846
f 7662 7663 7846
f 7660 7661 7846
f 7656 7657 7846
f 7654 7655 7846
f 7652 7653 7846
f 7847 7848 7849
f 7850 7847 7849
f 7851 7847 7850
f 7851 7850 7852
f 7853 7851 7852
f 7853 7852 7854
f 7855 7853 7854
f 7855 7854 7856
f 7857 7855 7856
f 7857 7856 7858
f 7859 7857 7858
f 7859 7858 7860
f 7861 7859 7860
f 7861 7860 7862
f 7863 7861 7862
f 7863 7862 7864
f 7865 7863 7864
f 7865 7864 7866
f 7867 7865 7866
f 7867 7866 7868
f 7869 7867 7868
f 7869 7868 7870
f 7871 7869 7870
f 7871 7870 7872
f 7873 7871 7872
f 7873 7872 7874
f 7875 7873 7874
f 7875 7874 7876
f 7877 7875 7876
f 7877 7876 7878
f 7879 7877 7878
f 7879 7878 7880
f 7881 7879 7880
f 7881 7880 7882
f 7883 7881 7882
f 7883 7882 7884
f 7885 7883 7884
f 7885 7884 7886
f 7887 7885 7886
f 7887 7886 7888
f 7889 7887 7888
f 7889 7888 7890
f 7891 7889 7890
f 7891 7890 7892
f 7893 7891 7892
f 7893 7892 7894
f 7848 7893 7894
f 7848 7894 7849
f 7895 7896 7897
f 7898 7895 7897
f 7899 7895 7898
f 7899 7898 7900
f 7901 7899 7900
f 7901 7900 7902
f 7903 7901 7902
f 7903 7902 7904
f 7905 7903 7904
f 7905 7904 7906
f 7907 7905 7906
f 7907 7906 7908
f 7909 7907 7908
f 7909 7908 7910
f 7911 7909 7910
f 7911 7910 7912
f 7913 7911 7912
f 7913 7912 7914
f 7915 7913 7914
f 7915 7914 7916
f 7917 7915 7916
f 7917 7916 7918
f 7919 7917 7918
f 7919 7918 7920
f 7921 7919 7920
f 7921 7920 7922
f 7923 7921 7922
f 7923 7922 7924
f 7925 7923 7924
f 7925 7924 7926
f 7927 7925 7926
f 7927 7926 7928
f 7929 7927 7928
f 7929 7928 7930
f 7931 7929 7930
f 7931 7930 7932
f 7933 7931 7932
f 7933 7932 7934
f 7935 7933 7934
f 7935 7934 7936
f 7937 7935 7936
f 7937 7936 7938
f 7939 7937 7938
f 7939 7938 7940
f 7941 7939 7940
f 7941 7940 7942
f 7896 7941 7942
f 7896 7942 7897
f 7943 7944 7945
f 7946 7947 7945
f 7948 7949 7945
f 7950 7951 7945
f 7952 7953 7945
f 7954 7955 7945
f 7956 7957 7945
f 7958 7959 7945
f 7960 7961 7945
f 7962 7963 7945
f 7964 7965 7945
f 7966 7967 7945
f 7967 7943 7945
f 7959 7960 7945
f 7951 7952 7945
f 7965 7966 7945
f 7963 7964 7945
f 7961 7962 7945
f 7957 7958 7945
f 7955 7956 7945
f 7953 7954 7945
f 7949 7950 7945
f 7947 7948 7945
f 7944 7946 7945
f 7968 7969 7970
f 7971 7972 7970
f 7973 7974 7970
f 7975 7976 7970
f 7977 7978 7970
f 7979 7980 7970
f 7981 7982 7970
f 7983 7984 7970
f 7985 7986 7970
f 7987 7988 7970
f 7989 7990 7970
f 7991 7992 7970
f 7972 7973 7970
f 7969 7971 7970
f 7992 7968 7970
f 7990 7991 7970
f 7988 7989 7970
f 7986 7987 7970
f 7984 7985 7970
f 7982 7983 7970
f 7980 7981 7970
f 7978 7979 7970
f 7976 7977 7970
f 7974 7975 7970
f 7993 7994 7995
f 7996 7997 7995
f 7998 7999 7995
f 8000 8001 7995
f 8002 8003 7995
f 8004 8005 7995
f 8006 8007 7995
f 8008 8009 7995
f 8010 8011 7995
f 8012 8013 7995
f 8014 8015 7995
f 8016 8017 7995
f 7997 7998 7995
f 7994 7996 7995
f 8017 7993 7995
f 8015 8016 7995
f 8013 8014 7995
f 8011 8012 7995
f 8009 8010 7995
f 8007 8008 7995
f 8005 8006 7995
f 8003 8004 7995
f 8001 8002 7995
f 7999 8000 7995
f 8018 8019 8020
f 8021 8022 8020
f 8023 8024 8020
f 8025 8026 8020
f 8027 8028 8020
f 8029 8030 8020
f 8031 8032 8020
f 8033 8034 8020
f 8035 8036 8020
f 8037 8038 8020
f 8039 8040 8020
f 8041 8042 8020
f 8019 8021 8020
f 8036 8037 8020
f 8028 8029 8020
f 8042 8018 8020
f 8040 8041 8020
f 8038 8039 8020
f 8034 8035 8020
f 8032 8033 8020
f 8030 8031 8020
f 8026 8027 8020
f 8024 8025 8020
f 8022 8023 8020
f 8043 8044 8045
f 8046 8047 8045
f 8048 8049 8045
f 8050 8051 8045
f 8052 8053 8045
f 8054 8055 8045
f 8056 8057 8045
f 8058 8059 8045
f 8060 8061 8045
f 8062 8063 8045
f 8064 8065 8045
f 8066 8067 8045
f 8067 8043 8045
f 8059 8060 8045
f 8051 8052 8045
f 8065 8066 8045
f 8063 8064 8045
f 8061 8062 8045
f 8057 8058 8045
f 8055 8056 8045
f 8053 8054 8045
f 8049 8050 8045
f 8047 8048 8045
f 8044 8046 8045
f 8068 8069 8070
f 8071 8072 8070
f 8073 8074 8070
f 8075 8076 8070
f 8077 8078 8070
f 8079 8080 8070
f 8081 8082 8070
f 8083 8084 8070
f 8085 8086 8070
f 8087 8088 8070
f 8089 8090 8070
f 8091 8092 8070
f 8069 8071 8070
f 8092 8068 8070
f 8090 8091 8070
f 8088 8089 8070
f 8086 8087 8070
f 8084 8085 8070
f 8082 8083 8070
f 8080 8081 8070
f 8078 8079 8070
f 8076 8077 8070
f 8074 8075 8070
f 8072 8073 8070
f 8093 8094 8095
f 8096 8097 8095
f 8098 8099 8095
f 8100 8101 8095
f 8102 8103 8095
f 8104 8105 8095
f 8106 8107 8095
f 8108 8109 8095
f 8110 8111 8095
f 8112 8113 8095
f 8114 8115 8095
f 8116 8117 8095
f 8094 8096 8095
f 8111 8112 8095
f 8103 8104 8095
f 8117 8093 8095
f 8115 8116 8095
f 8113 8114 8095
f 8109 8110 8095
f 8107 8108 8095
f 8105 8106 8095
f 8101 8102 8095
f 8099 8100 8095
f 8097 8098 8095
f 8118 8119 8120
f 8121 8122 8120
f 8123 8124 8120
f 8125 8126 8120
f 8127 8128 8120
f 8129 8130 8120
f 8131 8132 8120
f 8133 8134 8120
f 8135 8136 8120
f 8137 8138 8120
f 8139 8140 8120
f 8141 8142 8120
f 8119 8121 8120
f 8142 8118 8120
f 8140 8141 8120
f 8138 8139 8120
f 8136 8137 8120
f 8134 8135 8120
f 8132 8133 8120
f 8130 8131 8120
f 8128 8129 8120
f 8126 8127 8120
f 8124 8125 8120
f 8122 8123 8120
f 8143 8144 8145
f 8143 8145 8146
f 8147 8143 8146
f 8147 8146 8148
f 8149 8147 8148
f 8150 8149 8148
f 8151 8149 8150
f 8152 8151 8150
f 8153 8151 8152
f 8154 8153 8152
f 8155 8153 8154
f 8156 8155 8154
f 8157 8155 8156
f 8158 8157 8156
f 8159 8157 8158
f 8160 8159 8158
f 8161 8159 8160
f 8162 8161 8160
f 8163 8161 8162
f 8164 8163 8162
f 8165 8163 8164
f 8166 8165 8164
f 8167 8165 8166
f 8168 8167 8166
f 8169 8167 8168
f 8170 8169 8168
f 8171 8169 8170
f 8171 8170 8172
f 8173 8171 8172
f 8174 8173 8172
f 8175 8173 8174
f 8176 8175 8174
f 8177 8175 8176
f 8178 8177 8176
f 8179 8177 8178
f 8180 8179 8178
f 8181 8179 8180
f 8182 8181 8180
f 8183 8181 8182
f 8184 8183 8182
f 8185 8183 8184
f 8186 8185 8184
f 8187 8185 8186
f 8188 8187 8186
f 8189 8187 8188
f 8190 8189 8188
f 8144 8189 8190
f 8145 8144 8190
f 8191 8192 8193
f 8194 8191 8193
f 8195 8191 8194
f 8196 8195 8194
f 8197 8195 8196
f 8197 8196 8198
f 8199 8197 8198
f 8199 8198 8200
f 8201 8199 8200
f 8201 8200 8202
f 8203 8201 8202
f 8203 8202 8204
f 8205 8203 8204
f 8205 8204 8206
f 8207 8205 8206
f 8207 8206 8208
f 8209 8207 8208
f 8209 8208 8210
f 8211 8209 8210
f 8211 8210 8212
f 8213 8211 8212
f 8213 8212 8214
f 8215 8213 8214
f 8215 8214 8216
f 8217 8215 8216
f 8218 8217 8216
f 8219 8217 8218
f 8219 8218 8220
f 8221 8219 8220
f 8221 8220 8222
f 8223 8221 8222
f 8223 8222 8224
f 8225 8223 8224
f 8225 8224 8226
f 8227 8225 8226
f 8227 8226 8228
f 8229 8227 8228
f 8229 8228 8230
f 8231 8229 8230
f 8231 8230 8232
f 8233 8231 8232
f 8233 8232 8234
f 8235 8233 8234
f 8235 8234 8236
f 8237 8235 8236
f 8237 8236 8238
f 8192 8237 8238
f 8192 8238 8193
f 8170 8239 8172
f 8172 8239 8240
f 8174 8172 8240
f 8241 8174 8240
f 8176 8174 8241
f 8242 8176 8241
f 8178 8176 8242
f 8243 8178 8242
f 8180 8178 8243
f 8244 8180 8243
f 8182 8180 8244
f 8245 8182 8244
f 8184 8182 8245
f 8246 8184 8245
f 8186 8184 8246
f 8247 8186 8246
f 8188 8186 8247
f 8248 8188 8247
f 8190 8188 8248
f 8249 8190 8248
f 8145 8190 8249
f 8250 8145 8249
f 8145 8250 8146
f 8250 8251 8146
f 8146 8251 8148
f 8148 8251 8252
f 8150 8148 8252
f 8253 8150 8252
f 8152 8150 8253
f 8254 8152 8253
f 8154 8152 8254
f 8255 8154 8254
f 8156 8154 8255
f 8256 8156 8255
f 8158 8156 8256
f 8257 8158 8256
f 8160 8158 8257
f 8258 8160 8257
f 8162 8160 8258
f 8259 8162 8258
f 8164 8162 8259
f 8260 8164 8259
f 8166 8164 8260
f 8261 8166 8260
f 8168 8166 8261
f 8262 8168 8261
f 8170 8168 8262
f 8239 8170 8262
f 8239 8263 8240
f 8240 8263 8264
f 8241 8240 8264
f 8265 8241 8264
f 8242 8241 8265
f 8266 8242 8265
f 8243 8242 8266
f 8267 8243 8266
f 8244 8243 8267
f 8268 8244 8267
f 8245 8244 8268
f 8269 8245 8268
f 8246 8245 8269
f 8270 8246 8269
f 8247 8246 8270
f 8271 8247 8270
f 8248 8247 8271
f 8272 8248 8271
f 8249 8248 8272
f 8273 8249 8272
f 8250 8249 8273
f 8274 8250 8273
f 8250 8274 8251
f 8274 8275 8251
f 8251 8275 8252
f 8252 8275 8276
f 8253 8252 8276
f 8277 8253 8276
f 8254 8253 8277
f 8278 8254 8277
f 8255 8254 8278
f 8279 8255 8278
f 8256 8255 8279
f 8280 8256 8279
f 8257 8256 8280
f 8281 8257 8280
f 8258 8257 8281
f 8282 8258 8281
f 8259 8258 8282
f 8283 8259 8282
f 8260 8259 8283
f 8284 8260 8283
f 8261 8260 8284
f 8285 8261 8284
f 8262 8261 8285
f 8286 8262 8285
f 8239 8262 8286
f 8263 8239 8286
f 8263 8218 8264
f 8264 8218 8216
f 8265 8264 8216
f 8214 8265 8216
f 8266 8265 8214
f 8212 8266 8214
f 8267 8266 8212
f 8210 8267 8212
f 8268 8267 8210
f 8208 8268 8210
f 8269 8268 8208
f 8206 8269 8208
f 8270 8269 8206
f 8204 8270 8206
f 8271 8270 8204
f 8202 8271 8204
f 8272 8271 8202
f 8200 8272 8202
f 8273 8272 8200
f 8198 8273 8200
f 8274 8273 8198
f 8196 8274 8198
f 8274 8196 8275
f 8196 8194 8275
f 8275 8194 8276
f 8276 8194 8193
f 8277 8276 8193
f 8238 8277 8193
f 8278 8277 8238
f 8236 8278 8238
f 8279 8278 8236
f 8234 8279 8236
f 8280 8279 8234
f 8232 8280 8234
f 8281 8280 8232
f 8230 8281 8232
f 8282 8281 8230
f 8228 8282 8230
f 8283 8282 8228
f 8226 8283 8228
f 8284 8283 8226
f 8224 8284 8226
f 8285 8284 8224
f 8222 8285 8224
f 8286 8285 8222
f 8220 8286 8222
f 8263 8286 8220
f 8218 8263 8220
f 8287 8288 8289
f 8287 8289 8290
f 8291 8287 8290
f 8291 8290 8292
f 8293 8291 8292
f 8294 8293 8292
f 8295 8293 8294
f 8296 8295 8294
f 8297 8295 8296
f 8298 8297 8296
f 8299 8297 8298
f 8300 8299 8298
f 8301 8299 8300
f 8302 8301 8300
f 8303 8301 8302
f 8304 8303 8302
f 8305 8303 8304
f 8306 8305 8304
f 8307 8305 8306
f 8308 8307 8306
f 8309 8307 8308
f 8310 8309 8308
f 8311 8309 8310
f 8312 8311 8310
f 8313 8311 8312
f 8314 8313 8312
f 8315 8313 8314
f 8315 8314 8316
f 8317 8315 8316
f 8318 8317 8316
f 8319 8317 8318
f 8320 8319 8318
f 8321 8319 8320
f 8322 8321 8320
f 8323 8321 8322
f 8324 8323 8322
f 8325 8323 8324
f 8326 8325 8324
f 8327 8325 8326
f 8328 8327 8326
f 8329 8327 8328
f 8330 8329 8328
f 8331 8329 8330
f 8332 8331 8330
f 8333 8331 8332
f 8334 8333 8332
f 8288 8333 8334
f 8289 8288 8334
f 8335 8336 8337
f 8338 8335 8337
f 8339 8335 8338
f 8340 8339 8338
f 8341 8339 8340
f 8341 8340 8342
f 8343 8341 8342
f 8343 8342 8344
f 8345 8343 8344
f 8345 8344 8346
f 8347 8345 8346
f 8347 8346 8348
f 8349 8347 8348
f 8349 8348 8350
f 8351 8349 8350
f 8351 8350 8352
f 8353 8351 8352
f 8353 8352 8354
f 8355 8353 8354
f 8355 8354 8356
f 8357 8355 8356
f 8357 8356 8358
f 8359 8357 8358
f 8359 8358 8360
f 8361 8359 8360
f 8362 8361 8360
f 8363 8361 8362
f 8363 8362 8364
f 8365 8363 8364
f 8365 8364 8366
f 8367 8365 8366
f 8367 8366 8368
f 8369 8367 8368
f 8369 8368 8370
f 8371 8369 8370
f 8371 8370 8372
f 8373 8371 8372
f 8373 8372 8374
f 8375 8373 8374
f 8375 8374 8376
f 8377 8375 8376
f 8377 8376 8378
f 8379 8377 8378
f 8379 8378 8380
f 8381 8379 8380
f 8381 8380 8382
f 8336 8381 8382
f 8336 8382 8337
f 8314 8383 8316
f 8316 8383 8384
f 8318 8316 8384
f 8385 8318 8384
f 8320 8318 8385
f 8386 8320 8385
f 8322 8320 8386
f 8387 8322 8386
f 8324 8322 8387
f 8388 8324 8387
f 8326 8324 8388
f 8389 8326 8388
f 8328 8326 8389
f 8390 8328 8389
f 8330 8328 8390
f 8391 8330 8390
f 8332 8330 8391
f 8392 8332 8391
f 8334 8332 8392
f 8393 8334 8392
f 8289 8334 8393
f 8394 8289 8393
f 8289 8394 8290
f 8394 8395 8290
f 8290 8395 8292
f 8292 8395 8396
f 8294 8292 8396
f 8397 8294 8396
f 8296 8294 8397
f 8398 8296 8397
f 8298 8296 8398
f 8399 8298 8398
f 8300 8298 8399
f 8400 8300 8399
f 8302 8300 8400
f 8401 8302 8400
f 8304 8302 8401
f 8402 8304 8401
f 8306 8304 8402
f 8403 8306 8402
f 8308 8306 8403
f 8404 8308 8403
f 8310 8308 8404
f 8405 8310 8404
f 8312 8310 8405
f 8406 8312 8405
f 8314 8312 8406
f 8383 8314 8406
f 8383 8407 8384
f 8384 8407 8408
f 8385 8384 8408
f 8409 8385 8408
f 8386 8385 8409
f 8410 8386 8409
f 8387 8386 8410
f 8411 8387 8410
f 8388 8387 8411
f 8412 8388 8411
f 8389 8388 8412
f 8413 8389 8412
f 8390 8389 8413
f 8414 8390 8413
f 8391 8390 8414
f 8415 8391 8414
f 8392 8391 8415
f 8416 8392 8415
f 8393 8392 8416
f 8417 8393 8416
f 8394 8393 8417
f 8418 8394 8417
f 8394 8418 8395
f 8418 8419 8395
f 8395 8419 8396
f 8396 8419 8420
f 8397 8396 8420
f 8421 8397 8420
f 8398 8397 8421
f 8422 8398 8421
f 8399 8398 8422
f 8423 8399 8422
f 8400 8399 8423
f 8424 8400 8423
f 8401 8400 8424
f 8425 8401 8424
f 8402 8401 8425
f 8426 8402 8425
f 8403 8402 8426
f 8427 8403 8426
f 8404 8403 8427
f 8428 8404 8427
f 8405 8404 8428
f 8429 8405 8428
f 8406 8405 8429
f 8430 8406 8429
f 8383 8406 8430
f 8407 8383 8430
f 8407 8362 8408
f 8408 8362 8360
f 8409 8408 8360
f 8358 8409 8360
f 8410 8409 8358
f 8356 8410 8358
f 8411 8410 8356
f 8354 8411 8356
f 8412 8411 8354
f 8352 8412 8354
f 8413 8412 8352
f 8350 8413 8352
f 8414 8413 8350
f 8348 8414 8350
f 8415 8414 8348
f 8346 8415 8348
f 8416 8415 8346
f 8344 8416 8346
f 8417 8416 8344
f 8342 8417 8344
f 8418 8417 8342
f 8340 8418 8342
f 8418 8340 8419
f 8340 8338 8419
f 8419 8338 8420
f 8420 8338 8337
f 8421 8420 8337
f 8382 8421 8337
f 8422 8421 8382
f 8380 8422 8382
f 8423 8422 8380
f 8378 8423 8380
f 8424 8423 8378
f 8376 8424 8378
f 8425 8424 8376
f 8374 8425 8376
f 8426 8425 8374
f 8372 8426 8374
f 8427 8426 8372
f 8370 8427 8372
f 8428 8427 8370
f 8368 8428 8370
f 8429 8428 8368
f 8366 8429 8368
f 8430 8429 8366
f 8364 8430 8366
f 8407 8430 8364
f 8362 8407 8364
f 8431 8432 8433
f 8431 8433 8434
f 8435 8431 8434
f 8435 8434 8436
f 8437 8435 8436
f 8438 8437 8436
f 8439 8437 8438
f 8440 8439 8438
f 8441 8439 8440
f 8442 8441 8440
f 8443 8441 8442
f 8444 8443 8442
f 8445 8443 8444
f 8446 8445 8444
f 8447 8445 8446
f 8448 8447 8446
f 8449 8447 8448
f 8450 8449 8448
f 8451 8449 8450
f 8452 8451 8450
f 8453 8451 8452
f 8454 8453 8452
f 8455 8453 8454
f 8456 8455 8454
f 8457 8455 8456
f 8458 8457 8456
f 8459 8457 8458
f 8459 8458 8460
f 8461 8459 8460
f 8462 8461 8460
f 8463 8461 8462
f 8464 8463 8462
f 8465 8463 8464
f 8466 8465 8464
f 8467 8465 8466
f 8468 8467 8466
f 8469 8467 8468
f 8470 8469 8468
f 8471 8469 8470
f 8472 8471 8470
f 8473 8471 8472
f 8474 8473 8472
f 8475 8473 8474
f 8476 8475 8474
f 8477 8475 8476
f 8478 8477 8476
f 8432 8477 8478
f 8433 8432 8478
f 8479 8480 8481
f 8482 8479 8481
f 8483 8479 8482
f 8484 8483 8482
f 8485 8483 8484
f 8485 8484 8486
f 8487 8485 8486
f 8487 8486 8488
f 8489 8487 8488
f 8489 8488 8490
f 8491 8489 8490
f 8491 8490 8492
f 8493 8491 8492
f 8493 8492 8494
f 8495 8493 8494
f 8495 8494 8496
f 8497 8495 8496
f 8497 8496 8498
f 8499 8497 8498
f 8499 8498 8500
f 8501 8499 8500
f 8501 8500 8502
f 8503 8501 8502
f 8503 8502 8504
f 8505 8503 8504
f 8506 8505 8504
f 8507 8505 8506
f 8507 8506 8508
f 8509 8507 8508
f 8509 8508 8510
f 8511 8509 8510
f 8511 8510 8512
f 8513 8511 8512
f 8513 8512 8514
f 8515 8513 8514
f 8515 8514 8516
f 8517 8515 8516
f 8517 8516 8518
f 8519 8517 8518
f 8519 8518 8520
f 8521 8519 8520
f 8521 8520 8522
f 8523 8521 8522
f 8523 8522 8524
f 8525 8523 8524
f 8525 8524 8526
f 8480 8525 8526
f 8480 8526 8481
f 8458 8527 8460
f 8460 8527 8528
f 8462 8460 8528
f 8529 8462 8528
f 8464 8462 8529
f 8530 8464 8529
f 8466 8464 8530
f 8531 8466 8530
f 8468 8466 8531
f 8532 8468 8531
f 8470 8468 8532
f 8533 8470 8532
f 8472 8470 8533
f 8534 8472 8533
f 8474 8472 8534
f 8535 8474 8534
f 8476 8474 8535
f 8536 8476 8535
f 8478 8476 8536
f 8537 8478 8536
f 8433 8478 8537
f 8538 8433 8537
f 8433 8538 8434
f 8538 8539 8434
f 8434 8539 8436
f 8436 8539 8540
f 8438 8436 8540
f 8541 8438 8540
f 8440 8438 8541
f 8542 8440 8541
f 8442 8440 8542
f 8543 8442 8542
f 8444 8442 8543
f 8544 8444 8543
f 8446 8444 8544
f 8545 8446 8544
f 8448 8446 8545
f 8546 8448 8545
f 8450 8448 8546
f 8547 8450 8546
f 8452 8450 8547
f 8548 8452 8547
f 8454 8452 8548
f 8549 8454 8548
f 8456 8454 8549
f 8550 8456 8549
f 8458 8456 8550
f 8527 8458 8550
f 8527 8551 8528
f 8528 8551 8552
f 8529 8528 8552
f 8553 8529 8552
f 8530 8529 8553
f 8554 8530 8553
f 8531 8530 8554
f 8555 8531 8554
f 8532 8531 8555
f 8556 8532 8555
f 8533 8532 8556
f 8557 8533 8556
f 8534 8533 8557
f 8558 8534 8557
f 8535 8534 8558
f 8559 8535 8558
f 8536 8535 8559
f 8560 8536 8559
f 8537 8536 8560
f 8561 8537 8560
f 8538 8537 8561
f 8562 8538 8561
f 8538 8562 8539
f 8562 8563 8539
f 8539 8563 8540
f 8540 8563 8564
f 8541 8540 8564
f 8565 8541 8564
f 8542 8541 8565
f 8566 8542 8565
f 8543 8542 8566
f 8567 8543 8566
f 8544 8543 8567
f 8568 8544 8567
f 8545 8544 8568
f 8569 8545 8568
f 8546 8545 8569
f 8570 8546 8569
f 8547 8546 8570
f 8571 8547 8570
f 8548 8547 8571
f 8572 8548 8571
f 8549 8548 8572
f 8573 8549 8572
f 8550 8549 8573
f 8574 8550 8573
f 8527 8550 8574
f 8551 8527 8574
f 8551 8506 8552
f 8552 8506 8504
f 8553 8552 8504
f 8502 8553 8504
f 8554 8553 8502
f 8500 8554 8502
f 8555 8554 8500
f 8498 8555 8500
f 8556 8555 8498
f 8496 8556 8498
f 8557 8556 8496
f 8494 8557 8496
f 8558 8557 8494
f 8492 8558 8494
f 8559 8558 8492
f 8490 8559 8492
f 8560 8559 8490
f 8488 8560 8490
f 8561 8560 8488
f 8486 8561 8488
f 8562 8561 8486
f 8484 8562 8486
f 8562 8484 8563
f 8484 8482 8563
f 8563 8482 8564
f 8564 8482 8481
f 8565 8564 8481
f 8526 8565 8481
f 8566 8565 8526
f 8524 8566 8526
f 8567 8566 8524
f 8522 8567 8524
f 8568 8567 8522
f 8520 8568 8522
f 8569 8568 8520
f 8518 8569 8520
f 8570 8569 8518
f 8516 8570 8518
f 8571 8570 8516
f 8514 8571 8516
f 8572 8571 8514
f 8512 8572 8514
f 8573 8572 8512
f 8510 8573 8512
f 8574 8573 8510
f 8508 8574 8510
f 8551 8574 8508
f 8506 8551 8508
f 8575 8576 8577
f 8575 8577 8578
f 8579 8575 8578
f 8579 8578 8580
f 8581 8579 8580
f 8582 8581 8580
f 8583 8581 8582
f 8584 8583 8582
f 8585 8583 8584
f 8586 8585 8584
f 8587 8585 8586
f 8588 8587 8586
f 8589 8587 8588
f 8590 8589 8588
f 8591 8589 8590
f 8592 8591 8590
f 8593 8591 8592
f 8594 8593 8592
f 8595 8593 8594
f 8596 8595 8594
f 8597 8595 8596
f 8598 8597 8596
f 8599 8597 8598
f 8600 8599 8598
f 8601 8599 8600
f 8602 8601 8600
f 8603 8601 8602
f 8603 8602 8604
f 8605 8603 8604
f 8606 8605 8604
f 8607 8605 8606
f 8608 8607 8606
f 8609 8607 8608
f 8610 8609 8608
f 8611 8609 8610
f 8612 8611 8610
f 8613 8611 8612
f 8614 8613 8612
f 8615 8613 8614
f 8616 8615 8614
f 8617 8615 8616
f 8618 8617 8616
f 8619 8617 8618
f 8620 8619 8618
f 8621 8619 8620
f 8622 8621 8620
f 8576 8621 8622
f 8577 8576 8622
f 8623 8624 8625
f 8626 8623 8625
f 8627 8623 8626
f 8628 8627 8626
f 8629 8627 8628
f 8629 8628 8630
f 8631 8629 8630
f 8631 8630 8632
f 8633 8631 8632
f 8633 8632 8634
f 8635 8633 8634
f 8635 8634 8636
f 8637 8635 8636
f 8637 8636 8638
f 8639 8637 8638
f 8639 8638 8640
f 8641 8639 8640
f 8641 8640 8642
f 8643 8641 8642
f 8643 8642 8644
f 8645 8643 8644
f 8645 8644 8646
f 8647 8645 8646
f 8647 8646 8648
f 8649 8647 8648
f 8650 8649 8648
f 8651 8649 8650
f 8651 8650 8652
f 8653 8651 8652
f 8653 8652 8654
f 8655 8653 8654
f 8655 8654 8656
f 8657 8655 8656
f 8657 8656 8658
f 8659 8657 8658
f 8659 8658 8660
f 8661 8659 8660
f 8661 8660 8662
f 8663 8661 8662
f 8663 8662 8664
f 8665 8663 8664
f 8665 8664 8666
f 8667 8665 8666
f 8667 8666 8668
f 8669 8667 8668
f 8669 8668 8670
f 8624 8669 8670
f 8624 8670 8625
f 8602 8671 8604
f 8604 8671 8672
f 8606 8604 8672
f 8673 8606 8672
f 8608 8606 8673
f 8674 8608 8673
f 8610 8608 8674
f 8675 8610 8674
f 8612 8610 8675
f 8676 8612 8675
f 8614 8612 8676
f 8677 8614 8676
f 8616 8614 8677
f 8678 8616 8677
f 8618 8616 8678
f 8679 8618 8678
f 8620 8618 8679
f 8680 8620 8679
f 8622 8620 8680
f 8681 8622 8680
f 8577 8622 8681
f 8682 8577 8681
f 8577 8682 8578
f 8682 8683 8578
f 8578 8683 8580
f 8580 8683 8684
f 8582 8580 8684
f 8685 8582 8684
f 8584 8582 8685
f 8686 8584 8685
f 8586 8584 8686
f 8687 8586 8686
f 8588 8586 8687
f 8688 8588 8687
f 8590 8588 8688
f 8689 8590 8688
f 8592 8590 8689
f 8690 8592 8689
f 8594 8592 8690
f 8691 8594 8690
f 8596 8594 8691
f 8692 8596 8691
f 8598 8596 8692
f 8693 8598 8692
f 8600 8598 8693
f 8694 8600 8693
f 8602 8600 8694
f 8671 8602 8694
f 8671 8695 8672
f 8672 8695 8696
f 8673 8672 8696
f 8697 8673 8696
f 8674 8673 8697
f 8698 8674 8697
f 8675 8674 8698
f 8699 8675 8698
f 8676 8675 8699
f 8700 8676 8699
f 8677 8676 8700
f 8701 8677 8700
f 8678 8677 8701
f 8702 8678 8701
f 8679 8678 8702
f 8703 8679 8702
f 8680 8679 8703
f 8704 8680 8703
f 8681 8680 8704
f 8705 8681 8704
f 8682 8681 8705
f 8706 8682 8705
f 8682 8706 8683
f 8706 8707 8683
f 8683 8707 8684
f 8684 8707 8708
f 8685 8684 8708
f 8709 8685 8708
f 8686 8685 8709
f 8710 8686 8709
f 8687 8686 8710
f 8711 8687 8710
f 8688 8687 8711
f 8712 8688 8711
f 8689 8688 8712
f 8713 8689 8712
f 8690 8689 8713
f 8714 8690 8713
f 8691 8690 8714
f 8715 8691 8714
f 8692 8691 8715
f 8716 8692 8715
f 8693 8692 8716
f 8717 8693 8716
f 8694 8693 8717
f 8718 8694 8717
f 8671 8694 8718
f 8695 8671 8718
f 8695 8650 8696
f 8696 8650 8648
f 8697 8696 8648
f 8646 8697 8648
f 8698 8697 8646
f 8644 8698 8646
f 8699 8698 8644
f 8642 8699 8644
f 8700 8699 8642
f 8640 8700 8642
f 8701 8700 8640
f 8638 8701 8640
f 8702 8701 8638
f 8636 8702 8638
f 8703 8702 8636
f 8634 8703 8636
f 8704 8703 8634
f 8632 8704 8634
f 8705 8704 8632
f 8630 8705 8632
f 8706 8705 8630
f 8628 8706 8630
f 8706 8628 8707
f 8628 8626 8707
f 8707 8626 8708
f 8708 8626 8625
f 8709 8708 8625
f 8670 8709 8625
f 8710 8709 8670
f 8668 8710 8670
f 8711 8710 8668
f 8666 8711 8668
f 8712 8711 8666
f 8664 8712 8666
f 8713 8712 8664
f 8662 8713 8664
f 8714 8713 8662
f 8660 8714 8662
f 8715 8714 8660
f 8658 8715 8660
f 8716 8715 8658
f 8656 8716 8658
f 8717 8716 8656
f 8654 8717 8656
f 8718 8717 8654
f 8652 8718 8654
f 8695 8718 8652
f 8650 8695 8652
f 8719 8720 8721
f 8719 8721 8722
f 8723 8719 8722
f 8723 8722 8724
f 8725 8723 8724
f 8726 8725 8724
f 8727 8725 8726
f 8728 8727 8726
f 8729 8727 8728
f 8730 8729 8728
f 8731 8729 8730
f 8732 8731 8730
f 8733 8731 8732
f 8734 8733 8732
f 8735 8733 8734
f 8736 8735 8734
f 8737 8735 8736
f 8738 8737 8736
f 8739 8737 8738
f 8740 8739 8738
f 8741 8739 8740
f 8742 8741 8740
f 8743 8741 8742
f 8744 8743 8742
f 8745 8743 8744
f 8746 8745 8744
f 8747 8745 8746
f 8747 8746 8748
f 8749 8747 8748
f 8750 8749 8748
f 8751 8749 8750
f 8752 8751 8750
f 8753 8751 8752
f 8754 8753 8752
f 8755 8753 8754
f 8756 8755 8754
f 8757 8755 8756
f 8758 8757 8756
f 8759 8757 8758
f 8760 8759 8758
f 8761 8759 8760
f 8762 8761 8760
f 8763 8761 8762
f 8764 8763 8762
f 8765 8763 8764
f 8766 8765 8764
f 8720 8765 8766
f 8721 8720 8766
f 8767 8768 8769
f 8770 8767 8769
f 8771 8767 8770
f 8772 8771 8770
f 8773 8771 8772
f 8773 8772 8774
f 8775 8773 8774
f 8775 8774 8776
f 8777 8775 8776
f 8777 8776 8778
f 8779 8777 8778
f 8779 8778 8780
f 8781 8779 8780
f 8781 8780 8782
f 8783 8781 8782
f 8783 8782 8784
f 8785 8783 8784
f 8785 8784 8786
f 8787 8785 8786
f 8787 8786 8788
f 8789 8787 8788
f 8789 8788 8790
f 8791 8789 8790
f 8791 8790 8792
f 8793 8791 8792
f 8794 8793 8792
f 8795 8793 8794
f 8795 8794 8796
f 8797 8795 8796
f 8797 8796 8798
f 8799 8797 8798
f 8799 8798 8800
f 8801 8799 8800
f 8801 8800 8802
f 8803 8801 8802
f 8803 8802 8804
f 8805 8803 8804
f 8805 8804 8806
f 8807 8805 8806
f 8807 8806 8808
f 8809 8807 8808
f 8809 8808 8810
f 8811 8809 8810
f 8811 8810 8812
f 8813 8811 8812
f 8813 8812 8814
f 8768 8813 8814
f 8768 8814 8769
f 8746 8815 8748
f 8748 8815 8816
f 8750 8748 8816
f 8817 8750 8816
f 8752 8750 8817
f 8818 8752 8817
f 8754 8752 8818
f 8819 8754 8818
f 8756 8754 8819
f 8820 8756 8819
f 8758 8756 8820
f 8821 8758 8820
f 8760 8758 8821
f 8822 8760 8821
f 8762 8760 8822
f 8823 8762 8822
f 8764 8762 8823
f 8824 8764 8823
f 8766 8764 8824
f 8825 8766 8824
f 8721 8766 8825
f 8826 8721 8825
f 8721 8826 8722
f 8826 8827 8722
f 8722 8827 8724
f 8724 8827 8828
f 8726 8724 8828
f 8829 8726 8828
f 8728 8726 8829
f 8830 8728 8829
f 8730 8728 8830
f 8831 8730 8830
f 8732 8730 8831
f 8832 8732 8831
f 8734 8732 8832
f 8833 8734 8832
f 8736 8734 8833
f 8834 8736 8833
f 8738 8736 8834
f 8835 8738 8834
f 8740 8738 8835
f 8836 8740 8835
f 8742 8740 8836
f 8837 8742 8836
f 8744 8742 8837
f 8838 8744 8837
f 8746 8744 8838
f 8815 8746 8838
f 8815 8839 8816
f 8816 8839 8840
f 8817 8816 8840
f 8841 8817 8840
f 8818 8817 8841
f 8842 8818 8841
f 8819 8818 8842
f 8843 8819 8842
f 8820 8819 8843
f 8844 8820 8843
f 8821 8820 8844
f 8845 8821 8844
f 8822 8821 8845
f 8846 8822 8845
f 8823 8822 8846
f 8847 8823 8846
f 8824 8823 8847
f 8848 8824 8847
f 8825 8824 8848
f 8849 8825 8848
f 8826 8825 8849
f 8850 8826 8849
f 8826 8850 8827
f 8850 8851 8827
f 8827 8851 8828
f 8828 8851 8852
f 8829 8828 8852
f 8853 8829 8852
f 8830 8829 8853
f 8854 8830 8853
f 8831 8830 8854
f 8855 8831 8854
f 8832 8831 8855
f 8856 8832 8855
f 8833 8832 8856
f 8857 8833 8856
f 8834 8833 8857
f 8858 8834 8857
f 8835 8834 8858
f 8859 8835 8858
f 8836 8835 8859
f 8860 8836 8859
f 8837 8836 8860
f 8861 8837 8860
f 8838 8837 8861
f 8862 8838 8861
f 8815 8838 8862
f 8839 8815 8862
f 8839 8794 8840
f 8840 8794 8792
f 8841 8840 8792
f 8790 8841 8792
f 8842 8841 8790
f 8788 8842 8790
f 8843 8842 8788
f 8786 8843 8788
f 8844 8843 8786
f 8784 8844 8786
f 8845 8844 8784
f 8782 8845 8784
f 8846 8845 8782
f 8780 8846 8782
f 8847 8846 8780
f 8778 8847 8780
f 8848 8847 8778
f 8776 8848 8778
f 8849 8848 8776
f 8774 8849 8776
f 8850 8849 8774
f 8772 8850 8774
f 8850 8772 8851
f 8772 8770 8851
f 8851 8770 8852
f 8852 8770 8769
f 8853 8852 8769
f 8814 8853 8769
f 8854 8853 8814
f 8812 8854 8814
f 8855 8854 8812
f 8810 8855 8812
f 8856 8855 8810
f 8808 8856 8810
f 8857 8856 8808
f 8806 8857 8808
f 8858 8857 8806
f 8804 8858 8806
f 8859 8858 8804
f 8802 8859 8804
f 8860 8859 8802
f 8800 8860 8802
f 8861 8860 8800
f 8798 8861 8800
f 8862 8861 8798
f 8796 8862 8798
f 8839 8862 8796
f 8794 8839 8796
f 8863 8864 8865
f 8863 8865 8866
f 8867 8863 8866
f 8867 8866 8868
f 8869 8867 8868
f 8870 8869 8868
f 8871 8869 8870
f 8872 8871 8870
f 8873 8871 8872
f 8874 8873 8872
f 8875 8873 8874
f 8876 8875 8874
f 8877 8875 8876
f 8878 8877 8876
f 8879 8877 8878
f 8880 8879 8878
f 8881 8879 8880
f 8882 8881 8880
f 8883 8881 8882
f 8884 8883 8882
f 8885 8883 8884
f 8886 8885 8884
f 8887 8885 8886
f 8888 8887 8886
f 8889 8887 8888
f 8890 8889 8888
f 8891 8889 8890
f 8891 8890 8892
f 8893 8891 8892
f 8894 8893 8892
f 8895 8893 8894
f 8896 8895 8894
f 8897 8895 8896
f 8898 8897 8896
f 8899 8897 8898
f 8900 8899 8898
f 8901 8899 8900
f 8902 8901 8900
f 8903 8901 8902
f 8904 8903 8902
f 8905 8903 8904
f 8906 8905 8904
f 8907 8905 8906
f 8908 8907 8906
f 8909 8907 8908
f 8910 8909 8908
f 8864 8909 8910
f 8865 8864 8910
f 8911 8912 8913
f 8914 8911 8913
f 8915 8911 8914
f 8916 8915 8914
f 8917 8915 8916
f 8917 8916 8918
f 8919 8917 8918
f 8919 8918 8920
f 8921 8919 8920
f 8921 8920 8922
f 8923 8921 8922
f 8923 8922 8924
f 8925 8923 8924
f 8925 8924 8926
f 8927 8925 8926
f 8927 8926 8928
f 8929 8927 8928
f 8929 8928 8930
f 8931 8929 8930
f 8931 8930 8932
f 8933 8931 8932
f 8933 8932 8934
f 8935 8933 8934
f 8935 8934 8936
f 8937 8935 8936
f 8938 8937 8936
f 8939 8937 8938
f 8939 8938 8940
f 8941 8939 8940
f 8941 8940 8942
f 8943 8941 8942
f 8943 8942 8944
f 8945 8943 8944
f 8945 8944 8946
f 8947 8945 8946
f 8947 8946 8948
f 8949 8947 8948
f 8949 8948 8950
f 8951 8949 8950
f 8951 8950 8952
f 8953 8951 8952
f 8953 8952 8954
f 8955 8953 8954
f 8955 8954 8956
f 8957 8955 8956
f 8957 8956 8958
f 8912 8957 8958
f 8912 8958 8913
f 8890 8959 8892
f 8892 8959 8960
f 8894 8892 8960
f 8961 8894 8960
f 8896 8894 8961
f 8962 8896 8961
f 8898 8896 8962
f 8963 8898 8962
f 8900 8898 8963
f 8964 8900 8963
f 8902 8900 8964
f 8965 8902 8964
f 8904 8902 8965
f 8966 8904 8965
f 8906 8904 8966
f 8967 8906 8966
f 8908 8906 8967
f 8968 8908 8967
f 8910 8908 8968
f 8969 8910 8968
f 8865 8910 8969
f 8970 8865 8969
f 8865 8970 8866
f 8970 8971 8866
f 8866 8971 8868
f 8868 8971 8972
f 8870 8868 8972
f 8973 8870 8972
f 8872 8870 8973
f 8974 8872 8973
f 8874 8872 8974
f 8975 8874 8974
f 8876 8874 8975
f 8976 8876 8975
f 8878 8876 8976
f 8977 8878 8976
f 8880 8878 8977
f 8978 8880 8977
f 8882 8880 8978
f 8979 8882 8978
f 8884 8882 8979
f 8980 8884 8979
f 8886 8884 8980
f 8981 8886 8980
f 8888 8886 8981
f 8982 8888 8981
f 8890 8888 8982
f 8959 8890 8982
f 8959 8938 8960
f 8960 8938 8936
f 8961 8960 8936
f 8934 8961 8936
f 8962 8961 8934
f 8932 8962 8934
f 8963 8962 8932
f 8930 8963 8932
f 8964 8963 8930
f 8928 8964 8930
f 8965 8964 8928
f 8926 8965 8928
f 8966 8965 8926
f 8924 8966 8926
f 8967 8966 8924
f 8922 8967 8924
f 8968 8967 8922
f 8920 8968 8922
f 8969 8968 8920
f 8918 8969 8920
f 8970 8969 8918
f 8916 8970 8918
f 8970 8916 8971
f 8916 8914 8971
f 8971 8914 8972
f 8972 8914 8913
f 8973 8972 8913
f 8958 8973 8913
f 8974 8973 8958
f 8956 8974 8958
f 8975 8974 8956
f 8954 8975 8956
f 8976 8975 8954
f 8952 8976 8954
f 8977 8976 8952
f 8950 8977 8952
f 8978 8977 8950
f 8948 8978 8950
f 8979 8978 8948
f 8946 8979 8948
f 8980 8979 8946
f 8944 8980 8946
f 8981 8980 8944
f 8942 8981 8944
f 8982 8981 8942
f 8940 8982 8942
f 8959 8982 8940
f 8938 8959 8940
f 8983 8984 8985
f 8983 8985 8986
f 8987 8983 8986
f 8987 8986 8988
f 8989 8987 8988
f 8990 8989 8988
f 8991 8989 8990
f 8992 8991 8990
f 8993 8991 8992
f 8994 8993 8992
f 8995 8993 8994
f 8996 8995 8994
f 8997 8995 8996
f 8998 8997 8996
f 8999 8997 8998
f 9000 8999 8998
f 9001 8999 9000
f 9002 9001 9000
f 9003 9001 9002
f 9004 9003 9002
f 9005 9003 9004
f 9006 9005 9004
f 9007 9005 9006
f 9008 9007 9006
f 9009 9007 9008
f 9010 9009 9008
f 9011 9009 9010
f 9011 9010 9012
f 9013 9011 9012
f 9014 9013 9012
f 9015 9013 9014
f 9016 9015 9014
f 9017 9015 9016
f 9018 9017 9016
f 9019 9017 9018
f 9020 9019 9018
f 9021 9019 9020
f 9022 9021 9020
f 9023 9021 9022
f 9024 9023 9022
f 9025 9023 9024
f 9026 9025 9024
f 9027 9025 9026
f 9028 9027 9026
f 9029 9027 9028
f 9030 9029 9028
f 8984 9029 9030
f 8985 8984 9030
f 9031 9032 9033
f 9034 9031 9033
f 9035 9031 9034
f 9036 9035 9034
f 9037 9035 9036
f 9037 9036 9038
f 9039 9037 9038
f 9039 9038 9040
f 9041 9039 9040
f 9041 9040 9042
f 9043 9041 9042
f 9043 9042 9044
f 9045 9043 9044
f 9045 9044 9046
f 9047 9045 9046
f 9047 9046 9048
f 9049 9047 9048
f 9049 9048 9050
f 9051 9049 9050
f 9051 9050 9052
f 9053 9051 9052
f 9053 9052 9054
f 9055 9053 9054
f 9055 9054 9056
f 9057 9055 9056
f 9058 9057 9056
f 9059 9057 9058
f 9059 9058 9060
f 9061 9059 9060
f 9061 9060 9062
f 9063 9061 9062
f 9063 9062 9064
f 9065 9063 9064
f 9065 9064 9066
f 9067 9065 9066
f 9067 9066 9068
f 9069 9067 9068
f 9069 9068 9070
f 9071 9069 9070
f 9071 9070 9072
f 9073 9071 9072
f 9073 9072 9074
f 9075 9073 9074
f 9075 9074 9076
f 9077 9075 9076
f 9077 9076 9078
f 9032 9077 9078
f 9032 9078 9033
f 9010 9079 9012
f 9012 9079 9080
f 9014 9012 9080
f 9081 9014 9080
f 9016 9014 9081
f 9082 9016 9081
f 9018 9016 9082
f 9083 9018 9082
f 9020 9018 9083
f 9084 9020 9083
f 9022 9020 9084
f 9085 9022 9084
f 9024 9022 9085
f 9086 9024 9085
f 9026 9024 9086
f 9087 9026 9086
f 9028 9026 9087
f 9088 9028 9087
f 9030 9028 9088
f 9089 9030 9088
f 8985 9030 9089
f 9090 8985 9089
f 8985 9090 8986
f 9090 9091 8986
f 8986 9091 8988
f 8988 9091 9092
f 8990 8988 9092
f 9093 8990 9092
f 8992 8990 9093
f 9094 8992 9093
f 8994 8992 9094
f 9095 8994 9094
f 8996 8994 9095
f 9096 8996 9095
f 8998 8996 9096
f 9097 8998 9096
f 9000 8998 9097
f 9098 9000 9097
f 9002 9000 9098
f 9099 9002 9098
f 9004 9002 9099
f 9100 9004 9099
f 9006 9004 9100
f 9101 9006 9100
f 9008 9006 9101
f 9102 9008 9101
f 9010 9008 9102
f 9079 9010 9102
f 9079 9058 9080
f 9080 9058 9056
f 9081 9080 9056
f 9054 9081 9056
f 9082 9081 9054
f 9052 9082 9054
f 9083 9082 9052
f 9050 9083 9052
f 9084 9083 9050
f 9048 9084 9050
f 9085 9084 9048
f 9046 9085 9048
f 9086 9085 9046
f 9044 9086 9046
f 9087 9086 9044
f 9042 9087 9044
f 9088 9087 9042
f 9040 9088 9042
f 9089 9088 9040
f 9038 9089 9040
f 9090 9089 9038
f 9036 9090 9038
f 9090 9036 9091
f 9036 9034 9091
f 9091 9034 9092
f 9092 9034 9033
f 9093 9092 9033
f 9078 9093 9033
f 9094 9093 9078
f 9076 9094 9078
f 9095 9094 9076
f 9074 9095 9076
f 9096 9095 9074
f 9072 9096 9074
f 9097 9096 9072
f 9070 9097 9072
f 9098 9097 9070
f 9068 9098 9070
f 9099 9098 9068
f 9066 9099 9068
f 9100 9099 9066
f 9064 9100 9066
f 9101 9100 9064
f 9062 9101 9064
f 9102 9101 9062
f 9060 9102 9062
f 9079 9102 9060
f 9058 9079 9060
f 9103 9104 9105
f 9103 9105 9106
f 9107 9103 9106
f 9107 9106 9108
f 9109 9107 9108
f 9110 9109 9108
f 9111 9109 9110
f 9112 9111 9110
f 9113 9111 9112
f 9114 9113 9112
f 9115 9113 9114
f 9116 9115 9114
f 9117 9115 9116
f 9118 9117 9116
f 9119 9117 9118
f 9120 9119 9118
f 9121 9119 9120
f 9122 9121 9120
f 9123 9121 9122
f 9124 9123 9122
f 9125 9123 9124
f 9126 9125 9124
f 9127 9125 9126
f 9128 9127 9126
f 9129 9127 9128
f 9130 9129 9128
f 9131 9129 9130
f 9131 9130 9132
f 9133 9131 9132
f 9134 9133 9132
f 9135 9133 9134
f 9136 9135 9134
f 9137 9135 9136
f 9138 9137 9136
f 9139 9137 9138
f 9140 9139 9138
f 9141 9139 9140
f 9142 9141 9140
f 9143 9141 9142
f 9144 9143 9142
f 9145 9143 9144
f 9146 9145 9144
f 9147 9145 9146
f 9148 9147 9146
f 9149 9147 9148
f 9150 9149 9148
f 9104 9149 9150
f 9105 9104 9150
f 9151 9152 9153
f 9154 9151 9153
f 9155 9151 9154
f 9156 9155 9154
f 9157 9155 9156
f 9157 9156 9158
f 9159 9157 9158
f 9159 9158 9160
f 9161 9159 9160
f 9161 9160 9162
f 9163 9161 9162
f 9163 9162 9164
f 9165 9163 9164
f 9165 9164 9166
f 9167 9165 9166
f 9167 9166 9168
f 9169 9167 9168
f 9169 9168 9170
f 9171 9169 9170
f 9171 9170 9172
f 9173 9171 9172
f 9173 9172 9174
f 9175 9173 9174
f 9175 9174 9176
f 9177 9175 9176
f 9178 9177 9176
f 9179 9177 9178
f 9179 9178 9180
f 9181 9179 9180
f 9181 9180 9182
f 9183 9181 9182
f 9183 9182 9184
f 9185 9183 9184
f 9185 9184 9186
f 9187 9185 9186
f 9187 9186 9188
f 9189 9187 9188
f 9189 9188 9190
f 9191 9189 9190
f 9191 9190 9192
f 9193 9191 9192
f 9193 9192 9194
f 9195 9193 9194
f 9195 9194 9196
f 9197 9195 9196
f 9197 9196 9198
f 9152 9197 9198
f 9152 9198 9153
f 9130 9199 9132
f 9132 9199 9200
f 9134 9132 9200
f 9201 9134 9200
f 9136 9134 9201
f 9202 9136 9201
f 9138 9136 9202
f 9203 9138 9202
f 9140 9138 9203
f 9204 9140 9203
f 9142 9140 9204
f 9205 9142 9204
f 9144 9142 9205
f 9206 9144 9205
f 9146 9144 9206
f 9207 9146 9206
f 9148 9146 9207
f 9208 9148 9207
f 9150 9148 9208
f 9209 9150 9208
f 9105 9150 9209
f 9210 9105 9209
f 9105 9210 9106
f 9210 9211 9106
f 9106 9211 9108
f 9108 9211 9212
f 9110 9108 9212
f 9213 9110 9212
f 9112 9110 9213
f 9214 9112 9213
f 9114 9112 9214
f 9215 9114 9214
f 9116 9114 9215
f 9216 9116 9215
f 9118 9116 9216
f 9217 9118 9216
f 9120 9118 9217
f 9218 9120 9217
f 9122 9120 9218
f 9219 9122 9218
f 9124 9122 9219
f 9220 9124 9219
f 9126 9124 9220
f 9221 9126 9220
f 9128 9126 9221
f 9222 9128 9221
f 9130 9128 9222
f 9199 9130 9222
f 9199 9178 9200
f 9200 9178 9176
f 9201 9200 9176
f 9174 9201 9176
f 9202 9201 9174
f 9172 9202 9174
f 9203 9202 9172
f 9170 9203 9172
f 9204 9203 9170
f 9168 9204 9170
f 9205 9204 9168
f 9166 9205 9168
f 9206 9205 9166
f 9164 9206 9166
f 9207 9206 9164
f 9162 9207 9164
f 9208 9207 9162
f 9160 9208 9162
f 9209 9208 9160
f 9158 9209 9160
f 9210 9209 9158
f 9156 9210 9158
f 9210 9156 9211
f 9156 9154 9211
f 9211 9154 9212
f 9212 9154 9153
f 9213 9212 9153
f 9198 9213 9153
f 9214 9213 9198
f 9196 9214 9198
f 9215 9214 9196
f 9194 9215 9196
f 9216 9215 9194
f 9192 9216 9194
f 9217 9216 9192
f 9190 9217 9192
f 9218 9217 9190
f 9188 9218 9190
f 9219 9218 9188
f 9186 9219 9188
f 9220 9219 9186
f 9184 9220 9186
f 9221 9220 9184
f 9182 9221 9184
f 9222 9221 9182
f 9180 9222 9182
f 9199 9222 9180
f 9178 9199 9180
f 9223 9224 9225
f 9223 9225 9226
f 9227 9223 9226
f 9227 9226 9228
f 9229 9227 9228
f 9230 9229 9228
f 9231 9229 9230
f 9232 9231 9230
f 9233 9231 9232
f 9234 9233 9232
f 9235 9233 9234
f 9236 9235 9234
f 9237 9235 9236
f 9238 9237 9236
f 9239 9237 9238
f 9240 9239 9238
f 9241 9239 9240
f 9242 9241 9240
f 9243 9241 9242
f 9244 9243 9242
f 9245 9243 9244
f 9246 9245 9244
f 9247 9245 9246
f 9248 9247 9246
f 9249 9247 9248
f 9250 9249 9248
f 9251 9249 9250
f 9251 9250 9252
f 9253 9251 9252
f 9254 9253 9252
f 9255 9253 9254
f 9256 9255 9254
f 9257 9255 9256
f 9258 9257 9256
f 9259 9257 9258
f 9260 9259 9258
f 9261 9259 9260
f 9262 9261 9260
f 9263 9261 9262
f 9264 9263 9262
f 9265 9263 9264
f 9266 9265 9264
f 9267 9265 9266
f 9268 9267 9266
f 9269 9267 9268
f 9270 9269 9268
f 9224 9269 9270
f 9225 9224 9270
f 9271 9272 9273
f 9274 9271 9273
f 9275 9271 9274
f 9276 9275 9274
f 9277 9275 9276
f 9277 9276 9278
f 9279 9277 9278
f 9279 9278 9280
f 9281 9279 9280
f 9281 9280 9282
f 9283 9281 9282
f 9283 9282 9284
f 9285 9283 9284
f 9285 9284 9286
f 9287 9285 9286
f 9287 9286 9288
f 9289 9287 9288
f 9289 9288 9290
f 9291 9289 9290
f 9291 9290 9292
f 9293 9291 9292
f 9293 9292 9294
f 9295 9293 9294
f 9295 9294 9296
f 9297 9295 9296
f 9298 9297 9296
f 9299 9297 9298
f 9299 9298 9300
f 9301 9299 9300
f 9301 9300 9302
f 9303 9301 9302
f 9303 9302 9304
f 9305 9303 9304
f 9305 9304 9306
f 9307 9305 9306
f 9307 9306 9308
f 9309 9307 9308
f 9309 9308 9310
f 9311 9309 9310
f 9311 9310 9312
f 9313 9311 9312
f 9313 9312 9314
f 9315 9313 9314
f 9315 9314 9316
f 9317 9315 9316
f 9317 9316 9318
f 9272 9317 9318
f 9272 9318 9273
f 9250 9319 9252
f 9252 9319 9320
f 9254 9252 9320
f 9321 9254 9320
f 9256 9254 9321
f 9322 9256 9321
f 9258 9256 9322
f 9323 9258 9322
f 9260 9258 9323
f 9324 9260 9323
f 9262 9260 9324
f 9325 9262 9324
f 9264 9262 9325
f 9326 9264 9325
f 9266 9264 9326
f 9327 9266 9326
f 9268 9266 9327
f 9328 9268 9327
f 9270 9268 9328
f 9329 9270 9328
f 9225 9270 9329
f 9330 9225 9329
f 9225 9330 9226
f 9330 9331 9226
f 9226 9331 9228
f 9228 9331 9332
f 9230 9228 9332
f 9333 9230 9332
f 9232 9230 9333
f 9334 9232 9333
f 9234 9232 9334
f 9335 9234 9334
f 9236 9234 9335
f 9336 9236 9335
f 9238 9236 9336
f 9337 9238 9336
f 9240 9238 9337
f 9338 9240 9337
f 9242 9240 9338
f 9339 9242 9338
f 9244 9242 9339
f 9340 9244 9339
f 9246 9244 9340
f 9341 9246 9340
f 9248 9246 9341
f 9342 9248 9341
f 9250 9248 9342
f 9319 9250 9342
f 9319 9298 9320
f 9320 9298 9296
f 9321 9320 9296
f 9294 9321 9296
f 9322 9321 9294
f 9292 9322 9294
f 9323 9322 9292
f 9290 9323 9292
f 9324 9323 9290
f 9288 9324 9290
f 9325 9324 9288
f 9286 9325 9288
f 9326 9325 9286
f 9284 9326 9286
f 9327 9326 9284
f 9282 9327 9284
f 9328 9327 9282
f 9280 9328 9282
f 9329 9328 9280
f 9278 9329 9280
f 9330 9329 9278
f 9276 9330 9278
f 9330 9276 9331
f 9276 9274 9331
f 9331 9274 9332
f 9332 9274 9273
f 9333 9332 9273
f 9318 9333 9273
f 9334 9333 9318
f 9316 9334 9318
f 9335 9334 9316
f 9314 9335 9316
f 9336 9335 9314
f 9312 9336 9314
f 9337 9336 9312
f 9310 9337 9312
f 9338 9337 9310
f 9308 9338 9310
f 9339 9338 9308
f 9306 9339 9308
f 9340 9339 9306
f 9304 9340 9306
f 9341 9340 9304
f 9302 9341 9304
f 9342 9341 9302
f 9300 9342 9302
f 9319 9342 9300
f 9298 9319 9300
f 9343 9344 9345
f 9343 9345 9346
f 9347 9343 9346
f 9347 9346 9348
f 9349 9347 9348
f 9350 9349 9348
f 9351 9349 9350
f 9352 9351 9350
f 9353 9351 9352
f 9354 9353 9352
f 9355 9353 9354
f 9356 9355 9354
f 9357 9355 9356
f 9358 9357 9356
f 9359 9357 9358
f 9360 9359 9358
f 9361 9359 9360
f 9362 9361 9360
f 9363 9361 9362
f 9364 9363 9362
f 9365 9363 9364
f 9366 9365 9364
f 9367 9365 9366
f 9368 9367 9366
f 9369 9367 9368
f 9370 9369 9368
f 9371 9369 9370
f 9371 9370 9372
f 9373 9371 9372
f 9374 9373 9372
f 9375 9373 9374
f 9376 9375 9374
f 9377 9375 9376
f 9378 9377 9376
f 9379 9377 9378
f 9380 9379 9378
f 9381 9379 9380
f 9382 9381 9380
f 9383 9381 9382
f 9384 9383 9382
f 9385 9383 9384
f 9386 9385 9384
f 9387 9385 9386
f 9388 9387 9386
f 9389 9387 9388
f 9390 9389 9388
f 9344 9389 9390
f 9345 9344 9390
f 9391 9392 9393
f 9394 9391 9393
f 9395 9391 9394
f 9396 9395 9394
f 9397 9395 9396
f 9397 9396 9398
f 9399 9397 9398
f 9399 9398 9400
f 9401 9399 9400
f 9401 9400 9402
f 9403 9401 9402
f 9403 9402 9404
f 9405 9403 9404
f 9405 9404 9406
f 9407 9405 9406
f 9407 9406 9408
f 9409 9407 9408
f 9409 9408 9410
f 9411 9409 9410
f 9411 9410 9412
f 9413 9411 9412
f 9413 9412 9414
f 9415 9413 9414
f 9415 9414 9416
f 9417 9415 9416
f 9418 9417 9416
f 9419 9417 9418
f 9419 9418 9420
f 9421 9419 9420
f 9421 9420 9422
f 9423 9421 9422
f 9423 9422 9424
f 9425 9423 9424
f 9425 9424 9426
f 9427 9425 9426
f 9427 9426 9428
f 9429 9427 9428
f 9429 9428 9430
f 9431 9429 9430
f 9431 9430 9432
f 9433 9431 9432
f 9433 9432 9434
f 9435 9433 9434
f 9435 9434 9436
f 9437 9435 9436
f 9437 9436 9438
f 9392 9437 9438
f 9392 9438 9393
f 9370 9439 9372
f 9372 9439 9440
f 9374 9372 9440
f 9441 9374 9440
f 9376 9374 9441
f 9442 9376 9441
f 9378 9376 9442
f 9443 9378 9442
f 9380 9378 9443
f 9444 9380 9443
f 9382 9380 9444
f 9445 9382 9444
f 9384 9382 9445
f 9446 9384 9445
f 9386 9384 9446
f 9447 9386 9446
f 9388 9386 9447
f 9448 9388 9447
f 9390 9388 9448
f 9449 9390 9448
f 9345 9390 9449
f 9450 9345 9449
f 9345 9450 9346
f 9450 9451 9346
f 9346 9451 9348
f 9348 9451 9452
f 9350 9348 9452
f 9453 9350 9452
f 9352 9350 9453
f 9454 9352 9453
f 9354 9352 9454
f 9455 9354 9454
f 9356 9354 9455
f 9456 9356 9455
f 9358 9356 9456
f 9457 9358 9456
f 9360 9358 9457
f 9458 9360 9457
f 9362 9360 9458
f 9459 9362 9458
f 9364 9362 9459
f 9460 9364 9459
f 9366 9364 9460
f 9461 9366 9460
f 9368 9366 9461
f 9462 9368 9461
f 9370 9368 9462
f 9439 9370 9462
f 9439 9418 9440
f 9440 9418 9416
f 9441 9440 9416
f 9414 9441 9416
f 9442 9441 9414
f 9412 9442 9414
f 9443 9442 9412
f 9410 9443 9412
f 9444 9443 9410
f 9408 9444 9410
f 9445 9444 9408
f 9406 9445 9408
f 9446 9445 9406
f 9404 9446 9406
f 9447 9446 9404
f 9402 9447 9404
f 9448 9447 9402
f 9400 9448 9402
f 9449 9448 9400
f 9398 9449 9400
f 9450 9449 9398
f 9396 9450 9398
f 9450 9396 9451
f 9396 9394 9451
f 9451 9394 9452
f 9452 9394 9393
f 9453 9452 9393
f 9438 9453 9393
f 9454 9453 9438
f 9436 9454 9438
f 9455 9454 9436
f 9434 9455 9436
f 9456 9455 9434
f 9432 9456 9434
f 9457 9456 9432
f 9430 9457 9432
f 9458 9457 9430
f 9428 9458 9430
f 9459 9458 9428
f 9426 9459 9428
f 9460 9459 9426
f 9424 9460 9426
f 9461 9460 9424
f 9422 9461 9424
f 9462 9461 9422
f 9420 9462 9422
f 9439 9462 9420
f 9418 9439 9420
f 9463 9464 9465
f 9463 9465 9466
f 9467 9463 9466
f 9467 9466 9468
f 9469 9467 9468
f 9470 9469 9468
f 9471 9469 9470
f 9472 9471 9470
f 9473 9471 9472
f 9474 9473 9472
f 9475 9473 9474
f 9476 9475 9474
f 9477 9475 9476
f 9478 9477 9476
f 9479 9477 9478
f 9480 9479 9478
f 9481 9479 9480
f 9482 9481 9480
f 9483 9481 9482
f 9484 9483 9482
f 9485 9483 9484
f 9486 9485 9484
f 9487 9485 9486
f 9488 9487 9486
f 9489 9487 9488
f 9490 9489 9488
f 9491 9489 9490
f 9491 9490 9492
f 9493 9491 9492
f 9494 9493 9492
f 9495 9493 9494
f 9496 9495 9494
f 9497 9495 9496
f 9498 9497 9496
f 9499 9497 9498
f 9500 9499 9498
f 9501 9499 9500
f 9502 9501 9500
f 9503 9501 9502
f 9504 9503 9502
f 9505 9503 9504
f 9506 9505 9504
f 9507 9505 9506
f 9508 9507 9506
f 9509 9507 9508
f 9510 9509 9508
f 9464 9509 9510
f 9465 9464 9510
f 9511 9512 9513
f 9514 9511 9513
f 9515 9511 9514
f 9516 9515 9514
f 9517 9515 9516
f 9517 9516 9518
f 9519 9517 9518
f 9519 9518 9520
f 9521 9519 9520
f 9521 9520 9522
f 9523 9521 9522
f 9523 9522 9524
f 9525 9523 9524
f 9525 9524 9526
f 9527 9525 9526
f 9527 9526 9528
f 9529 9527 9528
f 9529 9528 9530
f 9531 9529 9530
f 9531 9530 9532
f 9533 9531 9532
f 9533 9532 9534
f 9535 9533 9534
f 9535 9534 9536
f 9537 9535 9536
f 9538 9537 9536
f 9539 9537 9538
f 9539 9538 9540
f 9541 9539 9540
f 9541 9540 9542
f 9543 9541 9542
f 9543 9542 9544
f 9545 9543 9544
f 9545 9544 9546
f 9547 9545 9546
f 9547 9546 9548
f 9549 9547 9548
f 9549 9548 9550
f 9551 9549 9550
f 9551 9550 9552
f 9553 9551 9552
f 9553 9552 9554
f 9555 9553 9554
f 9555 9554 9556
f 9557 9555 9556
f 9557 9556 9558
f 9512 9557 9558
f 9512 9558 9513
f 9490 9559 9492
f 9492 9559 9560
f 9494 9492 9560
f 9561 9494 9560
f 9496 9494 9561
f 9562 9496 9561
f 9498 9496 9562
f 9563 9498 9562
f 9500 9498 9563
f 9564 9500 9563
f 9502 9500 9564
f 9565 9502 9564
f 9504 9502 9565
f 9566 9504 9565
f 9506 9504 9566
f 9567 9506 9566
f 9508 9506 9567
f 9568 9508 9567
f 9510 9508 9568
f 9569 9510 9568
f 9465 9510 9569
f 9570 9465 9569
f 9465 9570 9466
f 9570 9571 9466
f 9466 9571 9468
f 9468 9571 9572
f 9470 9468 9572
f 9573 9470 9572
f 9472 9470 9573
f 9574 9472 9573
f 9474 9472 9574
f 9575 9474 9574
f 9476 9474 9575
f 9576 9476 9575
f 9478 9476 9576
f 9577 9478 9576
f 9480 9478 9577
f 9578 9480 9577
f 9482 9480 9578
f 9579 9482 9578
f 9484 9482 9579
f 9580 9484 9579
f 9486 9484 9580
f 9581 9486 9580
f 9488 9486 9581
f 9582 9488 9581
f 9490 9488 9582
f 9559 9490 9582
f 9559 9538 9560
f 9560 9538 9536
f 9561 9560 9536
f 9534 9561 9536
f 9562 9561 9534
f 9532 9562 9534
f 9563 9562 9532
f 9530 9563 9532
f 9564 9563 9530
f 9528 9564 9530
f 9565 9564 9528
f 9526 9565 9528
f 9566 9565 9526
f 9524 9566 9526
f 9567 9566 9524
f 9522 9567 9524
f 9568 9567 9522
f 9520 9568 9522
f 9569 9568 9520
f 9518 9569 9520
f 9570 9569 9518
f 9516 9570 9518
f 9570 9516 9571
f 9516 9514 9571
f 9571 9514 9572
f 9572 9514 9513
f 9573 9572 9513
f 9558 9573 9513
f 9574 9573 9558
f 9556 9574 9558
f 9575 9574 9556
f 9554 9575 9556
f 9576 9575 9554
f 9552 9576 9554
f 9577 9576 9552
f 9550 9577 9552
f 9578 9577 9550
f 9548 9578 9550
f 9579 9578 9548
f 9546 9579 9548
f 9580 9579 9546
f 9544 9580 9546
f 9581 9580 9544
f 9542 9581 9544
f 9582 9581 9542
f 9540 9582 9542
f 9559 9582 9540
f 9538 9559 9540
f 9583 9584 9585
f 9583 9585 9586
f 9587 9583 9586
f 9587 9586 9588
f 9589 9587 9588
f 9590 9589 9588
f 9591 9589 9590
f 9592 9591 9590
f 9593 9591 9592
f 9594 9593 9592
f 9595 9593 9594
f 9596 9595 9594
f 9597 9595 9596
f 9598 9597 9596
f 9599 9597 9598
f 9600 9599 9598
f 9601 9599 9600
f 9602 9601 9600
f 9603 9601 9602
f 9604 9603 9602
f 9605 9603 9604
f 9606 9605 9604
f 9607 9605 9606
f 9608 9607 9606
f 9609 9607 9608
f 9610 9609 9608
f 9611 9609 9610
f 9611 9610 9612
f 9613 9611 9612
f 9614 9613 9612
f 9615 9613 9614
f 9616 9615 9614
f 9617 9615 9616
f 9618 9617 9616
f 9619 9617 9618
f 9620 9619 9618
f 9621 9619 9620
f 9622 9621 9620
f 9623 9621 9622
f 9624 9623 9622
f 9625 9623 9624
f 9626 9625 9624
f 9627 9625 9626
f 9628 9627 9626
f 9629 9627 9628
f 9630 9629 9628
f 9584 9629 9630
f 9585 9584 9630
f 9631 9632 9633
f 9634 9631 9633
f 9635 9631 9634
f 9636 9635 9634
f 9637 9635 9636
f 9637 9636 9638
f 9639 9637 9638
f 9639 9638 9640
f 9641 9639 9640
f 9641 9640 9642
f 9643 9641 9642
f 9643 9642 9644
f 9645 9643 9644
f 9645 9644 9646
f 9647 9645 9646
f 9647 9646 9648
f 9649 9647 9648
f 9649 9648 9650
f 9651 9649 9650
f 9651 9650 9652
f 9653 9651 9652
f 9653 9652 9654
f 9655 9653 9654
f 9655 9654 9656
f 9657 9655 9656
f 9658 9657 9656
f 9659 9657 9658
f 9659 9658 9660
f 9661 9659 9660
f 9661 9660 9662
f 9663 9661 9662
f 9663 9662 9664
f 9665 9663 9664
f 9665 9664 9666
f 9667 9665 9666
f 9667 9666 9668
f 9669 9667 9668
f 9669 9668 9670
f 9671 9669 9670
f 9671 9670 9672
f 9673 9671 9672
f 9673 9672 9674
f 9675 9673 9674
f 9675 9674 9676
f 9677 9675 9676
f 9677 9676 9678
f 9632 9677 9678
f 9632 9678 9633
f 9610 9679 9612
f 9612 9679 9680
f 9614 9612 9680
f 9681 9614 9680
f 9616 9614 9681
f 9682 9616 9681
f 9618 9616 9682
f 9683 9618 9682
f 9620 9618 9683
f 9684 9620 9683
f 9622 9620 9684
f 9685 9622 9684
f 9624 9622 9685
f 9686 9624 9685
f 9626 9624 9686
f 9687 9626 9686
f 9628 9626 9687
f 9688 9628 9687
f 9630 9628 9688
f 9689 9630 9688
f 9585 9630 9689
f 9690 9585 9689
f 9585 9690 9586
f 9690 9691 9586
f 9586 9691 9588
f 9588 9691 9692
f 9590 9588 9692
f 9693 9590 9692
f 9592 9590 9693
f 9694 9592 9693
f 9594 9592 9694
f 9695 9594 9694
f 9596 9594 9695
f 9696 9596 9695
f 9598 9596 9696
f 9697 9598 9696
f 9600 9598 9697
f 9698 9600 9697
f 9602 9600 9698
f 9699 9602 9698
f 9604 9602 9699
f 9700 9604 9699
f 9606 9604 9700
f 9701 9606 9700
f 9608 9606 9701
f 9702 9608 9701
f 9610 9608 9702
f 9679 9610 9702
f 9679 9658 9680
f 9680 9658 9656
f 9681 9680 9656
f 9654 9681 9656
f 9682 9681 9654
f 9652 9682 9654
f 9683 9682 9652
f 9650 9683 9652
f 9684 9683 9650
f 9648 9684 9650
f 9685 9684 9648
f 9646 9685 9648
f 9686 9685 9646
f 9644 9686 9646
f 9687 9686 9644
f 9642 9687 9644
f 9688 9687 9642
f 9640 9688 9642
f 9689 9688 9640
f 9638 9689 9640
f 9690 9689 9638
f 9636 9690 9638
f 9690 9636 9691
f 9636 9634 9691
f 9691 9634 9692
f 9692 9634 9633
f 9693 9692 9633
f 9678 9693 9633
f 9694 9693 9678
f 9676 9694 9678
f 9695 9694 9676
f 9674 9695 9676
f 9696 9695 9674
f 9672 9696 9674
f 9697 9696 9672
f 9670 9697 9672
f 9698 9697 9670
f 9668 9698 9670
f 9699 9698 9668
f 9666 9699 9668
f 9700 9699 9666
f 9664 9700 9666
f 9701 9700 9664
f 9662 9701 9664
f 9702 9701 9662
f 9660 9702 9662
f 9679 9702 9660
f 9658 9679 9660
f 9703 9704 9705
f 9703 9705 9706
f 9707 9703 9706
f 9707 9706 9708
f 9709 9707 9708
f 9710 9709 9708
f 9711 9709 9710
f 9712 9711 9710
f 9713 9711 9712
f 9714 9713 9712
f 9715 9713 9714
f 9716 9715 9714
f 9717 9715 9716
f 9718 9717 9716
f 9719 9717 9718
f 9720 9719 9718
f 9721 9719 9720
f 9722 9721 9720
f 9723 9721 9722
f 9724 9723 9722
f 9725 9723 9724
f 9726 9725 9724
f 9727 9725 9726
f 9728 9727 9726
f 9729 9727 9728
f 9730 9729 9728
f 9731 9729 9730
f 9731 9730 9732
f 9733 9731 9732
f 9734 9733 9732
f 9735 9733 9734
f 9736 9735 9734
f 9737 9735 9736
f 9738 9737 9736
f 9739 9737 9738
f 9740 9739 9738
f 9741 9739 9740
f 9742 9741 9740
f 9743 9741 9742
f 9744 9743 9742
f 9745 9743 9744
f 9746 9745 9744
f 9747 9745 9746
f 9748 9747 9746
f 9749 9747 9748
f 9750 9749 9748
f 9704 9749 9750
f 9705 9704 9750
f 9751 9752 9753
f 9754 9751 9753
f 9755 9751 9754
f 9756 9755 9754
f 9757 9755 9756
f 9757 9756 9758
f 9759 9757 9758
f 9759 9758 9760
f 9761 9759 9760
f 9761 9760 9762
f 9763 9761 9762
f 9763 9762 9764
f 9765 9763 9764
f 9765 9764 9766
f 9767 9765 9766
f 9767 9766 9768
f 9769 9767 9768
f 9769 9768 9770
f 9771 9769 9770
f 9771 9770 9772
f 9773 9771 9772
f 9773 9772 9774
f 9775 9773 9774
f 9775 9774 9776
f 9777 9775 9776
f 9778 9777 9776
f 9779 9777 9778
f 9779 9778 9780
f 9781 9779 9780
f 9781 9780 9782
f 9783 9781 9782
f 9783 9782 9784
f 9785 9783 9784
f 9785 9784 9786
f 9787 9785 9786
f 9787 9786 9788
f 9789 9787 9788
f 9789 9788 9790
f 9791 9789 9790
f 9791 9790 9792
f 9793 9791 9792
f 9793 9792 9794
f 9795 9793 9794
f 9795 9794 9796
f 9797 9795 9796
f 9797 9796 9798
f 9752 9797 9798
f 9752 9798 9753
f 9730 9778 9732
f 9732 9778 9776
f 9734 9732 9776
f 9774 9734 9776
f 9736 9734 9774
f 9772 9736 9774
f 9738 9736 9772
f 9770 9738 9772
f 9740 9738 9770
f 9768 9740 9770
f 9742 9740 9768
f 9766 9742 9768
f 9744 9742 9766
f 9764 9744 9766
f 9746 9744 9764
f 9762 9746 9764
f 9748 9746 9762
f 9760 9748 9762
f 9750 9748 9760
f 9758 9750 9760
f 9705 9750 9758
f 9756 9705 9758
f 9705 9756 9706
f 9756 9754 9706
f 9706 9754 9708
f 9708 9754 9753
f 9710 9708 9753
f 9798 9710 9753
f 9712 9710 9798
f 9796 9712 9798
f 9714 9712 9796
f 9794 9714 9796
f 9716 9714 9794
f 9792 9716 9794
f 9718 9716 9792
f 9790 9718 9792
f 9720 9718 9790
f 9788 9720 9790
f 9722 9720 9788
f 9786 9722 9788
f 9724 9722 9786
f 9784 9724 9786
f 9726 9724 9784
f 9782 9726 9784
f 9728 9726 9782
f 9780 9728 9782
f 9730 9728 9780
f 9778 9730 9780
f 9727 9703 9707
f 9729 9703 9727
f 9704 9703 9729
f 9731 9704 9729
f 9749 9704 9731
f 9733 9749 9731
f 9747 9749 9733
f 9735 9747 9733
f 9745 9747 9735
f 9737 9745 9735
f 9743 9745 9737
f 9739 9743 9737
f 9741 9743 9739
f 9725 9727 9707
f 9709 9725 9707
f 9723 9725 9709
f 9711 9723 9709
f 9721 9723 9711
f 9713 9721 9711
f 9719 9721 9713
f 9715 9719 9713
f 9717 9719 9715
f 9607 9583 9587
f 9609 9583 9607
f 9584 9583 9609
f 9611 9584 9609
f 9629 9584 9611
f 9613 9629 9611
f 9627 9629 9613
f 9615 9627 9613
f 9625 9627 9615
f 9617 9625 9615
f 9623 9625 9617
f 9619 9623 9617
f 9621 9623 9619
f 9605 9607 9587
f 9589 9605 9587
f 9603 9605 9589
f 9591 9603 9589
f 9601 9603 9591
f 9593 9601 9591
f 9599 9601 9593
f 9595 9599 9593
f 9597 9599 9595
f 9487 9463 9467
f 9489 9463 9487
f 9464 9463 9489
f 9491 9464 9489
f 9509 9464 9491
f 9493 9509 9491
f 9507 9509 9493
f 9495 9507 9493
f 9505 9507 9495
f 9497 9505 9495
f 9503 9505 9497
f 9499 9503 9497
f 9501 9503 9499
f 9485 9487 9467
f 9469 9485 9467
f 9483 9485 9469
f 9471 9483 9469
f 9481 9483 9471
f 9473 9481 9471
f 9479 9481 9473
f 9475 9479 9473
f 9477 9479 9475
f 9367 9343 9347
f 9369 9343 9367
f 9344 9343 9369
f 9371 9344 9369
f 9389 9344 9371
f 9373 9389 9371
f 9387 9389 9373
f 9375 9387 9373
f 9385 9387 9375
f 9377 9385 9375
f 9383 9385 9377
f 9379 9383 9377
f 9381 9383 9379
f 9365 9367 9347
f 9349 9365 9347
f 9363 9365 9349
f 9351 9363 9349
f 9361 9363 9351
f 9353 9361 9351
f 9359 9361 9353
f 9355 9359 9353
f 9357 9359 9355
f 9247 9223 9227
f 9249 9223 9247
f 9224 9223 9249
f 9251 9224 9249
f 9269 9224 9251
f 9253 9269 9251
f 9267 9269 9253
f 9255 9267 9253
f 9265 9267 9255
f 9257 9265 9255
f 9263 9265 9257
f 9259 9263 9257
f 9261 9263 9259
f 9245 9247 9227
f 9229 9245 9227
f 9243 9245 9229
f 9231 9243 9229
f 9241 9243 9231
f 9233 9241 9231
f 9239 9241 9233
f 9235 9239 9233
f 9237 9239 9235
f 9127 9103 9107
f 9129 9103 9127
f 9104 9103 9129
f 9131 9104 9129
f 9149 9104 9131
f 9133 9149 9131
f 9147 9149 9133
f 9135 9147 9133
f 9145 9147 9135
f 9137 9145 9135
f 9143 9145 9137
f 9139 9143 9137
f 9141 9143 9139
f 9125 9127 9107
f 9109 9125 9107
f 9123 9125 9109
f 9111 9123 9109
f 9121 9123 9111
f 9113 9121 9111
f 9119 9121 9113
f 9115 9119 9113
f 9117 9119 9115
f 9007 8983 8987
f 9009 8983 9007
f 8984 8983 9009
f 9011 8984 9009
f 9029 8984 9011
f 9013 9029 9011
f 9027 9029 9013
f 9015 9027 9013
f 9025 9027 9015
f 9017 9025 9015
f 9023 9025 9017
f 9019 9023 9017
f 9021 9023 9019
f 9005 9007 8987
f 8989 9005 8987
f 9003 9005 8989
f 8991 9003 8989
f 9001 9003 8991
f 8993 9001 8991
f 8999 9001 8993
f 8995 8999 8993
f 8997 8999 8995
f 8887 8863 8867
f 8889 8863 8887
f 8864 8863 8889
f 8891 8864 8889
f 8909 8864 8891
f 8893 8909 8891
f 8907 8909 8893
f 8895 8907 8893
f 8905 8907 8895
f 8897 8905 8895
f 8903 8905 8897
f 8899 8903 8897
f 8901 8903 8899
f 8885 8887 8867
f 8869 8885 8867
f 8883 8885 8869
f 8871 8883 8869
f 8881 8883 8871
f 8873 8881 8871
f 8879 8881 8873
f 8875 8879 8873
f 8877 8879 8875
f 8743 8719 8723
f 8745 8719 8743
f 8720 8719 8745
f 8747 8720 8745
f 8765 8720 8747
f 8749 8765 8747
f 8763 8765 8749
f 8751 8763 8749
f 8761 8763 8751
f 8753 8761 8751
f 8759 8761 8753
f 8755 8759 8753
f 8757 8759 8755
f 8741 8743 8723
f 8725 8741 8723
f 8739 8741 8725
f 8727 8739 8725
f 8737 8739 8727
f 8729 8737 8727
f 8735 8737 8729
f 8731 8735 8729
f 8733 8735 8731
f 8599 8575 8579
f 8601 8575 8599
f 8576 8575 8601
f 8603 8576 8601
f 8621 8576 8603
f 8605 8621 8603
f 8619 8621 8605
f 8607 8619 8605
f 8617 8619 8607
f 8609 8617 8607
f 8615 8617 8609
f 8611 8615 8609
f 8613 8615 8611
f 8597 8599 8579
f 8581 8597 8579
f 8595 8597 8581
f 8583 8595 8581
f 8593 8595 8583
f 8585 8593 8583
f 8591 8593 8585
f 8587 8591 8585
f 8589 8591 8587
f 8455 8431 8435
f 8457 8431 8455
f 8432 8431 8457
f 8459 8432 8457
f 8477 8432 8459
f 8461 8477 8459
f 8475 8477 8461
f 8463 8475 8461
f 8473 8475 8463
f 8465 8473 8463
f 8471 8473 8465
f 8467 8471 8465
f 8469 8471 8467
f 8453 8455 8435
f 8437 8453 8435
f 8451 8453 8437
f 8439 8451 8437
f 8449 8451 8439
f 8441 8449 8439
f 8447 8449 8441
f 8443 8447 8441
f 8445 8447 8443
f 8311 8287 8291
f 8313 8287 8311
f 8288 8287 8313
f 8315 8288 8313
f 8333 8288 8315
f 8317 8333 8315
f 8331 8333 8317
f 8319 8331 8317
f 8329 8331 8319
f 8321 8329 8319
f 8327 8329 8321
f 8323 8327 8321
f 8325 8327 8323
f 8309 8311 8291
f 8293 8309 8291
f 8307 8309 8293
f 8295 8307 8293
f 8305 8307 8295
f 8297 8305 8295
f 8303 8305 8297
f 8299 8303 8297
f 8301 8303 8299
f 8167 8143 8147
f 8169 8143 8167
f 8144 8143 8169
f 8171 8144 8169
f 8189 8144 8171
f 8173 8189 8171
f 8187 8189 8173
f 8175 8187 8173
f 8185 8187 8175
f 8177 8185 8175
f 8183 8185 8177
f 8179 8183 8177
f 8181 8183 8179
f 8165 8167 8147
f 8149 8165 8147
f 8163 8165 8149
f 8151 8163 8149
f 8161 8163 8151
f 8153 8161 8151
f 8159 8161 8153
f 8155 8159 8153
f 8157 8159 8155
f 7898 7897 9279
f 9281 7898 9279
f 7898 9281 9433
f 9433 9281 9431
f 9281 9283 9431
f 9283 9285 9431
f 7897 7942 9272
f 9271 7897 9272
f 7897 9271 9275
f 7942 7940 9311
f 9313 7942 9311
f 9315 7942 9313
f 7940 7938 9151
f 7940 9151 9155
f 7940 9155 9307
f 9307 9155 9305
f 9155 9157 9305
f 9305 9157 9303
f 9157 9159 9303
f 9303 9159 9301
f 9159 9161 9301
f 9301 9161 9299
f 9161 9163 9299
f 9299 9163 9297
f 9297 9163 9795
f 9295 9297 9795
f 9797 9295 9795
f 9293 9295 9797
f 9752 9293 9797
f 9291 9293 9752
f 9751 9291 9752
f 9289 9291 9751
f 9425 9289 9751
f 9427 9289 9425
f 7938 7936 9195
f 9197 7938 9195
f 9152 7938 9197
f 7936 7934 9189
f 9191 7936 9189
f 9193 7936 9191
f 7934 7932 9181
f 9183 7934 9181
f 9185 7934 9183
f 7932 7930 9071
f 9073 7932 9071
f 9075 7932 9073
f 7930 7928 9065
f 9067 7930 9065
f 9069 7930 9067
f 7928 7926 9057
f 9059 7928 9057
f 9061 7928 9059
f 7926 7924 8947
f 8949 7926 8947
f 7926 8949 9053
f 9053 8949 9051
f 8949 8951 9051
f 9051 8951 9049
f 8951 8953 9049
f 9049 8953 9047
f 8953 8955 9047
f 9047 8955 9045
f 8955 8957 9045
f 9045 8957 9043
f 9043 8957 9781
f 9041 9043 9781
f 9783 9041 9781
f 9039 9041 9783
f 9785 9039 9783
f 9037 9039 9785
f 9787 9037 9785
f 9171 9037 9787
f 9169 9171 9787
f 9789 9169 9787
f 9167 9169 9789
f 9791 9167 9789
f 9165 9167 9791
f 9793 9165 9791
f 9163 9165 9793
f 9795 9163 9793
f 7924 7922 8941
f 8943 7924 8941
f 8945 7924 8943
f 7922 7920 8933
f 8935 7922 8933
f 8937 7922 8935
f 7920 7918 8927
f 8929 7920 8927
f 8931 7920 8929
f 7918 7916 9657
f 9659 7918 9657
f 9661 7918 9659
f 7916 7914 9649
f 9651 7916 9649
f 9653 7916 9651
f 7914 7912 9643
f 9645 7914 9643
f 9647 7914 9645
f 7912 7910 9533
f 9535 7912 9533
f 7912 9535 9639
f 9639 9535 9637
f 9535 9537 9637
f 9637 9537 9635
f 9537 9539 9635
f 9539 9631 9635
f 9539 9541 9631
f 9631 9541 9632
f 9541 9543 9632
f 9632 9543 9677
f 9677 9543 9767
f 9769 9677 9767
f 7910 7908 9525
f 9527 7910 9525
f 9529 7910 9527
f 7908 7906 9519
f 9521 7908 9519
f 9523 7908 9521
f 7906 7904 9511
f 7906 9511 9515
f 9517 7906 9515
f 7904 7902 9403
f 9405 7904 9403
f 9407 7904 9405
f 7902 7900 9395
f 9397 7902 9395
f 9399 7902 9397
f 7900 7898 9435
f 9437 7900 9435
f 9392 7900 9437
f 8912 8911 9777
f 8911 8915 9777
f 9777 8915 9775
f 8915 8917 9775
f 9775 8917 9773
f 8917 9671 9773
f 9671 9673 9773
f 9671 8917 9669
f 8917 8919 9669
f 9669 8919 9667
f 8919 8921 9667
f 9667 8921 9665
f 8921 8923 9665
f 9665 8923 9663
f 8923 8925 9663
f 9663 8925 9661
f 8925 7918 9661
f 8927 7918 8925
f 8933 7920 8931
f 8939 7922 8937
f 8941 7922 8939
f 8947 7924 8945
f 9781 8957 9779
f 8957 8912 9779
f 9779 8912 9777
f 9031 9035 9173
f 9175 9031 9173
f 9032 9031 9175
f 9177 9032 9175
f 9077 9032 9177
f 9179 9077 9177
f 9075 9077 9179
f 7932 9075 9179
f 9173 9035 9171
f 9035 9037 9171
f 9055 7926 9053
f 9057 7926 9055
f 9063 7928 9061
f 9065 7928 9063
f 9071 7930 9069
f 9181 7932 9179
f 9187 7934 9185
f 9189 7934 9187
f 9195 7936 9193
f 9151 7938 9152
f 9277 7897 9275
f 9279 7897 9277
f 9431 9285 9429
f 9285 9287 9429
f 9429 9287 9427
f 9287 9289 9427
f 9309 7940 9307
f 9311 7940 9309
f 9317 7942 9315
f 9272 7942 9317
f 9391 7900 9392
f 7900 9391 9395
f 9401 7902 9399
f 9403 7902 9401
f 7904 9407 9512
f 9407 9409 9512
f 9512 9409 9557
f 9409 9411 9557
f 9557 9411 9555
f 9411 9413 9555
f 9555 9413 9553
f 9413 9415 9553
f 9553 9415 9551
f 9415 9417 9551
f 9551 9417 9759
f 9417 9419 9759
f 9759 9419 9757
f 9419 9421 9757
f 9757 9421 9755
f 9421 9423 9755
f 9423 9751 9755
f 9423 9425 9751
f 9435 7898 9433
f 9519 7906 9517
f 9525 7908 9523
f 9531 7910 9529
f 9533 7910 9531
f 9543 9545 9767
f 9767 9545 9765
f 9545 9547 9765
f 9765 9547 9763
f 9547 9549 9763
f 9763 9549 9761
f 9549 9551 9761
f 9761 9551 9759
f 9511 7904 9512
f 9641 7912 9639
f 9643 7912 9641
f 9649 7914 9647
f 9655 7916 9653
f 9657 7916 9655
f 9773 9673 9771
f 9673 9675 9771
f 9771 9675 9769
f 9675 9677 9769
f 7850 7849 8525
f 8480 7850 8525
f 8479 7850 8480
f 7849 7894 8519
f 8521 7849 8519
f 8523 7849 8521
f 7894 7892 8515
f 8517 7894 8515
f 8519 7894 8517
f 7892 7890 8627
f 8629 7892 8627
f 8513 7892 8629
f 8631 8513 8629
f 8511 8513 8631
f 8511 8631 8811
f 8813 8511 8811
f 7890 7888 8624
f 8623 7890 8624
f 7890 8623 8627
f 7888 7886 8665
f 8667 7888 8665
f 8669 7888 8667
f 7886 7884 8657
f 8659 7886 8657
f 8661 7886 8659
f 7884 7882 8651
f 8653 7884 8651
f 8655 7884 8653
f 7882 7880 8647
f 8649 7882 8647
f 8651 7882 8649
f 7880 7878 8231
f 8233 7880 8231
f 7880 8233 8645
f 8233 8235 8645
f 8645 8235 8643
f 8643 8235 8799
f 8801 8643 8799
f 7878 7876 8227
f 8229 7878 8227
f 8231 7878 8229
f 7876 7874 8221
f 8223 7876 8221
f 8225 7876 8223
f 7874 7872 8213
f 8215 7874 8213
f 8217 7874 8215
f 7872 7870 8207
f 8209 7872 8207
f 8211 7872 8209
f 7870 7868 8203
f 8205 7870 8203
f 8207 7870 8205
f 7868 7866 8363
f 8365 7868 8363
f 8201 7868 8365
f 8367 8201 8365
f 8199 8201 8367
f 8199 8367 8787
f 8789 8199 8787
f 7866 7864 8359
f 8361 7866 8359
f 8363 7866 8361
f 7864 7862 8353
f 8355 7864 8353
f 8357 7864 8355
f 7862 7860 8345
f 8347 7862 8345
f 8349 7862 8347
f 7860 7858 8339
f 8341 7860 8339
f 8343 7860 8341
f 7858 7856 8336
f 8335 7858 8336
f 7858 8335 8339
f 7856 7854 8495
f 8497 7856 8495
f 8381 7856 8497
f 8499 8381 8497
f 8379 8381 8499
f 8379 8499 8775
f 8777 8379 8775
f 7854 7852 8491
f 8493 7854 8491
f 8495 7854 8493
f 7852 7850 8485
f 8487 7852 8485
f 8489 7852 8487
f 8192 8191 8793
f 8191 8195 8793
f 8793 8195 8791
f 8195 8197 8791
f 8791 8197 8789
f 8197 8199 8789
f 8203 7868 8201
f 8213 7872 8211
f 8219 7874 8217
f 8221 7874 8219
f 8227 7876 8225
f 8799 8235 8797
f 8235 8237 8797
f 8797 8237 8795
f 8237 8192 8795
f 8795 8192 8793
f 8345 7860 8343
f 8351 7862 8349
f 8353 7862 8351
f 8359 7864 8357
f 8787 8367 8785
f 8367 8369 8785
f 8785 8369 8783
f 8369 8371 8783
f 8783 8371 8781
f 8371 8373 8781
f 8373 8375 8781
f 8781 8375 8779
f 8375 8377 8779
f 8779 8377 8777
f 8377 8379 8777
f 8336 7856 8381
f 7850 8479 8483
f 8485 7850 8483
f 8491 7852 8489
f 8775 8499 8773
f 8499 8501 8773
f 8773 8501 8771
f 8501 8503 8771
f 8503 8767 8771
f 8503 8505 8767
f 8505 8507 8767
f 8767 8507 8768
f 8507 8509 8768
f 8768 8509 8813
f 8509 8511 8813
f 8515 7892 8513
f 8525 7849 8523
f 8811 8631 8809
f 8631 8633 8809
f 8809 8633 8807
f 8633 8635 8807
f 8807 8635 8805
f 8635 8637 8805
f 8637 8639 8805
f 8805 8639 8803
f 8639 8641 8803
f 8803 8641 8801
f 8641 8643 8801
f 8647 7880 8645
f 8657 7884 8655
f 8663 7886 8661
f 8665 7886 8663
f 8624 7888 8669
f 8131 8130 9799
f 8130 8129 9799
f 8129 8128 9799
f 8128 8127 9799
f 8135 8134 9800
f 8134 8133 9800
f 8133 8132 9800
f 8132 8131 9800
f 8139 8138 9801
f 8138 8137 9801
f 8137 8136 9801
f 8136 8135 9801
f 8118 8142 9802
f 8142 8141 9802
f 8141 8140 9802
f 8140 8139 9802
f 8127 8126 9803
f 8126 8125 9803
f 8125 8124 9803
f 8124 8123 9803
f 8123 8122 9804
f 8122 8121 9804
f 8121 8119 9804
f 8119 8118 9804
f 8098 8097 9805
f 8097 8096 9805
f 8096 8094 9805
f 8094 8093 9805
f 8102 8101 9806
f 8101 8100 9806
f 8100 8099 9806
f 8099 8098 9806
f 8106 8105 9807
f 8105 8104 9807
f 8104 8103 9807
f 8103 8102 9807
f 8110 8109 9808
f 8109 8108 9808
f 8108 8107 9808
f 8107 8106 9808
f 8093 8117 9809
f 8117 8116 9809
f 8116 8115 9809
f 8115 8114 9809
f 8114 8113 9810
f 8113 8112 9810
f 8112 8111 9810
f 8111 8110 9810
f 8068 8092 9811
f 8092 8091 9811
f 8091 8090 9811
f 8090 8089 9811
f 8073 8072 9812
f 8072 8071 9812
f 8071 8069 9812
f 8069 8068 9812
f 8077 8076 9813
f 8076 8075 9813
f 8075 8074 9813
f 8074 8073 9813
f 8081 8080 9814
f 8080 8079 9814
f 8079 8078 9814
f 8078 8077 9814
f 8089 8088 9815
f 8088 8087 9815
f 8087 8086 9815
f 8086 8085 9815
f 8085 8084 9816
f 8084 8083 9816
f 8083 8082 9816
f 8082 8081 9816
f 8064 8063 9817
f 8063 8062 9817
f 8062 8061 9817
f 8061 8060 9817
f 8043 8067 9818
f 8067 8066 9818
f 8066 8065 9818
f 8065 8064 9818
f 8048 8047 9819
f 8047 8046 9819
f 8046 8044 9819
f 8044 8043 9819
f 8052 8051 9820
f 8051 8050 9820
f 8050 8049 9820
f 8049 8048 9820
f 8060 8059 9821
f 8059 8058 9821
f 8058 8057 9821
f 8057 8056 9821
f 8056 8055 9822
f 8055 8054 9822
f 8054 8053 9822
f 8053 8052 9822
f 8035 8034 9823
f 8034 8033 9823
f 8033 8032 9823
f 8032 8031 9823
f 8039 8038 9824
f 8038 8037 9824
f 8037 8036 9824
f 8036 8035 9824
f 8018 8042 9825
f 8042 8041 9825
f 8041 8040 9825
f 8040 8039 9825
f 8023 8022 9826
f 8022 8021 9826
f 8021 8019 9826
f 8019 8018 9826
f 8031 8030 9827
f 8030 8029 9827
f 8029 8028 9827
f 8028 8027 9827
f 8027 8026 9828
f 8026 8025 9828
f 8025 8024 9828
f 8024 8023 9828
f 8014 8013 9829
f 8013 8012 9829
f 8012 8011 9829
f 8011 8010 9829
f 7993 8017 9830
f 8017 8016 9830
f 8016 8015 9830
f 8015 8014 9830
f 7998 7997 9831
f 7997 7996 9831
f 7996 7994 9831
f 7994 7993 9831
f 8002 8001 9832
f 8001 8000 9832
f 8000 7999 9832
f 7999 7998 9832
f 8010 8009 9833
f 8009 8008 9833
f 8008 8007 9833
f 8007 8006 9833
f 8006 8005 9834
f 8005 8004 9834
f 8004 8003 9834
f 8003 8002 9834
f 7977 7976 9835
f 7976 7975 9835
f 7975 7974 9835
f 7974 7973 9835
f 7981 7980 9836
f 7980 7979 9836
f 7979 7978 9836
f 7978 7977 9836
f 7985 7984 9837
f 7984 7983 9837
f 7983 7982 9837
f 7982 7981 9837
f 7989 7988 9838
f 7988 7987 9838
f 7987 7986 9838
f 7986 7985 9838
f 7973 7972 9839
f 7972 7971 9839
f 7971 7969 9839
f 7969 7968 9839
f 7968 7992 9840
f 7992 7991 9840
f 7991 7990 9840
f 7990 7989 9840
f 7952 7951 9841
f 7951 7950 9841
f 7950 7949 9841
f 7949 7948 9841
f 7956 7955 9842
f 7955 7954 9842
f 7954 7953 9842
f 7953 7952 9842
f 7960 7959 9843
f 7959 7958 9843
f 7958 7957 9843
f 7957 7956 9843
f 7964 7963 9844
f 7963 7962 9844
f 7962 7961 9844
f 7961 7960 9844
f 7948 7947 9845
f 7947 7946 9845
f 7946 7944 9845
f 7944 7943 9845
f 7943 7967 9846
f 7967 7966 9846
f 7966 7965 9846
f 7965 7964 9846
f 7794 7798 7896
f 7895 7794 7896
f 7795 7794 7895
f 7795 7895 7899
f 7901 7795 7899
f 7896 7798 7941
f 7798 7800 7941
f 7941 7800 7939
f 7800 7802 7939
f 7939 7802 7937
f 7802 7804 7937
f 7937 7804 7935
f 7804 7806 7935
f 7935 7806 7933
f 7806 7808 7933
f 7808 7810 7933
f 7933 7810 7931
f 7810 7812 7931
f 7931 7812 7929
f 7812 7814 7929
f 7929 7814 7927
f 7814 7816 7927
f 7927 7816 7925
f 7816 7818 7925
f 7925 7818 7923
f 7818 7820 7923
f 7923 7820 7921
f 7921 7820 7919
f 7820 7822 7919
f 7919 7822 7917
f 7822 7824 7917
f 7917 7824 7915
f 7824 7826 7915
f 7915 7826 7913
f 7826 7828 7913
f 7913 7828 7911
f 7828 7830 7911
f 7911 7830 7909
f 7830 7832 7909
f 7832 7834 7909
f 7909 7834 7907
f 7834 7836 7907
f 7907 7836 7905
f 7836 7838 7905
f 7905 7838 7903
f 7838 7840 7903
f 7903 7840 7901
f 7840 7795 7901
f 7746 7750 7848
f 7847 7746 7848
f 7747 7746 7847
f 7747 7847 7851
f 7853 7747 7851
f 7848 7750 7893
f 7750 7752 7893
f 7893 7752 7891
f 7752 7754 7891
f 7891 7754 7889
f 7754 7756 7889
f 7889 7756 7887
f 7756 7758 7887
f 7887 7758 7885
f 7758 7760 7885
f 7760 7762 7885
f 7885 7762 7883
f 7762 7764 7883
f 7883 7764 7881
f 7764 7766 7881
f 7881 7766 7879
f 7766 7768 7879
f 7879 7768 7877
f 7768 7770 7877
f 7877 7770 7875
f 7770 7772 7875
f 7875 7772 7873
f 7873 7772 7871
f 7772 7774 7871
f 7871 7774 7869
f 7774 7776 7869
f 7869 7776 7867
f 7776 7778 7867
f 7867 7778 7865
f 7778 7780 7865
f 7865 7780 7863
f 7780 7782 7863
f 7863 7782 7861
f 7782 7784 7861
f 7784 7786 7861
f 7861 7786 7859
f 7786 7788 7859
f 7859 7788 7857
f 7788 7790 7857
f 7857 7790 7855
f 7790 7792 7855
f 7855 7792 7853
f 7792 7747 7853
f 3958 7722 7724
f 3958 3957 7722
f 7722 3957 7723
f 3957 3956 7723
f 7723 3956 7745
f 3956 3955 7745
f 7745 3955 7744
f 3955 3954 7744
f 7744 3954 7743
f 3954 3953 7743
f 7743 3953 7742
f 3953 3952 7742
f 7742 3952 7741
f 3952 3951 7741
f 7741 3951 7740
f 3951 3950 7740
f 7740 3950 7739
f 3950 3949 7739
f 7739 3949 7738
f 3949 3947 7738
f 7738 3947 7737
f 3947 3946 7737
f 7737 3946 7736
f 3946 3970 7736
f 7736 3970 7735
f 3970 3969 7735
f 7735 3969 7734
f 3969 3968 7734
f 7734 3968 7733
f 3968 3967 7733
f 7733 3967 7732
f 3967 3966 7732
f 7732 3966 7731
f 3966 3965 7731
f 7731 3965 7730
f 3965 3964 7730
f 7730 3964 7729
f 3964 3963 7729
f 7729 3963 7728
f 3963 3962 7728
f 7728 3962 7727
f 3962 3961 7727
f 7727 3961 7726
f 3961 3960 7726
f 7726 3960 7725
f 3960 3959 7725
f 7725 3959 7724
f 3959 3958 7724
f 7698 7674 7678
f 7700 7674 7698
f 7675 7674 7700
f 7702 7675 7700
f 7720 7675 7702
f 7704 7720 7702
f 7718 7720 7704
f 7706 7718 7704
f 7716 7718 7706
f 7708 7716 7706
f 7714 7716 7708
f 7710 7714 7708
f 7712 7714 7710
f 7696 7698 7678
f 7680 7696 7678
f 7694 7696 7680
f 7682 7694 7680
f 7692 7694 7682
f 7684 7692 7682
f 7690 7692 7684
f 7686 7690 7684
f 7688 7690 7686
f 9799 8127 9847
f 8127 9848 9847
f 8127 9803 9848
f 9800 8131 9849
f 8131 9847 9849
f 8131 9799 9847
f 9801 8135 9850
f 8135 9849 9850
f 8135 9800 9849
f 9802 8139 9851
f 8139 9850 9851
f 8139 9801 9850
f 9804 8118 9852
f 8118 9851 9852
f 8118 9802 9851
f 9803 8123 9848
f 9848 8123 9852
f 8123 9804 9852
f 9805 8093 9853
f 8093 9854 9853
f 8093 9809 9854
f 9806 8098 9855
f 8098 9853 9855
f 8098 9805 9853
f 9807 8102 9856
f 8102 9855 9856
f 8102 9806 9855
f 9808 8106 9857
f 8106 9856 9857
f 8106 9807 9856
f 9810 8110 9858
f 8110 9857 9858
f 8110 9808 9857
f 9809 8114 9854
f 9854 8114 9858
f 8114 9810 9858
f 9811 8089 9859
f 8089 9860 9859
f 8089 9815 9860
f 9812 8068 9861
f 8068 9859 9861
f 8068 9811 9859
f 9813 8073 9862
f 8073 9861 9862
f 8073 9812 9861
f 9814 8077 9863
f 8077 9862 9863
f 8077 9813 9862
f 9816 8081 9864
f 8081 9863 9864
f 8081 9814 9863
f 9815 8085 9860
f 9860 8085 9864
f 8085 9816 9864
f 9817 8060 9865
f 8060 9866 9865
f 8060 9821 9866
f 9818 8064 9867
f 8064 9865 9867
f 8064 9817 9865
f 9819 8043 9868
f 8043 9867 9868
f 8043 9818 9867
f 9820 8048 9869
f 8048 9868 9869
f 8048 9819 9868
f 9822 8052 9870
f 8052 9869 9870
f 8052 9820 9869
f 9821 8056 9866
f 9866 8056 9870
f 8056 9822 9870
f 9823 8031 9871
f 8031 9872 9871
f 8031 9827 9872
f 9824 8035 9873
f 8035 9871 9873
f 8035 9823 9871
f 9825 8039 9874
f 8039 9873 9874
f 8039 9824 9873
f 9826 8018 9875
f 8018 9874 9875
f 8018 9825 9874
f 9828 8023 9876
f 8023 9875 9876
f 8023 9826 9875
f 9827 8027 9872
f 9872 8027 9876
f 8027 9828 9876
f 7541 7528 7530
f 7542 7528 7541
f 7529 7528 7542
f 7543 7529 7542
f 7553 7529 7543
f 7544 7553 7543
f 7552 7553 7544
f 7545 7552 7544
f 7551 7552 7545
f 7546 7551 7545
f 7550 7551 7546
f 7547 7550 7546
f 7549 7550 7547
f 7548 7549 7547
f 7540 7541 7530
f 7531 7540 7530
f 7539 7540 7531
f 7532 7539 7531
f 7538 7539 7532
f 7533 7538 7532
f 7537 7538 7533
f 7534 7537 7533
f 7536 7537 7534
f 7535 7536 7534
f 9829 8010 9877
f 8010 9878 9877
f 8010 9833 9878
f 9830 8014 9879
f 8014 9877 9879
f 8014 9829 9877
f 9831 7993 9880
f 7993 9879 9880
f 7993 9830 9879
f 9832 7998 9881
f 7998 9880 9881
f 7998 9831 9880
f 9834 8002 9882
f 8002 9881 9882
f 8002 9832 9881
f 9833 8006 9878
f 9878 8006 9882
f 8006 9834 9882
f 9835 7973 9883
f 7973 9884 9883
f 7973 9839 9884
f 9836 7977 9885
f 7977 9883 9885
f 7977 9835 9883
f 9837 7981 9886
f 7981 9885 9886
f 7981 9836 9885
f 9838 7985 9887
f 7985 9886 9887
f 7985 9837 9886
f 9840 7989 9888
f 7989 9887 9888
f 7989 9838 9887
f 9839 7968 9884
f 9884 7968 9888
f 7968 9840 9888
f 9841 7948 9889
f 7948 9890 9889
f 7948 9845 9890
f 9842 7952 9891
f 7952 9889 9891
f 7952 9841 9889
f 9843 7956 9892
f 7956 9891 9892
f 7956 9842 9891
f 9844 7960 9893
f 7960 9892 9893
f 7960 9843 9892
f 9846 7964 9894
f 7964 9893 9894
f 7964 9844 9893
f 9845 7943 9890
f 9890 7943 9894
f 7943 9846 9894
f 7324 7322 9852
f 7322 7321 9852
f 7321 7383 9852
f 7383 7381 9852
f 7381 7379 9852
f 7379 7378 9852
f 7378 9848 9852
f 7378 7376 9848
f 7376 7375 9848
f 7375 7373 9848
f 7373 7372 9848
f 7372 7370 9848
f 7370 7369 9848
f 7369 7367 9848
f 9848 7367 9847
f 7367 7365 9847
f 7365 7364 9847
f 7364 7362 9847
f 7362 7361 9847
f 7361 7359 9847
f 7359 7357 9847
f 7357 7355 9847
f 9847 7355 9849
f 7355 7354 9849
f 7354 7352 9849
f 7352 7351 9849
f 7351 7349 9849
f 7349 7347 9849
f 7347 7346 9849
f 9849 7346 9850
f 7346 7344 9850
f 7344 7343 9850
f 7343 7341 9850
f 7341 7339 9850
f 7339 7338 9850
f 7338 7336 9850
f 9850 7336 9851
f 7336 7334 9851
f 7334 7333 9851
f 7333 7331 9851
f 7331 7330 9851
f 7330 7328 9851
f 7328 7326 9851
f 9851 7326 9852
f 7326 7324 9852
f 7199 7198 9857
f 7198 7196 9857
f 7196 7194 9857
f 7194 7193 9857
f 9857 7193 9858
f 7193 7191 9858
f 7191 7190 9858
f 7190 7188 9858
f 7188 7186 9858
f 7186 7184 9858
f 7184 7183 9858
f 7183 9854 9858
f 7183 7181 9854
f 7181 7179 9854
f 7179 7177 9854
f 7177 7176 9854
f 7176 7174 9854
f 9854 7174 9853
f 7174 7172 9853
f 7172 7170 9853
f 7170 7168 9853
f 7168 7167 9853
f 7167 7223 9853
f 7223 7222 9853
f 9853 7222 9855
f 7222 7220 9855
f 7220 7219 9855
f 7219 7217 9855
f 7217 7215 9855
f 7215 7213 9855
f 7213 7212 9855
f 9855 7212 9856
f 7212 7210 9856
f 7210 7208 9856
f 7208 7206 9856
f 7206 7205 9856
f 7205 7203 9856
f 9856 7203 9857
f 7203 7201 9857
f 7201 7199 9857
f 7042 7041 9864
f 7041 7039 9864
f 7039 7038 9864
f 7038 7036 9864
f 7036 7034 9864
f 7034 7033 9864
f 7033 9860 9864
f 7033 7031 9860
f 7031 7030 9860
f 7030 7028 9860
f 7028 7026 9860
f 7026 7025 9860
f 7025 7023 9860
f 9860 7023 9859
f 7023 7021 9859
f 7021 7020 9859
f 7020 7018 9859
f 7018 7017 9859
f 7017 7015 9859
f 7015 7013 9859
f 9859 7013 9861
f 7013 7011 9861
f 7011 7009 9861
f 7009 7008 9861
f 7008 7070 9861
f 7070 7068 9861
f 7068 7066 9861
f 7066 7065 9861
f 9861 7065 9862
f 7065 7063 9862
f 7063 7062 9862
f 7062 7060 9862
f 7060 7059 9862
f 7059 7057 9862
f 7057 7056 9862
f 7056 7054 9862
f 9862 7054 9863
f 7054 7052 9863
f 7052 7051 9863
f 7051 7049 9863
f 7049 7048 9863
f 7048 7046 9863
f 7046 7044 9863
f 7044 7042 9863
f 9863 7042 9864
f 6886 6884 9866
f 6886 9866 9870
f 6887 6886 9870
f 6889 6887 9870
f 6891 6889 9870
f 6893 6891 9870
f 6894 6893 9870
f 9869 6894 9870
f 6896 6894 9869
f 6898 6896 9869
f 6900 6898 9869
f 6901 6900 9869
f 6903 6901 9869
f 6905 6903 9869
f 9868 6905 9869
f 6907 6905 9868
f 6908 6907 9868
f 6910 6908 9868
f 6856 6910 9868
f 6857 6856 9868
f 9867 6857 9868
f 6859 6857 9867
f 6861 6859 9867
f 6863 6861 9867
f 6865 6863 9867
f 6866 6865 9867
f 9865 6866 9867
f 6868 6866 9865
f 6870 6868 9865
f 6872 6870 9865
f 6873 6872 9865
f 6875 6873 9865
f 6877 6875 9865
f 9866 6877 9865
f 6879 6877 9866
f 6880 6879 9866
f 6882 6880 9866
f 6884 6882 9866
f 6705 6703 9875
f 6703 6702 9875
f 6702 6758 9875
f 6758 6757 9875
f 9875 6757 9876
f 6757 6755 9876
f 6755 6754 9876
f 6754 6752 9876
f 6752 6750 9876
f 6750 6748 9876
f 6748 6747 9876
f 6747 9872 9876
f 6747 6745 9872
f 6745 6743 9872
f 6743 6741 9872
f 6741 6740 9872
f 6740 6738 9872
f 9872 6738 9871
f 6738 6736 9871
f 6736 6734 9871
f 6734 6733 9871
f 6733 6731 9871
f 6731 6729 9871
f 6729 6728 9871
f 9871 6728 9873
f 6728 6726 9873
f 6726 6725 9873
f 6725 6723 9873
f 6723 6721 9873
f 6721 6719 9873
f 6719 6718 9873
f 9873 6718 9874
f 6718 6716 9874
f 6716 6714 9874
f 6714 6712 9874
f 6712 6711 9874
f 6711 6709 9874
f 9874 6709 9875
f 6709 6707 9875
f 6707 6705 9875
f 6287 6286 9878
f 6286 6284 9878
f 9878 6284 9877
f 6284 6282 9877
f 6282 6280 9877
f 6280 6279 9877
f 6279 6277 9877
f 6277 6276 9877
f 6276 6274 9877
f 6274 6273 9877
f 9877 6273 9879
f 6273 6271 9879
f 6271 6269 9879
f 6269 6267 9879
f 6267 6266 9879
f 6266 6264 9879
f 6264 6263 9879
f 9879 6263 9880
f 6263 6261 9880
f 6261 6259 9880
f 6259 6258 9880
f 6258 6256 9880
f 6256 6254 9880
f 6254 6253 9880
f 9880 6253 9881
f 6253 6312 9881
f 6312 6310 9881
f 6310 6309 9881
f 6309 6307 9881
f 6307 6305 9881
f 6305 6304 9881
f 9881 6304 9882
f 6304 6302 9882
f 6302 6300 9882
f 6300 6299 9882
f 6299 6297 9882
f 6297 6296 9882
f 6296 6294 9882
f 6294 6292 9882
f 6292 9878 9882
f 6292 6291 9878
f 6291 6289 9878
f 6289 6287 9878
f 6098 6096 9884
f 6096 6095 9884
f 9884 6095 9883
f 6095 6155 9883
f 6155 6153 9883
f 6153 6152 9883
f 6152 6150 9883
f 6150 6149 9883
f 6149 6147 9883
f 6147 6146 9883
f 9883 6146 9885
f 6146 6144 9885
f 6144 6143 9885
f 6143 6141 9885
f 6141 6139 9885
f 6139 6138 9885
f 6138 6136 9885
f 6136 6134 9885
f 9885 6134 9886
f 6134 6133 9886
f 6133 6131 9886
f 6131 6129 9886
f 6129 6128 9886
f 6128 6126 9886
f 9886 6126 9887
f 6126 6124 9887
f 6124 6122 9887
f 6122 6121 9887
f 6121 6119 9887
f 6119 6118 9887
f 6118 6116 9887
f 6116 6115 9887
f 9887 6115 9888
f 6115 6113 9888
f 6113 6111 9888
f 6111 6109 9888
f 6109 6108 9888
f 6108 6106 9888
f 6106 6105 9888
f 6105 9884 9888
f 6105 6103 9884
f 6103 6101 9884
f 6101 6100 9884
f 6100 6098 9884
f 5944 5943 9890
f 5944 9890 9894
f 5946 5944 9894
f 5948 5946 9894
f 5950 5948 9894
f 5952 5950 9894
f 5953 5952 9894
f 9893 5953 9894
f 5955 5953 9893
f 5957 5955 9893
f 5959 5957 9893
f 5960 5959 9893
f 5962 5960 9893
f 5964 5962 9893
f 9892 5964 9893
f 5966 5964 9892
f 5967 5966 9892
f 5969 5967 9892
f 5971 5969 9892
f 5973 5971 9892
f 9891 5973 9892
f 5974 5973 9891
f 5976 5974 9891
f 5978 5976 9891
f 5980 5978 9891
f 5981 5980 9891
f 9889 5981 9891
f 5983 5981 9889
f 5985 5983 9889
f 5987 5985 9889
f 5988 5987 9889
f 5990 5988 9889
f 5992 5990 9889
f 9890 5992 9889
f 5994 5992 9890
f 5995 5994 9890
f 5997 5995 9890
f 5943 5997 9890
f 5898 5897 7799
f 7797 5898 7799
f 5900 5898 7797
f 5900 7797 7796
f 7841 5900 7796
f 7799 5897 7801
f 5897 5942 7801
f 7801 5942 7803
f 5942 5940 7803
f 7803 5940 7805
f 5940 5938 7805
f 7805 5938 7807
f 5938 5936 7807
f 7807 5936 7809
f 5936 5934 7809
f 5934 5932 7809
f 7809 5932 7811
f 5932 5930 7811
f 7811 5930 7813
f 5930 5928 7813
f 7813 5928 7815
f 5928 5926 7815
f 7815 5926 7817
f 5926 5924 7817
f 7817 5924 7819
f 5924 5922 7819
f 7819 5922 7821
f 7821 5922 7823
f 5922 5920 7823
f 7823 5920 7825
f 5920 5918 7825
f 7825 5918 7827
f 5918 5916 7827
f 7827 5916 7829
f 5916 5914 7829
f 7829 5914 7831
f 5914 5912 7831
f 7831 5912 7833
f 5912 5910 7833
f 5910 5908 7833
f 7833 5908 7835
f 5908 5906 7835
f 7835 5906 7837
f 5906 5904 7837
f 7837 5904 7839
f 5904 5902 7839
f 7839 5902 7841
f 5902 5900 7841
f 5850 5849 7751
f 7749 5850 7751
f 5852 5850 7749
f 5852 7749 7748
f 7793 5852 7748
f 7751 5849 7753
f 5849 5894 7753
f 7753 5894 7755
f 5894 5892 7755
f 7755 5892 7757
f 5892 5890 7757
f 7757 5890 7759
f 5890 5888 7759
f 7759 5888 7761
f 5888 5886 7761
f 5886 5884 7761
f 7761 5884 7763
f 5884 5882 7763
f 7763 5882 7765
f 5882 5880 7765
f 7765 5880 7767
f 5880 5878 7767
f 7767 5878 7769
f 5878 5876 7769
f 7769 5876 7771
f 5876 5874 7771
f 7771 5874 7773
f 7773 5874 7775
f 5874 5872 7775
f 7775 5872 7777
f 5872 5870 7777
f 7777 5870 7779
f 5870 5868 7779
f 7779 5868 7781
f 5868 5866 7781
f 7781 5866 7783
f 5866 5864 7783
f 7783 5864 7785
f 5864 5862 7785
f 5862 5860 7785
f 7785 5860 7787
f 5860 5858 7787
f 7787 5858 7789
f 5858 5856 7789
f 7789 5856 7791
f 5856 5854 7791
f 7791 5854 7793
f 5854 5852 7793
f 5823 5825 7679
f 7677 5823 7679
f 5823 7677 7676
f 7679 5825 7681
f 5825 5826 7681
f 7681 5826 7683
f 5826 5827 7683
f 7683 5827 7685
f 5827 5828 7685
f 7685 5828 7687
f 5828 5829 7687
f 7687 5829 7689
f 5829 5830 7689
f 5830 5831 7689
f 7689 5831 7691
f 5831 5832 7691
f 7691 5832 7693
f 5832 5833 7693
f 7693 5833 7695
f 5833 5834 7695
f 7695 5834 7697
f 5834 5835 7697
f 7697 5835 7699
f 7699 5835 7701
f 5835 5836 7701
f 7701 5836 7703
f 5836 5837 7703
f 7703 5837 7705
f 5837 5838 7705
f 7705 5838 7707
f 5838 5839 7707
f 7707 5839 7709
f 5839 5840 7709
f 7709 5840 7711
f 5840 5841 7711
f 7711 5841 7713
f 5841 5842 7713
f 5842 5843 7713
f 7713 5843 7715
f 5843 5844 7715
f 7715 5844 7717
f 5844 5845 7717
f 7717 5845 7719
f 5845 5846 7719
f 7719 5846 7721
f 5846 5824 7721
f 7721 5824 7676
f 5824 5823 7676
f 5396 7480 7484
f 5396 5394 7480
f 5394 5393 7480
f 5398 5396 7484
f 7486 5398 7484
f 5400 5398 7486
f 7488 5400 7486
f 5402 5400 7488
f 7490 5402 7488
f 5404 5402 7490
f 7492 5404 7490
f 5406 5404 7492
f 7494 5406 7492
f 7496 5406 7494
f 5408 5406 7496
f 7498 5408 7496
f 5410 5408 7498
f 7500 5410 7498
f 5412 5410 7500
f 7502 5412 7500
f 5414 5412 7502
f 7504 5414 7502
f 5416 5414 7504
f 5418 5416 7504
f 7506 5418 7504
f 5420 5418 7506
f 7508 5420 7506
f 5422 5420 7508
f 7510 5422 7508
f 5424 5422 7510
f 7512 5424 7510
f 5426 5424 7512
f 7514 5426 7512
f 5428 5426 7514
f 7516 5428 7514
f 5430 5428 7516
f 7518 5430 7516
f 7520 5430 7518
f 5432 5430 7520
f 7522 5432 7520
f 5434 5432 7522
f 7524 5434 7522
f 5436 5434 7524
f 7526 5436 7524
f 5438 5436 7526
f 7481 5438 7526
f 5393 5438 7481
f 7480 5393 7481
f 5307 5309 6497
f 6495 5307 6497
f 6493 5307 6495
f 5309 5310 6503
f 6501 5309 6503
f 6499 5309 6501
f 5310 5311 6464
f 6509 5310 6464
f 6507 5310 6509
f 5311 5312 6467
f 6465 5311 6467
f 6464 5311 6465
f 5312 5313 6457
f 5312 6457 6469
f 6467 5312 6469
f 6457 5313 6459
f 5313 5314 6459
f 6459 5314 6461
f 5314 5315 6461
f 5315 5316 6461
f 5316 5317 6647
f 6645 5316 6647
f 6412 5316 6645
f 6643 6412 6645
f 6641 6412 6643
f 5317 5318 6653
f 6651 5317 6653
f 6649 5317 6651
f 5318 5319 6611
f 6609 5318 6611
f 6608 5318 6609
f 5319 5320 6619
f 6617 5319 6619
f 6615 5319 6617
f 5320 5321 6623
f 6621 5320 6623
f 5320 6621 6619
f 5321 5322 6419
f 6417 5321 6419
f 5321 6417 6625
f 6625 6417 6627
f 6627 6417 6629
f 6417 6415 6629
f 6629 6415 6631
f 6631 6415 6633
f 6633 6415 6635
f 6415 6413 6635
f 6635 6413 6637
f 6637 6413 6639
f 6639 6413 6641
f 6413 6412 6641
f 5322 5323 6419
f 6419 5323 6421
f 5323 5324 6421
f 6421 5324 6423
f 5324 5325 6423
f 6423 5325 6561
f 6561 5325 6563
f 5325 5326 6563
f 6563 5326 6565
f 6565 5326 6567
f 6567 5326 6569
f 5326 5327 6569
f 6569 5327 6571
f 5327 6573 6571
f 6573 5327 6575
f 5327 5328 6575
f 6575 5328 6577
f 6577 5328 6579
f 6579 5328 6581
f 6581 5328 6583
f 5328 5329 6583
f 6583 5329 6585
f 6585 5329 6587
f 5329 5330 6587
f 6587 5330 6589
f 6589 5330 6663
f 6661 6589 6663
f 5330 5331 6667
f 6665 5330 6667
f 6663 5330 6665
f 5331 5332 6673
f 6671 5331 6673
f 6669 5331 6671
f 5332 5333 6681
f 6679 5332 6681
f 6677 5332 6679
f 5333 5334 6687
f 6685 5333 6687
f 6683 5333 6685
f 5334 5335 6527
f 6525 5334 6527
f 5334 6525 6691
f 6525 6523 6691
f 6691 6523 6693
f 6523 6437 6693
f 6693 6437 6695
f 6437 6435 6695
f 6695 6435 6697
f 6697 6435 6699
f 6435 6433 6699
f 6699 6433 6701
f 6701 6433 6656
f 6656 6433 6657
f 6433 6431 6657
f 6657 6431 6659
f 6659 6431 6661
f 6431 6591 6661
f 6591 6589 6661
f 5335 5336 6533
f 6531 5335 6533
f 6529 5335 6531
f 5336 5337 6539
f 6537 5336 6539
f 6535 5336 6537
f 5337 5338 6547
f 6545 5337 6547
f 6543 5337 6545
f 5338 5339 6551
f 6549 5338 6551
f 6547 5338 6549
f 5339 5340 6445
f 6443 5339 6445
f 5339 6443 6553
f 6553 6443 6555
f 6555 6443 6557
f 6443 6441 6557
f 6557 6441 6512
f 6512 6441 6513
f 6513 6441 6515
f 6441 6439 6515
f 6515 6439 6517
f 6517 6439 6519
f 6519 6439 6521
f 6439 6437 6521
f 6521 6437 6523
f 5340 5341 6445
f 6445 5341 6447
f 5341 5342 6447
f 6447 5342 6449
f 5342 5308 6449
f 6449 5308 6489
f 6489 5308 6491
f 5308 5307 6491
f 6491 5307 6493
f 6425 6423 6560
f 6605 6425 6560
f 6603 6425 6605
f 6461 5316 6412
f 6469 6457 6471
f 6457 6455 6471
f 6471 6455 6473
f 6473 6455 6475
f 6455 6477 6475
f 6455 6453 6477
f 6477 6453 6479
f 6479 6453 6481
f 6453 6451 6481
f 6481 6451 6483
f 6483 6451 6485
f 6485 6451 6487
f 6451 6449 6487
f 6487 6449 6489
f 6431 6429 6591
f 6591 6429 6593
f 6593 6429 6595
f 6595 6429 6597
f 6429 6427 6597
f 6597 6427 6599
f 6599 6427 6601
f 6427 6425 6601
f 6601 6425 6603
f 6505 5310 6507
f 6503 5310 6505
f 6497 5309 6499
f 6551 5339 6553
f 6541 5337 6543
f 6539 5337 6541
f 6533 5336 6535
f 6527 5335 6529
f 6560 6423 6561
f 6613 5319 6615
f 6611 5319 6613
f 6653 5318 6608
f 6647 5317 6649
f 6623 5321 6625
f 5331 6669 6667
f 6689 5334 6691
f 6687 5334 6689
f 6681 5333 6683
f 6675 5332 6677
f 6673 5332 6675
f 5262 5261 5896
f 5895 5262 5896
f 5264 5262 5895
f 5264 5895 5899
f 5901 5264 5899
f 5896 5261 5941
f 5261 5306 5941
f 5941 5306 5939
f 5306 5304 5939
f 5939 5304 5937
f 5304 5302 5937
f 5937 5302 5935
f 5302 5300 5935
f 5935 5300 5933
f 5300 5298 5933
f 5298 5296 5933
f 5933 5296 5931
f 5296 5294 5931
f 5931 5294 5929
f 5294 5292 5929
f 5929 5292 5927
f 5292 5290 5927
f 5927 5290 5925
f 5290 5288 5925
f 5925 5288 5923
f 5288 5286 5923
f 5923 5286 5921
f 5921 5286 5919
f 5286 5284 5919
f 5919 5284 5917
f 5284 5282 5917
f 5917 5282 5915
f 5282 5280 5915
f 5915 5280 5913
f 5280 5278 5913
f 5913 5278 5911
f 5278 5276 5911
f 5911 5276 5909
f 5276 5274 5909
f 5274 5272 5909
f 5909 5272 5907
f 5272 5270 5907
f 5907 5270 5905
f 5270 5268 5905
f 5905 5268 5903
f 5268 5266 5903
f 5903 5266 5901
f 5266 5264 5901
f 5214 5213 5848
f 5847 5214 5848
f 5216 5214 5847
f 5216 5847 5851
f 5853 5216 5851
f 5848 5213 5893
f 5213 5258 5893
f 5893 5258 5891
f 5258 5256 5891
f 5891 5256 5889
f 5256 5254 5889
f 5889 5254 5887
f 5254 5252 5887
f 5887 5252 5885
f 5252 5250 5885
f 5250 5248 5885
f 5885 5248 5883
f 5248 5246 5883
f 5883 5246 5881
f 5246 5244 5881
f 5881 5244 5879
f 5244 5242 5879
f 5879 5242 5877
f 5242 5240 5877
f 5877 5240 5875
f 5240 5238 5875
f 5875 5238 5873
f 5873 5238 5871
f 5238 5236 5871
f 5871 5236 5869
f 5236 5234 5869
f 5869 5234 5867
f 5234 5232 5867
f 5867 5232 5865
f 5232 5230 5865
f 5865 5230 5863
f 5230 5228 5863
f 5863 5228 5861
f 5228 5226 5861
f 5226 5224 5861
f 5861 5224 5859
f 5224 5222 5859
f 5859 5222 5857
f 5222 5220 5857
f 5857 5220 5855
f 5220 5218 5855
f 5855 5218 5853
f 5218 5216 5853
f 5163 5167 5787
f 5789 5163 5787
f 5164 5163 5789
f 5791 5164 5789
f 5793 5164 5791
f 5787 5167 5785
f 5167 5169 5785
f 5785 5169 5783
f 5169 5171 5783
f 5783 5171 5781
f 5171 5173 5781
f 5781 5173 5779
f 5173 5175 5779
f 5175 5775 5779
f 5175 5177 5775
f 5177 5179 5775
f 5775 5179 5776
f 5179 5181 5776
f 5776 5181 5821
f 5181 5183 5821
f 5821 5183 5819
f 5183 5185 5819
f 5819 5185 5817
f 5185 5187 5817
f 5817 5187 5815
f 5187 5189 5815
f 5815 5189 5813
f 5813 5189 5811
f 5189 5191 5811
f 5811 5191 5809
f 5191 5193 5809
f 5809 5193 5807
f 5193 5195 5807
f 5807 5195 5805
f 5195 5197 5805
f 5805 5197 5803
f 5197 5199 5803
f 5803 5199 5801
f 5199 5201 5801
f 5201 5203 5801
f 5801 5203 5799
f 5203 5205 5799
f 5799 5205 5797
f 5205 5207 5797
f 5797 5207 5795
f 5207 5209 5795
f 5795 5209 5793
f 5209 5164 5793
f 5115 5119 5728
f 5727 5115 5728
f 5116 5115 5727
f 5116 5727 5731
f 5733 5116 5731
f 5728 5119 5773
f 5119 5121 5773
f 5773 5121 5771
f 5121 5123 5771
f 5771 5123 5769
f 5123 5125 5769
f 5769 5125 5767
f 5125 5127 5767
f 5767 5127 5765
f 5127 5129 5765
f 5129 5131 5765
f 5765 5131 5763
f 5131 5133 5763
f 5763 5133 5761
f 5133 5135 5761
f 5761 5135 5759
f 5135 5137 5759
f 5759 5137 5757
f 5137 5139 5757
f 5757 5139 5755
f 5139 5141 5755
f 5755 5141 5753
f 5753 5141 5751
f 5141 5143 5751
f 5751 5143 5749
f 5143 5145 5749
f 5749 5145 5747
f 5145 5147 5747
f 5747 5147 5745
f 5147 5149 5745
f 5745 5149 5743
f 5149 5151 5743
f 5743 5151 5741
f 5151 5153 5741
f 5153 5155 5741
f 5741 5155 5739
f 5155 5157 5739
f 5739 5157 5737
f 5157 5159 5737
f 5737 5159 5735
f 5159 5161 5735
f 5735 5161 5733
f 5161 5116 5733
f 5067 5071 5680
f 5679 5067 5680
f 5068 5067 5679
f 5068 5679 5683
f 5685 5068 5683
f 5680 5071 5725
f 5071 5073 5725
f 5725 5073 5723
f 5073 5075 5723
f 5723 5075 5721
f 5075 5077 5721
f 5721 5077 5719
f 5077 5079 5719
f 5719 5079 5717
f 5079 5081 5717
f 5081 5083 5717
f 5717 5083 5715
f 5083 5085 5715
f 5715 5085 5713
f 5085 5087 5713
f 5713 5087 5711
f 5087 5089 5711
f 5711 5089 5709
f 5089 5091 5709
f 5709 5091 5707
f 5091 5093 5707
f 5707 5093 5705
f 5705 5093 5703
f 5093 5095 5703
f 5703 5095 5701
f 5095 5097 5701
f 5701 5097 5699
f 5097 5099 5699
f 5699 5099 5697
f 5099 5101 5697
f 5697 5101 5695
f 5101 5103 5695
f 5695 5103 5693
f 5103 5105 5693
f 5105 5107 5693
f 5693 5107 5691
f 5107 5109 5691
f 5691 5109 5689
f 5109 5111 5689
f 5689 5111 5687
f 5111 5113 5687
f 5687 5113 5685
f 5113 5068 5685
f 5019 5023 5632
f 5631 5019 5632
f 5020 5019 5631
f 5020 5631 5635
f 5637 5020 5635
f 5632 5023 5677
f 5023 5025 5677
f 5677 5025 5675
f 5025 5027 5675
f 5675 5027 5673
f 5027 5029 5673
f 5673 5029 5671
f 5029 5031 5671
f 5671 5031 5669
f 5031 5033 5669
f 5033 5035 5669
f 5669 5035 5667
f 5035 5037 5667
f 5667 5037 5665
f 5037 5039 5665
f 5665 5039 5663
f 5039 5041 5663
f 5663 5041 5661
f 5041 5043 5661
f 5661 5043 5659
f 5043 5045 5659
f 5659 5045 5657
f 5657 5045 5655
f 5045 5047 5655
f 5655 5047 5653
f 5047 5049 5653
f 5653 5049 5651
f 5049 5051 5651
f 5651 5051 5649
f 5051 5053 5649
f 5649 5053 5647
f 5053 5055 5647
f 5647 5055 5645
f 5055 5057 5645
f 5057 5059 5645
f 5645 5059 5643
f 5059 5061 5643
f 5643 5061 5641
f 5061 5063 5641
f 5641 5063 5639
f 5063 5065 5639
f 5639 5065 5637
f 5065 5020 5637
f 4971 4975 5595
f 5597 4971 5595
f 4972 4971 5597
f 5599 4972 5597
f 5601 4972 5599
f 5595 4975 5593
f 4975 4977 5593
f 5593 4977 5591
f 4977 4979 5591
f 5591 4979 5589
f 4979 4981 5589
f 5589 4981 5587
f 4981 4983 5587
f 4983 5583 5587
f 4983 4985 5583
f 4985 4987 5583
f 5583 4987 5584
f 4987 4989 5584
f 5584 4989 5629
f 4989 4991 5629
f 5629 4991 5627
f 4991 4993 5627
f 5627 4993 5625
f 4993 4995 5625
f 5625 4995 5623
f 4995 4997 5623
f 5623 4997 5621
f 5621 4997 5619
f 4997 4999 5619
f 5619 4999 5617
f 4999 5001 5617
f 5617 5001 5615
f 5001 5003 5615
f 5615 5003 5613
f 5003 5005 5613
f 5613 5005 5611
f 5005 5007 5611
f 5611 5007 5609
f 5007 5009 5609
f 5009 5011 5609
f 5609 5011 5607
f 5011 5013 5607
f 5607 5013 5605
f 5013 5015 5605
f 5605 5015 5603
f 5015 5017 5603
f 5603 5017 5601
f 5017 4972 5601
f 4851 4855 5547
f 5549 4851 5547
f 4852 4851 5549
f 5551 4852 5549
f 5553 4852 5551
f 5547 4855 5545
f 4855 4857 5545
f 5545 4857 5543
f 4857 4859 5543
f 5543 4859 5541
f 4859 4861 5541
f 5541 4861 5539
f 4861 4863 5539
f 4863 5535 5539
f 4863 4865 5535
f 4865 4867 5535
f 5535 4867 5536
f 4867 4869 5536
f 5536 4869 5581
f 4869 4871 5581
f 5581 4871 5579
f 4871 4873 5579
f 5579 4873 5577
f 4873 4875 5577
f 5577 4875 5575
f 4875 4877 5575
f 5575 4877 5573
f 5573 4877 5571
f 4877 4879 5571
f 5571 4879 5569
f 4879 4881 5569
f 5569 4881 5567
f 4881 4883 5567
f 5567 4883 5565
f 4883 4885 5565
f 5565 4885 5563
f 4885 4887 5563
f 5563 4887 5561
f 4887 4889 5561
f 4889 4891 5561
f 5561 4891 5559
f 4891 4893 5559
f 5559 4893 5557
f 4893 4895 5557
f 5557 4895 5555
f 4895 4897 5555
f 5555 4897 5553
f 4897 4852 5553
f 4803 4807 5488
f 5487 4803 5488
f 4804 4803 5487
f 4804 5487 5491
f 5493 4804 5491
f 5488 4807 5533
f 4807 4809 5533
f 5533 4809 5531
f 4809 4811 5531
f 5531 4811 5529
f 4811 4813 5529
f 5529 4813 5527
f 4813 4815 5527
f 5527 4815 5525
f 4815 4817 5525
f 4817 4819 5525
f 5525 4819 5523
f 4819 4821 5523
f 5523 4821 5521
f 4821 4823 5521
f 5521 4823 5519
f 4823 4825 5519
f 5519 4825 5517
f 4825 4827 5517
f 5517 4827 5515
f 4827 4829 5515
f 5515 4829 5513
f 5513 4829 5511
f 4829 4831 5511
f 5511 4831 5509
f 4831 4833 5509
f 5509 4833 5507
f 4833 4835 5507
f 5507 4835 5505
f 4835 4837 5505
f 5505 4837 5503
f 4837 4839 5503
f 5503 4839 5501
f 4839 4841 5501
f 4841 4843 5501
f 5501 4843 5499
f 4843 4845 5499
f 5499 4845 5497
f 4845 4847 5497
f 5497 4847 5495
f 4847 4849 5495
f 5495 4849 5493
f 4849 4804 5493
f 4755 4759 5451
f 5453 4755 5451
f 4756 4755 5453
f 5455 4756 5453
f 5457 4756 5455
f 5451 4759 5449
f 4759 4761 5449
f 5449 4761 5447
f 4761 4763 5447
f 5447 4763 5445
f 4763 4765 5445
f 5445 4765 5443
f 4765 4767 5443
f 4767 5439 5443
f 4767 4769 5439
f 4769 4771 5439
f 5439 4771 5440
f 4771 4773 5440
f 5440 4773 5485
f 4773 4775 5485
f 5485 4775 5483
f 4775 4777 5483
f 5483 4777 5481
f 4777 4779 5481
f 5481 4779 5479
f 4779 4781 5479
f 5479 4781 5477
f 5477 4781 5475
f 4781 4783 5475
f 5475 4783 5473
f 4783 4785 5473
f 5473 4785 5471
f 4785 4787 5471
f 5471 4787 5469
f 4787 4789 5469
f 5469 4789 5467
f 4789 4791 5467
f 5467 4791 5465
f 4791 4793 5465
f 4793 4795 5465
f 5465 4795 5463
f 4795 4797 5463
f 5463 4797 5461
f 4797 4799 5461
f 5461 4799 5459
f 4799 4801 5459
f 5459 4801 5457
f 4801 4756 5457
f 4699 4754 5392
f 5391 4699 5392
f 4700 4699 5391
f 4700 5391 5395
f 5397 4700 5395
f 5392 4754 5437
f 4754 4752 5437
f 5437 4752 5435
f 4752 4749 5435
f 5435 4749 5433
f 4749 4747 5433
f 5433 4747 5431
f 4747 4745 5431
f 5431 4745 5429
f 4745 4742 5429
f 4742 4740 5429
f 5429 4740 5427
f 4740 4738 5427
f 5427 4738 5425
f 4738 4735 5425
f 5425 4735 5423
f 4735 4733 5423
f 5423 4733 5421
f 4733 4731 5421
f 5421 4731 5419
f 4731 4728 5419
f 5419 4728 5417
f 5417 4728 5415
f 4728 4726 5415
f 5415 4726 5413
f 4726 4724 5413
f 5413 4724 5411
f 4724 4721 5411
f 5411 4721 5409
f 4721 4719 5409
f 5409 4719 5407
f 4719 4717 5407
f 5407 4717 5405
f 4717 4714 5405
f 4714 4712 5405
f 5405 4712 5403
f 4712 4710 5403
f 5403 4710 5401
f 4710 4707 5401
f 5401 4707 5399
f 4707 4705 5399
f 5399 4705 5397
f 4705 4700 5397
f 4643 4698 5344
f 5343 4643 5344
f 4644 4643 5343
f 4644 5343 5347
f 5349 4644 5347
f 5344 4698 5389
f 4698 4696 5389
f 5389 4696 5387
f 4696 4693 5387
f 5387 4693 5385
f 4693 4691 5385
f 5385 4691 5383
f 4691 4689 5383
f 5383 4689 5381
f 4689 4686 5381
f 4686 4684 5381
f 5381 4684 5379
f 4684 4682 5379
f 5379 4682 5377
f 4682 4679 5377
f 5377 4679 5375
f 4679 4677 5375
f 5375 4677 5373
f 4677 4675 5373
f 5373 4675 5371
f 4675 4672 5371
f 5371 4672 5369
f 5369 4672 5367
f 4672 4670 5367
f 5367 4670 5365
f 4670 4668 5365
f 5365 4668 5363
f 4668 4665 5363
f 5363 4665 5361
f 4665 4663 5361
f 5361 4663 5359
f 4663 4661 5359
f 5359 4661 5357
f 4661 4658 5357
f 4658 4656 5357
f 5357 4656 5355
f 4656 4654 5355
f 5355 4654 5353
f 4654 4651 5353
f 5353 4651 5351
f 4651 4649 5351
f 5351 4649 5349
f 4649 4644 5349
f 4587 4642 5260
f 5259 4587 5260
f 4588 4587 5259
f 4588 5259 5263
f 5265 4588 5263
f 5260 4642 5305
f 4642 4640 5305
f 5305 4640 5303
f 4640 4637 5303
f 5303 4637 5301
f 4637 4635 5301
f 5301 4635 5299
f 4635 4633 5299
f 5299 4633 5297
f 4633 4630 5297
f 4630 4628 5297
f 5297 4628 5295
f 4628 4626 5295
f 5295 4626 5293
f 4626 4623 5293
f 5293 4623 5291
f 4623 4621 5291
f 5291 4621 5289
f 4621 4619 5289
f 5289 4619 5287
f 4619 4616 5287
f 5287 4616 5285
f 5285 4616 5283
f 4616 4614 5283
f 5283 4614 5281
f 4614 4612 5281
f 5281 4612 5279
f 4612 4609 5279
f 5279 4609 5277
f 4609 4607 5277
f 5277 4607 5275
f 4607 4605 5275
f 5275 4605 5273
f 4605 4602 5273
f 4602 4600 5273
f 5273 4600 5271
f 4600 4598 5271
f 5271 4598 5269
f 4598 4595 5269
f 5269 4595 5267
f 4595 4593 5267
f 5267 4593 5265
f 4593 4588 5265
f 4531 4586 5212
f 5211 4531 5212
f 4532 4531 5211
f 4532 5211 5215
f 5217 4532 5215
f 5212 4586 5257
f 4586 4584 5257
f 5257 4584 5255
f 4584 4581 5255
f 5255 4581 5253
f 4581 4579 5253
f 5253 4579 5251
f 4579 4577 5251
f 5251 4577 5249
f 4577 4574 5249
f 4574 4572 5249
f 5249 4572 5247
f 4572 4570 5247
f 5247 4570 5245
f 4570 4567 5245
f 5245 4567 5243
f 4567 4565 5243
f 5243 4565 5241
f 4565 4563 5241
f 5241 4563 5239
f 4563 4560 5239
f 5239 4560 5237
f 5237 4560 5235
f 4560 4558 5235
f 5235 4558 5233
f 4558 4556 5233
f 5233 4556 5231
f 4556 4553 5231
f 5231 4553 5229
f 4553 4551 5229
f 5229 4551 5227
f 4551 4549 5227
f 5227 4549 5225
f 4549 4546 5225
f 4546 4544 5225
f 5225 4544 5223
f 4544 4542 5223
f 5223 4542 5221
f 4542 4539 5221
f 5221 4539 5219
f 4539 4537 5219
f 5219 4537 5217
f 4537 4532 5217
f 4491 4530 5069
f 5114 4491 5069
f 5112 4491 5114
f 4530 4529 4904
f 4902 4530 4904
f 4530 4902 5070
f 5070 4902 5072
f 5072 4902 5074
f 5074 4902 5076
f 5076 4902 5078
f 5078 4902 5080
f 4902 4901 5080
f 5080 4901 5082
f 5082 4901 5084
f 5084 4901 5086
f 4901 4970 5086
f 5086 4970 5088
f 5088 4970 5090
f 5090 4970 5092
f 5092 4970 5094
f 4970 4493 5094
f 5094 4493 5096
f 5096 4493 5098
f 5098 4493 5100
f 4493 4492 5100
f 5100 4492 5102
f 5102 4492 5104
f 5104 4492 5106
f 5106 4492 5108
f 4492 4491 5108
f 5108 4491 5110
f 5110 4491 5112
f 4904 4529 4906
f 4529 4528 4906
f 4906 4528 5146
f 5146 4528 5148
f 5148 4528 5150
f 5150 4528 5152
f 5152 4528 5154
f 4528 4527 5154
f 5154 4527 5156
f 5156 4527 5158
f 5158 4527 5160
f 5160 4527 5162
f 4527 4526 5162
f 5162 4526 5117
f 4526 5118 5117
f 5118 4526 5120
f 5120 4526 5122
f 4526 4912 5122
f 5122 4912 5124
f 5124 4912 5126
f 5126 4912 5128
f 4912 4910 5128
f 5128 4910 5130
f 5130 4910 5132
f 5132 4910 5134
f 5134 4910 5136
f 4910 4908 5136
f 5136 4908 5138
f 5138 4908 5140
f 5140 4908 5142
f 5142 4908 5144
f 5144 4908 5146
f 4908 4906 5146
f 4526 4525 4912
f 4912 4525 4914
f 4525 4524 4914
f 4914 4524 4916
f 4524 4523 4916
f 4523 4842 4916
f 4842 4523 4844
f 4844 4523 4846
f 4846 4523 4848
f 4523 4522 4848
f 4848 4522 4850
f 4850 4522 4805
f 4522 4806 4805
f 4806 4522 4808
f 4522 4521 4808
f 4808 4521 4810
f 4810 4521 4812
f 4812 4521 4814
f 4814 4521 4816
f 4521 4520 4816
f 4816 4520 4818
f 4818 4520 4920
f 4820 4818 4920
f 4822 4820 4920
f 4824 4822 4920
f 4826 4824 4920
f 4828 4826 4920
f 4918 4828 4920
f 4830 4828 4918
f 4832 4830 4918
f 4834 4832 4918
f 4916 4834 4918
f 4836 4834 4916
f 4838 4836 4916
f 4840 4838 4916
f 4842 4840 4916
f 4920 4520 4922
f 4520 4519 4922
f 4922 4519 4924
f 4519 4518 4924
f 4518 4798 4924
f 4798 4518 4800
f 4800 4518 4802
f 4802 4518 4757
f 4518 4758 4757
f 4518 4517 4758
f 4758 4517 4760
f 4760 4517 4762
f 4762 4517 4764
f 4764 4517 4766
f 4517 4516 4766
f 4766 4516 4768
f 4768 4516 4770
f 4770 4516 4772
f 4772 4516 4774
f 4774 4516 4930
f 4776 4774 4930
f 4778 4776 4930
f 4780 4778 4930
f 4928 4780 4930
f 4782 4780 4928
f 4784 4782 4928
f 4786 4784 4928
f 4788 4786 4928
f 4926 4788 4928
f 4790 4788 4926
f 4792 4790 4926
f 4794 4792 4926
f 4796 4794 4926
f 4798 4796 4926
f 4924 4798 4926
f 4516 4515 4930
f 4930 4515 4932
f 4515 4514 4932
f 4932 4514 4934
f 4514 4513 4934
f 4934 4513 5166
f 5166 4513 5168
f 5168 4513 5170
f 5170 4513 5172
f 4513 4512 5172
f 5172 4512 5174
f 5174 4512 5176
f 5176 4512 5178
f 5178 4512 5180
f 4512 4511 5180
f 5180 4511 5182
f 5182 4511 5184
f 5184 4511 5186
f 5186 4511 5188
f 4511 4510 5188
f 5188 4510 5190
f 4510 4938 5190
f 5190 4938 5192
f 5192 4938 5194
f 5194 4938 5196
f 5196 4938 5198
f 5198 4938 5200
f 4938 4936 5200
f 5200 4936 5202
f 5202 4936 5204
f 5204 4936 5206
f 4936 4934 5206
f 5206 4934 5208
f 5208 4934 5210
f 5210 4934 5165
f 4934 5166 5165
f 4938 4510 4940
f 4510 4509 4940
f 4940 4509 4942
f 4509 4508 4942
f 4942 4508 4978
f 4978 4508 4980
f 4980 4508 4982
f 4982 4508 4984
f 4984 4508 4986
f 4508 4507 4986
f 4986 4507 4988
f 4988 4507 4990
f 4990 4507 4992
f 4992 4507 4994
f 4507 4506 4994
f 4994 4506 4996
f 4996 4506 4998
f 4998 4506 5000
f 5000 4506 5002
f 4506 4948 5002
f 5002 4948 5004
f 5004 4948 5006
f 5006 4948 5008
f 4948 4946 5008
f 5008 4946 5010
f 5010 4946 5012
f 5012 4946 5014
f 5014 4946 5016
f 4946 4944 5016
f 5016 4944 5018
f 5018 4944 4973
f 4944 4974 4973
f 4974 4944 4976
f 4976 4944 4978
f 4944 4942 4978
f 4506 4505 4948
f 4948 4505 4950
f 4505 4504 4950
f 4950 4504 4952
f 4504 4503 4952
f 4503 4866 4952
f 4866 4503 4868
f 4868 4503 4870
f 4870 4503 4872
f 4503 4502 4872
f 4872 4502 4874
f 4874 4502 4876
f 4876 4502 4878
f 4878 4502 4880
f 4502 4501 4880
f 4880 4501 4882
f 4882 4501 4884
f 4884 4501 4886
f 4886 4501 4888
f 4888 4501 4958
f 4890 4888 4958
f 4956 4890 4958
f 4892 4890 4956
f 4894 4892 4956
f 4896 4894 4956
f 4898 4896 4956
f 4853 4898 4956
f 4853 4956 4954
f 4854 4853 4954
f 4856 4854 4954
f 4858 4856 4954
f 4952 4858 4954
f 4860 4858 4952
f 4862 4860 4952
f 4864 4862 4952
f 4866 4864 4952
f 4501 4500 4958
f 4500 4499 4958
f 4958 4499 4960
f 4499 4498 4960
f 4960 4498 5038
f 5038 4498 5040
f 5040 4498 5042
f 5042 4498 5044
f 5044 4498 5046
f 4498 4497 5046
f 5046 4497 5048
f 5048 4497 5050
f 5050 4497 5052
f 5052 4497 5054
f 4497 4496 5054
f 5054 4496 5056
f 5056 4496 5058
f 5058 4496 5060
f 5060 4496 5062
f 4496 4966 5062
f 5062 4966 5064
f 5064 4966 5066
f 5066 4966 5021
f 4966 4964 5021
f 4964 5022 5021
f 5022 4964 5024
f 5024 4964 5026
f 5026 4964 5028
f 4964 4962 5028
f 5028 4962 5030
f 5030 4962 5032
f 5032 4962 5034
f 5034 4962 5036
f 5036 4962 5038
f 4962 4960 5038
f 4496 4495 4966
f 4966 4495 4968
f 4495 4494 4968
f 4968 4494 4970
f 4494 4493 4970
f 4530 5070 5069
f 4729 4335 9895
f 9896 4729 9895
f 4727 4729 9896
f 9897 4727 9896
f 4727 9897 9898
f 9897 4336 9898
f 9898 4336 9899
f 4336 9900 9899
f 9900 4727 9899
f 9901 4727 9900
f 4727 9901 9902
f 9901 4336 9902
f 4336 4337 9902
f 4335 9896 9895
f 4335 4336 9896
f 4336 9897 9896
f 4337 4338 9903
f 4337 9903 9904
f 9905 4337 9904
f 4725 9905 9904
f 9905 4725 9906
f 9906 4725 9902
f 4337 9906 9902
f 4338 4340 9907
f 9908 4338 9907
f 4338 9908 9909
f 9908 4723 9909
f 4723 9910 9909
f 4723 9911 9910
f 9911 4338 9910
f 4338 9911 9912
f 9903 4338 9912
f 4723 9903 9912
f 4723 4725 9903
f 4340 4341 9913
f 4340 9913 9914
f 9915 4340 9914
f 4722 9915 9914
f 4722 9916 9915
f 9916 4722 9907
f 4340 9916 9907
f 4341 4342 9917
f 4341 9917 9918
f 9919 4341 9918
f 4720 9919 9918
f 4720 9920 9919
f 9920 4720 9921
f 4341 9920 9921
f 9922 4341 9921
f 9913 4341 9922
f 4720 9913 9922
f 4720 4722 9913
f 4342 4343 9923
f 4342 9923 9924
f 9925 4342 9924
f 4718 9925 9924
f 9925 4718 9926
f 4718 9927 9926
f 9927 4342 9926
f 9928 4342 9927
f 4342 9928 9917
f 9928 4718 9917
f 4718 4720 9917
f 4343 4345 9929
f 4343 9929 9930
f 4343 9930 9931
f 9930 4716 9931
f 4716 9932 9931
f 9932 4716 9923
f 4343 9932 9923
f 4345 4346 9933
f 4345 9933 9934
f 9935 4345 9934
f 4715 9935 9934
f 4715 9936 9935
f 9936 4715 9937
f 4345 9936 9937
f 4345 9937 9938
f 9939 4345 9938
f 4715 9939 9938
f 9939 4715 9929
f 4715 4716 9929
f 9929 4716 9930
f 4346 4347 9940
f 9941 4346 9940
f 4346 9941 9942
f 9941 4713 9942
f 9942 4713 9943
f 4713 9933 9943
f 9933 4346 9943
f 4347 4349 9944
f 4347 9944 9945
f 4347 9945 9946
f 9945 4711 9946
f 4711 9947 9946
f 9947 4711 9948
f 4347 9947 9948
f 9949 4347 9948
f 4347 9949 9950
f 9949 4711 9950
f 4711 9940 9950
f 4711 4713 9940
f 4713 9941 9940
f 4349 4350 9951
f 9952 4349 9951
f 4349 9952 9953
f 9952 4709 9953
f 4709 9954 9953
f 4709 9944 9954
f 9944 4349 9954
f 4350 4351 9955
f 4350 9955 9956
f 9957 4350 9956
f 4708 9957 9956
f 9957 4708 9958
f 4708 9959 9958
f 9959 4350 9958
f 4350 9959 9960
f 9951 4350 9960
f 4708 9951 9960
f 4708 4709 9951
f 4351 4352 9961
f 4351 9961 9962
f 9963 4351 9962
f 4706 9963 9962
f 4706 9964 9963
f 9964 4706 9965
f 4351 9964 9965
f 4351 9965 9966
f 9955 4351 9966
f 4706 9955 9966
f 4706 4708 9955
f 4352 4353 9967
f 4352 9967 9968
f 4352 9968 9969
f 9968 4704 9969
f 4704 9961 9969
f 4704 4706 9961
f 9961 4706 9962
f 4353 4355 9970
f 4353 9970 9971
f 4353 9971 9972
f 9971 4701 9972
f 4701 9973 9972
f 9973 4701 9974
f 4353 9973 9974
f 9975 4353 9974
f 4353 9975 9976
f 9975 4701 9976
f 4701 9967 9976
f 4701 4704 9967
f 9967 4704 9968
f 4355 4702 9970
f 4702 4701 9970
f 9970 4701 9971
f 4709 4711 9944
f 9944 4711 9945
f 4713 4715 9933
f 9933 4715 9934
f 4716 4718 9923
f 9923 4718 9924
f 4722 4723 9907
f 4723 9908 9907
f 4725 4727 9902
f 9973 4353 9972
f 4701 9975 9974
f 9961 4352 9969
f 9964 4351 9963
f 9965 4706 9966
f 4350 9957 9958
f 9955 4708 9956
f 4709 9952 9951
f 9959 4708 9960
f 9954 4349 9953
f 9947 4347 9946
f 4711 9949 9948
f 4346 9942 9943
f 9936 4345 9935
f 9937 4715 9938
f 4345 9939 9929
f 9932 4343 9931
f 4342 9925 9926
f 4718 9928 9927
f 9917 4720 9918
f 9920 4341 9919
f 4720 9922 9921
f 9913 4722 9914
f 9916 4340 9915
f 9910 4338 9909
f 4337 9905 9906
f 9903 4725 9904
f 4336 9901 9900
f 4727 9898 9899
f 9911 4723 9912
f 9940 4347 9950
f 9967 4353 9976
f 4729 4730 9977
f 4729 9977 9978
f 9979 4729 9978
f 4335 9979 9978
f 9979 4335 9980
f 4335 4729 9980
f 4729 9979 9980
f 4730 4732 9981
f 4730 9981 9982
f 9983 4730 9982
f 4374 9983 9982
f 9983 4374 9977
f 4374 4335 9977
f 9977 4335 9978
f 4732 4734 9984
f 4732 9984 9985
f 9986 4732 9985
f 4373 9986 9985
f 9986 4373 9987
f 4373 9988 9987
f 9988 4732 9987
f 4732 9988 9989
f 9990 4732 9989
f 4373 9990 9989
f 4373 9981 9990
f 4373 4374 9981
f 9981 4374 9982
f 4734 4736 9991
f 4734 9991 9992
f 9993 4734 9992
f 4372 9993 9992
f 4372 9994 9993
f 9994 4372 9984
f 4734 9994 9984
f 4736 4737 9995
f 4736 9995 9996
f 9997 4736 9996
f 4371 9997 9996
f 9997 4371 9998
f 4371 9991 9998
f 9991 4736 9998
f 4737 4739 9999
f 10000 4737 9999
f 4737 10000 10001
f 10000 4370 10001
f 4370 10002 10001
f 4370 9995 10002
f 9995 4737 10002
f 4739 4741 10003
f 4739 10003 10004
f 10005 4739 10004
f 4368 10005 10004
f 10005 4368 10006
f 10006 4368 9999
f 4739 10006 9999
f 4741 4743 10007
f 4741 10007 10008
f 4741 10008 10009
f 10008 4367 10009
f 4367 10010 10009
f 10010 4367 10011
f 4741 10010 10011
f 10012 4741 10011
f 4741 10012 10013
f 10012 4367 10013
f 4367 10003 10013
f 4367 4368 10003
f 10003 4368 10004
f 4743 4744 10014
f 4743 10014 10015
f 10016 4743 10015
f 4366 10016 10015
f 10016 4366 10017
f 4366 10007 10017
f 10007 4743 10017
f 4744 4746 10018
f 4744 10018 10019
f 10020 4744 10019
f 4365 10020 10019
f 10020 4365 10021
f 4365 10022 10021
f 10022 4744 10021
f 4744 10022 10023
f 10024 4744 10023
f 4365 10024 10023
f 4365 10014 10024
f 4365 4366 10014
f 10014 4366 10015
f 4746 4748 10025
f 4746 10025 10026
f 10027 4746 10026
f 4363 10027 10026
f 4363 10018 10027
f 4363 4365 10018
f 10018 4365 10019
f 4748 4750 10028
f 10029 4748 10028
f 4748 10029 10030
f 10029 4362 10030
f 10030 4362 10031
f 4362 10032 10031
f 10032 4748 10031
f 4748 10032 10033
f 10034 4748 10033
f 4362 10034 10033
f 4362 10025 10034
f 4362 4363 10025
f 10025 4363 10026
f 4750 4751 10035
f 4750 10035 10036
f 4750 10036 10037
f 10036 4361 10037
f 4361 10038 10037
f 10038 4361 10039
f 4750 10038 10039
f 4750 10039 10040
f 10028 4750 10040
f 4361 10028 10040
f 4361 4362 10028
f 4751 4753 10041
f 4751 10041 10042
f 4751 10042 10043
f 10042 4360 10043
f 4360 10035 10043
f 4360 4361 10035
f 10035 4361 10036
f 4753 4703 10044
f 10045 4753 10044
f 4753 10045 10046
f 10045 4359 10046
f 4359 10047 10046
f 10047 4359 10048
f 4753 10047 10048
f 10049 4753 10048
f 10041 4753 10049
f 4359 10041 10049
f 4359 4360 10041
f 4703 4702 10050
f 10051 4703 10050
f 4703 10051 10052
f 10051 4357 10052
f 4357 10053 10052
f 10053 4357 10054
f 4703 10053 10054
f 10044 4703 10054
f 4702 4355 10055
f 10056 4702 10055
f 4702 10056 10050
f 10056 4355 10050
f 4355 4357 10050
f 4357 10044 10054
f 4357 4359 10044
f 4359 10045 10044
f 4366 4367 10007
f 10007 4367 10008
f 4368 4370 9999
f 4370 10000 9999
f 4370 4371 9995
f 9995 4371 9996
f 4371 4372 9991
f 9991 4372 9992
f 4372 4373 9984
f 9984 4373 9985
f 4730 9983 9977
f 9988 4373 9989
f 9981 4732 9990
f 4732 9986 9987
f 9994 4734 9993
f 4736 9997 9998
f 10002 4737 10001
f 4739 10005 10006
f 10003 4741 10013
f 4367 10012 10011
f 10010 4741 10009
f 4743 10016 10017
f 10022 4365 10023
f 10014 4744 10024
f 4744 10020 10021
f 10018 4746 10027
f 10032 4362 10033
f 10025 4748 10034
f 4748 10030 10031
f 4362 10029 10028
f 10039 4361 10040
f 10038 4750 10037
f 10035 4751 10043
f 10041 4360 10042
f 4359 10049 10048
f 10047 4753 10046
f 10053 4703 10052
f 4357 10051 10050
f 4355 10056 10055
f 4673 4387 10057
f 10058 4673 10057
f 4671 4673 10058
f 10059 4671 10058
f 4671 10059 10060
f 10059 4388 10060
f 10060 4388 10061
f 4388 10062 10061
f 10062 4671 10061
f 10063 4671 10062
f 4671 10063 10064
f 10063 4388 10064
f 4388 4390 10064
f 4387 10058 10057
f 4387 4388 10058
f 4388 10059 10058
f 4390 4391 10065
f 4390 10065 10066
f 10067 4390 10066
f 4669 10067 10066
f 10067 4669 10068
f 10068 4669 10064
f 4390 10068 10064
f 4391 4392 10069
f 10070 4391 10069
f 4391 10070 10071
f 10070 4667 10071
f 4667 10072 10071
f 4667 10073 10072
f 10073 4391 10072
f 4391 10073 10074
f 10065 4391 10074
f 4667 10065 10074
f 4667 4669 10065
f 4392 4393 10075
f 4392 10075 10076
f 10077 4392 10076
f 4666 10077 10076
f 4666 10078 10077
f 10078 4666 10069
f 4392 10078 10069
f 4393 4394 10079
f 4393 10079 10080
f 10081 4393 10080
f 4664 10081 10080
f 4664 10082 10081
f 10082 4664 10083
f 4393 10082 10083
f 10084 4393 10083
f 10075 4393 10084
f 4664 10075 10084
f 4664 4666 10075
f 4394 4396 10085
f 4394 10085 10086
f 10087 4394 10086
f 4662 10087 10086
f 10087 4662 10088
f 4662 10089 10088
f 10089 4394 10088
f 10090 4394 10089
f 4394 10090 10079
f 10090 4662 10079
f 4662 4664 10079
f 4396 4397 10091
f 4396 10091 10092
f 4396 10092 10093
f 10092 4660 10093
f 4660 10094 10093
f 10094 4660 10085
f 4396 10094 10085
f 4397 4398 10095
f 4397 10095 10096
f 10097 4397 10096
f 4659 10097 10096
f 4659 10098 10097
f 10098 4659 10099
f 4397 10098 10099
f 4397 10099 10100
f 10101 4397 10100
f 4659 10101 10100
f 10101 4659 10091
f 4659 4660 10091
f 10091 4660 10092
f 4398 4400 10102
f 10103 4398 10102
f 4398 10103 10104
f 10103 4657 10104
f 10104 4657 10105
f 4657 10095 10105
f 10095 4398 10105
f 4400 4401 10106
f 4400 10106 10107
f 4400 10107 10108
f 10107 4655 10108
f 4655 10109 10108
f 10109 4655 10110
f 4400 10109 10110
f 10111 4400 10110
f 4400 10111 10112
f 10111 4655 10112
f 4655 10102 10112
f 4655 4657 10102
f 4657 10103 10102
f 4401 4402 10113
f 10114 4401 10113
f 4401 10114 10115
f 10114 4653 10115
f 4653 10116 10115
f 4653 10106 10116
f 10106 4401 10116
f 4402 4403 10117
f 4402 10117 10118
f 10119 4402 10118
f 4652 10119 10118
f 10119 4652 10120
f 4652 10121 10120
f 10121 4402 10120
f 4402 10121 10122
f 10113 4402 10122
f 4652 10113 10122
f 4652 4653 10113
f 4403 4404 10123
f 4403 10123 10124
f 10125 4403 10124
f 4650 10125 10124
f 4650 10126 10125
f 10126 4650 10127
f 4403 10126 10127
f 4403 10127 10128
f 10117 4403 10128
f 4650 10117 10128
f 4650 4652 10117
f 4404 4406 10129
f 4404 10129 10130
f 4404 10130 10131
f 10130 4648 10131
f 4648 10123 10131
f 4648 4650 10123
f 10123 4650 10124
f 4406 4407 10132
f 4406 10132 10133
f 4406 10133 10134
f 10133 4645 10134
f 4645 10135 10134
f 10135 4645 10136
f 4406 10135 10136
f 10137 4406 10136
f 4406 10137 10138
f 10137 4645 10138
f 4645 10129 10138
f 4645 4648 10129
f 10129 4648 10130
f 4407 4646 10132
f 4646 4645 10132
f 10132 4645 10133
f 4653 4655 10106
f 10106 4655 10107
f 4657 4659 10095
f 10095 4659 10096
f 4660 4662 10085
f 10085 4662 10086
f 4666 4667 10069
f 4667 10070 10069
f 4669 4671 10064
f 10135 4406 10134
f 4645 10137 10136
f 10123 4404 10131
f 10126 4403 10125
f 10127 4650 10128
f 4402 10119 10120
f 10117 4652 10118
f 4653 10114 10113
f 10121 4652 10122
f 10116 4401 10115
f 10109 4400 10108
f 4655 10111 10110
f 4398 10104 10105
f 10098 4397 10097
f 10099 4659 10100
f 4397 10101 10091
f 10094 4396 10093
f 4394 10087 10088
f 4662 10090 10089
f 10079 4664 10080
f 10082 4393 10081
f 4664 10084 10083
f 10075 4666 10076
f 10078 4392 10077
f 10072 4391 10071
f 4390 10067 10068
f 10065 4669 10066
f 4388 10063 10062
f 4671 10060 10061
f 10073 4667 10074
f 10102 4400 10112
f 10129 4406 10138
f 4673 4674 10139
f 4673 10139 10140
f 10141 4673 10140
f 4387 10141 10140
f 10141 4387 10142
f 4387 4673 10142
f 4673 10141 10142
f 4674 4676 10143
f 4674 10143 10144
f 10145 4674 10144
f 4426 10145 10144
f 10145 4426 10139
f 4426 4387 10139
f 10139 4387 10140
f 4676 4678 10146
f 4676 10146 10147
f 10148 4676 10147
f 4425 10148 10147
f 10148 4425 10149
f 4425 10150 10149
f 10150 4676 10149
f 4676 10150 10151
f 10152 4676 10151
f 4425 10152 10151
f 4425 10143 10152
f 4425 4426 10143
f 10143 4426 10144
f 4678 4680 10153
f 4678 10153 10154
f 10155 4678 10154
f 4424 10155 10154
f 4424 10156 10155
f 10156 4424 10146
f 4678 10156 10146
f 4680 4681 10157
f 4680 10157 10158
f 10159 4680 10158
f 4423 10159 10158
f 10159 4423 10160
f 4423 10153 10160
f 10153 4680 10160
f 4681 4683 10161
f 10162 4681 10161
f 4681 10162 10163
f 10162 4421 10163
f 4421 10164 10163
f 4421 10157 10164
f 10157 4681 10164
f 4683 4685 10165
f 4683 10165 10166
f 10167 4683 10166
f 4420 10167 10166
f 10167 4420 10168
f 10168 4420 10161
f 4683 10168 10161
f 4685 4687 10169
f 4685 10169 10170
f 4685 10170 10171
f 10170 4419 10171
f 4419 10172 10171
f 10172 4419 10173
f 4685 10172 10173
f 10174 4685 10173
f 4685 10174 10175
f 10174 4419 10175
f 4419 10165 10175
f 4419 4420 10165
f 10165 4420 10166
f 4687 4688 10176
f 4687 10176 10177
f 10178 4687 10177
f 4418 10178 10177
f 10178 4418 10179
f 4418 10169 10179
f 10169 4687 10179
f 4688 4690 10180
f 4688 10180 10181
f 10182 4688 10181
f 4416 10182 10181
f 10182 4416 10183
f 4416 10184 10183
f 10184 4688 10183
f 4688 10184 10185
f 10186 4688 10185
f 4416 10186 10185
f 4416 10176 10186
f 4416 4418 10176
f 10176 4418 10177
f 4690 4692 10187
f 4690 10187 10188
f 10189 4690 10188
f 4415 10189 10188
f 4415 10180 10189
f 4415 4416 10180
f 10180 4416 10181
f 4692 4694 10190
f 10191 4692 10190
f 4692 10191 10192
f 10191 4414 10192
f 10192 4414 10193
f 4414 10194 10193
f 10194 4692 10193
f 4692 10194 10195
f 10196 4692 10195
f 4414 10196 10195
f 4414 10187 10196
f 4414 4415 10187
f 10187 4415 10188
f 4694 4695 10197
f 4694 10197 10198
f 4694 10198 10199
f 10198 4413 10199
f 4413 10200 10199
f 10200 4413 10201
f 4694 10200 10201
f 4694 10201 10202
f 10190 4694 10202
f 4413 10190 10202
f 4413 4414 10190
f 4695 4697 10203
f 4695 10203 10204
f 4695 10204 10205
f 10204 4412 10205
f 4412 10197 10205
f 4412 4413 10197
f 10197 4413 10198
f 4697 4647 10206
f 10207 4697 10206
f 4697 10207 10208
f 10207 4410 10208
f 4410 10209 10208
f 10209 4410 10210
f 4697 10209 10210
f 10211 4697 10210
f 10203 4697 10211
f 4410 10203 10211
f 4410 4412 10203
f 4647 4646 10212
f 10213 4647 10212
f 4647 10213 10214
f 10213 4409 10214
f 4409 10215 10214
f 10215 4409 10216
f 4647 10215 10216
f 10206 4647 10216
f 4646 4407 10217
f 10218 4646 10217
f 4646 10218 10212
f 10218 4407 10212
f 4407 4409 10212
f 4409 10206 10216
f 4409 4410 10206
f 4410 10207 10206
f 4418 4419 10169
f 10169 4419 10170
f 4420 4421 10161
f 4421 10162 10161
f 4421 4423 10157
f 10157 4423 10158
f 4423 4424 10153
f 10153 4424 10154
f 4424 4425 10146
f 10146 4425 10147
f 4674 10145 10139
f 10150 4425 10151
f 10143 4676 10152
f 4676 10148 10149
f 10156 4678 10155
f 4680 10159 10160
f 10164 4681 10163
f 4683 10167 10168
f 10165 4685 10175
f 4419 10174 10173
f 10172 4685 10171
f 4687 10178 10179
f 10184 4416 10185
f 10176 4688 10186
f 4688 10182 10183
f 10180 4690 10189
f 10194 4414 10195
f 10187 4692 10196
f 4692 10192 10193
f 4414 10191 10190
f 10201 4413 10202
f 10200 4694 10199
f 10197 4695 10205
f 10203 4412 10204
f 4410 10211 10210
f 10209 4697 10208
f 10215 4647 10214
f 4409 10213 10212
f 4407 10218 10217
f 4617 4441 10219
f 10220 4617 10219
f 4615 4617 10220
f 10221 4615 10220
f 4615 10221 10222
f 10221 4442 10222
f 10222 4442 10223
f 4442 10224 10223
f 10224 4615 10223
f 4613 4615 10224
f 10225 4613 10224
f 4613 10225 10226
f 10225 4443 10226
f 4443 10227 10226
f 4443 4444 10227
f 10227 4444 10228
f 10228 4444 10229
f 4611 10228 10229
f 10230 4611 10229
f 4611 10230 10231
f 10230 4444 10231
f 10231 4444 10232
f 4444 10233 10232
f 10233 4611 10232
f 4611 10233 10234
f 10235 4611 10234
f 4444 10235 10234
f 4444 4445 10235
f 4441 10220 10219
f 4441 4442 10220
f 4442 10221 10220
f 4442 4443 10224
f 4443 10225 10224
f 4445 4447 10236
f 4445 10236 10237
f 10238 4445 10237
f 4610 10238 10237
f 4610 10235 10238
f 4610 4611 10235
f 4447 4448 10239
f 4447 10239 10240
f 10241 4447 10240
f 4608 10241 10240
f 4608 10242 10241
f 10242 4608 10243
f 4447 10242 10243
f 4447 10243 10244
f 4447 10244 10245
f 10244 4608 10245
f 4608 10236 10245
f 4608 4610 10236
f 10236 4610 10237
f 4448 4449 10246
f 4448 10246 10247
f 10248 4448 10247
f 4606 10248 10247
f 10248 4606 10249
f 4606 10250 10249
f 10250 4448 10249
f 4448 10250 10251
f 10252 4448 10251
f 4606 10252 10251
f 10252 4606 10253
f 4606 10239 10253
f 10239 4448 10253
f 4449 4450 10254
f 4449 10254 10255
f 4449 10255 10256
f 10255 4604 10256
f 4604 10257 10256
f 10257 4604 10246
f 4449 10257 10246
f 4450 4451 10258
f 4450 10258 10259
f 4450 10259 10260
f 10259 4603 10260
f 4603 10261 10260
f 10261 4603 10262
f 4450 10261 10262
f 10263 4450 10262
f 4450 10263 10264
f 10263 4603 10264
f 4603 10265 10264
f 10265 4603 10254
f 4450 10265 10254
f 4451 4453 10266
f 4451 10266 10267
f 10268 4451 10267
f 4601 10268 10267
f 10268 4601 10269
f 4601 10258 10269
f 10258 4451 10269
f 4453 4454 10270
f 4453 10270 10271
f 4453 10271 10272
f 10271 4599 10272
f 4599 10273 10272
f 10273 4599 10274
f 4453 10273 10274
f 10275 4453 10274
f 4453 10275 10276
f 10275 4599 10276
f 4599 10277 10276
f 4599 10266 10277
f 10266 4453 10277
f 4454 4455 10278
f 10279 4454 10278
f 4454 10279 10280
f 10279 4597 10280
f 10280 4597 10281
f 4597 10282 10281
f 10282 4454 10281
f 10270 4454 10282
f 4455 4456 10283
f 4455 10283 10284
f 4455 10284 10285
f 10284 4596 10285
f 4596 10286 10285
f 10286 4596 10287
f 4455 10286 10287
f 4455 10287 10278
f 4456 4457 10288
f 4456 10288 10289
f 10290 4456 10289
f 4594 10290 10289
f 4594 10291 10290
f 10291 4594 10292
f 4456 10291 10292
f 4456 10292 10293
f 10294 4456 10293
f 4594 10294 10293
f 10294 4594 10295
f 4594 10283 10295
f 10283 4456 10295
f 4457 4459 10296
f 4457 10296 10297
f 10298 4457 10297
f 4592 10298 10297
f 10298 4592 10299
f 4592 10288 10299
f 10288 4457 10299
f 4459 4460 10300
f 4459 10300 10301
f 4459 10301 10302
f 10301 4589 10302
f 4589 10303 10302
f 10303 4589 10304
f 4459 10303 10304
f 10305 4459 10304
f 4459 10305 10306
f 10305 4589 10306
f 4589 10307 10306
f 4589 10296 10307
f 10296 4459 10307
f 4460 4590 10300
f 4590 4589 10300
f 10300 4589 10301
f 4589 4592 10296
f 10296 4592 10297
f 4592 4594 10288
f 10288 4594 10289
f 4594 4596 10283
f 10283 4596 10284
f 10287 4596 10278
f 4596 4597 10278
f 4597 10279 10278
f 4597 10270 10282
f 4597 4599 10270
f 10270 4599 10271
f 4599 4601 10266
f 10266 4601 10267
f 4601 4603 10258
f 10258 4603 10259
f 4603 4604 10254
f 10254 4604 10255
f 4604 4606 10246
f 10246 4606 10247
f 4606 4608 10239
f 10239 4608 10240
f 4611 10227 10228
f 4611 4613 10227
f 10227 4613 10226
f 10303 4459 10302
f 4589 10305 10304
f 10307 4459 10306
f 4457 10298 10299
f 10291 4456 10290
f 10292 4594 10293
f 4456 10294 10295
f 10286 4455 10285
f 4454 10280 10281
f 10273 4453 10272
f 4599 10275 10274
f 10277 4453 10276
f 4451 10268 10269
f 10261 4450 10260
f 4603 10263 10262
f 10265 4450 10264
f 10257 4449 10256
f 4448 10248 10249
f 10250 4606 10251
f 4448 10252 10253
f 10242 4447 10241
f 10236 4447 10245
f 10243 4608 10244
f 10235 4445 10238
f 10233 4444 10234
f 4611 10231 10232
f 4444 10230 10229
f 4615 10222 10223
f 4617 4618 10308
f 4617 10308 10309
f 10310 4617 10309
f 4441 10310 10309
f 4441 10311 10310
f 10311 4441 10312
f 4617 10311 10312
f 4441 4617 10312
f 4618 4620 10313
f 4618 10313 10314
f 4618 10314 10315
f 10314 4478 10315
f 4478 10316 10315
f 4478 10308 10316
f 10308 4618 10316
f 4620 4622 10317
f 4620 10317 10318
f 4620 10318 10319
f 10318 4477 10319
f 4477 10320 10319
f 10320 4477 10321
f 4620 10320 10321
f 10322 4620 10321
f 4620 10322 10323
f 10322 4477 10323
f 4477 10324 10323
f 4477 10313 10324
f 10313 4620 10324
f 4622 4624 10325
f 4622 10325 10326
f 10327 4622 10326
f 4476 10327 10326
f 10327 4476 10328
f 4476 10317 10328
f 10317 4622 10328
f 4624 4625 10329
f 10330 4624 10329
f 4624 10330 10331
f 10330 4475 10331
f 4475 10332 10331
f 4475 10333 10332
f 10333 4624 10332
f 4624 10333 10334
f 4624 10334 10335
f 10334 4475 10335
f 4475 10325 10335
f 4475 4476 10325
f 10325 4476 10326
f 4625 4627 10336
f 10337 4625 10336
f 4625 10337 10338
f 10337 4474 10338
f 4474 10339 10338
f 4474 10329 10339
f 10329 4625 10339
f 4627 4629 10340
f 4627 10340 10341
f 10342 4627 10341
f 4473 10342 10341
f 10342 4473 10343
f 4473 10344 10343
f 10344 4627 10343
f 4627 10344 10345
f 10336 4627 10345
f 4473 10336 10345
f 4473 4474 10336
f 4629 4631 10346
f 4629 10346 10347
f 10348 4629 10347
f 4472 10348 10347
f 4472 10349 10348
f 10349 4472 10350
f 4629 10349 10350
f 10351 4629 10350
f 4629 10351 10352
f 10351 4472 10352
f 4472 10340 10352
f 4472 4473 10340
f 10340 4473 10341
f 4631 4632 10353
f 4631 10353 10354
f 4631 10354 10355
f 10354 4470 10355
f 4470 10356 10355
f 4470 10346 10356
f 10346 4631 10356
f 4632 4634 10357
f 10358 4632 10357
f 4632 10358 10359
f 10358 4469 10359
f 4469 10360 10359
f 10360 4469 10361
f 4632 10360 10361
f 10362 4632 10361
f 10353 4632 10362
f 4469 10353 10362
f 4469 4470 10353
f 4634 4636 10363
f 10364 4634 10363
f 10365 4634 10364
f 4468 10365 10364
f 10365 4468 10366
f 4468 10357 10366
f 10357 4634 10366
f 4636 4638 10367
f 10368 4636 10367
f 4636 10368 10369
f 10368 4467 10369
f 10369 4467 10370
f 4467 10371 10370
f 10371 4636 10370
f 10372 4636 10371
f 4636 10372 10363
f 10372 4467 10363
f 4467 4468 10363
f 4638 4639 10373
f 10374 4638 10373
f 4638 10374 10375
f 10374 4466 10375
f 10375 4466 10376
f 10376 4466 10377
f 4638 10376 10377
f 10378 4638 10377
f 4638 10378 10379
f 10378 4466 10379
f 10379 4466 10380
f 4466 10367 10380
f 10367 4638 10380
f 4639 4641 10381
f 4639 10381 10382
f 4639 10382 10383
f 10382 4464 10383
f 4464 10384 10383
f 10384 4464 10373
f 4639 10384 10373
f 4641 4591 10385
f 4641 10385 10386
f 4641 10386 10387
f 10386 4463 10387
f 4463 10388 10387
f 10388 4463 10389
f 4641 10388 10389
f 4641 10389 10390
f 10391 4641 10390
f 4463 10391 10390
f 4463 10381 10391
f 4463 4464 10381
f 10381 4464 10382
f 4591 4590 10392
f 4591 10392 10393
f 10394 4591 10393
f 4462 10394 10393
f 4462 10395 10394
f 10395 4462 10396
f 4591 10395 10396
f 4591 10396 10397
f 10385 4591 10397
f 4462 10385 10397
f 4462 4463 10385
f 4590 4460 10398
f 10399 4590 10398
f 10392 4590 10399
f 4460 10392 10399
f 4460 4462 10392
f 4464 4466 10373
f 4466 10374 10373
f 4466 4467 10367
f 4467 10368 10367
f 4468 4469 10357
f 4469 10358 10357
f 4470 4472 10346
f 10346 4472 10347
f 4474 4475 10329
f 4475 10330 10329
f 4476 4477 10317
f 10317 4477 10318
f 4477 4478 10313
f 10313 4478 10314
f 4478 4441 10308
f 10308 4441 10309
f 10311 4617 10310
f 10316 4618 10315
f 4477 10322 10321
f 10324 4620 10323
f 10320 4620 10319
f 4622 10327 10328
f 10333 4475 10334
f 10332 4624 10331
f 10339 4625 10338
f 4474 10337 10336
f 10344 4473 10345
f 4627 10342 10343
f 4472 10351 10350
f 10340 4629 10352
f 10353 4470 10354
f 10349 4629 10348
f 10356 4631 10355
f 4469 10362 10361
f 10360 4632 10359
f 4634 10365 10366
f 4467 10372 10371
f 4468 10364 10363
f 4636 10369 10370
f 4638 10379 10380
f 4466 10378 10377
f 4638 10375 10376
f 10384 4639 10383
f 10389 4463 10390
f 10381 4641 10391
f 10385 4463 10386
f 10388 4641 10387
f 10396 4462 10397
f 10392 4462 10393
f 10395 4591 10394
f 4460 10399 10398
f 10325 4624 10335
f 4561 4308 10400
f 10401 4561 10400
f 4559 4561 10401
f 10402 4559 10401
f 4559 10402 10403
f 10402 4310 10403
f 10403 4310 10404
f 4310 10405 10404
f 10405 4559 10404
f 4557 4559 10405
f 10406 4557 10405
f 4557 10406 10407
f 10406 4311 10407
f 4311 10408 10407
f 4311 4312 10408
f 10408 4312 10409
f 10409 4312 10410
f 4555 10409 10410
f 10411 4555 10410
f 4555 10411 10412
f 10411 4312 10412
f 10412 4312 10413
f 4312 10414 10413
f 10414 4555 10413
f 4555 10414 10415
f 10416 4555 10415
f 4312 10416 10415
f 4312 4314 10416
f 4308 10401 10400
f 4308 4310 10401
f 4310 10402 10401
f 4310 4311 10405
f 4311 10406 10405
f 4314 4315 10417
f 4314 10417 10418
f 10419 4314 10418
f 4554 10419 10418
f 4554 10416 10419
f 4554 4555 10416
f 4315 4316 10420
f 4315 10420 10421
f 10422 4315 10421
f 4552 10422 10421
f 4552 10423 10422
f 10423 4552 10424
f 4315 10423 10424
f 4315 10424 10425
f 4315 10425 10426
f 10425 4552 10426
f 4552 10417 10426
f 4552 4554 10417
f 10417 4554 10418
f 4316 4317 10427
f 4316 10427 10428
f 10429 4316 10428
f 4550 10429 10428
f 10429 4550 10430
f 4550 10431 10430
f 10431 4316 10430
f 4316 10431 10432
f 10433 4316 10432
f 4550 10433 10432
f 10433 4550 10434
f 4550 10420 10434
f 10420 4316 10434
f 4317 4318 10435
f 4317 10435 10436
f 4317 10436 10437
f 10436 4548 10437
f 4548 10438 10437
f 10438 4548 10427
f 4317 10438 10427
f 4318 4320 10439
f 4318 10439 10440
f 4318 10440 10441
f 10440 4547 10441
f 4547 10442 10441
f 10442 4547 10443
f 4318 10442 10443
f 10444 4318 10443
f 4318 10444 10445
f 10444 4547 10445
f 4547 10446 10445
f 10446 4547 10435
f 4318 10446 10435
f 4320 4321 10447
f 4320 10447 10448
f 10449 4320 10448
f 4545 10449 10448
f 10449 4545 10450
f 4545 10439 10450
f 10439 4320 10450
f 4321 4322 10451
f 4321 10451 10452
f 4321 10452 10453
f 10452 4543 10453
f 4543 10454 10453
f 10454 4543 10455
f 4321 10454 10455
f 10456 4321 10455
f 4321 10456 10457
f 10456 4543 10457
f 4543 10458 10457
f 4543 10447 10458
f 10447 4321 10458
f 4322 4323 10459
f 10460 4322 10459
f 4322 10460 10461
f 10460 4541 10461
f 10461 4541 10462
f 4541 10463 10462
f 10463 4322 10462
f 10451 4322 10463
f 4323 4324 10464
f 4323 10464 10465
f 4323 10465 10466
f 10465 4540 10466
f 4540 10467 10466
f 10467 4540 10468
f 4323 10467 10468
f 4323 10468 10459
f 4324 4325 10469
f 4324 10469 10470
f 10471 4324 10470
f 4538 10471 10470
f 4538 10472 10471
f 10472 4538 10473
f 4324 10472 10473
f 4324 10473 10474
f 10475 4324 10474
f 4538 10475 10474
f 10475 4538 10476
f 4538 10464 10476
f 10464 4324 10476
f 4325 4326 10477
f 4325 10477 10478
f 10479 4325 10478
f 4536 10479 10478
f 10479 4536 10480
f 4536 10469 10480
f 10469 4325 10480
f 4326 4289 10481
f 4326 10481 10482
f 4326 10482 10483
f 10482 4533 10483
f 4533 10484 10483
f 10484 4533 10485
f 4326 10484 10485
f 10486 4326 10485
f 4326 10486 10487
f 10486 4533 10487
f 4533 10488 10487
f 4533 10477 10488
f 10477 4326 10488
f 4289 4534 10481
f 4534 4533 10481
f 10481 4533 10482
f 4533 4536 10477
f 10477 4536 10478
f 4536 4538 10469
f 10469 4538 10470
f 4538 4540 10464
f 10464 4540 10465
f 10468 4540 10459
f 4540 4541 10459
f 4541 10460 10459
f 4541 10451 10463
f 4541 4543 10451
f 10451 4543 10452
f 4543 4545 10447
f 10447 4545 10448
f 4545 4547 10439
f 10439 4547 10440
f 4547 4548 10435
f 10435 4548 10436
f 4548 4550 10427
f 10427 4550 10428
f 4550 4552 10420
f 10420 4552 10421
f 4555 10408 10409
f 4555 4557 10408
f 10408 4557 10407
f 10484 4326 10483
f 4533 10486 10485
f 10488 4326 10487
f 4325 10479 10480
f 10472 4324 10471
f 10473 4538 10474
f 4324 10475 10476
f 10467 4323 10466
f 4322 10461 10462
f 10454 4321 10453
f 4543 10456 10455
f 10458 4321 10457
f 4320 10449 10450
f 10442 4318 10441
f 4547 10444 10443
f 10446 4318 10445
f 10438 4317 10437
f 4316 10429 10430
f 10431 4550 10432
f 4316 10433 10434
f 10423 4315 10422
f 10417 4315 10426
f 10424 4552 10425
f 10416 4314 10419
f 10414 4312 10415
f 4555 10412 10413
f 4312 10411 10410
f 4559 10403 10404
f 4561 4562 10489
f 4561 10489 10490
f 10491 4561 10490
f 4308 10491 10490
f 4308 10492 10491
f 10492 4308 10493
f 4561 10492 10493
f 4308 4561 10493
f 4562 4564 10494
f 4562 10494 10495
f 4562 10495 10496
f 10495 4307 10496
f 4307 10497 10496
f 4307 10489 10497
f 10489 4562 10497
f 4564 4566 10498
f 4564 10498 10499
f 4564 10499 10500
f 10499 4305 10500
f 4305 10501 10500
f 10501 4305 10502
f 4564 10501 10502
f 10503 4564 10502
f 4564 10503 10504
f 10503 4305 10504
f 4305 10505 10504
f 4305 10494 10505
f 10494 4564 10505
f 4566 4568 10506
f 4566 10506 10507
f 10508 4566 10507
f 4304 10508 10507
f 10508 4304 10509
f 4304 10498 10509
f 10498 4566 10509
f 4568 4569 10510
f 10511 4568 10510
f 4568 10511 10512
f 10511 4303 10512
f 4303 10513 10512
f 4303 10514 10513
f 10514 4568 10513
f 4568 10514 10515
f 4568 10515 10516
f 10515 4303 10516
f 4303 10506 10516
f 4303 4304 10506
f 10506 4304 10507
f 4569 4571 10517
f 10518 4569 10517
f 4569 10518 10519
f 10518 4302 10519
f 4302 10520 10519
f 4302 10510 10520
f 10510 4569 10520
f 4571 4573 10521
f 4571 10521 10522
f 10523 4571 10522
f 4301 10523 10522
f 10523 4301 10524
f 4301 10525 10524
f 10525 4571 10524
f 4571 10525 10526
f 10517 4571 10526
f 4301 10517 10526
f 4301 4302 10517
f 4573 4575 10527
f 4573 10527 10528
f 10529 4573 10528
f 4299 10529 10528
f 4299 10530 10529
f 10530 4299 10531
f 4573 10530 10531
f 10532 4573 10531
f 4573 10532 10533
f 10532 4299 10533
f 4299 10521 10533
f 4299 4301 10521
f 10521 4301 10522
f 4575 4576 10534
f 4575 10534 10535
f 4575 10535 10536
f 10535 4298 10536
f 4298 10537 10536
f 4298 10527 10537
f 10527 4575 10537
f 4576 4578 10538
f 10539 4576 10538
f 4576 10539 10540
f 10539 4297 10540
f 4297 10541 10540
f 10541 4297 10542
f 4576 10541 10542
f 10543 4576 10542
f 10534 4576 10543
f 4297 10534 10543
f 4297 4298 10534
f 4578 4580 10544
f 10545 4578 10544
f 4578 10545 10546
f 10545 4296 10546
f 4296 10547 10546
f 4296 10538 10547
f 10538 4578 10547
f 4580 4582 10548
f 4580 10548 10549
f 10550 4580 10549
f 4294 10550 10549
f 10550 4294 10551
f 4294 10552 10551
f 10552 4580 10551
f 4580 10552 10553
f 10544 4580 10553
f 4294 10544 10553
f 4294 4296 10544
f 4582 4583 10554
f 10555 4582 10554
f 4582 10555 10556
f 10555 4293 10556
f 10556 4293 10557
f 10557 4293 10558
f 4582 10557 10558
f 10559 4582 10558
f 4582 10559 10560
f 10559 4293 10560
f 10560 4293 10561
f 4293 10548 10561
f 10548 4582 10561
f 4583 4585 10562
f 4583 10562 10563
f 4583 10563 10564
f 10563 4292 10564
f 4292 10565 10564
f 10565 4292 10554
f 4583 10565 10554
f 4585 4535 10566
f 4585 10566 10567
f 4585 10567 10568
f 10567 4291 10568
f 4291 10569 10568
f 10569 4291 10570
f 4585 10569 10570
f 4585 10570 10571
f 10572 4585 10571
f 4291 10572 10571
f 4291 10562 10572
f 4291 4292 10562
f 10562 4292 10563
f 4535 4534 10573
f 4535 10573 10574
f 10575 4535 10574
f 4290 10575 10574
f 4290 10576 10575
f 10576 4290 10577
f 4535 10576 10577
f 4535 10577 10578
f 10566 4535 10578
f 4290 10566 10578
f 4290 4291 10566
f 4534 4289 10579
f 10580 4534 10579
f 10573 4534 10580
f 4289 10573 10580
f 4289 4290 10573
f 4292 4293 10554
f 4293 10555 10554
f 4293 4294 10548
f 10548 4294 10549
f 4296 4297 10538
f 4297 10539 10538
f 4298 4299 10527
f 10527 4299 10528
f 4302 4303 10510
f 4303 10511 10510
f 4304 4305 10498
f 10498 4305 10499
f 4305 4307 10494
f 10494 4307 10495
f 4307 4308 10489
f 10489 4308 10490
f 10492 4561 10491
f 10497 4562 10496
f 4305 10503 10502
f 10505 4564 10504
f 10501 4564 10500
f 4566 10508 10509
f 10514 4303 10515
f 10513 4568 10512
f 10520 4569 10519
f 4302 10518 10517
f 10525 4301 10526
f 4571 10523 10524
f 4299 10532 10531
f 10521 4573 10533
f 10534 4298 10535
f 10530 4573 10529
f 10537 4575 10536
f 4297 10543 10542
f 10541 4576 10540
f 10547 4578 10546
f 4296 10545 10544
f 10552 4294 10553
f 4580 10550 10551
f 4582 10560 10561
f 4293 10559 10558
f 4582 10556 10557
f 10565 4583 10564
f 10570 4291 10571
f 10562 4585 10572
f 10566 4291 10567
f 10569 4585 10568
f 10577 4290 10578
f 10573 4290 10574
f 10576 4535 10575
f 4289 10580 10579
f 10506 4568 10516
f 4281 4223 4282
f 4223 4281 4285
f 4221 4223 4285
f 4287 4221 4285
f 4219 4221 4287
f 4319 4219 4287
f 4217 4219 4319
f 4313 4217 4319
f 4215 4217 4313
f 4309 4215 4313
f 4213 4215 4309
f 4490 4213 4309
f 4211 4213 4490
f 4488 4211 4490
f 4209 4211 4488
f 4486 4209 4488
f 4207 4209 4486
f 4484 4207 4486
f 4205 4207 4484
f 4482 4205 4484
f 4201 4205 4482
f 4480 4201 4482
f 4202 4201 4480
f 4458 4202 4480
f 4279 4202 4458
f 4452 4279 4458
f 4277 4279 4452
f 4446 4277 4452
f 4275 4277 4446
f 4440 4275 4446
f 4273 4275 4440
f 4438 4273 4440
f 4271 4273 4438
f 4436 4271 4438
f 4269 4271 4436
f 4434 4269 4436
f 4267 4269 4434
f 4432 4267 4434
f 4265 4267 4432
f 4430 4265 4432
f 4263 4265 4430
f 4428 4263 4430
f 4261 4263 4428
f 4405 4261 4428
f 4259 4261 4405
f 4399 4259 4405
f 4257 4259 4399
f 4395 4257 4399
f 4255 4257 4395
f 4389 4255 4395
f 4253 4255 4389
f 4386 4253 4389
f 4251 4253 4386
f 4384 4251 4386
f 4249 4251 4384
f 4382 4249 4384
f 4247 4249 4382
f 4380 4247 4382
f 4245 4247 4380
f 4378 4245 4380
f 4243 4245 4378
f 4376 4243 4378
f 4241 4243 4376
f 4354 4241 4376
f 4239 4241 4354
f 4348 4239 4354
f 4237 4239 4348
f 4344 4237 4348
f 4235 4237 4344
f 4339 4235 4344
f 4233 4235 4339
f 4334 4233 4339
f 4231 4233 4334
f 4332 4231 4334
f 4229 4231 4332
f 4330 4229 4332
f 4227 4229 4330
f 4328 4227 4330
f 4225 4227 4328
f 4282 4225 4328
f 4223 4225 4282
f 4116 4115 4204
f 4115 4119 4204
f 4204 4119 4206
f 4119 4121 4206
f 4206 4121 4208
f 4121 4123 4208
f 4208 4123 4210
f 4123 4125 4210
f 4210 4125 4212
f 4125 4127 4212
f 4212 4127 4214
f 4127 4129 4214
f 4214 4129 4216
f 4129 4131 4216
f 4216 4131 4218
f 4131 4133 4218
f 4218 4133 4220
f 4133 4135 4220
f 4220 4135 4222
f 4135 4137 4222
f 4222 4137 4224
f 4137 4139 4224
f 4224 4139 4226
f 4139 4141 4226
f 4226 4141 4228
f 4141 4143 4228
f 4228 4143 4230
f 4143 4145 4230
f 4230 4145 4232
f 4145 4147 4232
f 4232 4147 4234
f 4147 4149 4234
f 4234 4149 4236
f 4149 4151 4236
f 4236 4151 4238
f 4151 4153 4238
f 4238 4153 4240
f 4153 4155 4240
f 4240 4155 4242
f 4155 4157 4242
f 4242 4157 4244
f 4157 4158 4244
f 4244 4158 4246
f 4158 4160 4246
f 4246 4160 4248
f 4160 4162 4248
f 4248 4162 4250
f 4162 4164 4250
f 4250 4164 4252
f 4164 4166 4252
f 4252 4166 4254
f 4166 4168 4254
f 4254 4168 4256
f 4168 4170 4256
f 4256 4170 4258
f 4170 4196 4258
f 4258 4196 4260
f 4196 4194 4260
f 4260 4194 4262
f 4194 4192 4262
f 4262 4192 4264
f 4192 4190 4264
f 4264 4190 4266
f 4190 4188 4266
f 4266 4188 4268
f 4188 4186 4268
f 4268 4186 4270
f 4186 4184 4270
f 4270 4184 4272
f 4184 4182 4272
f 4272 4182 4274
f 4182 4180 4274
f 4274 4180 4276
f 4180 4178 4276
f 4276 4178 4278
f 4178 4176 4278
f 4278 4176 4280
f 4176 4174 4280
f 4280 4174 4203
f 4174 4116 4203
f 4116 4204 4203
f 4113 4114 4172
f 4171 4113 4172
f 4198 4089 4197
f 4092 4089 4198
f 4094 4092 4198
f 4096 4094 4198
f 4098 4096 4198
f 4199 4098 4198
f 4100 4098 4199
f 4102 4100 4199
f 4104 4102 4199
f 4106 4104 4199
f 4108 4106 4199
f 4110 4108 4199
f 4112 4110 4199
f 4114 4112 4199
f 4172 4114 4199
f 4089 4200 4197
f 4089 4091 4200
f 4113 4076 4111
f 4076 4113 4171
f 4169 4076 4171
f 4075 4076 4169
f 4167 4075 4169
f 4074 4075 4167
f 4165 4074 4167
f 4073 4074 4165
f 4163 4073 4165
f 4072 4073 4163
f 4161 4072 4163
f 4071 4072 4161
f 4159 4071 4161
f 4070 4071 4159
f 4156 4070 4159
f 4069 4070 4156
f 4154 4069 4156
f 4068 4069 4154
f 4152 4068 4154
f 4067 4068 4152
f 4150 4067 4152
f 4066 4067 4150
f 4148 4066 4150
f 4065 4066 4148
f 4146 4065 4148
f 4064 4065 4146
f 4144 4064 4146
f 4063 4064 4144
f 4142 4063 4144
f 4062 4063 4142
f 4140 4062 4142
f 4061 4062 4140
f 4138 4061 4140
f 4060 4061 4138
f 4136 4060 4138
f 4059 4060 4136
f 4134 4059 4136
f 4058 4059 4134
f 4132 4058 4134
f 4057 4058 4132
f 4130 4057 4132
f 4056 4057 4130
f 4128 4056 4130
f 4055 4056 4128
f 4126 4055 4128
f 4054 4055 4126
f 4124 4054 4126
f 4053 4054 4124
f 4122 4053 4124
f 4052 4053 4122
f 4120 4052 4122
f 4049 4052 4120
f 4118 4049 4120
f 4050 4049 4118
f 4117 4050 4118
f 4051 4050 4117
f 4173 4051 4117
f 4088 4051 4173
f 4175 4088 4173
f 4087 4088 4175
f 4177 4087 4175
f 4086 4087 4177
f 4179 4086 4177
f 4085 4086 4179
f 4181 4085 4179
f 4084 4085 4181
f 4183 4084 4181
f 4083 4084 4183
f 4185 4083 4183
f 4082 4083 4185
f 4187 4082 4185
f 4081 4082 4187
f 4189 4081 4187
f 4080 4081 4189
f 4191 4080 4189
f 4079 4080 4191
f 4193 4079 4191
f 4078 4079 4193
f 4195 4078 4193
f 4077 4078 4195
f 4200 4077 4195
f 4091 4077 4200
f 4090 4077 4091
f 4093 4077 4090
f 4095 4077 4093
f 4097 4077 4095
f 4099 4077 4097
f 4101 4077 4099
f 4076 4077 4101
f 4103 4076 4101
f 4105 4076 4103
f 4107 4076 4105
f 4109 4076 4107
f 4111 4076 4109
f 3972 3971 3975
f 3977 3972 3975
f 4047 3972 3977
f 3979 4047 3977
f 4045 4047 3979
f 3981 4045 3979
f 3983 4045 3981
f 3985 4045 3983
f 3987 4045 3985
f 3989 4045 3987
f 3991 4045 3989
f 3993 4045 3991
f 3995 4045 3993
f 3997 4045 3995
f 3999 4045 3997
f 4043 4045 3999
f 4001 4043 3999
f 4003 4043 4001
f 4005 4043 4003
f 4007 4043 4005
f 4009 4043 4007
f 4011 4043 4009
f 4013 4043 4011
f 4015 4043 4013
f 4017 4043 4015
f 4019 4043 4017
f 4021 4043 4019
f 4041 4043 4021
f 4023 4041 4021
f 4039 4041 4023
f 4025 4039 4023
f 4037 4039 4025
f 4027 4037 4025
f 4035 4037 4027
f 4029 4035 4027
f 4033 4035 4029
f 4031 4033 4029
# 21160 faces, 0 coords texture

# End of File
