####
#
# OBJ File Generated by Meshlab
#
####
# Object Robot0.obj
#
# Vertices: 4893
# Faces: 9798
#
####
v 52.9927216 33.2275925 10.0000010
v 52.9927216 33.2275925 6.2500014
v 53.2097816 33.2465820 10.0000010
v 53.2097816 33.2465820 6.2500014
v 53.4268417 33.2275925 10.0000010
v 53.4268417 33.2275925 6.2500014
v 53.6373062 33.1711960 10.0000010
v 53.6373062 33.1711960 6.2500014
v 53.8347816 33.0791130 10.0000010
v 53.8347816 33.0791130 6.2500014
v 54.0132675 32.9541359 10.0000010
v 54.0132675 32.9541359 6.2500014
v 54.1673355 32.8000679 10.0000010
v 54.1673355 32.8000679 6.2500014
v 54.2923126 32.6215820 10.0000019
v 54.2923126 32.6215820 6.2500014
v 54.3843956 32.4241066 10.0000019
v 54.3843956 32.4241066 6.2500014
v 54.4407921 32.2136421 10.0000019
v 54.4407921 32.2136421 6.2500014
v 54.4597816 31.9965820 10.0000019
v 54.4597816 31.9965820 6.2500014
v 54.4407921 31.7795219 10.0000019
v 54.4407921 31.7795219 6.2500014
v 54.3843956 31.5690575 10.0000019
v 54.3843956 31.5690575 6.2500014
v 54.2923126 31.3715820 10.0000019
v 54.2923126 31.3715820 6.2500014
v 54.1673355 31.1930981 10.0000019
v 54.1673355 31.1930981 6.2500014
v 54.0132675 31.0390263 10.0000019
v 54.0132675 31.0390263 6.2500014
v 53.8347816 30.9140491 10.0000019
v 53.8347816 30.9140491 6.2500014
v 53.6373062 30.8219662 10.0000019
v 53.6373062 30.8219662 6.2500014
v 53.4268417 30.7655716 10.0000019
v 53.4268417 30.7655716 6.2500014
v 53.2097816 30.7465820 10.0000019
v 53.2097816 30.7465820 6.2500014
v 52.9927216 30.7655716 10.0000019
v 52.9927216 30.7655716 6.2500014
v 52.7822571 30.8219662 10.0000019
v 52.7822571 30.8219662 6.2500014
v 52.5847816 30.9140491 10.0000019
v 52.5847816 30.9140491 6.2500014
v 52.4062958 31.0390263 10.0000019
v 52.4062958 31.0390263 6.2500014
v 52.2522278 31.1930981 10.0000019
v 52.2522278 31.1930981 6.2500014
v 52.1272507 31.3715820 10.0000019
v 52.1272507 31.3715820 6.2500014
v 52.0351639 31.5690575 10.0000019
v 52.0351639 31.5690575 6.2500014
v 51.9787712 31.7795219 10.0000019
v 51.9787712 31.7795219 6.2500014
v 51.9597816 31.9965820 10.0000019
v 51.9597816 31.9965820 6.2500014
v 51.9787712 32.2136421 10.0000019
v 51.9787712 32.2136421 6.2500014
v 52.0351639 32.4241066 10.0000019
v 52.0351639 32.4241066 6.2500014
v 52.1272507 32.6215820 10.0000019
v 52.1272507 32.6215820 6.2500014
v 52.2522278 32.8000679 10.0000010
v 52.2522278 32.8000679 6.2500014
v 52.4062958 32.9541359 10.0000010
v 52.4062958 32.9541359 6.2500014
v 52.5847816 33.0791130 10.0000010
v 52.5847816 33.0791130 6.2500014
v 52.7822571 33.1711960 10.0000010
v 52.7822571 33.1711960 6.2500014
v 53.4268417 33.2275925 2.5000014
v 53.2097816 33.2465820 2.5000014
v 52.9927216 33.2275925 2.5000014
v 52.7822571 33.1711960 2.5000014
v 52.5847816 33.0791130 2.5000014
v 52.4062958 32.9541359 2.5000014
v 52.2522278 32.8000679 2.5000014
v 52.1272507 32.6215820 2.5000014
v 52.0351639 32.4241066 2.5000014
v 51.9787712 32.2136421 2.5000014
v 51.9597816 31.9965820 2.5000014
v 51.9787712 31.7795219 2.5000014
v 52.0351639 31.5690575 2.5000014
v 52.1272507 31.3715820 2.5000014
v 52.2522278 31.1930981 2.5000012
v 52.4062958 31.0390263 2.5000012
v 52.5847816 30.9140491 2.5000012
v 52.7822571 30.8219662 2.5000012
v 52.9927216 30.7655716 2.5000012
v 53.2097816 30.7465820 2.5000012
v 53.4268417 30.7655716 2.5000012
v 53.6373062 30.8219662 2.5000012
v 53.8347816 30.9140491 2.5000012
v 54.0132675 31.0390263 2.5000012
v 54.1673355 31.1930981 2.5000012
v 54.2923126 31.3715820 2.5000014
v 54.3843956 31.5690575 2.5000014
v 54.4407921 31.7795219 2.5000014
v 54.4597816 31.9965820 2.5000014
v 54.4407921 32.2136421 2.5000014
v 54.3843956 32.4241066 2.5000014
v 54.2923126 32.6215820 2.5000014
v 54.1673355 32.8000679 2.5000014
v 54.0132675 32.9541359 2.5000014
v 53.8347816 33.0791130 2.5000014
v 53.6373062 33.1711960 2.5000014
v 53.2097816 31.9965820 10.7510777
v 31.7795200 54.4407959 10.0000029
v 31.7795200 54.4407959 6.2500024
v 31.9965801 54.4597855 10.0000029
v 31.9965801 54.4597855 6.2500024
v 32.2136383 54.4407959 10.0000029
v 32.2136383 54.4407959 6.2500024
v 32.4241028 54.3843994 10.0000029
v 32.4241028 54.3843994 6.2500024
v 32.6215782 54.2923164 10.0000029
v 32.6215782 54.2923164 6.2500024
v 32.8000641 54.1673393 10.0000029
v 32.8000641 54.1673393 6.2500024
v 32.9541321 54.0132713 10.0000029
v 32.9541321 54.0132713 6.2500024
v 33.0791092 53.8347855 10.0000029
v 33.0791092 53.8347855 6.2500024
v 33.1711922 53.6373100 10.0000029
v 33.1711922 53.6373100 6.2500024
v 33.2275887 53.4268456 10.0000029
v 33.2275887 53.4268456 6.2500024
v 33.2465782 53.2097855 10.0000029
v 33.2465782 53.2097855 6.2500024
v 33.2275887 52.9927254 10.0000029
v 33.2275887 52.9927254 6.2500024
v 33.1711922 52.7822609 10.0000029
v 33.1711922 52.7822609 6.2500024
v 33.0791092 52.5847855 10.0000029
v 33.0791092 52.5847855 6.2500024
v 32.9541321 52.4062996 10.0000029
v 32.9541321 52.4062996 6.2500024
v 32.8000641 52.2522316 10.0000029
v 32.8000641 52.2522316 6.2500024
v 32.6215782 52.1272545 10.0000029
v 32.6215782 52.1272545 6.2500024
v 32.4241028 52.0351677 10.0000029
v 32.4241028 52.0351677 6.2500024
v 32.2136383 51.9787750 10.0000029
v 32.2136383 51.9787750 6.2500024
v 31.9965801 51.9597855 10.0000029
v 31.9965801 51.9597855 6.2500024
v 31.7795200 51.9787750 10.0000029
v 31.7795200 51.9787750 6.2500024
v 31.5690556 52.0351677 10.0000029
v 31.5690556 52.0351677 6.2500024
v 31.3715801 52.1272545 10.0000029
v 31.3715801 52.1272545 6.2500024
v 31.1930962 52.2522316 10.0000029
v 31.1930962 52.2522316 6.2500024
v 31.0390244 52.4062996 10.0000029
v 31.0390244 52.4062996 6.2500024
v 30.9140472 52.5847855 10.0000029
v 30.9140472 52.5847855 6.2500024
v 30.8219643 52.7822609 10.0000029
v 30.8219643 52.7822609 6.2500024
v 30.7655697 52.9927254 10.0000029
v 30.7655697 52.9927254 6.2500024
v 30.7465801 53.2097855 10.0000029
v 30.7465801 53.2097855 6.2500024
v 30.7655697 53.4268456 10.0000029
v 30.7655697 53.4268456 6.2500024
v 30.8219643 53.6373100 10.0000029
v 30.8219643 53.6373100 6.2500024
v 30.9140472 53.8347855 10.0000029
v 30.9140472 53.8347855 6.2500024
v 31.0390244 54.0132713 10.0000029
v 31.0390244 54.0132713 6.2500024
v 31.1930962 54.1673393 10.0000029
v 31.1930962 54.1673393 6.2500024
v 31.3715801 54.2923164 10.0000029
v 31.3715801 54.2923164 6.2500024
v 31.5690556 54.3843994 10.0000029
v 31.5690556 54.3843994 6.2500024
v 32.2136383 54.4407959 2.5000024
v 31.9965801 54.4597855 2.5000024
v 31.7795200 54.4407959 2.5000024
v 31.5690556 54.3843994 2.5000024
v 31.3715801 54.2923164 2.5000024
v 31.1930962 54.1673393 2.5000024
v 31.0390244 54.0132713 2.5000024
v 30.9140472 53.8347855 2.5000024
v 30.8219643 53.6373100 2.5000024
v 30.7655697 53.4268456 2.5000024
v 30.7465801 53.2097855 2.5000024
v 30.7655697 52.9927254 2.5000021
v 30.8219643 52.7822609 2.5000021
v 30.9140472 52.5847855 2.5000021
v 31.0390244 52.4062996 2.5000021
v 31.1930962 52.2522316 2.5000021
v 31.3715801 52.1272545 2.5000021
v 31.5690556 52.0351677 2.5000021
v 31.7795200 51.9787750 2.5000021
v 31.9965801 51.9597855 2.5000021
v 32.2136383 51.9787750 2.5000021
v 32.4241028 52.0351677 2.5000021
v 32.6215782 52.1272545 2.5000021
v 32.8000641 52.2522316 2.5000021
v 32.9541321 52.4062996 2.5000021
v 33.0791092 52.5847855 2.5000021
v 33.1711922 52.7822609 2.5000021
v 33.2275887 52.9927254 2.5000021
v 33.2465782 53.2097855 2.5000024
v 33.2275887 53.4268456 2.5000024
v 33.1711922 53.6373100 2.5000024
v 33.0791092 53.8347855 2.5000024
v 32.9541321 54.0132713 2.5000024
v 32.8000641 54.1673393 2.5000024
v 32.6215782 54.2923164 2.5000024
v 32.4241028 54.3843994 2.5000024
v 31.9965801 53.2097855 10.7510786
v 58.6898575 -24.7487373 -0.0000011
v 58.6898575 -24.7487373 9.9999990
v 58.2367134 -24.3587742 -0.0000011
v 58.2367134 -24.3587742 9.9999990
v 57.7305069 -24.0407028 -0.0000011
v 57.7305069 -24.0407028 9.9999990
v 57.1825485 -23.8016319 -0.0000010
v 57.1825485 -23.8016319 9.9999990
v 56.6050797 -23.6468983 -0.0000010
v 56.6050797 -23.6468983 9.9999990
v 56.0109978 -23.5799618 -0.0000010
v 56.0109978 -23.5799618 9.9999990
v 55.4135742 -23.6023159 -0.0000010
v 55.4135742 -23.6023159 9.9999990
v 54.8261566 -23.7134609 -0.0000010
v 54.8261566 -23.7134609 9.9999990
v 54.2618637 -23.9109154 -0.0000010
v 54.2618637 -23.9109154 9.9999990
v 53.7333031 -24.1902676 -0.0000011
v 53.7333031 -24.1902676 9.9999990
v 53.2522812 -24.5452766 -0.0000011
v 53.2522812 -24.5452766 9.9999990
v 52.8295441 -24.9680157 -0.0000011
v 52.8295441 -24.9680157 9.9999990
v 52.4745369 -25.4490356 -0.0000011
v 52.4745369 -25.4490356 9.9999990
v 52.1951828 -25.9775963 -0.0000011
v 52.1951828 -25.9775963 9.9999990
v 51.9977303 -26.5418892 -0.0000012
v 51.9977303 -26.5418892 9.9999990
v 51.8865814 -27.1293068 -0.0000012
v 51.8865814 -27.1293068 9.9999990
v 51.8642273 -27.7267284 -0.0000012
v 51.8642273 -27.7267284 9.9999981
v 51.9311676 -28.3208103 -0.0000012
v 51.9311676 -28.3208103 9.9999981
v 52.0858994 -28.8982811 -0.0000013
v 52.0858994 -28.8982811 9.9999981
v 52.3249702 -29.4462395 -0.0000013
v 52.3249702 -29.4462395 9.9999981
v 52.6430397 -29.9524460 -0.0000013
v 52.6430397 -29.9524460 9.9999981
v 53.0330048 -30.4055920 -0.0000013
v 53.0330048 -30.4055920 9.9999981
v -28.8804379 60.5238647 10.0000029
v -28.8804379 60.5238647 0.0000026
v -28.2842693 60.5685425 10.0000029
v -28.2842693 60.5685425 0.0000026
v -27.6881008 60.5238647 10.0000029
v -27.6881008 60.5238647 0.0000026
v -27.1052494 60.3908348 10.0000029
v -27.1052494 60.3908348 0.0000026
v -26.5487347 60.1724167 10.0000029
v -26.5487347 60.1724167 0.0000026
v -26.0309887 59.8734970 10.0000019
v -26.0309887 59.8734970 0.0000026
v -25.5635777 59.5007515 10.0000019
v -25.5635777 59.5007515 0.0000026
v -25.1569443 59.0625000 10.0000019
v -25.1569443 59.0625000 0.0000026
v -24.8201675 58.5685425 10.0000019
v -24.8201675 58.5685425 0.0000026
v -24.5607738 58.0299072 10.0000019
v -24.5607738 58.0299072 0.0000025
v -24.3845577 57.4586258 10.0000019
v -24.3845577 57.4586258 0.0000025
v -24.2954540 56.8674622 10.0000019
v -24.2954540 56.8674622 0.0000025
v -24.2954540 56.2696228 10.0000019
v -24.2954540 56.2696228 0.0000025
v -24.3845577 55.6784592 10.0000019
v -24.3845577 55.6784592 0.0000024
v -24.5607738 55.1071777 10.0000019
v -24.5607738 55.1071777 0.0000024
v -24.8201675 54.5685425 10.0000019
v -24.8201675 54.5685425 0.0000024
v -25.1569443 54.0745850 10.0000029
v -25.1569443 54.0745850 0.0000024
v -25.5635777 53.6363335 10.0000029
v -25.5635777 53.6363335 0.0000023
v -26.0309887 53.2635880 10.0000029
v -26.0309887 53.2635880 0.0000023
v -26.5487347 52.9646683 10.0000029
v -26.5487347 52.9646683 0.0000023
v -27.1052494 52.7462502 10.0000029
v -27.1052494 52.7462502 0.0000023
v -27.6881008 52.6132202 10.0000029
v -27.6881008 52.6132202 0.0000023
v -28.2842693 52.5685425 10.0000029
v -28.2842693 52.5685425 0.0000023
v -28.8804379 52.6132202 10.0000029
v -28.8804379 52.6132202 0.0000023
v -29.4632893 52.7462502 10.0000029
v -29.4632893 52.7462502 0.0000023
v -30.0198040 52.9646683 10.0000029
v -30.0198040 52.9646683 0.0000023
v -30.5375500 53.2635880 10.0000029
v -30.5375500 53.2635880 0.0000023
v -31.0049610 53.6363335 10.0000029
v -31.0049610 53.6363335 0.0000023
v -31.4115944 54.0745850 10.0000029
v -31.4115944 54.0745850 0.0000024
v -31.7483711 54.5685425 10.0000019
v -31.7483711 54.5685425 0.0000024
v -32.0077629 55.1071777 10.0000019
v -32.0077629 55.1071777 0.0000024
v -32.1839790 55.6784592 10.0000019
v -32.1839790 55.6784592 0.0000024
v -32.2730827 56.2696228 10.0000019
v -32.2730827 56.2696228 0.0000025
v -32.2730827 56.8674622 10.0000019
v -32.2730827 56.8674622 0.0000025
v -32.1839790 57.4586258 10.0000019
v -32.1839790 57.4586258 0.0000025
v -32.0077629 58.0299072 10.0000019
v -32.0077629 58.0299072 0.0000025
v -31.7483711 58.5685425 10.0000019
v -31.7483711 58.5685425 0.0000026
v -31.4115944 59.0625000 10.0000019
v -31.4115944 59.0625000 0.0000026
v -31.0049610 59.5007515 10.0000019
v -31.0049610 59.5007515 0.0000026
v -30.5375500 59.8734970 10.0000019
v -30.5375500 59.8734970 0.0000026
v -30.0198040 60.1724167 10.0000029
v -30.0198040 60.1724167 0.0000026
v -29.4632893 60.3908348 10.0000029
v -29.4632893 60.3908348 0.0000026
v 2.5661211 73.4841003 17.0016136
v 1.2822027 73.8655319 15.7995090
v 0.0000000 73.5288925 17.0016136
v -1.2822027 73.8655319 15.7995090
v -2.5661211 73.4841003 17.0016136
v -3.8450634 73.7765274 15.7995090
v -5.1291156 73.3497772 17.0016136
v -6.4032907 73.5986328 15.7995090
v -7.6858616 73.1260910 17.0016136
v -8.9538031 73.3320541 15.7995090
v -10.2332430 72.8133087 17.0016136
v -11.4935265 72.9771194 15.7995090
v -12.7681570 72.4118195 17.0016136
v -14.0194016 72.5342484 15.7995090
v -15.2875147 71.9221115 17.0016136
v -16.5283833 72.0039825 15.7995090
v -17.7882462 71.3447647 17.0016136
v -19.0174503 71.3869553 15.7995090
v -20.2673073 70.6805038 17.0016136
v -21.4836025 70.6839142 15.7995081
v -22.7216740 69.9301300 17.0016136
v -23.9238682 69.8956985 15.7995081
v -25.1483593 69.0945587 17.0016136
v -26.3353100 69.0232697 15.7995081
v -27.5444050 68.1747971 17.0016136
v -28.7150173 68.0676727 15.7995081
v -29.9068928 67.1719818 17.0016136
v -31.0601254 67.0300598 15.7995081
v -32.2329407 66.0873260 17.0016136
v -33.3678093 65.9116821 15.7995081
v -34.5197182 64.9221573 17.0016155
v -35.6352844 64.7138824 15.7995081
v -36.7644424 63.6778870 17.0016155
v -37.8598251 63.4381104 15.7995081
v -38.9643707 62.3560371 17.0016155
v -40.0387497 62.0858994 15.7995081
v -41.1168289 60.9582138 17.0016155
v -42.1694260 60.6588821 15.7995081
v -43.2191925 59.4861221 17.0016155
v -44.2492943 59.1587715 15.7995071
v -45.2689018 57.9415550 17.0016155
v -46.2758446 57.5873833 15.7995071
v -47.2634544 56.3263969 17.0016155
v -48.2466393 55.9466019 15.7995071
v -49.2004280 54.6426163 17.0016155
v -50.1592979 54.2384109 15.7995081
v -51.0774536 52.8922577 17.0016136
v -52.0115166 52.4648705 15.7995081
v -52.8922539 51.0774574 17.0016136
v -53.8010674 50.6281090 15.7995081
v -54.6426125 49.2004318 17.0016136
v -55.5257912 48.7303467 15.7995071
v -56.3263931 47.2634583 17.0016136
v -57.1836128 46.7738686 15.7995071
v -57.9415512 45.2689056 17.0016136
v -58.7725296 44.7610321 15.7995071
v -59.4861183 43.2191963 17.0016136
v -60.2906342 42.6942596 15.7995071
v -60.9582100 41.1168327 17.0016136
v -61.7360916 40.5760460 15.7995071
v -62.3560333 38.9643745 17.0016136
v -63.1071587 38.4089394 15.7995071
v -63.6778831 36.7644463 17.0016136
v -64.4021835 36.1955566 15.7995062
v -64.9221497 34.5197220 17.0016136
v -65.6196136 33.9385567 15.7995062
v -66.0873184 32.2329445 17.0016117
v -66.7579803 31.6406651 15.7995071
v -67.1719742 29.9068928 17.0016117
v -67.8159027 29.3046494 15.7995071
v -68.1747894 27.5444050 17.0016117
v -68.7921219 26.9333229 15.7995062
v -69.0945511 25.1483593 17.0016117
v -69.6854401 24.5295448 15.7995062
v -69.9301224 22.7216740 17.0016117
v -70.4948044 22.0962105 15.7995062
v -70.6804962 20.2673073 17.0016136
v -71.2192154 19.6362534 15.7995062
v -71.3447571 17.7882462 17.0016136
v -71.8578262 17.1526337 15.7995062
v -71.9221039 15.2875147 17.0016136
v -72.4098434 14.6483498 15.7995052
v -72.4118118 12.7681570 17.0016136
v -72.8746185 12.1264133 15.7995052
v -72.8133011 10.2332430 17.0016117
v -73.2515793 9.5898657 15.7995062
v -73.1260834 7.6858616 17.0016117
v -73.5402832 7.0417619 15.7995062
v -73.3497696 5.1291156 17.0016117
v -73.7403717 4.4851747 15.7995052
v -73.4840927 2.5661206 17.0016117
v -73.8516159 1.9231828 15.7995052
v -73.5288849 -0.0000007 17.0016117
v -73.8738708 -0.6411263 15.7995052
v -73.4840927 -2.5661221 17.0016117
v -73.8071136 -3.2046630 15.7995052
v -73.3497696 -5.1291165 17.0016117
v -73.6514206 -5.7643385 15.7995043
v -73.1260834 -7.6858625 17.0016117
v -73.4069901 -8.3170671 15.7995043
v -72.8133011 -10.2332449 17.0016117
v -73.0741043 -10.8597755 15.7995043
v -72.4118118 -12.7681589 17.0016098
v -72.6531754 -13.3893986 15.7995052
v -71.9221039 -15.2875166 17.0016098
v -72.1446991 -15.9028883 15.7995052
v -71.3447571 -17.7882500 17.0016098
v -71.5493011 -18.3972187 15.7995043
v -70.6804962 -20.2673111 17.0016098
v -70.8676834 -20.8693790 15.7995043
v -69.9301224 -22.7216778 17.0016117
v -70.1006851 -23.3163948 15.7995043
v -69.0945511 -25.1483631 17.0016117
v -69.2492142 -25.7353153 15.7995043
v -68.1747894 -27.5444088 17.0016117
v -68.3143005 -28.1232262 15.7995033
v -67.1719742 -29.9068966 17.0016117
v -67.2970810 -30.4772511 15.7995033
v -66.0873184 -32.2329445 17.0016117
v -66.1987686 -32.7945518 15.7995043
v -64.9221497 -34.5197220 17.0016098
v -65.0206985 -35.0723381 15.7995043
v -63.6778831 -36.7644463 17.0016098
v -63.7642784 -37.3078690 15.7995043
v -62.3560333 -38.9643745 17.0016098
v -62.4310265 -39.4984436 15.7995033
v -60.9582100 -41.1168327 17.0016098
v -61.0225525 -41.6414261 15.7995033
v -59.4861183 -43.2191963 17.0016098
v -59.5405502 -43.7342339 15.7995033
v -57.9415512 -45.2689056 17.0016098
v -57.9868050 -45.7743454 15.7995033
v -56.3263931 -47.2634583 17.0016098
v -56.3631935 -47.7593002 15.7995033
v -54.6426125 -49.2004318 17.0016098
v -54.6716652 -49.6867142 15.7995024
v -52.8922539 -51.0774574 17.0016098
v -52.9142609 -51.5542564 15.7995024
v -51.0774536 -52.8922577 17.0016098
v -51.0931015 -53.3596764 15.7995024
v -49.2004280 -54.6426163 17.0016079
v -49.2103806 -55.1008072 15.7995033
v -47.2634544 -56.3263969 17.0016079
v -47.2683601 -56.7755432 15.7995033
v -45.2689018 -57.9415550 17.0016079
v -45.2693901 -58.3818703 15.7995033
v -43.2191925 -59.4861221 17.0016079
v -43.2158699 -59.9178505 15.7995033
v -41.1168289 -60.9582138 17.0016079
v -41.1102791 -61.3816376 15.7995024
v -38.9643707 -62.3560371 17.0016079
v -38.9551544 -62.7714615 15.7995024
v -36.7644424 -63.6778870 17.0016079
v -36.7530937 -64.0856476 15.7995024
v -34.5197182 -64.9221573 17.0016079
v -34.5067444 -65.3226242 15.7995024
v -32.2329407 -66.0873260 17.0016098
v -32.2188187 -66.4808884 15.7995024
v -29.9068928 -67.1719818 17.0016098
v -29.8920746 -67.5590439 15.7995024
v -27.5444050 -68.1747971 17.0016098
v -27.5293102 -68.5558014 15.7995024
v -25.1483593 -69.0945587 17.0016098
v -25.1333752 -69.4699478 15.7995024
v -22.7216740 -69.9301300 17.0016098
v -22.7071552 -70.3003998 15.7995024
v -20.2673073 -70.6805038 17.0016098
v -20.2535763 -71.0461349 15.7995014
v -17.7882462 -71.3447647 17.0016098
v -17.7755947 -71.7062683 15.7995014
v -15.2875147 -71.9221115 17.0016098
v -15.2761936 -72.2799988 15.7995014
v -12.7681570 -72.4118195 17.0016098
v -12.7583857 -72.7666397 15.7995014
v -10.2332430 -72.8133087 17.0016098
v -10.2252045 -73.1656036 15.7995014
v -7.6858616 -73.1260910 17.0016098
v -7.6797037 -73.4764099 15.7995014
v -5.1291156 -73.3497772 17.0016098
v -5.1249490 -73.6986847 15.7995014
v -2.5661211 -73.4841003 17.0016098
v -2.5754101 -73.8317566 15.7995014
v 0.0000000 -73.5288925 17.0016098
v 0.0000000 -73.8766556 15.7995014
v 2.5754101 -73.8317566 15.7995014
v 2.5820310 -74.1035995 14.5779982
v 5.1438117 -73.9699326 14.5779982
v 5.1573381 -74.1644516 13.3418818
v 7.7079697 -73.7468491 14.5779982
v 7.7282391 -73.9407730 13.3418818
v 10.2628393 -73.4348984 14.5779982
v 10.2898273 -73.6280060 13.3418818
v 12.8053436 -73.0344696 14.5779982
v 12.8390169 -73.2265244 13.3418818
v 15.3324184 -72.5460358 14.5779982
v 15.3727379 -72.7368011 13.3418818
v 17.8410187 -71.9701920 14.5779982
v 17.8879337 -72.1594467 13.3418818
v 20.3281212 -71.3076248 14.5779982
v 20.3815784 -71.4951401 13.3418818
v 22.7907314 -70.5591431 14.5779991
v 22.8506641 -70.7446899 13.3418827
v 25.2258797 -69.7256393 14.5779991
v 25.2922153 -69.9089966 13.3418827
v 27.6306343 -68.8081284 14.5779991
v 27.7032928 -68.9890671 13.3418827
v 30.0020943 -67.8077011 14.5779991
v 30.0809898 -67.9860153 13.3418827
v 32.3374023 -66.7255707 14.5779991
v 32.4224396 -66.9010391 13.3418827
v 34.6337509 -65.5630493 14.5779991
v 34.7248230 -65.7354584 13.3418827
v 36.8883667 -64.3215256 14.5779991
v 36.9853668 -64.4906693 13.3418827
v 39.0985336 -63.0024986 14.5779991
v 39.2013474 -63.1681709 13.3418827
v 41.2615891 -61.6075554 14.5779991
v 41.3700943 -61.7695618 13.3418827
v 43.3749313 -60.1383858 14.5779991
v 43.4889908 -60.2965279 13.3418827
v 45.4360085 -58.5967484 14.5780001
v 45.5554886 -58.7508392 13.3418837
v 47.4423370 -56.9845123 14.5780001
v 47.5670929 -57.1343613 13.3418837
v 49.3915024 -55.3036118 14.5780001
v 49.5213852 -55.4490395 13.3418837
v 51.2811546 -53.5560722 14.5779991
v 51.4160080 -53.6969070 13.3418827
v 53.1090164 -51.7440033 14.5779991
v 53.2486763 -51.8800735 13.3418827
v 54.8728867 -49.8695869 14.5779991
v 55.0171852 -50.0007286 13.3418827
v 56.5706406 -47.9350853 14.5780001
v 56.7194023 -48.0611382 13.3418837
v 58.2002296 -45.9428215 14.5780001
v 58.3532791 -46.0636330 13.3418837
v 59.7596931 -43.8952026 14.5780001
v 59.9168396 -44.0106316 13.3418837
v 61.2471504 -41.7946892 14.5780001
v 61.4082108 -41.9045944 13.3418837
v 62.6608124 -39.6438217 14.5780001
v 62.8255882 -39.7480698 13.3418837
v 63.9989700 -37.4451828 14.5780010
v 64.1672592 -37.5436516 13.3418846
v 65.2600098 -35.2014275 14.5780010
v 65.4316177 -35.2939949 13.3418846
v 66.4424210 -32.9152565 14.5780010
v 66.6171417 -33.0018120 13.3418846
v 67.5447693 -30.5894260 14.5780001
v 67.7223892 -30.6698647 13.3418837
v 68.5657425 -28.2267361 14.5780001
v 68.7460403 -28.3009624 13.3418837
v 69.5040894 -25.8300362 14.5780010
v 69.6868591 -25.8979607 13.3418846
v 70.3586960 -23.4022121 14.5780010
v 70.5437088 -23.4637527 13.3418846
v 71.1285172 -20.9461918 14.5780010
v 71.3155594 -21.0012722 13.3418846
v 71.8126450 -18.4649315 14.5780010
v 72.0014801 -18.5134869 13.3418846
v 72.4102325 -15.9614201 14.5780020
v 72.6006470 -16.0033951 13.3418856
v 72.9205780 -13.4386797 14.5780020
v 73.1123352 -13.4740181 13.3418856
v 73.3430634 -10.8997459 14.5780010
v 73.5359268 -10.9284086 13.3418856
v 73.6771698 -8.3476791 14.5780010
v 73.8709183 -8.3696299 13.3418846
v 73.9225006 -5.7855544 14.5780010
v 74.1168900 -5.8007679 13.3418846
v 74.0787659 -3.2164576 14.5780020
v 74.2735672 -3.2249160 13.3418856
v 74.1457672 -0.6434859 14.5780020
v 74.3407440 -0.6451780 13.3418856
v 74.1234283 1.9302613 14.5780020
v 74.3183517 1.9353373 13.3418856
v 74.0117798 4.5016828 14.5780020
v 74.2064056 4.5135207 13.3418856
v 73.8109512 7.0676799 14.5780029
v 74.0050507 7.0862660 13.3418865
v 73.5211868 9.6251621 14.5780029
v 73.7145233 9.6504726 13.3418865
v 73.1428375 12.1710453 14.5780020
v 73.3351746 12.2030516 13.3418856
v 72.6763535 14.7022648 14.5780020
v 72.8674698 14.7409258 13.3418856
v 72.1222992 17.2157650 14.5780029
v 72.3119583 17.2610378 13.3418865
v 71.4813461 19.7085266 14.5780029
v 71.6693192 19.7603531 13.3418865
v 70.7542648 22.1775379 14.5780029
v 70.9403229 22.2358570 13.3418865
v 69.9419250 24.6198292 14.5780029
v 70.1258469 24.6845703 13.3418865
v 69.0453110 27.0324535 14.5780029
v 69.2268829 27.1035404 13.3418865
v 68.0655060 29.4125080 14.5780039
v 68.2444992 29.4898529 13.3418875
v 67.0036850 31.7571201 14.5780039
v 67.1798859 31.8406315 13.3418875
v 65.8611374 34.0634727 14.5780029
v 66.0343246 34.1530457 13.3418865
v 64.6392212 36.3287773 14.5780029
v 64.8092041 36.4243088 13.3418865
v 63.3394318 38.5503082 14.5780039
v 63.5059891 38.6516838 13.3418875
v 61.9633141 40.7253914 14.5780039
v 62.1262550 40.8324814 13.3418875
v 60.5125389 42.8513985 14.5780039
v 60.6716652 42.9640846 13.3418875
v 58.9888496 44.9257774 14.5780039
v 59.1439667 45.0439186 13.3418875
v 57.3940811 46.9460220 14.5780039
v 57.5450058 47.0694771 13.3418875
v 55.7301598 48.9097023 14.5780039
v 55.8767090 49.0383186 13.3418875
v 53.9990883 50.8144493 14.5780048
v 54.1410866 50.9480743 13.3418884
v 52.1983757 52.6625023 14.5780048
v 52.3333473 52.8032608 13.3418884
v 50.3439102 54.4380417 14.5780048
v 50.4762993 54.5811958 13.3418875
v 48.4242134 56.1525192 14.5780039
v 48.5515518 56.3001785 13.3418875
v 46.4461670 57.7993355 14.5780039
v 46.5683060 57.9513283 13.3418875
v 44.4121590 59.3765106 14.5780039
v 44.5289459 59.5326500 13.3418875
v 42.3246346 60.8821411 14.5780048
v 42.4359360 61.0422401 13.3418884
v 40.1861153 62.3144112 14.5780048
v 40.2917900 62.4782791 13.3418884
v 37.9991722 63.6716003 14.5780048
v 38.0990982 63.8390350 13.3418884
v 35.7664452 64.9520721 14.5780048
v 35.8604965 65.1228714 13.3418884
v 33.4906197 66.1542740 14.5780048
v 33.5786896 66.3282394 13.3418884
v 31.1744461 67.2767715 14.5780048
v 31.2564240 67.4536896 13.3418884
v 28.8207054 68.3182068 14.5780048
v 28.8964939 68.4978561 13.3418884
v 26.4322376 69.2773209 14.5780048
v 26.5017452 69.4594955 13.3418884
v 24.0119228 70.1529617 14.5780048
v 24.0750656 70.3374329 13.3418884
v 21.5626755 70.9440689 14.5780058
v 21.6193771 71.1306305 13.3418894
v 19.0874443 71.6496964 14.5780058
v 19.1376381 71.8381119 13.3418894
v 16.5892162 72.2689972 14.5780058
v 16.6328411 72.4590378 13.3418894
v 14.0710011 72.8012161 14.5780058
v 14.1080027 72.9926605 13.3418894
v 11.5358295 73.2457123 14.5780058
v 11.5661640 73.4383240 13.3418894
v 8.9867582 73.6019592 14.5780058
v 9.0103903 73.7955093 13.3418894
v 6.4268589 73.8695145 14.5780058
v 6.4437590 74.0637665 13.3418894
v 3.8592155 74.0480728 14.5780058
v 3.8693638 74.2427902 13.3418894
v 1.2869220 74.1373978 14.5780058
v 1.2903061 74.3323517 13.3418894
v -1.2869220 74.1373978 14.5780058
v -1.2903061 74.3323517 13.3418894
v -3.8592155 74.0480728 14.5780058
v -3.8693638 74.2427902 13.3418894
v -6.4268589 73.8695145 14.5780058
v -6.4437590 74.0637665 13.3418894
v -8.9867582 73.6019592 14.5780058
v -9.0103903 73.7955093 13.3418894
v -11.5358295 73.2457123 14.5780058
v -11.5661640 73.4383240 13.3418894
v -14.0710011 72.8012161 14.5780058
v -14.1080027 72.9926605 13.3418894
v -16.5892162 72.2689972 14.5780058
v -16.6328411 72.4590378 13.3418894
v -19.0874443 71.6496964 14.5780058
v -19.1376381 71.8381119 13.3418894
v -21.5626755 70.9440689 14.5780058
v -21.6193771 71.1306305 13.3418894
v -24.0119228 70.1529617 14.5780048
v -24.0750656 70.3374329 13.3418884
v -26.4322376 69.2773209 14.5780048
v -26.5017452 69.4594955 13.3418884
v -28.8207054 68.3182068 14.5780048
v -28.8964939 68.4978561 13.3418884
v -31.1744461 67.2767715 14.5780048
v -31.2564240 67.4536896 13.3418884
v -33.4906197 66.1542740 14.5780048
v -33.5786896 66.3282394 13.3418884
v -35.7664452 64.9520721 14.5780048
v -35.8604965 65.1228714 13.3418884
v -37.9991722 63.6716003 14.5780048
v -38.0990982 63.8390350 13.3418884
v -40.1861153 62.3144112 14.5780048
v -40.2917900 62.4782791 13.3418884
v -42.3246346 60.8821411 14.5780048
v -42.4359360 61.0422401 13.3418884
v -44.4121590 59.3765106 14.5780039
v -44.5289459 59.5326500 13.3418875
v -46.4461670 57.7993355 14.5780039
v -46.5683060 57.9513283 13.3418875
v -48.4242134 56.1525192 14.5780039
v -48.5515518 56.3001785 13.3418875
v -50.3439102 54.4380417 14.5780048
v -50.4762993 54.5811958 13.3418875
v -52.2029495 52.6579704 14.5780048
v -52.3402252 52.7964439 13.3418884
v -53.9990883 50.8144493 14.5780048
v -54.1410866 50.9480743 13.3418884
v -55.7301598 48.9097023 14.5780039
v -55.8767090 49.0383186 13.3418875
v -57.3940811 46.9460220 14.5780039
v -57.5450058 47.0694771 13.3418875
v -58.9888496 44.9257774 14.5780039
v -59.1439667 45.0439186 13.3418875
v -60.5125389 42.8513985 14.5780039
v -60.6716652 42.9640846 13.3418875
v -61.9633141 40.7253914 14.5780039
v -62.1262550 40.8324814 13.3418875
v -63.3394318 38.5503082 14.5780039
v -63.5059891 38.6516838 13.3418875
v -64.6392212 36.3287773 14.5780029
v -64.8092041 36.4243088 13.3418865
v -65.8611374 34.0634727 14.5780029
v -66.0343246 34.1530457 13.3418865
v -67.0036850 31.7571201 14.5780039
v -67.1798859 31.8406315 13.3418875
v -68.0655060 29.4125080 14.5780039
v -68.2444992 29.4898529 13.3418875
v -69.0453110 27.0324535 14.5780029
v -69.2268829 27.1035404 13.3418865
v -69.9419250 24.6198292 14.5780029
v -70.1258469 24.6845703 13.3418865
v -70.7542648 22.1775379 14.5780029
v -70.9403229 22.2358570 13.3418865
v -71.4813461 19.7085266 14.5780029
v -71.6693192 19.7603531 13.3418865
v -72.1222992 17.2157650 14.5780029
v -72.3119583 17.2610378 13.3418865
v -72.6763535 14.7022648 14.5780020
v -72.8674698 14.7409258 13.3418856
v -73.1428375 12.1710453 14.5780020
v -73.3351746 12.2030516 13.3418856
v -73.5211868 9.6251621 14.5780029
v -73.7145233 9.6504726 13.3418865
v -73.8109512 7.0676799 14.5780029
v -74.0050507 7.0862660 13.3418865
v -74.0117798 4.5016828 14.5780020
v -74.2064056 4.5135207 13.3418856
v -74.1234283 1.9302613 14.5780020
v -74.3183517 1.9353373 13.3418856
v -74.1457672 -0.6434859 14.5780020
v -74.3407440 -0.6451780 13.3418856
v -74.0787659 -3.2164576 14.5780020
v -74.2735672 -3.2249160 13.3418856
v -73.9225006 -5.7855544 14.5780010
v -74.1168900 -5.8007679 13.3418846
v -73.6771698 -8.3476791 14.5780010
v -73.8709183 -8.3696299 13.3418846
v -73.3430634 -10.8997459 14.5780010
v -73.5359268 -10.9284086 13.3418856
v -72.9205780 -13.4386797 14.5780020
v -73.1123352 -13.4740181 13.3418856
v -72.4102325 -15.9614201 14.5780020
v -72.6006470 -16.0033951 13.3418856
v -71.8126450 -18.4649315 14.5780010
v -72.0014801 -18.5134869 13.3418846
v -71.1285172 -20.9461918 14.5780010
v -71.3155594 -21.0012722 13.3418846
v -70.3586960 -23.4022121 14.5780010
v -70.5437088 -23.4637527 13.3418846
v -69.5040894 -25.8300362 14.5780010
v -69.6868591 -25.8979607 13.3418846
v -68.5657425 -28.2267361 14.5780001
v -68.7460403 -28.3009624 13.3418837
v -67.5447693 -30.5894260 14.5780001
v -67.7223892 -30.6698647 13.3418837
v -66.4424210 -32.9152565 14.5780010
v -66.6171417 -33.0018120 13.3418846
v -65.2600098 -35.2014275 14.5780010
v -65.4316177 -35.2939949 13.3418846
v -63.9989700 -37.4451828 14.5780010
v -64.1672592 -37.5436516 13.3418846
v -62.6608124 -39.6438217 14.5780001
v -62.8255882 -39.7480698 13.3418837
v -61.2471504 -41.7946892 14.5780001
v -61.4082108 -41.9045944 13.3418837
v -59.7596931 -43.8952026 14.5780001
v -59.9168396 -44.0106316 13.3418837
v -58.2002296 -45.9428215 14.5780001
v -58.3532791 -46.0636330 13.3418837
v -56.5706406 -47.9350853 14.5780001
v -56.7194023 -48.0611382 13.3418837
v -54.8728867 -49.8695869 14.5779991
v -55.0171852 -50.0007286 13.3418827
v -53.1090164 -51.7440033 14.5779991
v -53.2486763 -51.8800735 13.3418827
v -51.2811546 -53.5560722 14.5779991
v -51.4160080 -53.6969070 13.3418827
v -49.3915024 -55.3036118 14.5780001
v -49.5213852 -55.4490395 13.3418837
v -47.4423370 -56.9845123 14.5780001
v -47.5670929 -57.1343613 13.3418837
v -45.4360085 -58.5967484 14.5780001
v -45.5554886 -58.7508392 13.3418837
v -43.3749313 -60.1383858 14.5779991
v -43.4889908 -60.2965279 13.3418827
v -41.2615891 -61.6075554 14.5779991
v -41.3700943 -61.7695618 13.3418827
v -39.0985336 -63.0024986 14.5779991
v -39.2013474 -63.1681709 13.3418827
v -36.8883667 -64.3215256 14.5779991
v -36.9853668 -64.4906693 13.3418827
v -34.6337509 -65.5630493 14.5779991
v -34.7248230 -65.7354584 13.3418827
v -32.3374023 -66.7255707 14.5779991
v -32.4224396 -66.9010391 13.3418827
v -30.0020943 -67.8077011 14.5779991
v -30.0809898 -67.9860153 13.3418827
v -27.6306343 -68.8081284 14.5779991
v -27.7032928 -68.9890671 13.3418827
v -25.2258797 -69.7256393 14.5779991
v -25.2922153 -69.9089966 13.3418827
v -22.7907314 -70.5591431 14.5779991
v -22.8506641 -70.7446899 13.3418827
v -20.3281212 -71.3076248 14.5779982
v -20.3815784 -71.4951401 13.3418818
v -17.8410187 -71.9701920 14.5779982
v -17.8879337 -72.1594467 13.3418818
v -15.3324184 -72.5460358 14.5779982
v -15.3727379 -72.7368011 13.3418818
v -12.8053436 -73.0344696 14.5779982
v -12.8390169 -73.2265244 13.3418818
v -10.2628393 -73.4348984 14.5779982
v -10.2898273 -73.6280060 13.3418818
v -7.7079697 -73.7468491 14.5779982
v -7.7282391 -73.9407730 13.3418818
v -5.1438117 -73.9699326 14.5779982
v -5.1573381 -74.1644516 13.3418818
v -2.5820310 -74.1035995 14.5779982
v -2.5859551 -74.2985611 13.3418818
v 0.0000000 -74.1485672 14.5779982
v 0.0000000 -74.3435516 13.3418818
v 2.5859551 -74.2985611 13.3418818
v 2.5871649 -74.4158936 12.0959902
v 5.1654754 -74.2814636 12.0959902
v 4.8613367 -74.3412247 10.8452024
v 7.4391890 -74.1276474 10.8452024
v 3.8450634 73.7765274 15.7995090
v 5.1291156 73.3497772 17.0016136
v 6.4032907 73.5986328 15.7995090
v 7.6858616 73.1260910 17.0016136
v 8.9538031 73.3320541 15.7995090
v 10.2332430 72.8133087 17.0016136
v 11.4935265 72.9771194 15.7995090
v 12.7681570 72.4118195 17.0016136
v 14.0194016 72.5342484 15.7995090
v 15.2875147 71.9221115 17.0016136
v 16.5283833 72.0039825 15.7995090
v 17.7882462 71.3447647 17.0016136
v 19.0174503 71.3869553 15.7995090
v 20.2673073 70.6805038 17.0016136
v 21.4836025 70.6839142 15.7995081
v 22.7216740 69.9301300 17.0016136
v 23.9238682 69.8956985 15.7995081
v 25.1483593 69.0945587 17.0016136
v 26.3353100 69.0232697 15.7995081
v 27.5444050 68.1747971 17.0016136
v 28.7150173 68.0676727 15.7995081
v 29.9068928 67.1719818 17.0016136
v 31.0601254 67.0300598 15.7995081
v 32.2329407 66.0873260 17.0016136
v 33.3678093 65.9116821 15.7995081
v 34.5197182 64.9221573 17.0016155
v 35.6352844 64.7138824 15.7995081
v 36.7644424 63.6778870 17.0016155
v 37.8598251 63.4381104 15.7995081
v 38.9643707 62.3560371 17.0016155
v 40.0387497 62.0858994 15.7995081
v 41.1168289 60.9582138 17.0016155
v 42.1694260 60.6588821 15.7995081
v 43.2191925 59.4861221 17.0016155
v 44.2492943 59.1587715 15.7995071
v 45.2689018 57.9415550 17.0016155
v 46.2758446 57.5873833 15.7995071
v 47.2634544 56.3263969 17.0016155
v 48.2466393 55.9466019 15.7995071
v 49.2004280 54.6426163 17.0016155
v 50.1592979 54.2384109 15.7995081
v 51.0774536 52.8922577 17.0016136
v 52.0092392 52.4671288 15.7995081
v 52.8922539 51.0774574 17.0016136
v 53.8010674 50.6281090 15.7995081
v 54.6426125 49.2004318 17.0016136
v 55.5257912 48.7303467 15.7995071
v 56.3263931 47.2634583 17.0016136
v 57.1836128 46.7738686 15.7995071
v 57.9415512 45.2689056 17.0016136
v 58.7725296 44.7610321 15.7995071
v 59.4861183 43.2191963 17.0016136
v 60.2906342 42.6942596 15.7995071
v 60.9582100 41.1168327 17.0016136
v 61.7360916 40.5760460 15.7995071
v 62.3560333 38.9643745 17.0016136
v 63.1071587 38.4089394 15.7995071
v 63.6778831 36.7644463 17.0016136
v 64.4021835 36.1955566 15.7995062
v 64.9221497 34.5197220 17.0016136
v 65.6196136 33.9385567 15.7995062
v 66.0873184 32.2329445 17.0016117
v 66.7579803 31.6406651 15.7995071
v 67.1719742 29.9068928 17.0016117
v 67.8159027 29.3046494 15.7995071
v 68.1747894 27.5444050 17.0016117
v 68.7921219 26.9333229 15.7995062
v 69.0945511 25.1483593 17.0016117
v 69.6854401 24.5295448 15.7995062
v 69.9301224 22.7216740 17.0016117
v 70.4948044 22.0962105 15.7995062
v 70.6804962 20.2673073 17.0016136
v 71.2192154 19.6362534 15.7995062
v 71.3447571 17.7882462 17.0016136
v 71.8578262 17.1526337 15.7995062
v 71.9221039 15.2875147 17.0016136
v 72.4098434 14.6483498 15.7995052
v 72.4118118 12.7681570 17.0016136
v 72.8746185 12.1264133 15.7995052
v 72.8133011 10.2332430 17.0016117
v 73.2515793 9.5898657 15.7995062
v 73.1260834 7.6858616 17.0016117
v 73.5402832 7.0417619 15.7995062
v 73.3497696 5.1291156 17.0016117
v 73.7403717 4.4851747 15.7995052
v 73.4840927 2.5661206 17.0016117
v 73.8516159 1.9231828 15.7995052
v 73.5288849 -0.0000007 17.0016117
v 73.8738708 -0.6411263 15.7995052
v 73.4840927 -2.5661221 17.0016117
v 73.8071136 -3.2046630 15.7995052
v 73.3497696 -5.1291165 17.0016117
v 73.6514206 -5.7643385 15.7995043
v 73.1260834 -7.6858625 17.0016117
v 73.4069901 -8.3170671 15.7995043
v 72.8133011 -10.2332449 17.0016117
v 73.0741043 -10.8597755 15.7995043
v 72.4118118 -12.7681589 17.0016098
v 72.6531754 -13.3893986 15.7995052
v 71.9221039 -15.2875166 17.0016098
v 72.1446991 -15.9028883 15.7995052
v 71.3447571 -17.7882500 17.0016098
v 71.5493011 -18.3972187 15.7995043
v 70.6804962 -20.2673111 17.0016098
v 70.8676834 -20.8693790 15.7995043
v 69.9301224 -22.7216778 17.0016117
v 70.1006851 -23.3163948 15.7995043
v 69.0945511 -25.1483631 17.0016117
v 69.2492142 -25.7353153 15.7995043
v 68.1747894 -27.5444088 17.0016117
v 68.3143005 -28.1232262 15.7995033
v 67.1719742 -29.9068966 17.0016117
v 67.2970810 -30.4772511 15.7995033
v 66.0873184 -32.2329445 17.0016117
v 66.1987686 -32.7945518 15.7995043
v 64.9221497 -34.5197220 17.0016098
v 65.0206985 -35.0723381 15.7995043
v 63.6778831 -36.7644463 17.0016098
v 63.7642784 -37.3078690 15.7995043
v 62.3560333 -38.9643745 17.0016098
v 62.4310265 -39.4984436 15.7995033
v 60.9582100 -41.1168327 17.0016098
v 61.0225525 -41.6414261 15.7995033
v 59.4861183 -43.2191963 17.0016098
v 59.5405502 -43.7342339 15.7995033
v 57.9415512 -45.2689056 17.0016098
v 57.9868050 -45.7743454 15.7995033
v 56.3263931 -47.2634583 17.0016098
v 56.3631935 -47.7593002 15.7995033
v 54.6426125 -49.2004318 17.0016098
v 54.6716652 -49.6867142 15.7995024
v 52.8922539 -51.0774574 17.0016098
v 52.9142609 -51.5542564 15.7995024
v 51.0774536 -52.8922577 17.0016098
v 51.0931015 -53.3596764 15.7995024
v 49.2004280 -54.6426163 17.0016079
v 49.2103806 -55.1008072 15.7995033
v 47.2634544 -56.3263969 17.0016079
v 47.2683601 -56.7755432 15.7995033
v 45.2689018 -57.9415550 17.0016079
v 45.2693901 -58.3818703 15.7995033
v 43.2191925 -59.4861221 17.0016079
v 43.2158699 -59.9178505 15.7995033
v 41.1168289 -60.9582138 17.0016079
v 41.1102791 -61.3816376 15.7995024
v 38.9643707 -62.3560371 17.0016079
v 38.9551544 -62.7714615 15.7995024
v 36.7644424 -63.6778870 17.0016079
v 36.7530937 -64.0856476 15.7995024
v 34.5197182 -64.9221573 17.0016079
v 34.5067444 -65.3226242 15.7995024
v 32.2329407 -66.0873260 17.0016098
v 32.2188187 -66.4808884 15.7995024
v 29.9068928 -67.1719818 17.0016098
v 29.8920746 -67.5590439 15.7995024
v 27.5444050 -68.1747971 17.0016098
v 27.5293102 -68.5558014 15.7995024
v 25.1483593 -69.0945587 17.0016098
v 25.1333752 -69.4699478 15.7995024
v 22.7216740 -69.9301300 17.0016098
v 22.7071552 -70.3003998 15.7995024
v 20.2673073 -70.6805038 17.0016098
v 20.2535763 -71.0461349 15.7995014
v 17.7882462 -71.3447647 17.0016098
v 17.7755947 -71.7062683 15.7995014
v 15.2875147 -71.9221115 17.0016098
v 15.2761936 -72.2799988 15.7995014
v 12.7681570 -72.4118195 17.0016098
v 12.7583857 -72.7666397 15.7995014
v 10.2332430 -72.8133087 17.0016098
v 10.2252045 -73.1656036 15.7995014
v 7.6858616 -73.1260910 17.0016098
v 7.6797037 -73.4764099 15.7995014
v 5.1291156 -73.3497772 17.0016098
v 5.1249490 -73.6986847 15.7995014
v 2.5661211 -73.4841003 17.0016098
v 49.2171288 55.9203758 11.3185968
v 48.9409027 56.1697235 10.8452082
v 48.6281548 56.3890076 12.0959959
v 46.9614487 57.8348656 10.8452082
v 46.6417770 58.0427628 12.0959959
v 44.9253845 59.4302902 10.8452082
v 44.5992012 59.6265793 12.0959959
v 42.8351631 60.9540710 10.8452091
v 42.5028877 61.1385498 12.0959969
v 40.6932983 62.4043694 10.8452091
v 40.3553619 62.5768547 12.0959969
v 38.5023804 63.7794342 10.8452091
v 38.1592102 63.9397583 12.0959969
v 36.2650452 65.0776138 10.8452091
v 35.9170761 65.2256165 12.0959969
v 33.9839935 66.2973480 10.8452091
v 33.6316681 66.4328918 12.0959969
v 31.6619759 67.4371490 10.8452091
v 31.3057384 67.5601120 12.0959969
v 29.3017845 68.4956589 10.8452091
v 28.9420853 68.6059341 12.0959969
v 26.9062710 69.4715958 10.8452091
v 26.5435600 69.5690842 12.0959969
v 24.4783211 70.3637848 10.8452091
v 24.1130505 70.4484100 12.0959969
v 22.0208626 71.1711426 10.8452101
v 21.6534882 71.2428589 12.0959978
v 19.5368576 71.8927078 10.8452101
v 19.1678333 71.9514542 12.0959978
v 17.0292988 72.5276031 10.8452101
v 16.6590843 72.5733643 12.0959978
v 14.5012131 73.0750656 10.8452101
v 14.1302614 73.1078262 12.0959978
v 11.9556446 73.5344315 10.8452101
v 11.5844135 73.5541916 12.0959978
v 9.3956642 73.9051514 10.8452101
v 9.0246067 73.9119415 12.0959978
v 6.8243566 74.1867752 10.8452101
v 6.4539261 74.1806259 12.0959978
v 4.2448220 74.3789749 10.8452101
v 3.8754687 74.3599243 12.0959978
v 1.6601703 74.4814987 10.8452101
v 1.2923419 74.4496307 12.0959978
v -0.9264829 74.4942398 10.8452101
v -1.2923419 74.4496307 12.0959978
v -3.5120189 74.4171753 10.8452101
v -3.8754687 74.3599243 12.0959978
v -6.0933213 74.2503967 10.8452101
v -6.4539261 74.1806259 12.0959978
v -8.6672773 73.9941101 10.8452101
v -9.0246067 73.9119415 12.0959978
v -11.2307863 73.6486206 10.8452101
v -11.5844135 73.5541916 12.0959978
v -13.7807550 73.2143478 10.8452101
v -14.1302614 73.1078262 12.0959978
v -16.3141117 72.6918106 10.8452101
v -16.6590843 72.5733643 12.0959978
v -18.8278008 72.0816498 10.8452101
v -19.1678333 71.9514542 12.0959978
v -21.3187923 71.3845825 10.8452101
v -21.6534882 71.2428589 12.0959978
v -23.7840843 70.6014709 10.8452091
v -24.1130505 70.4484100 12.0959969
v -26.2207050 69.7332382 10.8452091
v -26.5435600 69.5690842 12.0959969
v -28.6257133 68.7809448 10.8452091
v -28.9420853 68.6059341 12.0959969
v -30.9962158 67.7457352 10.8452091
v -31.3057384 67.5601120 12.0959969
v -33.3293495 66.6288528 10.8452091
v -33.6316681 66.4328918 12.0959969
v -35.6223030 65.4316559 10.8452091
v -35.9170761 65.2256165 12.0959969
v -37.8723145 64.1555710 10.8452091
v -38.1592102 63.9397583 12.0959969
v -40.0766716 62.8021507 10.8452091
v -40.3553619 62.5768547 12.0959969
v -42.2327156 61.3730202 10.8452091
v -42.5028877 61.1385498 12.0959969
v -44.3378448 59.8698997 10.8452082
v -44.5992012 59.6265793 12.0959959
v -46.3895264 58.2946091 10.8452082
v -46.6417770 58.0427628 12.0959959
v -48.3852844 56.6490440 10.8452082
v -48.6281548 56.3890076 12.0959959
v -50.3227119 54.9351845 10.8452082
v -50.5559387 54.6673126 12.0959959
v -52.1994743 53.1550980 10.8452091
v -52.4228058 52.8797417 12.0959969
v -54.0133095 51.3109360 10.8452091
v -54.2265091 51.0284576 12.0959969
v -55.7620277 49.4049149 10.8452091
v -55.9648705 49.1156883 12.0959969
v -57.4435272 47.4393349 10.8452082
v -57.6357994 47.1437416 12.0959959
v -59.0557785 45.4165688 10.8452082
v -59.2372818 45.1149864 12.0959959
v -60.5968323 43.3390503 10.8452082
v -60.7673912 43.0318718 12.0959959
v -62.0648384 41.2092857 10.8452082
v -62.2242775 40.8969078 12.0959959
v -63.4580231 39.0298424 10.8452082
v -63.6061897 38.7126656 12.0959959
v -64.7747040 36.8033485 10.8452072
v -64.9114532 36.4817772 12.0959949
v -66.0133057 34.5324860 10.8452072
v -66.1385117 34.2069321 12.0959949
v -67.1723251 32.2199974 10.8452082
v -67.2858810 31.8908691 12.0959959
v -68.2503586 29.8686638 10.8452082
v -68.3521729 29.5363808 12.0959959
v -69.2461243 27.4813232 10.8452082
v -69.3361053 27.1463032 12.0959949
v -70.1584091 25.0608540 10.8452072
v -70.2364883 24.7235165 12.0959949
v -70.9861221 22.6101723 10.8452072
v -71.0522461 22.2709408 12.0959949
v -71.7282486 20.1322346 10.8452072
v -71.7823944 19.7915287 12.0959949
v -72.3839111 17.6300278 10.8452072
v -72.4260483 17.2882710 12.0959949
v -72.9523163 15.1065645 10.8452063
v -72.9824371 14.7641840 12.0959940
v -73.4327774 12.5648928 10.8452063
v -73.4508820 12.2223053 12.0959940
v -73.8247070 10.0080729 10.8452072
v -73.8308258 9.6656990 12.0959949
v -74.1276398 7.4391890 10.8452072
v -74.1218109 7.0974464 12.0959949
v -74.3412170 4.8613367 10.8452063
v -74.3234863 4.5206423 12.0959940
v -74.4651718 2.2776237 10.8452063
v -74.4356079 1.9383909 12.0959940
v -74.4993515 -0.3088352 10.8452063
v -74.4580383 -0.6461959 12.0959940
v -74.4437256 -2.8949215 10.8452063
v -74.3907547 -3.2300041 12.0959940
v -74.2983551 -5.4775181 10.8452053
v -74.2338333 -5.8099203 12.0959930
v -74.0634155 -8.0535116 10.8452053
v -73.9874649 -8.3828354 12.0959930
v -73.7391968 -10.6197968 10.8452053
v -73.6519470 -10.9456511 12.0959940
v -73.3260803 -13.1732788 10.8452063
v -73.2276917 -13.4952774 12.0959940
v -72.8245621 -15.7108803 10.8452063
v -72.7151947 -16.0286446 12.0959940
v -72.2352600 -18.2295418 10.8452053
v -72.1150818 -18.5426979 12.0959930
v -71.5588760 -20.7262268 10.8452053
v -71.4280853 -21.0344067 12.0959930
v -70.7962189 -23.1979275 10.8452053
v -70.6550140 -23.5007725 12.0959930
v -69.9482269 -25.6416607 10.8452053
v -69.7968140 -25.9388199 12.0959930
v -69.0158997 -28.0544834 10.8452044
v -68.8545074 -28.3456154 12.0959921
v -68.0003815 -30.4334869 10.8452044
v -67.8292389 -30.7182541 12.0959921
v -66.9028854 -32.7757988 10.8452053
v -66.7222443 -33.0538788 12.0959930
v -65.7247314 -35.0786018 10.8452053
v -65.5348587 -35.3496780 12.0959930
v -64.4673538 -37.3391190 10.8452053
v -64.2685013 -37.6028862 12.0959930
v -63.1322556 -39.5546188 10.8452044
v -62.9247093 -39.8107834 12.0959921
v -61.7210503 -41.7224350 10.8452044
v -61.5050964 -41.9707108 12.0959921
v -60.2354355 -43.8399582 10.8452044
v -60.0113754 -44.0800667 12.0959921
v -58.6772079 -45.9046288 10.8452044
v -58.4453468 -46.1363106 12.0959921
v -57.0482445 -47.9139595 10.8452044
v -56.8088913 -48.1369667 12.0959921
v -55.3505058 -49.8655281 10.8452034
v -55.1039886 -50.0796165 12.0959911
v -53.5860443 -51.7569847 10.8452034
v -53.3326912 -51.9619293 12.0959911
v -51.7569809 -53.5860481 10.8452034
v -51.4971275 -53.7816277 12.0959911
v -49.8655243 -55.3505096 10.8452044
v -49.5995178 -55.5365257 12.0959921
v -47.9139557 -57.0482483 10.8452044
v -47.6421432 -57.2245064 12.0959921
v -45.9046249 -58.6772118 10.8452044
v -45.6273651 -58.8435326 12.0959921
v -43.8399544 -60.2354393 10.8452034
v -43.5576057 -60.3916626 12.0959911
v -41.7224312 -61.7210541 10.8452034
v -41.4353676 -61.8670197 12.0959911
v -39.5546150 -63.1322594 10.8452034
v -39.2631989 -63.2678375 12.0959911
v -37.3391151 -64.4673615 10.8452034
v -37.0437241 -64.5924149 12.0959911
v -35.0785980 -65.7247391 10.8452034
v -34.7796135 -65.8391724 12.0959911
v -32.7757950 -66.9028931 10.8452034
v -32.4735947 -67.0065918 12.0959911
v -30.4334850 -68.0003891 10.8452034
v -30.1284504 -68.0932770 12.0959911
v -28.0544815 -69.0159073 10.8452034
v -27.7470016 -69.0979156 12.0959911
v -25.6416588 -69.9482346 10.8452034
v -25.3321209 -70.0192947 12.0959911
v -23.1979256 -70.7962265 10.8452034
v -22.8867168 -70.8563080 12.0959911
v -20.7262249 -71.5588837 10.8452024
v -20.4137344 -71.6079407 12.0959902
v -18.2295399 -72.2352676 10.8452024
v -17.9161568 -72.2733002 12.0959902
v -15.7108784 -72.8245697 10.8452024
v -15.3969927 -72.8515701 12.0959902
v -13.1732769 -73.3260880 10.8452024
v -12.8592739 -73.3420563 12.0959902
v -10.6197948 -73.7392044 10.8452024
v -10.3060617 -73.7441711 12.0959902
v -8.0535097 -74.0634232 10.8452024
v -7.7404323 -74.0574341 12.0959902
v -5.4775171 -74.2983627 10.8452024
v -5.1654754 -74.2814636 12.0959902
v -2.8949208 -74.4437332 10.8452024
v -2.5871649 -74.4158936 12.0959902
v -0.3088347 -74.4993591 10.8452024
v 0.0000000 -74.4608536 12.0959902
v 2.2776239 -74.4651794 10.8452024
v 7.7404323 -74.0574341 12.0959902
v 10.0080729 -73.8247147 10.8452024
v 10.3060617 -73.7441711 12.0959902
v 12.5648928 -73.4327850 10.8452024
v 12.8592739 -73.3420563 12.0959902
v 15.1065645 -72.9523239 10.8452024
v 15.3969927 -72.8515701 12.0959902
v 17.6300259 -72.3839188 10.8452024
v 17.9161568 -72.2733002 12.0959902
v 20.1322327 -71.7282562 10.8452024
v 20.4137344 -71.6079407 12.0959902
v 22.6101704 -70.9861298 10.8452024
v 22.8867168 -70.8563080 12.0959911
v 25.0608521 -70.1584167 10.8452034
v 25.3321209 -70.0192947 12.0959911
v 27.4813213 -69.2461319 10.8452034
v 27.7470016 -69.0979156 12.0959911
v 29.8686619 -68.2503662 10.8452034
v 30.1284504 -68.0932770 12.0959911
v 32.2199936 -67.1723328 10.8452034
v 32.4735947 -67.0065918 12.0959911
v 34.5324821 -66.0133133 10.8452034
v 34.7796135 -65.8391724 12.0959911
v 36.8033447 -64.7747116 10.8452034
v 37.0437241 -64.5924149 12.0959911
v 39.0298386 -63.4580269 10.8452034
v 39.2631989 -63.2678375 12.0959911
v 41.2092819 -62.0648422 10.8452034
v 41.4353676 -61.8670197 12.0959911
v 43.3390465 -60.5968361 10.8452034
v 43.5576057 -60.3916626 12.0959911
v 45.4165649 -59.0557823 10.8452044
v 45.6273651 -58.8435326 12.0959921
v 47.4393311 -57.4435310 10.8452044
v 47.6421432 -57.2245064 12.0959921
v 49.4049110 -55.7620316 10.8452044
v 49.5995178 -55.5365257 12.0959921
v 51.3109322 -54.0133133 10.8452034
v 51.4971275 -53.7816277 12.0959911
v 53.1550941 -52.1994781 10.8452034
v 53.3326912 -51.9619293 12.0959911
v 54.9351807 -50.3227158 10.8452034
v 55.1039886 -50.0796165 12.0959911
v 56.6490402 -48.3852882 10.8452044
v 56.8088913 -48.1369667 12.0959921
v 58.2946053 -46.3895302 10.8452044
v 58.4453468 -46.1363106 12.0959921
v 59.8698959 -44.3378487 10.8452044
v 60.0113754 -44.0800667 12.0959921
v 61.3730164 -42.2327194 10.8452044
v 61.5050964 -41.9707108 12.0959921
v 62.8021469 -40.0766754 10.8452044
v 62.9247093 -39.8107834 12.0959921
v 64.1555634 -37.8723183 10.8452053
v 64.2685013 -37.6028862 12.0959930
v 65.4316483 -35.6223068 10.8452053
v 65.5348587 -35.3496780 12.0959930
v 66.6288452 -33.3293533 10.8452053
v 66.7222443 -33.0538788 12.0959930
v 67.7457275 -30.9962177 10.8452044
v 67.8292389 -30.7182541 12.0959921
v 68.7809372 -28.6257153 10.8452044
v 68.8545074 -28.3456154 12.0959921
v 69.7332306 -26.2207069 10.8452053
v 69.7968140 -25.9388199 12.0959930
v 70.6014633 -23.7840862 10.8452053
v 70.6550140 -23.5007725 12.0959930
v 71.3845749 -21.3187943 10.8452053
v 71.4280853 -21.0344067 12.0959930
v 72.0816422 -18.8278027 10.8452053
v 72.1150818 -18.5426979 12.0959930
v 72.6918030 -16.3141136 10.8452063
v 72.7151947 -16.0286446 12.0959940
v 73.2143402 -13.7807570 10.8452063
v 73.2276917 -13.4952774 12.0959940
v 73.6486130 -11.2307882 10.8452063
v 73.6519470 -10.9456511 12.0959940
v 73.9941025 -8.6672792 10.8452053
v 73.9874649 -8.3828354 12.0959930
v 74.2503891 -6.0933223 10.8452053
v 74.2338333 -5.8099203 12.0959930
v 74.4171677 -3.5120196 10.8452063
v 74.3907547 -3.2300041 12.0959940
v 74.4942322 -0.9264834 10.8452063
v 74.4580383 -0.6461959 12.0959940
v 74.4814911 1.6601700 10.8452063
v 74.4356079 1.9383909 12.0959940
v 74.3789673 4.2448220 10.8452063
v 74.3234863 4.5206423 12.0959940
v 74.1867676 6.8243566 10.8452072
v 74.1218109 7.0974464 12.0959949
v 73.9051437 9.3956642 10.8452072
v 73.8308258 9.6656990 12.0959949
v 73.5344238 11.9556446 10.8452063
v 73.4508820 12.2223053 12.0959940
v 73.0750580 14.5012131 10.8452063
v 72.9824371 14.7641840 12.0959940
v 72.5275955 17.0293007 10.8452072
v 72.4260483 17.2882710 12.0959949
v 71.8927002 19.5368595 10.8452072
v 71.7823944 19.7915287 12.0959949
v 71.1711349 22.0208645 10.8452072
v 71.0522461 22.2709408 12.0959949
v 70.3637772 24.4783230 10.8452072
v 70.2364883 24.7235165 12.0959949
v 69.4715881 26.9062729 10.8452072
v 69.3361053 27.1463032 12.0959949
v 68.4956512 29.3017864 10.8452082
v 68.3521729 29.5363808 12.0959959
v 67.4371414 31.6619778 10.8452082
v 67.2858810 31.8908691 12.0959959
v 66.2973404 33.9839973 10.8452072
v 66.1385117 34.2069321 12.0959949
v 65.0776062 36.2650490 10.8452072
v 64.9114532 36.4817772 12.0959949
v 63.7794304 38.5023842 10.8452082
v 63.6061897 38.7126656 12.0959959
v 62.4043655 40.6933022 10.8452082
v 62.2242775 40.8969078 12.0959959
v 60.9540672 42.8351669 10.8452082
v 60.7673912 43.0318718 12.0959959
v 59.4302864 44.9253883 10.8452082
v 59.2372818 45.1149864 12.0959959
v 57.8348618 46.9614525 10.8452082
v 57.6357994 47.1437416 12.0959959
v 56.1697197 48.9409065 10.8452082
v 55.9648705 49.1156883 12.0959969
v 55.9197655 49.2177887 11.3196077
v 55.6257057 49.5278549 11.7459011
v 55.2944565 49.8673668 12.1168432
v 54.9322815 50.2330971 12.4276943
v 54.5446053 50.6225739 12.6749811
v 54.1383972 51.0315208 12.8546333
v 53.7211189 51.4542694 12.9635201
v 53.2994843 51.8852768 13.0000029
v 52.8323135 52.3609009 13.0000029
v 52.3608971 52.8323174 13.0000029
v 51.8852730 53.2994881 13.0000029
v 51.4541512 53.7212372 12.9635010
v 51.0312576 54.1386566 12.8545437
v 50.6225243 54.5446701 12.6749506
v 50.2322731 54.9330292 12.4271135
v 49.8661270 55.2956505 12.1156607
v 49.5269737 55.6265755 11.7448072
v 2.7679269 -59.0291214 61.6192894
v 2.4724605 -58.9192543 61.9983902
v 2.2552934 -58.8471222 49.1393890
v 2.1554391 -58.8167686 62.3669434
v 1.8190619 -58.7242126 62.7218704
v 1.5166317 -58.6549454 49.1393890
v 1.4686362 -58.6451988 63.0456810
v 1.1253105 -58.5847473 63.3098297
v 0.7622631 -58.5388374 49.1393890
v 0.8073490 -58.5434380 63.5002899
v 0.5111364 -58.5174370 63.6252518
v 0.3659337 -58.5089302 63.6667061
v 0.0000000 -58.5000000 49.1393890
v 0.0000000 -58.5000038 34.5696945
v -0.7622631 -58.5388412 34.5696945
v -0.7622631 -58.5388374 19.9999962
v -1.5166317 -58.6549454 19.9999962
v -1.5166317 -58.6549492 34.5696945
v -2.2552934 -58.8471222 19.9999962
v -2.2552934 -58.8471260 34.5696945
v -2.9705980 -59.1133804 19.9999962
v -2.9705980 -59.1133842 34.5696945
v -3.6551378 -59.4509583 19.9999962
v -3.6551378 -59.4509621 34.5696945
v -4.3018227 -59.8563614 19.9999962
v -3.6551378 -59.4509583 49.1393890
v -3.9380794 -59.6169357 59.6006737
v -3.5295541 -59.3823509 60.4035416
v -2.9705980 -59.1133804 49.1393890
v -3.0423036 -59.1444588 61.2215424
v -2.7679269 -59.0291214 61.6192894
v -2.4724605 -58.9192543 61.9983902
v -2.2552934 -58.8471222 49.1393890
v -2.1713190 -58.8214645 62.3494301
v -1.8648915 -58.7358398 62.6761475
v -1.5166317 -58.6549454 49.1393890
v -1.5548754 -58.6630669 62.9708710
v -1.2429078 -58.6037064 63.2258186
v -0.7622631 -58.5388374 49.1393890
v -0.9391980 -58.5589790 63.4280586
v -0.6496629 -58.5281639 63.5734024
v -0.3692378 -58.5090942 63.6659203
v -0.2251161 -58.5033798 63.6940002
v -0.0780522 -58.5004044 63.7086868
v 0.0699673 -58.5003242 63.7090797
v 0.2184431 -58.5031815 63.6949768
v -4.3018227 -59.8563614 58.7849693
v 0.0000000 -58.5000000 19.9999962
v 0.7622631 -58.5388412 34.5696945
v 0.7622631 -58.5388374 19.9999962
v 1.5166317 -58.6549492 34.5696945
v 1.5166317 -58.6549454 19.9999962
v 2.2552934 -58.8471260 34.5696945
v 2.9705980 -59.1133804 49.1393890
v 3.0423036 -59.1444588 61.2215424
v 3.5295541 -59.3823509 60.4035416
v 3.6551378 -59.4509583 49.1393890
v 3.9380794 -59.6169357 59.6006737
v 4.3018227 -59.8563614 58.7849693
v 3.6551378 -59.4509621 34.5696945
v 4.3018227 -59.8563614 19.9999962
v 3.6551378 -59.4509583 19.9999962
v 2.9705980 -59.1133804 19.9999962
v 2.9705980 -59.1133842 34.5696945
v 2.2552934 -58.8471222 19.9999962
v -66.6262741 4.4562054 20.0000000
v -66.3138962 4.4890375 10.0000000
v -65.9999924 4.4999990 20.0000000
v -65.6860886 4.4890375 10.0000000
v -65.3737106 4.4562054 20.0000000
v -65.0643921 4.4016638 10.0000000
v -64.7596207 4.3256764 20.0000000
v -64.4608994 4.2286162 10.0000000
v -64.1696777 4.1109538 20.0000000
v -63.8873749 3.9732637 10.0000000
v -63.6153603 3.8162158 20.0000000
v -63.3549614 3.6405759 10.0000000
v -63.1074524 3.4471993 20.0000000
v -62.8740349 3.2370286 10.0000000
v -62.6558456 3.0110869 20.0000000
v -62.4539490 2.7704761 10.0000000
v -62.2693253 2.5163674 20.0000000
v -62.1028824 2.2499995 10.0000000
v -61.9554214 1.9726692 20.0000000
v -61.8276672 1.6857293 10.0000000
v -61.7202415 1.3905755 20.0000000
v -61.6336670 1.0886482 10.0000000
v -61.5683632 0.7814159 20.0000000
v -61.5246468 0.4703777 10.0000000
v -61.5027390 0.1570468 20.0000000
v -61.5027390 -0.1570482 10.0000000
v -61.5246468 -0.4703790 20.0000000
v -61.5683632 -0.7814173 10.0000000
v -61.6336670 -1.0886495 20.0000000
v -61.7202415 -1.3905768 10.0000000
v -61.8276672 -1.6857306 20.0000000
v -61.9554214 -1.9726706 10.0000000
v -62.1028824 -2.2500007 20.0000000
v -62.2693253 -2.5163686 10.0000000
v -62.4539490 -2.7704773 20.0000000
v -62.6558456 -3.0110881 10.0000000
v -62.8740349 -3.2370298 20.0000000
v -63.1074524 -3.4472005 10.0000000
v -63.3549614 -3.6405771 20.0000000
v -63.6153603 -3.8162169 10.0000000
v -63.8873749 -3.9732649 20.0000000
v -64.1696777 -4.1109552 10.0000000
v -64.4608994 -4.2286177 20.0000000
v -64.7596207 -4.3256779 10.0000000
v -65.0643921 -4.4016652 20.0000000
v -65.3737106 -4.4562068 10.0000000
v -65.6860886 -4.4890389 20.0000000
v -65.9999924 -4.5000005 10.0000000
v -66.3138962 -4.4890389 20.0000000
v -66.6262741 -4.4562068 10.0000000
v -66.9355927 -4.4016652 20.0000000
v -67.2403641 -4.3256779 10.0000000
v -67.5390854 -4.2286177 20.0000000
v -67.8303070 -4.1109552 10.0000000
v -68.1126175 -3.9732649 20.0000000
v -68.3846283 -3.8162169 10.0000000
v -68.6450272 -3.6405771 20.0000000
v -68.8925400 -3.4472005 10.0000000
v -69.1259537 -3.2370298 20.0000000
v -69.3441467 -3.0110881 10.0000000
v -69.5460434 -2.7704773 20.0000000
v -69.7306595 -2.5163686 10.0000000
v -69.8971100 -2.2500007 20.0000000
v -70.0445633 -1.9726706 10.0000000
v -70.1723175 -1.6857306 20.0000000
v -70.2797470 -1.3905768 10.0000000
v -70.3663254 -1.0886495 20.0000000
v -70.4316254 -0.7814173 10.0000000
v -70.4753418 -0.4703790 20.0000000
v -70.4972534 -0.1570482 10.0000000
v -70.4972534 0.1570468 20.0000000
v -70.4753418 0.4703777 10.0000000
v -70.4316254 0.7814159 20.0000000
v -70.3663254 1.0886482 10.0000000
v -70.2797470 1.3905755 20.0000000
v -70.1723175 1.6857293 10.0000000
v -70.0445633 1.9726692 20.0000000
v -69.8971100 2.2499995 10.0000000
v -69.7306595 2.5163674 20.0000000
v -69.5460434 2.7704761 10.0000000
v -69.3441467 3.0110869 20.0000000
v -69.1259537 3.2370286 10.0000000
v -68.8925400 3.4471993 20.0000000
v -68.6450272 3.6405759 10.0000000
v -68.3846283 3.8162158 20.0000000
v -68.1126175 3.9732637 10.0000000
v -67.8303070 4.1109538 20.0000000
v -67.5390854 4.2286162 10.0000000
v -67.2403641 4.3256764 20.0000000
v -66.9355927 4.4016638 10.0000000
v -65.3737106 4.4562063 0.0000002
v -65.9999924 4.5000000 0.0000002
v -66.6262741 4.4562063 0.0000002
v -67.2403641 4.3256774 0.0000002
v -67.8303070 4.1109548 0.0000002
v -68.3846283 3.8162165 0.0000002
v -68.8925400 3.4472001 0.0000002
v -69.3441467 3.0110877 0.0000001
v -69.7306595 2.5163682 0.0000001
v -70.0445633 1.9726702 0.0000001
v -70.2797470 1.3905765 0.0000001
v -70.4316254 0.7814168 0.0000000
v -70.4972534 0.1570477 0.0000000
v -70.4753418 -0.4703781 -0.0000000
v -70.3663254 -1.0886486 -0.0000000
v -70.1723175 -1.6857296 -0.0000001
v -69.8971100 -2.2500000 -0.0000001
v -69.5460434 -2.7704766 -0.0000001
v -69.1259537 -3.2370291 -0.0000001
v -68.6450272 -3.6405764 -0.0000002
v -68.1126175 -3.9732642 -0.0000002
v -67.5390854 -4.2286167 -0.0000002
v -66.9355927 -4.4016643 -0.0000002
v -66.3138962 -4.4890380 -0.0000002
v -65.6860886 -4.4890380 -0.0000002
v -65.0643921 -4.4016643 -0.0000002
v -64.4608994 -4.2286167 -0.0000002
v -63.8873749 -3.9732642 -0.0000002
v -63.3549614 -3.6405764 -0.0000002
v -62.8740349 -3.2370291 -0.0000001
v -62.4539490 -2.7704766 -0.0000001
v -62.1028824 -2.2500000 -0.0000001
v -61.8276672 -1.6857296 -0.0000001
v -61.6336670 -1.0886486 -0.0000000
v -61.5246468 -0.4703781 -0.0000000
v -61.5027390 0.1570477 0.0000000
v -61.5683632 0.7814168 0.0000000
v -61.7202415 1.3905765 0.0000001
v -61.9554214 1.9726702 0.0000001
v -62.2693253 2.5163682 0.0000001
v -62.6558456 3.0110877 0.0000001
v -63.1074524 3.4472001 0.0000002
v -63.6153603 3.8162165 0.0000002
v -64.1696777 4.1109548 0.0000002
v -64.7596207 4.3256774 0.0000002
v -0.6262788 -61.5437927 19.9999962
v -0.3139041 -61.5109634 9.9999971
v 0.0000000 -61.5000000 19.9999962
v 0.3139041 -61.5109634 9.9999971
v 0.6262788 -61.5437927 19.9999962
v 0.9356025 -61.5983353 9.9999971
v 1.2403680 -61.6743240 19.9999962
v 1.5390905 -61.7713814 9.9999971
v 1.8303148 -61.8890457 19.9999962
v 2.1126218 -62.0267372 9.9999971
v 2.3846364 -62.1837845 19.9999962
v 2.6450334 -62.3594246 9.9999971
v 2.8925440 -62.5527992 19.9999962
v 3.1259625 -62.7629700 9.9999971
v 3.3441515 -62.9889107 19.9999962
v 3.5460482 -63.2295227 9.9999971
v 3.7306688 -63.4836311 19.9999962
v 3.8971140 -63.7500000 9.9999971
v 4.0445728 -64.0273285 19.9999962
v 4.1723270 -64.3142700 9.9999971
v 4.2797537 -64.6094208 19.9999962
v 4.3663301 -64.9113541 9.9999971
v 4.4316344 -65.2185822 19.9999962
v 4.4753480 -65.5296249 9.9999971
v 4.4972582 -65.8429489 19.9999981
v 4.4972582 -66.1570511 9.9999971
v 4.4753480 -66.4703751 19.9999981
v 4.4316344 -66.7814178 9.9999971
v 4.3663301 -67.0886459 19.9999981
v 4.2797537 -67.3905792 9.9999971
v 4.1723270 -67.6857300 19.9999981
v 4.0445728 -67.9726715 9.9999971
v 3.8971140 -68.2500000 19.9999981
v 3.7306688 -68.5163651 9.9999971
v 3.5460482 -68.7704773 19.9999981
v 3.3441515 -69.0110855 9.9999971
v 3.1259625 -69.2370300 19.9999981
v 2.8925440 -69.4471970 9.9999971
v 2.6450334 -69.6405792 19.9999981
v 2.3846364 -69.8162155 9.9999971
v 2.1126218 -69.9732666 19.9999981
v 1.8303148 -70.1109543 9.9999971
v 1.5390905 -70.2286148 19.9999981
v 1.2403680 -70.3256760 9.9999971
v 0.9356025 -70.4016647 19.9999981
v 0.6262788 -70.4562073 9.9999971
v 0.3139041 -70.4890366 19.9999981
v 0.0000000 -70.5000000 9.9999971
v -0.3139041 -70.4890366 19.9999981
v -0.6262788 -70.4562073 9.9999971
v -0.9356025 -70.4016647 19.9999981
v -1.2403680 -70.3256760 9.9999971
v -1.5390905 -70.2286148 19.9999981
v -1.8303148 -70.1109543 9.9999971
v -2.1126218 -69.9732666 19.9999981
v -2.3846364 -69.8162155 9.9999971
v -2.6450334 -69.6405792 19.9999981
v -2.8925440 -69.4471970 9.9999971
v -3.1259625 -69.2370300 19.9999981
v -3.3441515 -69.0110855 9.9999971
v -3.5460482 -68.7704773 19.9999981
v -3.7306688 -68.5163651 9.9999971
v -3.8971140 -68.2500000 19.9999981
v -4.0445728 -67.9726715 9.9999971
v -4.1723270 -67.6857300 19.9999981
v -4.2797537 -67.3905792 9.9999971
v -4.3663301 -67.0886459 19.9999981
v -4.4316344 -66.7814178 9.9999971
v -4.4753480 -66.4703751 19.9999981
v -4.4972582 -66.1570511 9.9999971
v -4.4972582 -65.8429489 19.9999981
v -4.4753480 -65.5296249 9.9999971
v -4.4316344 -65.2185822 19.9999962
v -4.3663301 -64.9113541 9.9999971
v -4.2797537 -64.6094208 19.9999962
v -4.1723270 -64.3142700 9.9999971
v -4.0445728 -64.0273285 19.9999962
v -3.8971140 -63.7500000 9.9999971
v -3.7306688 -63.4836311 19.9999962
v -3.5460482 -63.2295227 9.9999971
v -3.3441515 -62.9889107 19.9999962
v -3.1259625 -62.7629700 9.9999971
v -2.8925440 -62.5527992 19.9999962
v -2.6450334 -62.3594246 9.9999971
v -2.3846364 -62.1837845 19.9999962
v -2.1126218 -62.0267372 9.9999971
v -1.8303148 -61.8890457 19.9999962
v -1.5390905 -61.7713814 9.9999971
v -1.2403680 -61.6743240 19.9999962
v -0.9356025 -61.5983353 9.9999971
v 0.6262788 -61.5437927 -0.0000027
v 0.0000000 -61.5000000 -0.0000027
v -0.6262788 -61.5437927 -0.0000027
v -1.2403680 -61.6743240 -0.0000027
v -1.8303148 -61.8890457 -0.0000027
v -2.3846364 -62.1837845 -0.0000027
v -2.8925440 -62.5527992 -0.0000027
v -3.3441515 -62.9889107 -0.0000028
v -3.7306688 -63.4836311 -0.0000028
v -4.0445728 -64.0273285 -0.0000028
v -4.2797537 -64.6094208 -0.0000028
v -4.4316344 -65.2185822 -0.0000029
v -4.4972582 -65.8429489 -0.0000029
v -4.4753480 -66.4703751 -0.0000029
v -4.3663301 -67.0886459 -0.0000029
v -4.1723270 -67.6857300 -0.0000030
v -3.8971140 -68.2500000 -0.0000030
v -3.5460482 -68.7704773 -0.0000030
v -3.1259625 -69.2370300 -0.0000030
v -2.6450334 -69.6405792 -0.0000030
v -2.1126218 -69.9732666 -0.0000031
v -1.5390905 -70.2286148 -0.0000031
v -0.9356025 -70.4016647 -0.0000031
v -0.3139041 -70.4890366 -0.0000031
v 0.3139041 -70.4890366 -0.0000031
v 0.9356025 -70.4016647 -0.0000031
v 1.5390905 -70.2286148 -0.0000031
v 2.1126218 -69.9732666 -0.0000031
v 2.6450334 -69.6405792 -0.0000030
v 3.1259625 -69.2370300 -0.0000030
v 3.5460482 -68.7704773 -0.0000030
v 3.8971140 -68.2500000 -0.0000030
v 4.1723270 -67.6857300 -0.0000030
v 4.3663301 -67.0886459 -0.0000029
v 4.4753480 -66.4703751 -0.0000029
v 4.4972582 -65.8429489 -0.0000029
v 4.4316344 -65.2185822 -0.0000029
v 4.2797537 -64.6094208 -0.0000028
v 4.0445728 -64.0273285 -0.0000028
v 3.7306688 -63.4836311 -0.0000028
v 3.3441515 -62.9889107 -0.0000028
v 2.8925440 -62.5527992 -0.0000027
v 2.3846364 -62.1837845 -0.0000027
v 1.8303148 -61.8890457 -0.0000027
v 1.2403680 -61.6743240 -0.0000027
v -0.6262788 70.4562073 20.0000019
v -0.3139041 70.4890366 10.0000029
v 0.0000000 70.5000000 20.0000019
v 0.3139041 70.4890366 10.0000029
v 0.6262788 70.4562073 20.0000019
v 0.9356025 70.4016647 10.0000029
v 1.2403680 70.3256760 20.0000019
v 1.5390905 70.2286148 10.0000029
v 1.8303148 70.1109543 20.0000019
v 2.1126218 69.9732666 10.0000029
v 2.3846364 69.8162155 20.0000019
v 2.6450334 69.6405792 10.0000029
v 2.8925440 69.4471970 20.0000019
v 3.1259625 69.2370300 10.0000029
v 3.3441515 69.0110855 20.0000019
v 3.5460482 68.7704773 10.0000029
v 3.7306688 68.5163651 20.0000019
v 3.8971140 68.2500000 10.0000029
v 4.0445728 67.9726715 20.0000019
v 4.1723270 67.6857300 10.0000029
v 4.2797537 67.3905792 20.0000019
v 4.3663301 67.0886459 10.0000029
v 4.4316344 66.7814178 20.0000019
v 4.4753480 66.4703751 10.0000029
v 4.4972582 66.1570511 20.0000019
v 4.4972582 65.8429489 10.0000029
v 4.4753480 65.5296249 20.0000019
v 4.4316344 65.2185822 10.0000029
v 4.3663301 64.9113541 20.0000038
v 4.2797537 64.6094208 10.0000029
v 4.1723270 64.3142700 20.0000038
v 4.0445728 64.0273285 10.0000029
v 3.8971140 63.7500000 20.0000038
v 3.7306688 63.4836311 10.0000029
v 3.5460482 63.2295227 20.0000038
v 3.3441515 62.9889107 10.0000029
v 3.1259625 62.7629700 20.0000038
v 2.8925440 62.5527992 10.0000029
v 2.6450334 62.3594246 20.0000038
v 2.3846364 62.1837845 10.0000029
v 2.1126218 62.0267372 20.0000038
v 1.8303148 61.8890457 10.0000029
v 1.5390905 61.7713814 20.0000038
v 1.2403680 61.6743240 10.0000029
v 0.9356025 61.5983353 20.0000038
v 0.6262788 61.5437927 10.0000029
v 0.3139041 61.5109634 20.0000038
v 0.0000000 61.5000000 10.0000029
v -0.3139041 61.5109634 20.0000038
v -0.6262788 61.5437927 10.0000029
v -0.9356025 61.5983353 20.0000038
v -1.2403680 61.6743240 10.0000029
v -1.5390905 61.7713814 20.0000038
v -1.8303148 61.8890457 10.0000029
v -2.1126218 62.0267372 20.0000038
v -2.3846364 62.1837845 10.0000029
v -2.6450334 62.3594246 20.0000038
v -2.8925440 62.5527992 10.0000029
v -3.1259625 62.7629700 20.0000038
v -3.3441515 62.9889107 10.0000029
v -3.5460482 63.2295227 20.0000038
v -3.7306688 63.4836311 10.0000029
v -3.8971140 63.7500000 20.0000038
v -4.0445728 64.0273285 10.0000029
v -4.1723270 64.3142700 20.0000038
v -4.2797537 64.6094208 10.0000029
v -4.3663301 64.9113541 20.0000038
v -4.4316344 65.2185822 10.0000029
v -4.4753480 65.5296249 20.0000019
v -4.4972582 65.8429489 10.0000029
v -4.4972582 66.1570511 20.0000019
v -4.4753480 66.4703751 10.0000029
v -4.4316344 66.7814178 20.0000019
v -4.3663301 67.0886459 10.0000029
v -4.2797537 67.3905792 20.0000019
v -4.1723270 67.6857300 10.0000029
v -4.0445728 67.9726715 20.0000019
v -3.8971140 68.2500000 10.0000029
v -3.7306688 68.5163651 20.0000019
v -3.5460482 68.7704773 10.0000029
v -3.3441515 69.0110855 20.0000019
v -3.1259625 69.2370300 10.0000029
v -2.8925440 69.4471970 20.0000019
v -2.6450334 69.6405792 10.0000029
v -2.3846364 69.8162155 20.0000019
v -2.1126218 69.9732666 10.0000029
v -1.8303148 70.1109543 20.0000019
v -1.5390905 70.2286148 10.0000029
v -1.2403680 70.3256760 20.0000019
v -0.9356025 70.4016647 10.0000029
v 0.6262788 70.4562073 0.0000031
v 0.0000000 70.5000000 0.0000031
v -0.6262788 70.4562073 0.0000031
v -1.2403680 70.3256760 0.0000031
v -1.8303148 70.1109543 0.0000031
v -2.3846364 69.8162155 0.0000031
v -2.8925440 69.4471970 0.0000030
v -3.3441515 69.0110855 0.0000030
v -3.7306688 68.5163651 0.0000030
v -4.0445728 67.9726715 0.0000030
v -4.2797537 67.3905792 0.0000029
v -4.4316344 66.7814178 0.0000029
v -4.4972582 66.1570511 0.0000029
v -4.4753480 65.5296249 0.0000029
v -4.3663301 64.9113541 0.0000028
v -4.1723270 64.3142700 0.0000028
v -3.8971140 63.7500000 0.0000028
v -3.5460482 63.2295227 0.0000028
v -3.1259625 62.7629700 0.0000027
v -2.6450334 62.3594246 0.0000027
v -2.1126218 62.0267372 0.0000027
v -1.5390905 61.7713814 0.0000027
v -0.9356025 61.5983353 0.0000027
v -0.3139041 61.5109634 0.0000027
v 0.3139041 61.5109634 0.0000027
v 0.9356025 61.5983353 0.0000027
v 1.5390905 61.7713814 0.0000027
v 2.1126218 62.0267372 0.0000027
v 2.6450334 62.3594246 0.0000027
v 3.1259625 62.7629700 0.0000027
v 3.5460482 63.2295227 0.0000028
v 3.8971140 63.7500000 0.0000028
v 4.1723270 64.3142700 0.0000028
v 4.3663301 64.9113541 0.0000028
v 4.4753480 65.5296249 0.0000029
v 4.4972582 66.1570511 0.0000029
v 4.4316344 66.7814178 0.0000029
v 4.2797537 67.3905792 0.0000029
v 4.0445728 67.9726715 0.0000030
v 3.7306688 68.5163651 0.0000030
v 3.3441515 69.0110855 0.0000030
v 2.8925440 69.4471970 0.0000030
v 2.3846364 69.8162155 0.0000031
v 1.8303148 70.1109543 0.0000031
v 1.2403680 70.3256760 0.0000031
v 65.3737106 4.4562054 20.0000000
v 65.6860886 4.4890375 10.0000000
v 65.9999924 4.4999990 20.0000000
v 66.3138962 4.4890375 10.0000000
v 66.6262741 4.4562054 20.0000000
v 66.9355927 4.4016638 10.0000000
v 67.2403641 4.3256764 20.0000000
v 67.5390854 4.2286162 10.0000000
v 67.8303070 4.1109538 20.0000000
v 68.1126175 3.9732637 10.0000000
v 68.3846283 3.8162158 20.0000000
v 68.6450272 3.6405759 10.0000000
v 68.8925400 3.4471993 20.0000000
v 69.1259537 3.2370286 10.0000000
v 69.3441467 3.0110869 20.0000000
v 69.5460434 2.7704761 10.0000000
v 69.7306595 2.5163674 20.0000000
v 69.8971100 2.2499995 10.0000000
v 70.0445633 1.9726692 20.0000000
v 70.1723175 1.6857293 10.0000000
v 70.2797470 1.3905755 20.0000000
v 70.3663254 1.0886482 10.0000000
v 70.4316254 0.7814159 20.0000000
v 70.4753418 0.4703777 10.0000000
v 70.4972534 0.1570468 20.0000000
v 70.4972534 -0.1570482 10.0000000
v 70.4753418 -0.4703790 20.0000000
v 70.4316254 -0.7814173 10.0000000
v 70.3663254 -1.0886495 20.0000000
v 70.2797470 -1.3905768 10.0000000
v 70.1723175 -1.6857306 20.0000000
v 70.0445633 -1.9726706 10.0000000
v 69.8971100 -2.2500007 20.0000000
v 69.7306595 -2.5163686 10.0000000
v 69.5460434 -2.7704773 20.0000000
v 69.3441467 -3.0110881 10.0000000
v 69.1259537 -3.2370298 20.0000000
v 68.8925400 -3.4472005 10.0000000
v 68.6450272 -3.6405771 20.0000000
v 68.3846283 -3.8162169 10.0000000
v 68.1126175 -3.9732649 20.0000000
v 67.8303070 -4.1109552 10.0000000
v 67.5390854 -4.2286177 20.0000000
v 67.2403641 -4.3256779 10.0000000
v 66.9355927 -4.4016652 20.0000000
v 66.6262741 -4.4562068 10.0000000
v 66.3138962 -4.4890389 20.0000000
v 65.9999924 -4.5000005 10.0000000
v 65.6860886 -4.4890389 20.0000000
v 65.3737106 -4.4562068 10.0000000
v 65.0643921 -4.4016652 20.0000000
v 64.7596207 -4.3256779 10.0000000
v 64.4608994 -4.2286177 20.0000000
v 64.1696777 -4.1109552 10.0000000
v 63.8873749 -3.9732649 20.0000000
v 63.6153603 -3.8162169 10.0000000
v 63.3549614 -3.6405771 20.0000000
v 63.1074524 -3.4472005 10.0000000
v 62.8740349 -3.2370298 20.0000000
v 62.6558456 -3.0110881 10.0000000
v 62.4539490 -2.7704773 20.0000000
v 62.2693253 -2.5163686 10.0000000
v 62.1028824 -2.2500007 20.0000000
v 61.9554214 -1.9726706 10.0000000
v 61.8276672 -1.6857306 20.0000000
v 61.7202415 -1.3905768 10.0000000
v 61.6336670 -1.0886495 20.0000000
v 61.5683632 -0.7814173 10.0000000
v 61.5246468 -0.4703790 20.0000000
v 61.5027390 -0.1570482 10.0000000
v 61.5027390 0.1570468 20.0000000
v 61.5246468 0.4703777 10.0000000
v 61.5683632 0.7814159 20.0000000
v 61.6336670 1.0886482 10.0000000
v 61.7202415 1.3905755 20.0000000
v 61.8276672 1.6857293 10.0000000
v 61.9554214 1.9726692 20.0000000
v 62.1028824 2.2499995 10.0000000
v 62.2693253 2.5163674 20.0000000
v 62.4539490 2.7704761 10.0000000
v 62.6558456 3.0110869 20.0000000
v 62.8740349 3.2370286 10.0000000
v 63.1074524 3.4471993 20.0000000
v 63.3549614 3.6405759 10.0000000
v 63.6153603 3.8162158 20.0000000
v 63.8873749 3.9732637 10.0000000
v 64.1696777 4.1109538 20.0000000
v 64.4608994 4.2286162 10.0000000
v 64.7596207 4.3256764 20.0000000
v 65.0643921 4.4016638 10.0000000
v 66.6262741 4.4562063 0.0000002
v 65.9999924 4.5000000 0.0000002
v 65.3737106 4.4562063 0.0000002
v 64.7596207 4.3256774 0.0000002
v 64.1696777 4.1109548 0.0000002
v 63.6153603 3.8162165 0.0000002
v 63.1074524 3.4472001 0.0000002
v 62.6558456 3.0110877 0.0000001
v 62.2693253 2.5163682 0.0000001
v 61.9554214 1.9726702 0.0000001
v 61.7202415 1.3905765 0.0000001
v 61.5683632 0.7814168 0.0000000
v 61.5027390 0.1570477 0.0000000
v 61.5246468 -0.4703781 -0.0000000
v 61.6336670 -1.0886486 -0.0000000
v 61.8276672 -1.6857296 -0.0000001
v 62.1028824 -2.2500000 -0.0000001
v 62.4539490 -2.7704766 -0.0000001
v 62.8740349 -3.2370291 -0.0000001
v 63.3549614 -3.6405764 -0.0000002
v 63.8873749 -3.9732642 -0.0000002
v 64.4608994 -4.2286167 -0.0000002
v 65.0643921 -4.4016643 -0.0000002
v 65.6860886 -4.4890380 -0.0000002
v 66.3138962 -4.4890380 -0.0000002
v 66.9355927 -4.4016643 -0.0000002
v 67.5390854 -4.2286167 -0.0000002
v 68.1126175 -3.9732642 -0.0000002
v 68.6450272 -3.6405764 -0.0000002
v 69.1259537 -3.2370291 -0.0000001
v 69.5460434 -2.7704766 -0.0000001
v 69.8971100 -2.2500000 -0.0000001
v 70.1723175 -1.6857296 -0.0000001
v 70.3663254 -1.0886486 -0.0000000
v 70.4753418 -0.4703781 -0.0000000
v 70.4972534 0.1570477 0.0000000
v 70.4316254 0.7814168 0.0000000
v 70.2797470 1.3905765 0.0000001
v 70.0445633 1.9726702 0.0000001
v 69.7306595 2.5163682 0.0000001
v 69.3441467 3.0110877 0.0000001
v 68.8925400 3.4472001 0.0000002
v 68.3846283 3.8162165 0.0000002
v 67.8303070 4.1109548 0.0000002
v 67.2403641 4.3256774 0.0000002
v 0.9999629 57.9913750 78.5000076
v 0.9999629 57.9913750 76.0000076
v 0.9910796 57.8677864 78.6237335
v 0.9834481 57.8188057 76.0000076
v 0.9657747 57.7412949 78.7506409
v 0.9373782 57.6516838 76.0000076
v 0.9230679 57.6153908 78.8772202
v 0.8631374 57.4950256 76.0000076
v 0.8622602 57.4935303 79.0000076
v 0.7629572 57.3535461 76.0000076
v 0.7620217 57.3524437 79.0000076
v 0.6398478 57.2314949 76.0000076
v 0.6389585 57.2307549 79.0000076
v 0.4975093 57.1325378 76.0000076
v 0.4967567 57.1321068 79.0000076
v 0.3402193 57.0596504 76.0000076
v 0.3396755 57.0594521 79.0000076
v 0.1727048 57.0150223 76.0000076
v 0.1724200 57.0149727 79.0000076
v 0.0000000 56.9999962 76.0000076
v 0.0000000 56.9999962 79.0000076
v -0.1724200 57.0149727 79.0000076
v -0.1727048 57.0150223 76.0000076
v -0.3396755 57.0594521 79.0000076
v -0.3402193 57.0596504 76.0000076
v -0.4967567 57.1321068 79.0000076
v -0.4975093 57.1325378 76.0000076
v -0.6389585 57.2307549 79.0000076
v -0.6398478 57.2314949 76.0000076
v -0.7620217 57.3524437 79.0000076
v -0.7629572 57.3535461 76.0000076
v -0.8622602 57.4935303 79.0000076
v -0.8631374 57.4950256 76.0000076
v -0.9230679 57.6153908 78.8772202
v -0.9373782 57.6516838 76.0000076
v -0.9657747 57.7412949 78.7506409
v -0.9834481 57.8188057 76.0000076
v -0.9910796 57.8677864 78.6237335
v -0.9999629 57.9913750 76.0000076
v -0.9999629 57.9913750 78.5000076
v -2.2770691 -57.9552879 68.1547852
v -0.8808134 -58.0324707 66.9039993
v 0.0000000 -58.0000038 68.1547852
v 0.8808134 -58.0324707 66.9039993
v 2.2770691 -57.9552879 68.1547852
v 2.6416285 -57.9790077 66.9039993
v 4.4000096 -57.8721275 66.9039993
v 2.6469672 -58.0961800 65.6581039
v 4.4089022 -57.9890900 65.6581039
v 2.6558418 -58.2909622 64.4219894
v 4.4236841 -58.1835098 64.4219894
v 2.6682177 -58.5625877 63.2004967
v 4.4442978 -58.4546356 63.2004967
v 4.7164817 -58.7821960 61.9983902
v 6.2162843 -58.2928276 63.2004967
v 6.9536481 -58.5597000 61.9983902
v 7.9825435 -58.0773201 63.2004967
v 9.1807070 -58.2520943 61.9983902
v 9.7414484 -57.8083076 63.2004967
v 11.3944235 -57.8598213 61.9983902
v 11.4913788 -57.4860344 63.2004967
v 13.5915785 -57.3834534 61.9983902
v 13.2307234 -57.1108055 63.2004967
v 14.9578781 -56.6829605 63.2004967
v 14.8885002 -56.4200516 64.4219894
v 16.5939274 -55.9422112 64.4219894
v 16.5384769 -55.7552834 65.6581039
v 18.2229691 -55.2276764 65.6581039
v 18.1862164 -55.1162834 66.9039993
v 19.8505573 -54.5389633 66.9039993
v 17.9229832 -55.1612816 68.1547852
v 20.0747871 -54.4151001 68.1547852
v 21.4966106 -53.9113998 66.9039993
v 22.1956367 -53.5850182 68.1547852
v 23.1228580 -53.2341690 66.9039993
v 24.2822628 -52.6723061 68.1547852
v 24.7278061 -52.5078926 66.9039993
v 26.3099709 -51.7332458 66.9039993
v 24.7777805 -52.6140137 65.6581039
v 26.3631439 -51.8377991 65.6581039
v 24.8608551 -52.7904091 64.4219894
v 26.4515324 -52.0115929 64.4219894
v 24.9767017 -53.0364075 63.2004967
v 26.5747929 -52.2539597 63.2004967
v 26.2501659 -52.8064423 61.9983902
v 28.2439060 -51.7674942 61.9983902
v -2.6416285 -57.9790077 66.9039993
v -4.5506272 -57.8212090 68.1547852
v -4.4000096 -57.8721275 66.9039993
v -6.1543379 -57.7119370 66.9039993
v -6.1667757 -57.8285713 65.6581039
v -7.9189682 -57.6147804 65.6581039
v -7.9455185 -57.8079453 64.4219894
v -9.6962652 -57.5401764 64.4219894
v -9.7414484 -57.8083076 63.2004967
v -11.4913788 -57.4860344 63.2004967
v -11.3944235 -57.8598213 61.9983902
v -13.2307234 -57.1108055 63.2004967
v -13.5915785 -57.3834534 61.9983902
v -14.9578781 -56.6829605 63.2004967
v -15.7689791 -56.8236847 61.9983902
v -16.6712513 -56.2028961 63.2004967
v -17.9234600 -56.1813240 61.9983902
v -18.3692684 -55.6710510 63.2004967
v -20.0518913 -55.4573097 61.9983902
v -20.0503616 -55.0879211 63.2004967
v -21.7129822 -54.4540405 63.2004967
v -19.9573631 -54.8324089 64.4219894
v -21.6122723 -54.2014694 64.4219894
v -19.8906746 -54.6491890 65.6581039
v -21.5400543 -54.0203552 65.6581039
v -19.8505573 -54.5389633 66.9039993
v -21.4966106 -53.9113998 66.9039993
v -20.0747871 -54.4151001 68.1547852
v -22.1956367 -53.5850182 68.1547852
v -6.8171687 -57.5979729 68.1547852
v -7.9029961 -57.4985733 66.9039993
v -9.6638641 -57.3479080 65.6581039
v -11.4380789 -57.2194023 64.4219894
v -9.0731983 -57.2859268 68.1547852
v -9.6443729 -57.2322426 66.9039993
v -11.3998585 -57.0282021 65.6581039
v -13.1693554 -56.8459129 64.4219894
v -11.3152380 -56.8855515 68.1547852
v -11.3768654 -56.9131813 66.9039993
v -13.1253500 -56.6559601 65.6581039
v -14.8885002 -56.4200516 64.4219894
v -13.5398302 -56.3974609 68.1547852
v -13.0988770 -56.5416908 66.9039993
v -14.8387489 -56.2315254 65.6581039
v -16.5939274 -55.9422112 64.4219894
v -14.8088207 -56.1181107 66.9039993
v -15.7435455 -55.8224068 68.1547852
v -16.5051212 -55.6428261 66.9039993
v -17.9229832 -55.1612816 68.1547852
v -18.1862164 -55.1162834 66.9039993
v -23.1228580 -53.2341690 66.9039993
v -24.2822628 -52.6723061 68.1547852
v -24.7278061 -52.5078926 66.9039993
v -26.3314476 -51.6783829 68.1547852
v -26.3099709 -51.7332458 66.9039993
v -27.8678989 -50.9109383 66.9039993
v -27.9242191 -51.0138283 65.6581039
v -29.4595699 -50.1428604 65.6581039
v -29.5583401 -50.3109741 64.4219894
v -31.0716076 -49.3907356 64.4219894
v -31.2163963 -49.6208878 63.2004967
v -32.7079544 -48.6506500 63.2004967
v -32.1053963 -49.4654922 61.9983902
v -33.9675331 -48.2057877 61.9983902
v -34.1693802 -47.6355896 63.2004967
v -35.7803040 -46.8760223 61.9983902
v -35.5993271 -46.5766411 63.2004967
v -36.9964790 -45.4747887 63.2004967
v -35.4342117 -46.3606071 64.4219894
v -36.8248825 -45.2638626 64.4219894
v -35.3158035 -46.2056961 65.6581039
v -36.7018280 -45.1126175 65.6581039
v -35.2445755 -46.1125031 66.9039993
v -36.6278038 -45.0216293 66.9039993
v -35.9074440 -45.5483856 68.1547852
v -37.6679840 -44.1035500 68.1547852
v -28.3400307 -50.6047707 68.1547852
v -29.4001522 -50.0417252 66.9039993
v -30.9677792 -49.2256966 65.6581039
v -32.5562477 -48.4249954 64.4219894
v -30.3049145 -49.4531326 68.1547852
v -30.9053192 -49.1264114 66.9039993
v -32.4474564 -48.2631836 65.6581039
v -34.0108948 -47.4146423 64.4219894
v -32.2230682 -48.2252426 68.1547852
v -32.3820152 -48.1658401 66.9039993
v -33.8972473 -47.2562065 65.6581039
v -34.0915413 -46.9229889 68.1547852
v -33.8288765 -47.1608963 66.9039993
v -37.9772873 -43.8892746 66.9039993
v -39.3704376 -42.5907097 68.1547928
v -39.2917862 -42.7164917 66.9040070
v -40.5700836 -41.5043526 66.9040070
v -40.6520767 -41.5882301 65.6581116
v -41.8969917 -40.3337860 65.6581116
v -42.0382080 -40.4682388 64.4219971
v -43.1003418 -39.0452652 65.6581116
v -43.2448463 -39.1761742 64.4219971
v -44.4138794 -37.8456917 64.4219971
v -44.6208420 -38.0220490 63.2004929
v -45.7542152 -36.6503410 63.2004929
v -45.4781189 -37.5410728 61.9983864
v -46.8760185 -35.7803078 61.9983864
v -46.8454361 -35.2448692 63.2004929
v -47.8935013 -33.8069267 63.2004929
v -46.6281548 -35.0813942 64.4219971
v -47.6713600 -33.6501236 64.4219971
v -46.4723473 -34.9641724 65.6581116
v -47.5120621 -33.5376816 65.6581116
v -46.3786163 -34.8936539 66.9040070
v -47.4162331 -33.4700394 66.9040070
v -46.9229813 -34.0915489 68.1547928
v -48.2252350 -32.2230759 68.1547928
v -41.0121880 -41.0121956 68.1547928
v -41.8117485 -40.2532043 66.9040070
v -43.0134125 -38.9665146 66.9040070
v -44.2654686 -37.7192345 65.6581116
v -45.5419960 -36.4803467 64.4219971
v -42.5907021 -39.3704453 68.1547928
v -44.1035423 -37.6679916 68.1547928
v -44.1761894 -37.6431580 66.9040070
v -45.3898163 -36.3584518 65.6581116
v -45.5483780 -35.9074516 68.1547928
v -45.2982674 -36.2851181 66.9040070
v -48.4101715 -32.0155907 66.9040070
v -49.4531250 -30.3049183 68.1547928
v -49.3595085 -30.5316467 66.9040070
v -50.2633743 -29.0195770 66.9040070
v -50.3649559 -29.0782261 65.6581116
v -51.2242470 -27.5363102 65.6581116
v -51.3959923 -27.6286354 64.4219971
v -52.2108154 -26.0560970 64.4219971
v -52.4541092 -26.1775150 63.2004929
v -53.2244072 -24.5735321 63.2004929
v -52.8064384 -26.2501717 61.9983864
v -53.7686386 -24.2182770 61.9983864
v -53.9456673 -22.9469109 63.2004929
v -54.6526909 -22.1511860 61.9983864
v -54.6172333 -21.2991486 63.2004967
v -55.4573059 -20.0518970 61.9983902
v -55.2384796 -19.6317654 63.2004967
v -55.8088379 -17.9462948 63.2004967
v -54.9822693 -19.5407085 64.4219971
v -55.5499840 -17.8630562 64.4219971
v -54.7985420 -19.4754105 65.6581116
v -55.3643570 -17.8033638 65.6581116
v -54.6880188 -19.4361305 66.9040070
v -55.2526932 -17.7674561 66.9040070
v -55.1612740 -17.9229870 68.1547928
v -55.8223991 -15.7435493 68.1547928
v -50.6047630 -28.3400345 68.1547928
v -51.1209335 -27.4807720 66.9040070
v -52.0363503 -25.9690266 65.6581116
v -52.9775391 -24.4595547 64.4219971
v -51.6783752 -26.3314514 68.1547928
v -51.9313965 -25.9166489 66.9040070
v -52.8005104 -24.3778191 65.6581116
v -53.6954575 -22.8404770 64.4219971
v -52.6722984 -24.2822666 68.1547928
v -52.6940155 -24.3286514 66.9040070
v -53.5160294 -22.7641525 65.6581116
v -54.3639030 -21.2003593 64.4219971
v -53.4080925 -22.7182388 66.9040070
v -53.5850105 -22.1956406 68.1547928
v -54.0729637 -21.0868988 66.9040070
v -54.4150925 -20.0747910 68.1547928
v -56.3974533 -13.5398340 68.1547928
v -56.2288589 -14.3825560 66.9040070
v -55.7664642 -16.0824146 66.9040070
v -55.8791695 -16.1149158 65.6581116
v -56.0665169 -16.1689472 64.4219971
v -56.3277779 -16.2442932 63.2004967
v -56.1813202 -17.9234657 61.9983902
v -56.6394539 -12.6694469 66.9040070
v -56.8855438 -11.3152418 68.1547928
v -56.9978676 -10.9446669 66.9040070
v -57.2859192 -9.0732021 68.1547928
v -57.3037720 -9.2098026 66.9040070
v -57.5568810 -7.4664545 66.9040070
v -57.6732025 -7.4815445 65.6581116
v -57.8736954 -5.7277803 65.6581116
v -58.0677299 -5.7469840 64.4219971
v -58.2153969 -3.9820454 64.4219971
v -58.4866714 -4.0006013 63.2004967
v -58.5811462 -2.2237523 63.2004967
v -58.8167648 -2.1554422 62.3669434
v -58.7242088 -1.8190647 62.7218704
v -58.6451950 -1.4686390 63.0456810
v -58.5847435 -1.1253134 63.3098297
v -58.3094330 -2.2134383 64.4219971
v -58.5434341 -0.8073518 63.5002899
v -58.3497467 -0.4427918 64.4219971
v -58.5174332 -0.5111392 63.6252518
v -58.5089264 -0.3659365 63.6667061
v -58.3363075 1.3282624 64.4219971
v -58.5031776 -0.2184459 63.6949768
v -58.5003204 -0.0699701 63.7090797
v -58.5004005 0.0780494 63.7086868
v -58.5033760 0.2251133 63.6940002
v -58.5090904 0.3692350 63.6659203
v -58.5281601 0.6496602 63.5734024
v -58.5589752 0.9391953 63.4280586
v -58.6081467 1.3344519 63.2004967
v -58.6037025 1.2429051 63.2258186
v -58.6630630 1.5548728 62.9708710
v -58.5406494 3.1125298 63.2004967
v -58.7358360 1.8648889 62.6761475
v -58.8214607 2.1713164 62.3494301
v -58.9192505 2.4724579 61.9983902
v -58.7821922 4.7164798 61.9983902
v -58.4192238 4.8877397 63.2004967
v -58.2439766 6.6584473 63.2004967
v -58.1482620 4.8650694 64.4219971
v -57.9738274 6.6275635 64.4219971
v -57.9539566 4.8488126 65.6581116
v -57.7801018 6.6054173 65.6581116
v -57.8370667 4.8390326 66.9040070
v -57.6635666 6.5920944 66.9040070
v -57.5979652 6.8171663 68.1547928
v -57.4369392 8.3390837 66.9040070
v -57.2859192 9.0731964 68.1547928
v -57.1574020 10.0783901 66.9040070
v -56.8855438 11.3152361 68.1547928
v -56.8252029 11.8084116 66.9040070
v -56.3974533 13.5398283 68.1547928
v -56.4406548 13.5275536 66.9040070
v -56.0041122 15.2342339 66.9040070
v -56.1172943 15.2650223 65.6581116
v -55.6281700 16.9610901 65.6581116
v -55.8146782 17.0179539 64.4219971
v -55.2724915 18.7040291 64.4219971
v -55.5300522 18.7911873 63.2004967
v -54.9341812 20.4678078 63.2004967
v -55.4573059 20.0518894 61.9983902
v -54.6526909 22.1511784 61.9983940
v -54.2877007 22.1255703 63.2005005
v -53.5912094 23.7629509 63.2005005
v -54.0359039 22.0229473 64.4219971
v -53.3426399 23.6527328 64.4219971
v -53.8553391 21.9493580 65.6581116
v -53.1643944 23.5736961 65.6581116
v -53.7467155 21.9050865 66.9040070
v -53.0571632 23.5261497 66.9040070
v -53.5850105 22.1956367 68.1547928
v -52.6722984 24.2822628 68.1547928
v -57.5979652 -6.8171721 68.1547928
v -57.7569656 -5.7162275 66.9040070
v -58.0208664 -3.9687393 65.6581116
v -57.8212013 -4.5506306 68.1547928
v -57.9038429 -3.9607348 66.9040070
v -58.1145859 -2.2060418 65.6581116
v -57.9552803 -2.2770724 68.1547928
v -57.9973755 -2.2015927 66.9040070
v -58.1547699 -0.4413124 65.6581116
v -57.9999962 -0.0000030 68.1547928
v -58.0374756 -0.4404223 66.9040070
v -58.1413727 1.3238238 65.6581116
v -58.2691269 3.0980928 64.4219971
v -58.0241089 1.3211538 66.9040070
v -57.9552803 2.2770662 68.1547928
v -57.9572830 3.0815125 66.9040070
v -57.8212013 4.5506248 68.1547928
v -55.8223991 15.7435436 68.1547928
v -55.5159721 16.9268799 66.9040070
v -55.0877953 18.6415310 65.6581116
v -54.6793861 20.3728714 64.4219971
v -55.1612740 17.9229832 68.1547928
v -54.9766884 18.6039314 66.9040070
v -54.4966698 20.3047962 65.6581116
v -54.4150925 20.0747871 68.1547928
v -54.3867531 20.2638435 66.9040070
v -52.3187332 25.1255398 66.9040070
v -51.6783752 26.3314476 68.1547928
v -51.5321007 26.7017822 66.9040070
v -50.6047630 28.3400307 68.1547928
v -50.6979942 28.2534237 66.9040070
v -49.8171806 29.7790375 66.9040070
v -49.9178581 29.8392220 65.6581116
v -48.9892769 31.3404274 65.6581116
v -49.1535263 31.4455032 64.4219971
v -48.1765480 32.9227791 64.4219971
v -48.4010468 33.0761909 63.2005005
v -47.3749237 34.5298729 63.2005005
v -48.2057838 33.9675369 61.9983940
v -46.8760185 35.7803078 61.9983940
v -46.3051605 35.9517441 63.2005005
v -45.4781189 37.5410728 61.9983940
v -45.1927338 37.3404961 63.2005005
v -44.0386734 38.6948433 63.2005005
v -44.9831200 37.1673012 64.4219971
v -43.8344116 38.5153694 64.4219971
v -44.8328056 37.0431023 65.6581116
v -43.6879349 38.3866653 65.6581116
v -44.7423820 36.9683876 66.9040070
v -43.5998192 38.3092422 66.9040070
v -44.1035423 37.6679840 68.1547928
v -42.5907021 39.3704376 68.1547928
v -49.4531250 30.3049145 68.1547928
v -48.8904724 31.2772160 66.9040070
v -48.0155640 32.8127594 65.6581116
v -47.1551895 34.3697166 64.4219971
v -48.2252350 32.2230682 68.1547928
v -47.9187202 32.7465782 66.9040070
v -46.9976158 34.2548637 65.6581116
v -46.0903854 35.7849922 64.4219971
v -46.9229813 34.0915413 68.1547928
v -46.9028244 34.1857758 66.9040070
v -45.9363708 35.6654129 65.6581116
v -45.5483780 35.9074440 68.1547928
v -45.8437195 35.5934753 66.9040070
v -42.4170952 39.6147995 66.9040070
v -41.0121880 41.0121880 68.1547928
v -41.1952896 40.8838654 66.9040070
v -39.9355354 42.1152649 66.9040070
v -40.0162430 42.2003784 65.6581116
v -38.7122803 43.3996658 65.6581116
v -38.8396683 43.5473251 64.4219971
v -37.3822403 44.5504189 65.6581192
v -37.5075722 44.6997910 64.4220047
v -36.1302299 45.8202553 64.4220047
v -36.3003387 46.0323944 63.2004967
v -34.8883743 47.1115417 63.2004967
v -35.7803040 46.8760223 61.9983902
v -33.9675331 48.2057877 61.9983902
v -33.4425201 48.1486626 63.2004967
v -31.9658566 49.1414261 63.2004967
v -33.2874031 47.9253387 64.4220047
v -31.8175926 48.9134979 64.4220047
v -33.1761742 47.7651901 65.6581192
v -31.7112713 48.7500458 65.6581192
v -33.1092606 47.6688499 66.9040146
v -31.6473122 48.6517220 66.9040146
v -32.2230682 48.2252350 68.1548004
v -30.3049145 49.4531250 68.1548004
v -39.3704376 42.5907021 68.1547928
v -38.6365929 43.3099976 66.9040070
v -37.3068428 44.4605637 66.9040146
v -36.0077667 45.6685066 65.6581192
v -34.7265511 46.8930244 64.4220047
v -37.6679840 44.1035423 68.1548004
v -35.9074440 45.5483780 68.1548004
v -35.9334106 45.5777588 66.9040146
v -34.6105118 46.7363281 65.6581192
v -34.5407028 46.6420631 66.9040146
v -34.0915413 46.9229813 68.1548004
v -30.1562080 49.5897713 66.9040146
v -28.3400307 50.6047630 68.1548004
v -28.6373234 50.4821358 66.9040146
v -27.0920544 51.3279953 66.9040146
v -27.1468086 51.4317284 65.6581192
v -25.5734062 52.2319107 65.6581192
v -25.6591492 52.4070358 64.4220047
v -24.0568333 53.1616249 64.4220047
v -24.1689358 53.4093475 63.2004967
v -22.5368881 54.1182480 63.2004967
v -24.2182713 53.7686424 61.9983902
v -22.1511803 54.6526947 61.9983902
v -20.8840771 54.7772865 63.2004967
v -20.0518913 55.4573097 61.9983902
v -19.2120266 55.3858643 63.2004967
v -17.9234600 56.1813240 61.9983902
v -17.5222778 55.9434166 63.2004967
v -15.8163872 56.4494286 63.2004967
v -17.4410057 55.6839371 64.4220047
v -15.7430267 56.1876030 64.4220047
v -17.3827248 55.4978638 65.6581192
v -15.6904211 55.9998436 65.6581192
v -17.3476658 55.3859291 66.9040146
v -15.6587744 55.8868980 66.9040146
v -15.7435455 55.8223991 68.1548004
v -13.5398302 56.3974533 68.1548004
v -26.3314476 51.6783752 68.1548004
v -25.5218277 52.1265640 66.9040146
v -23.9764462 52.9839783 65.6581192
v -22.4323559 53.8672333 64.4220047
v -24.2822628 52.6722984 68.1548004
v -23.9280872 52.8771133 66.9040146
v -22.3573971 53.6872292 65.6581192
v -20.7872124 54.5232201 64.4220047
v -22.1956367 53.5850105 68.1548004
v -22.3123035 53.5789452 66.9040146
v -20.7177505 54.3410225 65.6581192
v -19.1229172 55.1289711 64.4220047
v -20.6759644 54.2314186 66.9040146
v -20.0747871 54.4150925 68.1548004
v -19.0205765 54.8339310 66.9040146
v -17.9229832 55.1612740 68.1548004
v -11.3152380 56.8855438 68.1548004
v -12.2392807 56.7339630 66.9040146
v -13.9554558 56.3363800 66.9040146
v -13.9836597 56.4502373 65.6581192
v -14.0305433 56.6395035 64.4220047
v -14.0959244 56.9034348 63.2004967
v -15.7689791 56.8236847 61.9983902
v -10.5118303 57.0792770 66.9040146
v -9.0731983 57.2859192 68.1548004
v -8.7746944 57.3720055 66.9040146
v -6.8171687 57.5979652 68.1548004
v -7.0294766 57.6118813 66.9040146
v -5.2777815 57.7986794 66.9040146
v -5.2884479 57.9154930 65.6581192
v -3.5283411 58.0493126 65.6581192
v -3.5401709 58.2439423 64.4220047
v -1.7709012 58.3245544 64.4220047
v -1.7791532 58.5963364 63.2004967
v -1.1253105 58.5847473 63.3098297
v -1.4686362 58.6451988 63.0456810
v -4.5506272 57.8212013 68.1548004
v -3.5212247 57.9322319 66.9040146
v -1.7649835 58.1296539 65.6581192
v 0.0000000 58.3514328 64.4220047
v -0.5111364 58.5174370 63.6252518
v -0.3659337 58.5089302 63.6667061
v -0.2184431 58.5031815 63.6949768
v -0.0699673 58.5003242 63.7090797
v 0.0780522 58.5004044 63.7086868
v 1.7709012 58.3245544 64.4220047
v 0.2251161 58.5033798 63.6940002
v 0.3692378 58.5090942 63.6659203
v 0.6496629 58.5281639 63.5734024
v 0.9391980 58.5589790 63.4280586
v 1.7791532 58.5963364 63.2004967
v 1.2429078 58.6037064 63.2258186
v 1.5548754 58.6630669 62.9708710
v 1.8648915 58.7358398 62.6761475
v 3.5566676 58.5153503 63.2004967
v 2.1713190 58.8214645 62.3494301
v 2.4724605 58.9192543 61.9983902
v 4.7164817 58.7821960 61.9983902
v 5.3309050 58.3804550 63.2004967
v 6.9536481 58.5597000 61.9983902
v 7.1002316 58.1917763 63.2004967
v 8.8630161 57.9494858 63.2004967
v 7.0672989 57.9218674 64.4220047
v 8.8219070 57.6807022 64.4220047
v 7.0436831 57.7283173 65.6581192
v 8.7924290 57.4879570 65.6581192
v 7.0294766 57.6118813 66.9040146
v 8.7746944 57.3720055 66.9040146
v 9.0731983 57.2859192 68.1548004
v 10.5118303 57.0792770 66.9040146
v 11.3152380 56.8855438 68.1548004
v 12.2392807 56.7339630 66.9040146
v 13.5398302 56.3974533 68.1548004
v 13.9554558 56.3363800 66.9040146
v 15.7435455 55.8223991 68.1548004
v 15.6587744 55.8868980 66.9040146
v 17.3476658 55.3859291 66.9040146
v 17.3827248 55.4978638 65.6581192
v 19.0590172 54.9447517 65.6581192
v 19.1229172 55.1289711 64.4220047
v 20.7872124 54.5232201 64.4220047
v 20.8840771 54.7772865 63.2004967
v 22.5368881 54.1182480 63.2004967
v 22.1511803 54.6526947 61.9983902
v 24.2182713 53.7686424 61.9983902
v 24.1689358 53.4093475 63.2004967
v 25.7787170 52.6512451 63.2004967
v 24.0568333 53.1616249 64.4220047
v 25.6591492 52.4070358 64.4220047
v 23.9764462 52.9839783 65.6581192
v 25.5734062 52.2319107 65.6581192
v 23.9280872 52.8771133 66.9040146
v 25.5218277 52.1265640 66.9040146
v 24.2822628 52.6722984 68.1548004
v 26.3314476 51.6783752 68.1548004
v -2.2770691 57.9552803 68.1548004
v -1.7614237 58.0124130 66.9040146
v 0.0000000 58.1564445 65.6581192
v 0.0000000 57.9999962 68.1548004
v 0.0000000 58.0391464 66.9040146
v 1.7649835 58.1296539 65.6581192
v 3.5401709 58.2439423 64.4220047
v 1.7614237 58.0124130 66.9040146
v 2.2770691 57.9552803 68.1548004
v 3.5212247 57.9322319 66.9040146
v 4.5506272 57.8212013 68.1548004
v 5.2777815 57.7986794 66.9040146
v 6.8171687 57.5979652 68.1548004
v 17.9229832 55.1612740 68.1548004
v 19.0205765 54.8339310 66.9040146
v 20.7177505 54.3410225 65.6581192
v 22.4323559 53.8672333 64.4220047
v 20.0747871 54.4150925 68.1548004
v 20.6759644 54.2314186 66.9040146
v 22.3573971 53.6872292 65.6581192
v 22.1956367 53.5850105 68.1548004
v 22.3123035 53.5789452 66.9040146
v 27.0920544 51.3279953 66.9040146
v 28.3400307 50.6047630 68.1548004
v 28.6373234 50.4821358 66.9040146
v 30.3049145 49.4531250 68.1548004
v 30.1562080 49.5897713 66.9040146
v 31.6473122 48.6517220 66.9040146
v 31.7112713 48.7500458 65.6581192
v 33.1761742 47.7651901 65.6581192
v 33.2874031 47.9253387 64.4220047
v 34.7265511 46.8930244 64.4220047
v 34.8883743 47.1115417 63.2004967
v 36.3003387 46.0323944 63.2004967
v 35.7803040 46.8760223 61.9983902
v 37.6823540 44.9080849 63.2004967
v 37.5410690 45.4781227 61.9983902
v 39.2472725 44.0141258 61.9983902
v 39.0182381 43.7524033 63.2004967
v 40.3375053 42.5391769 63.2005005
v 38.8396683 43.5473251 64.4219971
v 40.1504097 42.3418694 64.4219971
v 38.7122803 43.3996658 65.6581116
v 40.0162430 42.2003784 65.6581116
v 38.6365929 43.3099976 66.9040070
v 39.9355354 42.1152649 66.9040070
v 39.3704376 42.5907021 68.1547928
v 41.0121880 41.0121880 68.1547928
v 32.2230682 48.2252350 68.1548004
v 33.1092606 47.6688499 66.9040146
v 34.6105118 46.7363281 65.6581192
v 36.1302299 45.8202553 64.4220047
v 37.5075722 44.6997910 64.4220047
v 34.0915413 46.9229813 68.1548004
v 34.5407028 46.6420631 66.9040146
v 36.0077667 45.6685066 65.6581192
v 37.3822403 44.5504189 65.6581192
v 35.9074440 45.5483780 68.1548004
v 35.9334106 45.5777588 66.9040146
v 37.3068428 44.4605637 66.9040146
v 37.6679840 44.1035423 68.1548004
v 41.1952896 40.8838654 66.9040070
v 42.5907021 39.3704376 68.1547928
v 42.4170952 39.6147995 66.9040070
v 43.5998192 38.3092422 66.9040070
v 43.6879349 38.3866653 65.6581116
v 44.8328056 37.0431023 65.6581116
v 44.9831200 37.1673012 64.4219971
v 46.0903854 35.7849922 64.4219971
v 46.3051605 35.9517441 63.2005005
v 47.3749237 34.5298729 63.2005005
v 46.8760185 35.7803078 61.9983940
v 48.2057838 33.9675369 61.9983940
v 48.4010468 33.0761909 63.2005005
v 49.4654884 32.1054001 61.9983940
v 49.3825760 31.5920353 63.2005005
v 50.3186111 30.0787754 63.2005005
v 49.1535263 31.4455032 64.4219971
v 50.0852242 29.9392624 64.4219971
v 48.9892769 31.3404274 65.6581116
v 49.9178581 29.8392220 65.6581116
v 48.8904724 31.2772160 66.9040070
v 49.8171806 29.7790375 66.9040070
v 49.4531250 30.3049145 68.1547928
v 50.6047630 28.3400307 68.1547928
v 44.1035423 37.6679840 68.1547928
v 44.7423820 36.9683876 66.9040070
v 45.9363708 35.6654129 65.6581116
v 47.1551895 34.3697166 64.4219971
v 45.5483780 35.9074440 68.1547928
v 45.8437195 35.5934753 66.9040070
v 46.9976158 34.2548637 65.6581116
v 48.1765480 32.9227791 64.4219971
v 46.9229813 34.0915413 68.1547928
v 46.9028244 34.1857758 66.9040070
v 48.0155640 32.8127594 65.6581116
v 47.9187202 32.7465782 66.9040070
v 48.2252350 32.2230682 68.1547928
v 50.6979942 28.2534237 66.9040070
v 51.6783752 26.3314476 68.1547928
v 51.5321007 26.7017822 66.9040070
v 52.3187332 25.1255398 66.9040070
v 52.4244690 25.1763191 65.6581116
v 53.1643944 23.5736961 65.6581116
v 53.3426399 23.6527328 64.4219971
v 54.0359039 22.0229473 64.4219971
v 54.2877007 22.1255703 63.2005005
v 54.9341812 20.4678078 63.2004967
v 54.6526909 22.1511784 61.9983940
v 55.4573059 20.0518894 61.9983902
v 55.5300522 18.7911873 63.2004967
v 56.1813202 17.9234581 61.9983902
v 56.0747643 17.0972557 63.2004967
v 56.8236809 15.7689772 61.9983902
v 56.5678177 15.3875742 63.2004967
v 57.0087585 13.6637154 63.2004967
v 56.3054428 15.3162022 64.4219971
v 56.7443390 13.6003399 64.4219971
v 56.1172943 15.2650223 65.6581116
v 56.5547218 13.5548935 65.6581116
v 56.0041122 15.2342339 66.9040070
v 56.4406548 13.5275536 66.9040070
v 56.3974533 13.5398283 68.1547928
v 56.8855438 11.3152361 68.1547928
v 52.6722984 24.2822628 68.1547928
v 53.0571632 23.5261497 66.9040070
v 53.8553391 21.9493580 65.6581116
v 54.6793861 20.3728714 64.4219971
v 53.5850105 22.1956367 68.1547928
v 53.7467155 21.9050865 66.9040070
v 54.4966698 20.3047962 65.6581116
v 55.2724915 18.7040291 64.4219971
v 54.4150925 20.0747871 68.1547928
v 54.3867531 20.2638435 66.9040070
v 55.0877953 18.6415310 65.6581116
v 55.8146782 17.0179539 64.4219971
v 54.9766884 18.6039314 66.9040070
v 55.1612740 17.9229832 68.1547928
v 55.5159721 16.9268799 66.9040070
v 55.8223991 15.7435436 68.1547928
v 57.2859192 9.0731964 68.1547928
v 57.1574020 10.0783901 66.9040070
v 56.8252029 11.8084116 66.9040070
v 56.9400482 11.8322763 65.6581116
v 57.1309547 11.8719463 64.4219971
v 57.3971748 11.9272680 63.2004967
v 57.3834496 13.5915766 61.9983902
v 57.4369392 8.3390837 66.9040070
v 57.5979652 6.8171663 68.1547928
v 57.6635666 6.5920944 66.9040070
v 57.8212013 4.5506248 68.1547928
v 57.8370667 4.8390326 66.9040070
v 57.9572830 3.0815125 66.9040070
v 58.0744171 3.0877404 65.6581116
v 58.1413727 1.3238238 65.6581116
v 58.3363075 1.3282624 64.4219971
v 58.3497467 -0.4427918 64.4219971
v 58.5847435 1.1253079 63.3098297
v 58.5434341 0.8073463 63.5002899
v 58.5174332 0.5111337 63.6252518
v 58.5089264 0.3659309 63.6667061
v 58.5031776 0.2184403 63.6949768
v 58.5003204 0.0699645 63.7090797
v 58.5004005 -0.0780550 63.7086868
v 58.5033760 -0.2251189 63.6940002
v 58.5090904 -0.3692406 63.6659203
v 58.5281601 -0.6496657 63.5734024
v 58.3094330 -2.2134383 64.4219971
v 58.5589752 -0.9392008 63.4280586
v 58.6037025 -1.2429106 63.2258186
v 58.5811462 -2.2237523 63.2004967
v 58.6630630 -1.5548782 62.9708710
v 58.7358360 -1.8648944 62.6761475
v 58.8214607 -2.1713221 62.3494301
v 58.4866714 -4.0006013 63.2004967
v 58.9192505 -2.4724636 61.9983902
v 58.7821922 -4.7164845 61.9983902
v 58.3383179 -5.7737641 63.2004967
v 58.5596962 -6.9536510 61.9983902
v 58.1362190 -7.5416079 63.2004967
v 58.2520905 -9.1807108 61.9983902
v 57.8805580 -9.3025036 63.2004967
v 57.5715752 -11.0548296 63.2004967
v 57.6120949 -9.2593565 64.4219971
v 57.3045464 -11.0035543 64.4219971
v 57.4195824 -9.2284164 65.6581116
v 57.1130600 -10.9667854 65.6581116
v 57.3037720 -9.2098026 66.9040070
v 56.9978676 -10.9446669 66.9040070
v 56.8855438 -11.3152418 68.1547928
v 56.6394539 -12.6694469 66.9040070
v 56.3974533 -13.5398340 68.1547928
v 56.2288589 -14.3825560 66.9040070
v 55.8223991 -15.7435493 68.1547928
v 55.7664642 -16.0824146 66.9040070
v 55.1612740 -17.9229870 68.1547928
v 55.2526932 -17.7674561 66.9040070
v 54.6880188 -19.4361305 66.9040070
v 54.7985420 -19.4754105 65.6581116
v 54.1822433 -21.1295147 65.6581116
v 54.3639030 -21.2003593 64.4219971
v 53.6954575 -22.8404770 64.4219971
v 53.9456673 -22.9469109 63.2004929
v 53.2244072 -24.5735321 63.2004929
v 53.7686386 -24.2182770 61.9983864
v 52.8064384 -26.2501717 61.9983864
v 52.4541092 -26.1775150 63.2004929
v 51.6354904 -27.7573795 63.2004929
v 52.2108154 -26.0560970 64.4219971
v 51.3959923 -27.6286354 64.4219971
v 52.0363503 -25.9690266 65.6581116
v 51.2242470 -27.5363102 65.6581116
v 51.9313965 -25.9166489 66.9040070
v 51.1209335 -27.4807720 66.9040070
v 51.6783752 -26.3314514 68.1547928
v 50.6047630 -28.3400345 68.1547928
v 57.9552803 2.2770662 68.1547928
v 58.0241089 1.3211538 66.9040070
v 58.1547699 -0.4413124 65.6581116
v 57.9999962 -0.0000030 68.1547928
v 58.0374756 -0.4404223 66.9040070
v 58.1145859 -2.2060418 65.6581116
v 58.2153969 -3.9820454 64.4219971
v 57.9552803 -2.2770724 68.1547928
v 57.9973755 -2.2015927 66.9040070
v 58.0208664 -3.9687393 65.6581116
v 58.0677299 -5.7469840 64.4219971
v 57.9038429 -3.9607348 66.9040070
v 57.8212013 -4.5506306 68.1547928
v 57.7569656 -5.7162275 66.9040070
v 57.5979652 -6.8171721 68.1547928
v 57.5568810 -7.4664545 66.9040070
v 57.2859192 -9.0732021 68.1547928
v 54.4150925 -20.0747910 68.1547928
v 54.0729637 -21.0868988 66.9040070
v 53.5160294 -22.7641525 65.6581116
v 52.9775391 -24.4595547 64.4219971
v 53.5850105 -22.1956406 68.1547928
v 53.4080925 -22.7182388 66.9040070
v 52.8005104 -24.3778191 65.6581116
v 52.6722984 -24.2822666 68.1547928
v 52.6940155 -24.3286514 66.9040070
v 50.2633743 -29.0195770 66.9040070
v 49.4531250 -30.3049183 68.1547928
v 49.3595085 -30.5316467 66.9040070
v 48.2252350 -32.2230759 68.1547928
v 48.4101715 -32.0155907 66.9040070
v 47.4162331 -33.4700394 66.9040070
v 47.5120621 -33.5376816 65.6581116
v 46.4723473 -34.9641724 65.6581116
v 46.6281548 -35.0813942 64.4219971
v 45.5419960 -36.4803467 64.4219971
v 45.7542152 -36.6503410 63.2004929
v 44.6208420 -38.0220490 63.2004929
v 45.4781189 -37.5410728 61.9983864
v 44.0141220 -39.2472763 61.9983864
v 43.4463615 -39.3587265 63.2004929
v 42.4861526 -40.8964348 61.9983864
v 42.2348480 -40.6560364 63.2004929
v 40.9784393 -41.9221077 63.2004929
v 42.0382080 -40.4682388 64.4219971
v 40.7883720 -41.7276649 64.4219971
v 41.8969917 -40.3337860 65.6581116
v 40.6520767 -41.5882301 65.6581116
v 41.8117485 -40.2532043 66.9040070
v 40.5700836 -41.5043526 66.9040070
v 41.0121880 -41.0121956 68.1547928
v 39.3704376 -42.5907097 68.1547928
v 46.9229813 -34.0915489 68.1547928
v 46.3786163 -34.8936539 66.9040070
v 45.3898163 -36.3584518 65.6581116
v 44.4138794 -37.8456917 64.4219971
v 45.5483780 -35.9074516 68.1547928
v 45.2982674 -36.2851181 66.9040070
v 44.2654686 -37.7192345 65.6581116
v 43.2448463 -39.1761742 64.4219971
v 44.1035423 -37.6679916 68.1547928
v 44.1761894 -37.6431580 66.9040070
v 43.1003418 -39.0452652 65.6581116
v 43.0134125 -38.9665146 66.9040070
v 42.5907021 -39.3704453 68.1547928
v 39.2917862 -42.7164917 66.9040070
v 37.6679840 -44.1035500 68.1547852
v 37.9772873 -43.8892746 66.9039993
v 36.6278038 -45.0216293 66.9039993
v 36.7018280 -45.1126175 65.6581039
v 35.3158035 -46.2056961 65.6581039
v 35.4342117 -46.3606071 64.4219894
v 34.0108948 -47.4146423 64.4219894
v 34.1693802 -47.6355896 63.2004967
v 32.7079544 -48.6506500 63.2004967
v 33.9675331 -48.2057877 61.9983902
v 32.1053963 -49.4654922 61.9983902
v 31.2163963 -49.6208878 63.2004967
v 30.1965961 -50.6533051 61.9983902
v 29.6960773 -50.5454140 63.2004967
v 28.1484013 -51.4233742 63.2004967
v 29.5583401 -50.3109741 64.4219894
v 28.0178432 -51.1848602 64.4219894
v 29.4595699 -50.1428604 65.6581039
v 27.9242191 -51.0138283 65.6581039
v 29.4001522 -50.0417252 66.9039993
v 27.8678989 -50.9109383 66.9039993
v 28.3400307 -50.6047707 68.1547852
v 26.3314476 -51.6783829 68.1547852
v 35.9074440 -45.5483856 68.1547852
v 35.2445755 -46.1125031 66.9039993
v 33.8972473 -47.2562065 65.6581039
v 32.5562477 -48.4249954 64.4219894
v 34.0915413 -46.9229889 68.1547852
v 33.8288765 -47.1608963 66.9039993
v 32.4474564 -48.2631836 65.6581039
v 31.0716076 -49.3907356 64.4219894
v 32.2230682 -48.2252426 68.1547852
v 32.3820152 -48.1658401 66.9039993
v 30.9677792 -49.2256966 65.6581039
v 30.9053192 -49.1264114 66.9039993
v 30.3049145 -49.4531326 68.1547852
v 16.5051212 -55.6428261 66.9039993
v 15.7435455 -55.8224068 68.1547852
v 14.8088207 -56.1181107 66.9039993
v 13.5398302 -56.3974609 68.1547852
v 13.0988770 -56.5416908 66.9039993
v 11.3152380 -56.8855515 68.1547852
v 11.3768654 -56.9131813 66.9039993
v 9.6443729 -57.2322426 66.9039993
v 9.6638641 -57.3479080 65.6581039
v 7.9189682 -57.6147804 65.6581039
v 7.9455185 -57.8079453 64.4219894
v 6.1874514 -58.0224533 64.4219894
v 9.0731983 -57.2859268 68.1547852
v 7.9029961 -57.4985733 66.9039993
v 6.1667757 -57.8285713 65.6581039
v 6.8171687 -57.5979729 68.1547852
v 6.1543379 -57.7119370 66.9039993
v 4.5506272 -57.8212090 68.1547852
v -2.6682177 -58.5625877 63.2004967
v -4.4442978 -58.4546356 63.2004967
v -4.7164817 -58.7821960 61.9983902
v -6.2162843 -58.2928276 63.2004967
v -6.9536481 -58.5597000 61.9983902
v -7.9825435 -58.0773201 63.2004967
v -9.1807070 -58.2520943 61.9983902
v -2.6558418 -58.2909622 64.4219894
v -0.8855525 -58.3447113 64.4219894
v 0.8855525 -58.3447113 64.4219894
v 0.8825935 -58.1497536 65.6581039
v 15.7689791 -56.8236847 61.9983902
v 16.6712513 -56.2028961 63.2004967
v 18.2840672 -55.4128380 64.4219894
v 19.8906746 -54.6491890 65.6581039
v 17.9234600 -56.1813240 61.9983902
v 18.3692684 -55.6710510 63.2004967
v 19.9573631 -54.8324089 64.4219894
v 21.5400543 -54.0203552 65.6581039
v 20.0518913 -55.4573097 61.9983902
v 20.0503616 -55.0879211 63.2004967
v 21.6122723 -54.2014694 64.4219894
v 23.1695900 -53.3417549 65.6581039
v 22.1511803 -54.6526947 61.9983902
v 21.7129822 -54.4540405 63.2004967
v 23.2472725 -53.5205917 64.4219894
v 23.3556004 -53.7699890 63.2004967
v 24.2182713 -53.7686424 61.9983902
v 35.7803040 -46.8760223 61.9983902
v 35.5993271 -46.5766411 63.2004967
v 36.8248825 -45.2638626 64.4219894
v 38.0540390 -43.9779778 65.6581039
v 37.5410690 -45.4781227 61.9983902
v 36.9964790 -45.4747887 63.2004967
v 38.1816254 -44.1254196 64.4219894
v 39.3711929 -42.8028221 65.6581116
v 38.3595467 -44.3310394 63.2004967
v 39.2472725 -44.0141258 61.9983902
v 39.6872749 -43.1464462 63.2004929
v 40.8964310 -42.4861565 61.9983864
v 46.8760185 -35.7803078 61.9983864
v 46.8454361 -35.2448692 63.2004929
v 47.6713600 -33.6501236 64.4219971
v 48.5080070 -32.0802956 65.6581116
v 48.2057838 -33.9675369 61.9983864
v 47.8935013 -33.8069267 63.2004929
v 48.6706429 -32.1878510 64.4219971
v 49.4592667 -30.5933514 65.6581116
v 48.8974419 -32.3378410 63.2004929
v 49.4654884 -32.1054001 61.9983864
v 49.8563347 -30.8389645 63.2004929
v 50.6533012 -30.1966019 61.9983864
v 50.7692986 -29.3116741 63.2004929
v 51.7674904 -28.2439117 61.9983864
v 54.6526909 -22.1511860 61.9983864
v 54.6172333 -21.2991486 63.2004967
v 54.9822693 -19.5407085 64.4219971
v 55.3643570 -17.8033638 65.6581116
v 55.4573059 -20.0518970 61.9983902
v 55.2384796 -19.6317654 63.2004967
v 55.5499840 -17.8630562 64.4219971
v 55.8791695 -16.1149158 65.6581116
v 56.1813202 -17.9234657 61.9983902
v 55.8088379 -17.9462948 63.2004967
v 56.0665169 -16.1689472 64.4219971
v 56.3424988 -14.4116230 65.6581116
v 56.3277779 -16.2442932 63.2004967
v 56.8236809 -15.7689829 61.9983902
v 56.7948303 -14.5273228 63.2004967
v 57.3834496 -13.5915823 61.9983902
v 57.2095566 -12.7969713 63.2004967
v 57.8598175 -11.3944273 61.9983902
v 58.6081467 1.3344519 63.2004967
v 58.6451950 1.4686335 63.0456810
v 58.7242088 1.8190593 62.7218704
v 58.5406494 3.1125298 63.2004967
v 58.8167648 2.1554365 62.3669434
v 58.9192505 2.4724579 61.9983902
v 58.7821922 4.7164798 61.9983902
v 58.4192238 4.8877397 63.2004967
v 58.1482620 4.8650694 64.4219971
v 57.9738274 6.6275635 64.4219971
v 57.7801018 6.6054173 65.6581116
v 57.5530205 8.3559370 65.6581116
v 58.5596962 6.9536462 61.9983902
v 58.2439766 6.6584473 63.2004967
v 57.7459831 8.3839521 64.4219971
v 57.2729149 10.0987577 65.6581116
v 58.0150681 8.4230204 63.2004967
v 58.2520905 9.1807051 61.9983902
v 57.7327156 10.1798334 63.2004967
v 57.8598175 11.3944216 61.9983902
v 53.7686386 24.2182693 61.9983940
v 53.5912094 23.7629509 63.2005005
v 52.6002350 25.2607269 64.4219971
v 51.6362457 26.7557468 65.6581116
v 52.8453445 25.3784389 63.2005005
v 52.8064384 26.2501640 61.9983940
v 52.0507927 26.9705448 63.2005005
v 51.7674904 28.2439041 61.9983940
v 51.2082901 28.5378056 63.2005005
v 50.6533012 30.1965942 61.9983940
v 45.4781189 37.5410728 61.9983940
v 45.1927338 37.3404961 63.2005005
v 43.8344116 38.5153694 64.4219971
v 42.5028191 39.6948624 65.6581116
v 44.0141220 39.2472763 61.9983940
v 44.0386734 38.6948433 63.2005005
v 42.6453209 39.8279533 64.4219971
v 41.2785454 40.9664917 65.6581116
v 42.8440437 40.0135460 63.2005005
v 42.4861526 40.8964348 61.9983940
v 41.6099396 41.2953835 63.2005005
v 40.8964310 42.4861565 61.9983940
v 33.9675331 48.2057877 61.9983902
v 33.4425201 48.1486626 63.2004967
v 31.8175926 48.9134979 64.4220047
v 30.2171555 49.6899948 65.6581192
v 32.1053963 49.4654922 61.9983902
v 31.9658566 49.1414261 63.2004967
v 30.3184662 49.8565941 64.4220047
v 28.6952000 50.5841599 65.6581192
v 30.4597454 50.0889206 63.2004967
v 30.1965961 50.6533051 61.9983902
v 28.9255714 50.9902687 63.2004967
v 28.2439060 51.7674942 61.9983902
v 27.3647480 51.8446388 63.2004967
v 26.2501659 52.8064423 61.9983902
v 20.0518913 55.4573097 61.9983902
v 19.2120266 55.3858643 63.2004967
v 17.4410057 55.6839371 64.4220047
v 15.6904211 55.9998436 65.6581192
v 17.9234600 56.1813240 61.9983902
v 17.5222778 55.9434166 63.2004967
v 15.7430267 56.1876030 64.4220047
v 13.9836597 56.4502373 65.6581192
v 15.7689791 56.8236847 61.9983902
v 15.8163872 56.4494286 63.2004967
v 14.0305433 56.6395035 64.4220047
v 12.2640162 56.8486214 65.6581192
v 14.0959244 56.9034348 63.2004967
v 13.5915785 57.3834534 61.9983902
v 12.3624744 57.3050194 63.2004967
v 11.3944235 57.8598213 61.9983902
v 10.6176367 57.6538124 63.2004967
v 9.1807070 58.2520943 61.9983902
v -0.8073490 58.5434380 63.5002899
v -1.8190619 58.7242126 62.7218704
v -2.1554391 58.8167686 62.3669434
v -3.5566676 58.5153503 63.2004967
v -2.4724605 58.9192543 61.9983902
v -4.7164817 58.7821960 61.9983902
v -5.3309050 58.3804550 63.2004967
v -6.9536481 58.5597000 61.9983902
v -7.1002316 58.1917763 63.2004967
v -9.1807070 58.2520943 61.9983902
v -8.8630161 57.9494858 63.2004967
v -10.6176367 57.6538124 63.2004967
v -10.5683889 57.3863983 64.4220047
v -12.3051348 57.0392265 64.4220047
v -12.2640162 56.8486214 65.6581192
v -11.3944235 57.8598213 61.9983902
v -12.3624744 57.3050194 63.2004967
v -13.5915785 57.3834534 61.9983902
v -26.2501659 52.8064423 61.9983902
v -25.7787170 52.6512451 63.2004967
v -27.2378254 51.6041718 64.4220047
v -28.6952000 50.5841599 65.6581192
v -27.3647480 51.8446388 63.2004967
v -28.2439060 51.7674942 61.9983902
v -28.9255714 50.9902687 63.2004967
v -30.1965961 50.6533051 61.9983902
v -30.4597454 50.0889206 63.2004967
v -32.1053963 49.4654922 61.9983902
v -37.5410690 45.4781227 61.9983902
v -37.6823540 44.9080849 63.2004967
v -39.0182381 43.7524033 63.2004967
v -40.1504097 42.3418694 64.4219971
v -41.2785454 40.9664917 65.6581116
v -39.2472725 44.0141258 61.9983902
v -40.3375053 42.5391769 63.2005005
v -40.8964310 42.4861565 61.9983940
v -41.6099396 41.2953835 63.2005005
v -42.4861526 40.8964348 61.9983940
v -42.8440437 40.0135460 63.2005005
v -44.0141220 39.2472763 61.9983940
v -49.4654884 32.1054001 61.9983940
v -49.3825760 31.5920353 63.2005005
v -50.0852242 29.9392624 64.4219971
v -50.8004532 28.3105240 65.6581116
v -50.6533012 30.1965942 61.9983940
v -50.3186111 30.0787754 63.2005005
v -50.9707756 28.4054413 64.4219971
v -51.6362457 26.7557468 65.6581116
v -51.2082901 28.5378056 63.2005005
v -51.7674904 28.2439041 61.9983940
v -52.0507927 26.9705448 63.2005005
v -52.8064384 26.2501640 61.9983940
v -52.8453445 25.3784389 63.2005005
v -53.7686386 24.2182693 61.9983940
v -56.1813202 17.9234581 61.9983902
v -56.0747643 17.0972557 63.2004967
v -56.3054428 15.3162022 64.4219971
v -56.5547218 13.5548935 65.6581116
v -56.8236809 15.7689772 61.9983902
v -56.5678177 15.3875742 63.2004967
v -56.7443390 13.6003399 64.4219971
v -56.9400482 11.8322763 65.6581116
v -57.3834496 13.5915766 61.9983902
v -57.0087585 13.6637154 63.2004967
v -57.1309547 11.8719463 64.4219971
v -57.2729149 10.0987577 65.6581116
v -57.3971748 11.9272680 63.2004967
v -57.8598175 11.3944216 61.9983902
v -57.7327156 10.1798334 63.2004967
v -58.2520905 9.1807051 61.9983902
v -58.0150681 8.4230204 63.2004967
v -58.5596962 6.9536462 61.9983902
v -58.9192505 -2.4724636 61.9983902
v -58.7821922 -4.7164845 61.9983902
v -58.3383179 -5.7737641 63.2004967
v -58.5596962 -6.9536510 61.9983902
v -58.1362190 -7.5416079 63.2004967
v -58.2520905 -9.1807108 61.9983902
v -57.8805580 -9.3025036 63.2004967
v -57.8598175 -11.3944273 61.9983902
v -57.5715752 -11.0548296 63.2004967
v -57.2095566 -12.7969713 63.2004967
v -56.9442024 -12.7376156 64.4219971
v -56.5314026 -14.4599419 64.4219971
v -56.3424988 -14.4116230 65.6581116
v -57.3834496 -13.5915823 61.9983902
v -56.7948303 -14.5273228 63.2004967
v -56.8236809 -15.7689829 61.9983902
v -51.7674904 -28.2439117 61.9983864
v -51.6354904 -27.7573795 63.2004929
v -50.5338173 -29.1757202 64.4219971
v -49.4592667 -30.5933514 65.6581116
v -50.7692986 -29.3116741 63.2004929
v -50.6533012 -30.1966019 61.9983864
v -49.8563347 -30.8389645 63.2004929
v -49.4654884 -32.1054001 61.9983864
v -48.8974419 -32.3378410 63.2004929
v -48.2057838 -33.9675369 61.9983864
v -44.0141220 -39.2472763 61.9983864
v -43.4463615 -39.3587265 63.2004929
v -42.2348480 -40.6560364 63.2004929
v -40.7883720 -41.7276649 64.4219971
v -39.3711929 -42.8028221 65.6581116
v -42.4861526 -40.8964348 61.9983864
v -40.9784393 -41.9221077 63.2004929
v -40.8964310 -42.4861565 61.9983864
v -39.6872749 -43.1464462 63.2004929
v -39.2472725 -44.0141258 61.9983902
v -38.3595467 -44.3310394 63.2004967
v -37.5410690 -45.4781227 61.9983902
v -30.1965961 -50.6533051 61.9983902
v -29.6960773 -50.5454140 63.2004967
v -28.0178432 -51.1848602 64.4219894
v -26.3631439 -51.8377991 65.6581039
v -28.2439060 -51.7674942 61.9983902
v -28.1484013 -51.4233742 63.2004967
v -26.4515324 -52.0115929 64.4219894
v -24.7777805 -52.6140137 65.6581039
v -26.5747929 -52.2539597 63.2004967
v -26.2501659 -52.8064423 61.9983902
v -24.9767017 -53.0364075 63.2004967
v -24.2182713 -53.7686424 61.9983902
v -23.3556004 -53.7699890 63.2004967
v -22.1511803 -54.6526947 61.9983902
v -0.8825935 -58.1497536 65.6581039
v -2.6469672 -58.0961800 65.6581039
v -4.4089022 -57.9890900 65.6581039
v -4.4236841 -58.1835098 64.4219894
v -6.1874514 -58.0224533 64.4219894
v -16.5384769 -55.7552834 65.6581039
v -18.2840672 -55.4128380 64.4219894
v -18.2229691 -55.2276764 65.6581039
v -23.1695900 -53.3417549 65.6581039
v -23.2472725 -53.5205917 64.4219894
v -24.8608551 -52.7904091 64.4219894
v -38.0540390 -43.9779778 65.6581039
v -38.1816254 -44.1254196 64.4219894
v -39.5031967 -42.9463234 64.4219971
v -48.5080070 -32.0802956 65.6581116
v -48.6706429 -32.1878510 64.4219971
v -49.6250916 -30.6959267 64.4219971
v -54.1822433 -21.1295147 65.6581116
v -56.7539215 -12.6950521 65.6581116
v -57.3045464 -11.0035543 64.4219971
v -57.1130600 -10.9667854 65.6581116
v -57.6120949 -9.2593565 64.4219971
v -57.4195824 -9.2284164 65.6581116
v -57.8665695 -7.5066280 64.4219971
v -58.0744171 3.0877404 65.6581116
v -57.5530205 8.3559370 65.6581116
v -57.7459831 8.3839521 64.4219971
v -57.4649391 10.1326170 64.4219971
v -52.4244690 25.1763191 65.6581116
v -52.6002350 25.2607269 64.4219971
v -51.8093681 26.8454494 64.4219971
v -42.5028191 39.6948624 65.6581116
v -42.6453209 39.8279533 64.4219971
v -41.4169426 41.1038437 64.4219971
v -30.2171555 49.6899948 65.6581192
v -30.3184662 49.8565941 64.4220047
v -28.7914066 50.7537613 64.4220047
v -19.0590172 54.9447517 65.6581192
v -10.5330744 57.1946335 65.6581192
v -8.8219070 57.6807022 64.4220047
v -8.7924290 57.4879570 65.6581192
v -7.0672989 57.9218674 64.4220047
v -7.0436831 57.7283173 65.6581192
v -5.3061790 58.1096725 64.4220047
v 3.5283411 58.0493126 65.6581192
v 5.2884479 57.9154930 65.6581192
v 5.3061790 58.1096725 64.4220047
v 10.5330744 57.1946335 65.6581192
v 10.5683889 57.3863983 64.4220047
v 12.3051348 57.0392265 64.4220047
v 27.1468086 51.4317284 65.6581192
v 27.2378254 51.6041718 64.4220047
v 28.7914066 50.7537613 64.4220047
v 41.4169426 41.1038437 64.4219971
v 50.8004532 28.3105240 65.6581116
v 50.9707756 28.4054413 64.4219971
v 51.8093681 26.8454494 64.4219971
v 55.6281700 16.9610901 65.6581116
v 57.4649391 10.1326170 64.4219971
v 57.9539566 4.8488126 65.6581116
v 58.2691269 3.0980928 64.4219971
v 57.8736954 -5.7277803 65.6581116
v 57.8665695 -7.5066280 64.4219971
v 57.6732025 -7.4815445 65.6581116
v 56.7539215 -12.6950521 65.6581116
v 56.9442024 -12.7376156 64.4219971
v 56.5314026 -14.4599419 64.4219971
v 50.3649559 -29.0782261 65.6581116
v 50.5338173 -29.1757202 64.4219971
v 49.6250916 -30.6959267 64.4219971
v 39.5031967 -42.9463234 64.4219971
v 14.8387489 -56.2315254 65.6581039
v 13.1693554 -56.8459129 64.4219894
v 13.1253500 -56.6559601 65.6581039
v 11.4380789 -57.2194023 64.4219894
v 11.3998585 -57.0282021 65.6581039
v 9.6962652 -57.5401764 64.4219894
v -2.2146266 -54.9553986 74.9999924
v -2.2146266 -54.9553986 78.9999924
v 0.0000000 -55.0000038 74.9999924
v 0.0000000 -55.0000038 78.9999924
v 2.2146266 -54.9553986 74.9999924
v 2.2146266 -54.9553986 78.9999924
v 4.4256606 -54.8216553 74.9999924
v 4.4256606 -54.8216553 78.9999924
v 6.6295171 -54.5989914 74.9999924
v 6.6295171 -54.5989914 78.9999924
v 8.8226194 -54.2877693 74.9999924
v 8.8226194 -54.2877693 78.9999924
v 11.0014124 -53.8884888 74.9999924
v 11.0014124 -53.8884888 78.9999924
v 13.1623602 -53.4018021 74.9999924
v 13.1623602 -53.4018021 78.9999924
v 15.3019600 -52.8284988 74.9999924
v 15.3019600 -52.8284988 78.9999924
v 17.4167385 -52.1695099 74.9999924
v 17.4167385 -52.1695099 78.9999924
v 19.5032673 -51.4258957 74.9999924
v 19.5032673 -51.4258957 78.9999924
v 21.5581608 -50.5988731 74.9999924
v 21.5581608 -50.5988731 78.9999924
v 23.5780888 -49.6897774 74.9999924
v 23.5780888 -49.6897774 78.9999924
v 25.5597725 -48.7000847 74.9999924
v 25.5597725 -48.7000847 78.9999924
v 27.4999981 -47.6314011 74.9999924
v 27.4999981 -47.6314011 78.9999924
v 29.3956184 -46.4854584 74.9999924
v 29.3956184 -46.4854584 78.9999924
v 31.2435589 -45.2641182 74.9999924
v 31.2435589 -45.2641182 78.9999924
v 33.0408211 -43.9693565 74.9999924
v 33.0408211 -43.9693565 78.9999924
v 34.7844925 -42.6032753 75.0000000
v 34.7844925 -42.6032753 79.0000000
v 36.4717407 -41.1680946 75.0000000
v 36.4717407 -41.1680946 79.0000000
v 38.0998344 -39.6661377 75.0000000
v 38.0998344 -39.6661377 79.0000000
v 39.6661301 -38.0998421 75.0000000
v 39.6661301 -38.0998421 79.0000000
v 41.1680870 -36.4717484 75.0000000
v 41.1680870 -36.4717484 79.0000000
v 42.6032677 -34.7845001 75.0000000
v 42.6032677 -34.7845001 79.0000000
v 43.9693489 -33.0408287 75.0000000
v 43.9693489 -33.0408287 79.0000000
v 45.2641106 -31.2435627 75.0000000
v 45.2641106 -31.2435646 79.0000000
v 46.4854507 -29.3956223 75.0000000
v 46.4854507 -29.3956242 79.0000000
v 47.6313934 -27.5000019 75.0000000
v 47.6313934 -27.5000038 79.0000000
v 48.7000771 -25.5597763 75.0000000
v 48.7000771 -25.5597782 79.0000000
v 49.6897697 -23.5780926 75.0000000
v 49.6897697 -23.5780945 79.0000000
v 50.5988655 -21.5581646 75.0000000
v 50.5988655 -21.5581665 79.0000000
v 51.4258881 -19.5032711 75.0000000
v 51.4258881 -19.5032730 79.0000000
v 52.1695023 -17.4167423 75.0000000
v 52.1695023 -17.4167442 79.0000000
v 52.8284912 -15.3019648 75.0000000
v 52.8284912 -15.3019638 79.0000000
v 53.4017944 -13.1623650 75.0000000
v 53.4017944 -13.1623640 79.0000000
v 53.8884811 -11.0014172 75.0000000
v 53.8884811 -11.0014162 79.0000000
v 54.2877617 -8.8226242 75.0000000
v 54.2877617 -8.8226233 79.0000000
v 54.5989838 -6.6295209 75.0000000
v 54.5989838 -6.6295209 79.0000000
v 54.8216476 -4.4256644 75.0000000
v 54.8216476 -4.4256644 79.0000000
v 54.9553909 -2.2146301 75.0000000
v 54.9553909 -2.2146304 79.0000000
v 54.9999962 -0.0000033 75.0000000
v 54.9999962 -0.0000035 79.0000000
v 54.9553909 2.2146235 75.0000000
v 54.9553909 2.2146232 79.0000000
v 54.8216476 4.4256577 75.0000000
v 54.8216476 4.4256577 79.0000000
v 54.5989838 6.6295142 75.0000000
v 54.5989838 6.6295142 79.0000000
v 54.2877617 8.8226166 75.0000000
v 54.2877617 8.8226175 79.0000000
v 53.8884811 11.0014095 75.0000000
v 53.8884811 11.0014105 79.0000000
v 53.4017944 13.1623573 75.0000000
v 53.4017944 13.1623583 79.0000000
v 52.8284912 15.3019571 75.0000000
v 52.8284912 15.3019581 79.0000000
v 52.1695023 17.4167385 75.0000000
v 52.1695023 17.4167366 79.0000000
v 51.4258881 19.5032673 75.0000000
v 51.4258881 19.5032654 79.0000000
v 50.5988655 21.5581608 75.0000000
v 50.5988655 21.5581589 79.0000000
v 49.6897697 23.5780888 75.0000000
v 49.6897697 23.5780869 79.0000000
v 48.7000771 25.5597725 75.0000000
v 48.7000771 25.5597706 79.0000000
v 47.6313934 27.4999981 75.0000000
v 47.6313934 27.4999962 79.0000000
v 46.4854507 29.3956184 75.0000000
v 46.4854507 29.3956165 79.0000000
v 45.2641106 31.2435589 75.0000000
v 45.2641106 31.2435570 79.0000000
v 43.9693489 33.0408211 75.0000000
v 43.9693489 33.0408211 79.0000000
v 42.6032677 34.7844925 75.0000000
v 42.6032677 34.7844925 79.0000000
v 41.1680870 36.4717407 75.0000000
v 41.1680870 36.4717407 79.0000000
v 39.6661301 38.0998344 75.0000000
v 39.6661301 38.0998344 79.0000000
v 38.0998344 39.6661301 75.0000000
v 38.0998344 39.6661301 79.0000000
v 36.4717407 41.1680870 75.0000000
v 36.4717407 41.1680870 79.0000000
v 34.7844925 42.6032677 75.0000000
v 34.7844925 42.6032677 79.0000000
v 33.0408211 43.9693489 75.0000076
v 33.0408211 43.9693489 79.0000076
v 31.2435589 45.2641106 75.0000076
v 31.2435589 45.2641106 79.0000076
v 29.3956184 46.4854507 75.0000076
v 29.3956184 46.4854507 79.0000076
v 27.4999981 47.6313934 75.0000076
v 27.4999981 47.6313934 79.0000076
v 25.5597725 48.7000771 75.0000076
v 25.5597725 48.7000771 79.0000076
v 23.5780888 49.6897697 75.0000076
v 23.5780888 49.6897697 79.0000076
v 21.5581608 50.5988655 75.0000076
v 21.5581608 50.5988655 79.0000076
v 19.5032673 51.4258881 75.0000076
v 19.5032673 51.4258881 79.0000076
v 17.4167385 52.1695023 75.0000076
v 17.4167385 52.1695023 79.0000076
v 15.3019600 52.8284912 75.0000076
v 15.3019600 52.8284912 79.0000076
v 13.1623602 53.4017944 75.0000076
v 13.1623602 53.4017944 79.0000076
v 11.0014124 53.8884811 75.0000076
v 11.0014124 53.8884811 79.0000076
v 8.8226194 54.2877617 75.0000076
v 8.8226194 54.2877617 79.0000076
v 6.6295171 54.5989838 75.0000076
v 6.6295171 54.5989838 79.0000076
v 4.4256606 54.8216476 75.0000076
v 4.4256606 54.8216476 79.0000076
v 2.2146266 54.9553909 75.0000076
v 2.2146266 54.9553909 79.0000076
v 0.0000000 54.9999962 75.0000076
v 0.0000000 54.9999962 79.0000076
v -2.2146266 54.9553909 75.0000076
v -2.2146266 54.9553909 79.0000076
v -4.4256606 54.8216476 75.0000076
v -4.4256606 54.8216476 79.0000076
v -6.6295171 54.5989838 75.0000076
v -6.6295171 54.5989838 79.0000076
v -8.8226194 54.2877617 75.0000076
v -8.8226194 54.2877617 79.0000076
v -11.0014124 53.8884811 75.0000076
v -11.0014124 53.8884811 79.0000076
v -13.1623602 53.4017944 75.0000076
v -13.1623602 53.4017944 79.0000076
v -15.3019600 52.8284912 75.0000076
v -15.3019600 52.8284912 79.0000076
v -17.4167385 52.1695023 75.0000076
v -17.4167385 52.1695023 79.0000076
v -19.5032673 51.4258881 75.0000076
v -19.5032673 51.4258881 79.0000076
v -21.5581608 50.5988655 75.0000076
v -21.5581608 50.5988655 79.0000076
v -23.5780888 49.6897697 75.0000076
v -23.5780888 49.6897697 79.0000076
v -25.5597725 48.7000771 75.0000076
v -25.5597725 48.7000771 79.0000076
v -27.4999981 47.6313934 75.0000076
v -27.4999981 47.6313934 79.0000076
v -29.3956184 46.4854507 75.0000076
v -29.3956184 46.4854507 79.0000076
v -31.2435589 45.2641106 75.0000076
v -31.2435589 45.2641106 79.0000076
v -33.0408211 43.9693489 75.0000076
v -33.0408211 43.9693489 79.0000076
v -34.7844925 42.6032677 75.0000000
v -34.7844925 42.6032677 79.0000000
v -36.4717407 41.1680870 75.0000000
v -36.4717407 41.1680870 79.0000000
v -38.0998344 39.6661301 75.0000000
v -38.0998344 39.6661301 79.0000000
v -39.6661301 38.0998344 75.0000000
v -39.6661301 38.0998344 79.0000000
v -41.1680870 36.4717407 75.0000000
v -41.1680870 36.4717407 79.0000000
v -42.6032677 34.7844925 75.0000000
v -42.6032677 34.7844925 79.0000000
v -43.9693489 33.0408211 75.0000000
v -43.9693489 33.0408211 79.0000000
v -45.2641106 31.2435589 75.0000000
v -45.2641106 31.2435570 79.0000000
v -46.4854507 29.3956184 75.0000000
v -46.4854507 29.3956165 79.0000000
v -47.6313934 27.4999981 75.0000000
v -47.6313934 27.4999962 79.0000000
v -48.7000771 25.5597725 75.0000000
v -48.7000771 25.5597706 79.0000000
v -49.6897697 23.5780888 75.0000000
v -49.6897697 23.5780869 79.0000000
v -50.5988655 21.5581608 75.0000000
v -50.5988655 21.5581589 79.0000000
v -51.4258881 19.5032673 75.0000000
v -51.4258881 19.5032654 79.0000000
v -52.1695023 17.4167385 75.0000000
v -52.1695023 17.4167366 79.0000000
v -52.8284912 15.3019571 75.0000000
v -52.8284912 15.3019581 79.0000000
v -53.4017944 13.1623573 75.0000000
v -53.4017944 13.1623583 79.0000000
v -53.8884811 11.0014095 75.0000000
v -53.8884811 11.0014105 79.0000000
v -54.2877617 8.8226166 75.0000000
v -54.2877617 8.8226175 79.0000000
v -54.5989838 6.6295142 75.0000000
v -54.5989838 6.6295142 79.0000000
v -54.8216476 4.4256577 75.0000000
v -54.8216476 4.4256577 79.0000000
v -54.9553909 2.2146235 75.0000000
v -54.9553909 2.2146232 79.0000000
v -54.9999962 -0.0000033 75.0000000
v -54.9999962 -0.0000035 79.0000000
v -54.9553909 -2.2146301 75.0000000
v -54.9553909 -2.2146304 79.0000000
v -54.8216476 -4.4256644 75.0000000
v -54.8216476 -4.4256644 79.0000000
v -54.5989838 -6.6295209 75.0000000
v -54.5989838 -6.6295209 79.0000000
v -54.2877617 -8.8226242 75.0000000
v -54.2877617 -8.8226233 79.0000000
v -53.8884811 -11.0014172 75.0000000
v -53.8884811 -11.0014162 79.0000000
v -53.4017944 -13.1623650 75.0000000
v -53.4017944 -13.1623640 79.0000000
v -52.8284912 -15.3019648 75.0000000
v -52.8284912 -15.3019638 79.0000000
v -52.1695023 -17.4167423 75.0000000
v -52.1695023 -17.4167442 79.0000000
v -51.4258881 -19.5032711 75.0000000
v -51.4258881 -19.5032730 79.0000000
v -50.5988655 -21.5581646 75.0000000
v -50.5988655 -21.5581665 79.0000000
v -49.6897697 -23.5780926 75.0000000
v -49.6897697 -23.5780945 79.0000000
v -48.7000771 -25.5597763 75.0000000
v -48.7000771 -25.5597782 79.0000000
v -47.6313934 -27.5000019 75.0000000
v -47.6313934 -27.5000038 79.0000000
v -46.4854507 -29.3956223 75.0000000
v -46.4854507 -29.3956242 79.0000000
v -45.2641106 -31.2435627 75.0000000
v -45.2641106 -31.2435646 79.0000000
v -43.9693489 -33.0408287 75.0000000
v -43.9693489 -33.0408287 79.0000000
v -42.6032677 -34.7845001 75.0000000
v -42.6032677 -34.7845001 79.0000000
v -41.1680870 -36.4717484 75.0000000
v -41.1680870 -36.4717484 79.0000000
v -39.6661301 -38.0998421 75.0000000
v -39.6661301 -38.0998421 79.0000000
v -38.0998344 -39.6661377 75.0000000
v -38.0998344 -39.6661377 79.0000000
v -36.4717407 -41.1680946 75.0000000
v -36.4717407 -41.1680946 79.0000000
v -34.7844925 -42.6032753 75.0000000
v -34.7844925 -42.6032753 79.0000000
v -33.0408211 -43.9693565 74.9999924
v -33.0408211 -43.9693565 78.9999924
v -31.2435589 -45.2641182 74.9999924
v -31.2435589 -45.2641182 78.9999924
v -29.3956184 -46.4854584 74.9999924
v -29.3956184 -46.4854584 78.9999924
v -27.4999981 -47.6314011 74.9999924
v -27.4999981 -47.6314011 78.9999924
v -25.5597725 -48.7000847 74.9999924
v -25.5597725 -48.7000847 78.9999924
v -23.5780888 -49.6897774 74.9999924
v -23.5780888 -49.6897774 78.9999924
v -21.5581608 -50.5988731 74.9999924
v -21.5581608 -50.5988731 78.9999924
v -19.5032673 -51.4258957 74.9999924
v -19.5032673 -51.4258957 78.9999924
v -17.4167385 -52.1695099 74.9999924
v -17.4167385 -52.1695099 78.9999924
v -15.3019600 -52.8284988 74.9999924
v -15.3019600 -52.8284988 78.9999924
v -13.1623602 -53.4018021 74.9999924
v -13.1623602 -53.4018021 78.9999924
v -11.0014124 -53.8884888 74.9999924
v -11.0014124 -53.8884888 78.9999924
v -8.8226194 -54.2877693 74.9999924
v -8.8226194 -54.2877693 78.9999924
v -6.6295171 -54.5989914 74.9999924
v -6.6295171 -54.5989914 78.9999924
v -4.4256606 -54.8216553 74.9999924
v -4.4256606 -54.8216553 78.9999924
v 50.5602760 22.2760086 2.5000010
v 50.5602760 22.2760086 0.0000010
v 50.8288612 21.6561527 45.0000000
v 51.4139175 20.2279816 0.0000009
v 51.6596451 19.5919189 45.0000000
v 52.1846390 18.1473293 0.0000008
v 52.4066353 17.4959049 45.0000000
v 52.8711967 16.0374107 0.0000007
v 53.0686226 15.3715134 45.0000000
v 53.4724884 13.9016266 0.0000006
v 53.6445312 13.2221889 45.0000000
v 53.9875374 11.7434225 0.0000005
v 54.1334305 11.0514174 45.0000000
v 54.4155159 9.5662785 0.0000004
v 54.5345230 8.8627214 45.0000000
v 54.7557335 7.3737063 0.0000003
v 54.8471603 6.6596498 45.0000000
v 55.0076447 5.1692419 0.0000002
v 55.0708389 4.4457760 45.0000000
v 55.1708412 2.9564409 0.0000001
v 55.2051888 2.2246912 45.0000000
v 55.2450562 0.7388716 0.0000000
v 55.2499962 -0.0000020 45.0000000
v 55.2301712 -1.4798894 -0.0000001
v 55.2051888 -2.2246954 45.0000000
v 55.1262169 -3.6962636 -0.0000002
v 55.0708389 -4.4457798 45.0000000
v 54.9333534 -5.9066763 -0.0000003
v 54.8471603 -6.6596537 45.0000000
v 54.6518936 -8.1075630 -0.0000004
v 54.5345230 -8.8627253 45.0000000
v 54.2822914 -10.2953739 -0.0000005
v 54.1334305 -11.0514212 45.0000000
v 53.8251457 -12.4665813 -0.0000005
v 53.6445312 -13.2221928 45.0000000
v 53.2811928 -14.6176815 -0.0000006
v 53.0686226 -15.3715172 45.0000000
v 52.6513062 -16.7452068 -0.0000007
v 52.4066353 -17.4959087 45.0000000
v 51.9365044 -18.8457279 -0.0000008
v 51.6596451 -19.5919228 45.0000000
v 51.1379433 -20.9158516 -0.0000009
v 50.8288612 -21.6561565 45.0000000
v 50.2569046 -22.9522457 -0.0000010
v 49.9156342 -23.6852665 44.9999962
v 49.2948151 -24.9516201 -0.0000011
v 48.9214401 -25.6759567 44.9999962
v 48.2532234 -26.9107552 -0.0000012
v 47.8479004 -27.6250019 44.9999962
v 47.1338081 -28.8264866 -0.0000013
v 46.6967468 -29.5292397 44.9999962
v 45.9383774 -30.6957283 -0.0000013
v 45.4698563 -31.3855801 44.9999962
v 44.6688538 -32.5154648 -0.0000014
v 44.1692085 -33.1910095 44.9999962
v 43.3272934 -34.2827606 -0.0000015
v 42.7969208 -34.9426079 44.9999962
v 41.9158554 -35.9947662 -0.0000016
v 41.3552132 -36.6375275 44.9999962
v 40.4368172 -37.6487198 -0.0000016
v 39.8464317 -38.2730217 44.9999962
v 38.8925591 -39.2419548 -0.0000017
v 38.2730179 -39.8464355 44.9999962
v 37.2855797 -40.7719002 -0.0000018
v 36.6375237 -41.3552170 44.9999962
v 35.6184654 -42.2360878 -0.0000018
v 34.9426041 -42.7969246 44.9999962
v 33.8939056 -43.6321602 -0.0000019
v 33.1910057 -44.1692123 45.0000000
v 32.1146812 -44.9578629 -0.0000020
v 31.3855762 -45.4698601 45.0000000
v 30.2836666 -46.2110596 -0.0000020
v 29.5292358 -46.6967506 45.0000000
v 28.4038086 -47.3897247 -0.0000021
v 27.6249981 -47.8479042 45.0000000
v 26.4781418 -48.4919624 -0.0000021
v 25.6759529 -48.9214439 45.0000000
v 24.5097694 -49.5159912 -0.0000022
v 23.6852627 -49.9156380 45.0000000
v 22.5018711 -50.4601631 -0.0000022
v 21.6561527 -50.8288651 45.0000000
v 20.4576797 -51.3229561 -0.0000022
v 19.5919189 -51.6596489 45.0000000
v 18.3804951 -52.1029739 -0.0000023
v 17.4959049 -52.4066391 45.0000000
v 16.2736683 -52.7989616 -0.0000023
v 15.3715143 -53.0686264 45.0000000
v 14.1405954 -53.4097939 -0.0000023
v 13.2221899 -53.6445351 45.0000000
v 11.9847155 -53.9344902 -0.0000024
v 11.0514183 -54.1334343 45.0000000
v 9.8095074 -54.3722000 -0.0000024
v 8.8627224 -54.5345268 45.0000000
v 7.6184788 -54.7222176 -0.0000024
v 6.6596513 -54.8471642 45.0000000
v 5.4151630 -54.9839859 -0.0000024
v 4.4457774 -55.0708427 45.0000000
v 3.2031138 -55.1570702 -0.0000024
v 2.2246931 -55.2051926 45.0000000
v 0.9858989 -55.2412033 -0.0000024
v 0.0000000 -55.2500000 45.0000000
v -1.2329063 -55.2362404 -0.0000024
v -2.2246931 -55.2051926 45.0000000
v -3.4497230 -55.1421967 -0.0000024
v -4.4457774 -55.0708427 45.0000000
v -5.6609759 -54.9592209 -0.0000024
v -6.6596513 -54.8471642 45.0000000
v -7.8630996 -54.6876068 -0.0000024
v -8.8627224 -54.5345268 45.0000000
v -10.0525408 -54.3277931 -0.0000024
v -11.0514183 -54.1334343 45.0000000
v -12.2257700 -53.8803596 -0.0000024
v -13.2221899 -53.6445351 45.0000000
v -14.3792820 -53.3460274 -0.0000023
v -15.3715143 -53.0686264 45.0000000
v -16.5096016 -52.7256622 -0.0000023
v -17.4959049 -52.4066391 45.0000000
v -18.6132965 -52.0202599 -0.0000023
v -19.5919189 -51.6596489 45.0000000
v -20.6869717 -51.2309647 -0.0000022
v -21.6561527 -50.8288651 45.0000000
v -22.7272835 -50.3590393 -0.0000022
v -23.6852627 -49.9156380 45.0000000
v -24.7309418 -49.4058990 -0.0000022
v -25.6759529 -48.9214439 45.0000000
v -26.6947136 -48.3730774 -0.0000021
v -27.6249981 -47.8479042 45.0000000
v -28.6154327 -47.2622414 -0.0000021
v -29.5292358 -46.6967506 45.0000000
v -30.4900017 -46.0751801 -0.0000020
v -31.3855762 -45.4698601 45.0000000
v -32.3153954 -44.8138084 -0.0000020
v -33.1910057 -44.1692123 45.0000000
v -34.0886726 -43.4801636 -0.0000019
v -34.9426041 -42.7969246 44.9999962
v -35.8069725 -42.0763969 -0.0000018
v -36.6375237 -41.3552170 44.9999962
v -37.4675217 -40.6047668 -0.0000018
v -38.2730179 -39.8464355 44.9999962
v -39.0676460 -39.0676498 -0.0000017
v -39.8464317 -38.2730217 44.9999962
v -40.6047630 -37.4675255 -0.0000016
v -41.3552132 -36.6375275 44.9999962
v -42.0763931 -35.8069763 -0.0000016
v -42.7969208 -34.9426079 44.9999962
v -43.4801598 -34.0886765 -0.0000015
v -44.1692085 -33.1910095 44.9999962
v -44.8138046 -32.3153992 -0.0000014
v -45.4698563 -31.3855801 44.9999962
v -46.0751762 -30.4900036 -0.0000013
v -46.6967468 -29.5292397 44.9999962
v -47.2622375 -28.6154346 -0.0000013
v -47.8479004 -27.6250019 44.9999962
v -48.3730736 -26.6947155 -0.0000012
v -48.9214401 -25.6759567 44.9999962
v -49.4058952 -24.7309437 -0.0000011
v -49.9156342 -23.6852665 44.9999962
v -50.3590355 -22.7272854 -0.0000010
v -50.8288612 -21.6561565 45.0000000
v -51.2309608 -20.6869736 -0.0000009
v -51.6596451 -19.5919228 45.0000000
v -52.0202560 -18.6132984 -0.0000008
v -52.4066353 -17.4959087 45.0000000
v -52.7256584 -16.5096035 -0.0000007
v -53.0686226 -15.3715172 45.0000000
v -53.3460236 -14.3792830 -0.0000006
v -53.6445312 -13.2221928 45.0000000
v -53.8803558 -12.2257710 -0.0000005
v -54.1334305 -11.0514212 45.0000000
v -54.3277893 -10.0525417 -0.0000004
v -54.5345230 -8.8627253 45.0000000
v -54.6876030 -7.8631001 -0.0000003
v -54.8471603 -6.6596537 45.0000000
v -54.9592171 -5.6609764 -0.0000002
v -55.0708389 -4.4457798 45.0000000
v -55.1421928 -3.4497232 -0.0000002
v -55.2051888 -2.2246954 45.0000000
v -55.2362366 -1.2329065 -0.0000001
v -55.2499962 -0.0000020 45.0000000
v -55.2411995 0.9858989 0.0000000
v -55.2051888 2.2246912 45.0000000
v -55.1570663 3.2031140 0.0000001
v -55.0708389 4.4457760 45.0000000
v -54.9839821 5.4151635 0.0000002
v -54.8471603 6.6596498 45.0000000
v -54.7222137 7.6184793 0.0000003
v -54.5345230 8.8627214 45.0000000
v -54.3721962 9.8095083 0.0000004
v -54.1334305 11.0514174 45.0000000
v -53.9344864 11.9847164 0.0000005
v -53.6445312 13.2221889 45.0000000
v -53.4097900 14.1405964 0.0000006
v -53.0686226 15.3715134 45.0000000
v -52.7989578 16.2736702 0.0000007
v -52.4066353 17.4959049 45.0000000
v -52.1029701 18.3804970 0.0000008
v -51.6596451 19.5919189 45.0000000
v -51.3229523 20.4576817 0.0000009
v -50.8288612 21.6561527 45.0000000
v -50.4601593 22.5018730 0.0000010
v -49.9156342 23.6852627 45.0000038
v -49.5159874 24.5097713 0.0000011
v -48.9214401 25.6759529 45.0000038
v -48.4919586 26.4781437 0.0000012
v -47.8479004 27.6249981 45.0000038
v -47.3897209 28.4038105 0.0000012
v -46.6967468 29.5292358 45.0000038
v -46.2110558 30.2836685 0.0000013
v -45.4698563 31.3855762 45.0000038
v -44.9578590 32.1146851 0.0000014
v -44.1692085 33.1910095 45.0000038
v -43.6321564 33.8939095 0.0000015
v -42.7969208 34.9426079 45.0000038
v -42.2360840 35.6184692 0.0000016
v -41.3552132 36.6375275 45.0000038
v -40.7718964 37.2855835 0.0000016
v -39.8464317 38.2730217 45.0000038
v -39.2419510 38.8925629 0.0000017
v -38.2730179 39.8464355 45.0000038
v -37.6487160 40.4368210 0.0000018
v -36.6375237 41.3552170 45.0000038
v -35.9947624 41.9158592 0.0000018
v -34.9426041 42.7969246 45.0000038
v -34.2827568 43.3272972 0.0000019
v -33.1910057 44.1692123 45.0000000
v -32.5154610 44.6688576 0.0000020
v -31.3855762 45.4698601 45.0000000
v -30.6957264 45.9383812 0.0000020
v -29.5292358 46.6967506 45.0000000
v -28.8264847 47.1338120 0.0000021
v -27.6249981 47.8479042 45.0000000
v -26.9107533 48.2532272 0.0000021
v -25.6759529 48.9214439 45.0000000
v -24.9516182 49.2948189 0.0000022
v -23.6852627 49.9156380 45.0000000
v -22.9522438 50.2569084 0.0000022
v -21.6561527 50.8288651 45.0000000
v -20.9158497 51.1379471 0.0000022
v -19.5919189 51.6596489 45.0000000
v -18.8457260 51.9365082 0.0000023
v -17.4959049 52.4066391 45.0000000
v -16.7452049 52.6513100 0.0000023
v -15.3715143 53.0686264 45.0000000
v -14.6176805 53.2811966 0.0000023
v -13.2221899 53.6445351 45.0000000
v -12.4665804 53.8251495 0.0000024
v -11.0514183 54.1334343 45.0000000
v -10.2953730 54.2822952 0.0000024
v -8.8627224 54.5345268 45.0000000
v -8.1075621 54.6518974 0.0000024
v -6.6596513 54.8471642 45.0000000
v -5.9066758 54.9333572 0.0000024
v -4.4457774 55.0708427 45.0000000
v -3.6962633 55.1262207 0.0000024
v -2.2246931 55.2051926 45.0000000
v -1.4798893 55.2301750 0.0000024
v 0.0000000 55.2500000 45.0000000
v 0.7388715 55.2450600 0.0000024
v 2.2246931 55.2051926 45.0000000
v 2.9564407 55.1708450 0.0000024
v 4.4457774 55.0708427 45.0000000
v 5.1692414 55.0076485 0.0000024
v 6.6596513 54.8471642 45.0000000
v 7.3737059 54.7557373 0.0000024
v 8.8627224 54.5345268 45.0000000
v 9.5662775 54.4155197 0.0000024
v 11.0514183 54.1334343 45.0000000
v 11.7434216 53.9875412 0.0000024
v 13.2221899 53.6445351 45.0000000
v 13.9016256 53.4724922 0.0000023
v 15.3715143 53.0686264 45.0000000
v 16.0374088 52.8712006 0.0000023
v 17.4959049 52.4066391 45.0000000
v 18.1473274 52.1846428 0.0000023
v 19.5919189 51.6596489 45.0000000
v 20.2279797 51.4139214 0.0000022
v 21.6561527 50.8288651 45.0000000
v 22.2760067 50.5602798 2.5000024
v 23.6852627 49.9156380 45.0000000
v 24.1494598 49.6927147 2.5000021
v 25.6759529 48.9214439 45.0000000
v 25.9891891 48.7557640 2.5000021
v 27.6249981 47.8479042 45.0000000
v 27.7926292 47.7507286 2.5000021
v 29.5292358 46.6967506 45.0000000
v 29.5572605 46.6790161 2.5000019
v 31.2806187 45.5421257 2.5000021
v 22.2760067 50.5602798 0.0000022
v 31.3855762 45.4698601 45.0000000
v 32.9602966 44.3416405 2.5000019
v 33.1910057 44.1692123 45.0000000
v 34.5939522 43.0792389 8.0000019
v 34.9426041 42.7969246 45.0000038
v 34.6125183 43.0643806 8.4776430
v 34.6682930 43.0195465 8.9619083
v 34.5939522 43.0792389 2.5000019
v 34.7613716 42.9443207 9.4438286
v 34.8918648 42.8382988 9.9144382
v 35.0588531 42.7017174 10.3652658
v 35.2576866 42.5376663 10.7897987
v 35.4828720 42.3500290 11.1820049
v 35.7289200 42.1426926 11.5358515
v 36.6375237 41.3552170 45.0000038
v 35.9989662 41.9121933 11.8564043
v 36.2963295 41.6548882 12.1482172
v 36.6159744 41.3742332 12.4046869
v 36.9528542 41.0737000 12.6192093
v 37.3015862 40.7570992 12.7863407
v 38.2730179 39.8464355 45.0000038
v 37.6557693 40.4299698 12.9052792
v 38.0088158 40.0983696 12.9763803
v 38.3541412 39.7683563 13.0000019
v 38.8312225 39.3026505 13.0000019
v 39.8464317 38.2730217 45.0000038
v 39.3026466 38.8312263 13.0000019
v 39.7683525 38.3541451 13.0000019
v 40.0983658 38.0088196 12.9763794
v 40.4299660 37.6557732 12.9052782
v 40.7570953 37.3015900 12.7863398
v 41.3552132 36.6375275 45.0000038
v 41.0736961 36.9528580 12.6192083
v 41.3742294 36.6159782 12.4046860
v 41.6548843 36.2963333 12.1482162
v 41.9121895 35.9989700 11.8564034
v 42.1426888 35.7289238 11.5358505
v 42.7969208 34.9426079 45.0000038
v 42.3500252 35.4828758 11.1820040
v 42.5376625 35.2576904 10.7897978
v 42.7017136 35.0588570 10.3652649
v 42.8382950 34.8918686 9.9144373
v 42.9443169 34.7613754 9.4438276
v 43.0195427 34.6682968 8.9619074
v 43.0643768 34.6125221 8.4776421
v 44.1692085 33.1910095 45.0000038
v 43.0792351 34.5939560 8.0000019
v 43.0792351 34.5939560 2.5000017
v 44.3416367 32.9603004 2.5000014
v 45.4698563 31.3855762 45.0000038
v 45.5421219 31.2806206 2.5000012
v 46.6967468 29.5292358 45.0000038
v 46.6790123 29.5572624 2.5000014
v 47.7507248 27.7926311 2.5000012
v 47.8479004 27.6249981 45.0000038
v 48.7557602 25.9891911 2.5000012
v 48.9214401 25.6759529 45.0000038
v 49.6927109 24.1494617 2.5000012
v 49.9156342 23.6852627 45.0000038
v 48.2656898 56.7509727 0.0000025
v 46.2628784 58.3951683 0.0000026
v 48.2656898 56.7509727 8.0000029
v 48.2763100 56.7419701 8.3652229
v 48.3082275 56.7148399 8.7355986
v 48.3615074 56.6694183 9.1070852
v 48.4362221 56.6055374 9.4756393
v 48.5324402 56.5230217 9.8372202
v 48.6500092 56.4218483 10.1878910
v 48.7872276 56.3032227 10.5245428
v 44.2041054 59.9687157 0.0000026
v 42.0918503 61.4697151 0.0000027
v 39.9286728 62.8963509 0.0000027
v 37.7171936 64.2468948 0.0000028
v 35.4600830 65.5197067 0.0000029
v 33.1600723 66.7132645 0.0000029
v 30.8199463 67.8261032 0.0000030
v 28.4425354 68.8568954 0.0000030
v 26.0307121 69.8043823 0.0000031
v 23.5874004 70.6674194 0.0000031
v 21.1155510 71.4449692 0.0000031
v 18.6181564 72.1360779 0.0000032
v 16.0982380 72.7399216 0.0000032
v 13.5588465 73.2557678 0.0000032
v 11.0030489 73.6829910 0.0000032
v 8.4339409 74.0210724 0.0000032
v 5.8546300 74.2695999 0.0000032
v 3.2682357 74.4282761 0.0000033
v 0.6778877 74.4969177 0.0000033
v -1.9132804 74.4754257 0.0000033
v -4.5021338 74.3638382 0.0000033
v -7.0855408 74.1622925 0.0000032
v -9.6603756 73.8710175 0.0000032
v -12.2235231 73.4903793 0.0000032
v -14.7718840 73.0208282 0.0000032
v -17.3023720 72.4629440 0.0000032
v -19.8119297 71.8173904 0.0000031
v -22.2975178 71.0849533 0.0000031
v -24.7561321 70.2665176 0.0000031
v -27.1847954 69.3630829 0.0000030
v -29.5805721 68.3757248 0.0000030
v -31.9405632 67.3056488 0.0000029
v -34.2619095 66.1541443 0.0000029
v -36.5418091 64.9226151 0.0000028
v -38.7775002 63.6125374 0.0000028
v -40.9662781 62.2255058 0.0000027
v -43.1054993 60.7631950 0.0000027
v -45.1925697 59.2273712 0.0000026
v -47.2249641 57.6198959 0.0000025
v -49.2002296 55.9427109 0.0000024
v -51.1159744 54.1978493 0.0000024
v -52.9698753 52.3874207 0.0000023
v -54.7596970 50.5136108 0.0000022
v -56.4832726 48.5786934 0.0000021
v -58.1385155 46.5850067 0.0000020
v -59.7234192 44.5349617 0.0000019
v -61.2360725 42.4310379 0.0000019
v -62.6746445 40.2757797 0.0000018
v -64.0373917 38.0718002 0.0000017
v -65.3226624 35.8217583 0.0000016
v -66.5289154 33.5283813 0.0000015
v -67.6546783 31.1944447 0.0000014
v -68.6985931 28.8227673 0.0000013
v -69.6594009 26.4162197 0.0000012
v -70.5359344 23.9777164 0.0000010
v -71.3271332 21.5102043 0.0000009
v -72.0320435 19.0166683 0.0000008
v -72.6498108 16.5001259 0.0000007
v -73.1796799 13.9636240 0.0000006
v -73.6210251 11.4102278 0.0000005
v -73.9733047 8.8430281 0.0000004
v -74.2360916 6.2651296 0.0000003
v -74.4090652 3.6796520 0.0000002
v -74.4920197 1.0897229 0.0000000
v -74.4848557 -1.5015246 -0.0000001
v -74.3875885 -4.0909557 -0.0000002
v -74.2003174 -6.6754375 -0.0000003
v -73.9232864 -9.2518435 -0.0000004
v -73.5568237 -11.8170567 -0.0000005
v -73.1013718 -14.3679733 -0.0000006
v -72.5574799 -16.9015083 -0.0000007
v -71.9258118 -19.4145966 -0.0000008
v -71.2071304 -21.9041958 -0.0000010
v -70.4022980 -24.3672981 -0.0000011
v -69.5122986 -26.8009186 -0.0000012
v -68.5382004 -29.2021179 -0.0000013
v -67.4811935 -31.5679874 -0.0000014
v -66.3425446 -33.8956680 -0.0000015
v -65.1236343 -36.1823387 -0.0000016
v -63.8259392 -38.4252396 -0.0000017
v -62.4510269 -40.6216545 -0.0000018
v -61.0005646 -42.7689247 -0.0000019
v -59.4763031 -44.8644524 -0.0000020
v -57.8800850 -46.9057045 -0.0000021
v -56.2138481 -48.8902130 -0.0000021
v -54.4796028 -50.8155708 -0.0000022
v -52.6794510 -52.6794548 -0.0000023
v -50.8155670 -54.4796066 -0.0000024
v -48.8902092 -56.2138519 -0.0000025
v -46.9057007 -57.8800888 -0.0000025
v -44.8644485 -59.4763069 -0.0000026
v -42.7689209 -61.0005684 -0.0000027
v -40.6216507 -62.4510307 -0.0000027
v -38.4252357 -63.8259430 -0.0000028
v -36.1823349 -65.1236420 -0.0000028
v -33.8956642 -66.3425522 -0.0000029
v -31.5679855 -67.4812012 -0.0000029
v -29.2021160 -68.5382080 -0.0000030
v -26.8009167 -69.5123062 -0.0000030
v -24.3672962 -70.4023056 -0.0000031
v -21.9041939 -71.2071381 -0.0000031
v -19.4145947 -71.9258194 -0.0000031
v -16.9015064 -72.5574875 -0.0000032
v -14.3679724 -73.1013794 -0.0000032
v -11.8170557 -73.5568314 -0.0000032
v -9.2518425 -73.9232941 -0.0000032
v -6.6754370 -74.2003250 -0.0000032
v -4.0909553 -74.3875961 -0.0000033
v -1.5015244 -74.4848633 -0.0000033
v 1.0897228 -74.4920273 -0.0000033
v 3.6796517 -74.4090729 -0.0000033
v 6.2651291 -74.2360992 -0.0000032
v 8.8430271 -73.9733124 -0.0000032
v 11.4102268 -73.6210327 -0.0000032
v 13.9636230 -73.1796875 -0.0000032
v 16.5001240 -72.6498184 -0.0000032
v 19.0166664 -72.0320511 -0.0000031
v 21.5102024 -71.3271408 -0.0000031
v 23.9777145 -70.5359421 -0.0000031
v 26.4162178 -69.6594086 -0.0000030
v 28.8227654 -68.6986008 -0.0000030
v 31.1944427 -67.6546860 -0.0000030
v 33.5283775 -66.5289230 -0.0000029
v 35.8217545 -65.3226700 -0.0000029
v 38.0717964 -64.0373993 -0.0000028
v 40.2757759 -62.6746483 -0.0000027
v 42.4310341 -61.2360764 -0.0000027
v 44.5349579 -59.7234230 -0.0000026
v 46.5850029 -58.1385193 -0.0000025
v 48.5786896 -56.4832764 -0.0000025
v 50.5136070 -54.7597008 -0.0000024
v 52.3874168 -52.9698792 -0.0000023
v 54.1978455 -51.1159782 -0.0000022
v 55.9427071 -49.2002335 -0.0000022
v 57.6198921 -47.2249680 -0.0000021
v 59.2273674 -45.1925735 -0.0000020
v 60.7631912 -43.1055031 -0.0000019
v 62.2255020 -40.9662819 -0.0000018
v 63.6125336 -38.7775040 -0.0000017
v 64.9226074 -36.5418129 -0.0000016
v 66.1541367 -34.2619133 -0.0000015
v 67.3056412 -31.9405651 -0.0000014
v 68.3757172 -29.5805740 -0.0000013
v 69.3630753 -27.1847973 -0.0000012
v 70.2665100 -24.7561340 -0.0000011
v 71.0849457 -22.2975197 -0.0000010
v 71.8173828 -19.8119316 -0.0000009
v 72.4629364 -17.3023739 -0.0000008
v 73.0208206 -14.7718849 -0.0000006
v 73.4903717 -12.2235241 -0.0000005
v 73.8710098 -9.6603765 -0.0000004
v 74.1622849 -7.0855412 -0.0000003
v 74.3638306 -4.5021343 -0.0000002
v 74.4754181 -1.9132805 -0.0000001
v 74.4969101 0.6778878 0.0000000
v 74.4282684 3.2682359 0.0000001
v 74.2695923 5.8546305 0.0000003
v 74.0210648 8.4339418 0.0000004
v 73.6829834 11.0030499 0.0000005
v 73.2557602 13.5588474 0.0000006
v 72.7399139 16.0982399 0.0000007
v 72.1360703 18.6181583 0.0000008
v 71.4449615 21.1155529 0.0000009
v 70.6674118 23.5874023 0.0000010
v 69.8043747 26.0307140 0.0000011
v 68.8568878 28.4425373 0.0000012
v 67.8260956 30.8199482 0.0000013
v 66.7132568 33.1600761 0.0000014
v 65.5196991 35.4600868 0.0000016
v 64.2468872 37.7171974 0.0000016
v 62.8963470 39.9286766 0.0000017
v 61.4697113 42.0918541 0.0000018
v 59.9687119 44.2041092 0.0000019
v 58.3951645 46.2628822 0.0000020
v 56.7509689 48.2656937 0.0000021
v 56.7509689 48.2656937 8.0000019
v 56.7419662 48.2763138 8.3652229
v 56.7148361 48.3082314 8.7355986
v 56.6694145 48.3615112 9.1070852
v 56.6055336 48.4362259 9.4756393
v 56.5230179 48.5324440 9.8372202
v 56.4218445 48.6500130 10.1878910
v 56.3032188 48.7872314 10.5245428
v -16.4057674 70.6797943 20.0000019
v -18.8752079 70.0607529 20.0000019
v -13.9161310 71.2118225 20.0000019
v -11.4093618 71.6561890 20.0000019
v -8.8885469 72.0123367 20.0000019
v -6.3567896 72.2798309 20.0000019
v -3.8172069 72.4583435 20.0000019
v -1.2729247 72.5476532 20.0000019
v 1.2729247 72.5476532 20.0000019
v 3.8172069 72.4583435 20.0000019
v 6.3567896 72.2798309 20.0000019
v 8.8885469 72.0123367 20.0000019
v 11.4093618 71.6561890 20.0000019
v 13.9161310 71.2118225 20.0000019
v 16.4057674 70.6797943 20.0000019
v 18.8752079 70.0607529 20.0000019
v 17.8756351 69.3608475 22.8793545
v 16.8898754 68.6706085 25.6923332
v 15.9174633 67.9897156 28.4403324
v 14.9579506 67.3178635 31.1246872
v 14.0109034 66.6547318 33.7466812
v 13.0758953 66.0000305 36.3075294
v 12.1525135 65.3534698 38.8083954
v 11.2403555 64.7147751 41.2504044
v 10.3390293 64.0836563 43.6346130
v 9.4481497 63.4598579 45.9620399
v 8.5673418 62.8431091 48.2336464
v 7.6962409 62.2331581 50.4503479
v 6.8344865 61.6297493 52.6130257
v 5.9817276 61.0326424 54.7225075
v 5.1376190 60.4415894 56.7795715
v 4.3018227 59.8563614 58.7849693
v 3.9380794 59.6169357 59.6006737
v 3.5295541 59.3823509 60.4035416
v 3.0423036 59.1444588 61.2215424
v 2.7679269 59.0291214 61.6192894
v 70.0607452 18.8752079 20.0000019
v 69.3608398 17.8756371 22.8793545
v 68.6706009 16.8898773 25.6923332
v 67.9897079 15.9174623 28.4403324
v 67.3178558 14.9579496 31.1246872
v 66.6547241 14.0109034 33.7466774
v 66.0000229 13.0758953 36.3075256
v 65.3534622 12.1525126 38.8083954
v 64.7147675 11.2403545 41.2504044
v 64.0836487 10.3390284 43.6346130
v 63.4598541 9.4481487 45.9620399
v 62.8431053 8.5673409 48.2336464
v 62.2331543 7.6962395 50.4503479
v 61.6297455 6.8344846 52.6130257
v 61.0326385 5.9817257 54.7225075
v 60.4415855 5.1376171 56.7795715
v 59.8563576 4.3018203 58.7849693
v 59.6169319 3.9380770 59.6006737
v 59.3823471 3.5295517 60.4035416
v 59.1444550 3.0423012 61.2215424
v 59.0291176 2.7679243 61.6192894
v 70.6797867 16.4057674 20.0000019
v 71.2118149 13.9161310 20.0000019
v 71.6561813 11.4093618 20.0000019
v 72.0123291 8.8885469 20.0000000
v 72.2798233 6.3567891 20.0000000
v 72.4583359 3.8172064 20.0000000
v 72.5476456 1.2729238 20.0000000
v 72.5476456 -1.2729257 20.0000000
v 72.4583359 -3.8172078 20.0000000
v 72.2798233 -6.3567910 20.0000000
v 72.0123291 -8.8885489 20.0000000
v 71.6561813 -11.4093637 19.9999981
v 71.2118149 -13.9161329 19.9999981
v 70.6797867 -16.4057713 19.9999981
v 70.0607452 -18.8752117 19.9999981
v 69.3608398 -17.8756371 22.8793507
v 68.6706009 -16.8898773 25.6923294
v 67.9897079 -15.9174662 28.4403286
v 67.3178558 -14.9579535 31.1246834
v 66.6547241 -14.0109053 33.7466774
v 66.0000229 -13.0758972 36.3075256
v 65.3534622 -12.1525164 38.8083954
v 64.7147675 -11.2403584 41.2504044
v 64.0836487 -10.3390322 43.6346130
v 63.4598541 -9.4481525 45.9620399
v 62.8431053 -8.5673447 48.2336464
v 62.2331543 -7.6962433 50.4503479
v 61.6297455 -6.8344893 52.6130257
v 61.0326385 -5.9817305 54.7225075
v 60.4415855 -5.1376219 56.7795715
v 59.8563576 -4.3018260 58.7849693
v 59.6169319 -3.9380822 59.6006737
v 59.3823471 -3.5295570 60.4035416
v 59.1444550 -3.0423064 61.2215424
v 59.0291176 -2.7679300 61.6192894
v 18.8752079 -70.0607529 19.9999981
v 17.8756351 -69.3608475 22.8793507
v 16.8898754 -68.6706085 25.6923294
v 15.9174633 -67.9897156 28.4403286
v 14.9579506 -67.3178635 31.1246834
v 14.0109034 -66.6547318 33.7466736
v 13.0758953 -66.0000305 36.3075218
v 12.1525135 -65.3534698 38.8083954
v 11.2403555 -64.7147751 41.2504044
v 10.3390293 -64.0836563 43.6346130
v 9.4481497 -63.4598579 45.9620399
v 8.5673418 -62.8431091 48.2336464
v 7.6962409 -62.2331581 50.4503479
v 6.8344865 -61.6297493 52.6130257
v 5.9817276 -61.0326424 54.7225075
v 5.1376190 -60.4415894 56.7795715
v 16.4057674 -70.6797943 19.9999981
v 13.9161310 -71.2118225 19.9999981
v 11.4093618 -71.6561890 19.9999981
v 8.8885469 -72.0123367 19.9999981
v 6.3567896 -72.2798309 19.9999981
v 3.8172069 -72.4583435 19.9999981
v 1.2729247 -72.5476532 19.9999981
v -1.2729247 -72.5476532 19.9999981
v -3.8172069 -72.4583435 19.9999981
v -6.3567896 -72.2798309 19.9999981
v -8.8885469 -72.0123367 19.9999981
v -11.4093618 -71.6561890 19.9999981
v -13.9161310 -71.2118225 19.9999981
v -16.4057674 -70.6797943 19.9999981
v -18.8752079 -70.0607529 19.9999981
v -17.8756351 -69.3608475 22.8793507
v -16.8898754 -68.6706085 25.6923294
v -15.9174633 -67.9897156 28.4403286
v -14.9579506 -67.3178635 31.1246834
v -14.0109034 -66.6547318 33.7466736
v -13.0758953 -66.0000305 36.3075218
v -12.1525135 -65.3534698 38.8083954
v -11.2403555 -64.7147751 41.2504044
v -10.3390293 -64.0836563 43.6346130
v -9.4481497 -63.4598579 45.9620399
v -8.5673418 -62.8431091 48.2336464
v -7.6962409 -62.2331581 50.4503479
v -6.8344865 -61.6297493 52.6130257
v -5.9817276 -61.0326424 54.7225075
v -5.1376190 -60.4415894 56.7795715
v -70.0607452 -18.8752117 19.9999981
v -69.3608398 -17.8756371 22.8793507
v -68.6706009 -16.8898773 25.6923294
v -67.9897079 -15.9174662 28.4403286
v -67.3178558 -14.9579535 31.1246834
v -66.6547241 -14.0109053 33.7466774
v -66.0000229 -13.0758972 36.3075256
v -65.3534622 -12.1525164 38.8083954
v -64.7147675 -11.2403584 41.2504044
v -64.0836487 -10.3390322 43.6346130
v -63.4598541 -9.4481525 45.9620399
v -62.8431053 -8.5673447 48.2336464
v -62.2331543 -7.6962433 50.4503479
v -61.6297455 -6.8344893 52.6130257
v -61.0326385 -5.9817305 54.7225075
v -60.4415855 -5.1376219 56.7795715
v -59.8563576 -4.3018260 58.7849693
v -59.6169319 -3.9380822 59.6006737
v -59.3823471 -3.5295570 60.4035416
v -59.1444550 -3.0423064 61.2215424
v -59.0291176 -2.7679300 61.6192894
v -70.6797867 -16.4057713 19.9999981
v -71.2118149 -13.9161329 19.9999981
v -71.6561813 -11.4093637 19.9999981
v -72.0123291 -8.8885489 20.0000000
v -72.2798233 -6.3567910 20.0000000
v -72.4583359 -3.8172078 20.0000000
v -72.5476456 -1.2729257 20.0000000
v -72.5476456 1.2729238 20.0000000
v -72.4583359 3.8172064 20.0000000
v -72.2798233 6.3567891 20.0000000
v -72.0123291 8.8885469 20.0000000
v -71.6561813 11.4093618 20.0000019
v -71.2118149 13.9161310 20.0000019
v -70.6797867 16.4057674 20.0000019
v -70.0607452 18.8752079 20.0000019
v -69.3608398 17.8756371 22.8793545
v -68.6706009 16.8898773 25.6923332
v -67.9897079 15.9174623 28.4403324
v -67.3178558 14.9579496 31.1246872
v -66.6547241 14.0109034 33.7466774
v -66.0000229 13.0758953 36.3075256
v -65.3534622 12.1525126 38.8083954
v -64.7147675 11.2403545 41.2504044
v -64.0836487 10.3390284 43.6346130
v -63.4598541 9.4481487 45.9620399
v -62.8431053 8.5673409 48.2336464
v -62.2331543 7.6962395 50.4503479
v -61.6297455 6.8344846 52.6130257
v -61.0326385 5.9817257 54.7225075
v -60.4415855 5.1376171 56.7795715
v -59.8563576 4.3018203 58.7849693
v -59.6169319 3.9380770 59.6006737
v -59.3823471 3.5295517 60.4035416
v -59.1444550 3.0423012 61.2215424
v -59.0291176 2.7679243 61.6192894
v -17.8756351 69.3608475 22.8793545
v -16.8898754 68.6706085 25.6923332
v -15.9174633 67.9897156 28.4403324
v -14.9579506 67.3178635 31.1246872
v -14.0109034 66.6547318 33.7466812
v -13.0758953 66.0000305 36.3075294
v -12.1525135 65.3534698 38.8083954
v -11.2403555 64.7147751 41.2504044
v -10.3390293 64.0836563 43.6346130
v -9.4481497 63.4598579 45.9620399
v -8.5673418 62.8431091 48.2336464
v -7.6962409 62.2331581 50.4503479
v -6.8344865 61.6297493 52.6130257
v -5.9817276 61.0326424 54.7225075
v -5.1376190 60.4415894 56.7795715
v -4.3018227 59.8563614 58.7849693
v -3.9380794 59.6169357 59.6006737
v -3.5295541 59.3823509 60.4035416
v -3.0423036 59.1444588 61.2215424
v -2.7679269 59.0291214 61.6192894
v 1.1396270 -57.9888077 78.4999924
v -1.1396270 -57.9888077 78.4999924
v -3.4171209 -57.8992538 78.4999924
v -5.6893377 -57.7202911 78.4999924
v -7.9527688 -57.4521866 78.4999924
v -10.2039185 -57.0953636 78.4999924
v -12.4393101 -56.6503677 78.4999924
v -14.6554918 -56.1178856 78.4999924
v -16.8490410 -55.4987411 78.4999924
v -19.0165710 -54.7938919 78.4999924
v -21.1547337 -54.0044212 78.4999924
v -23.2602272 -53.1315536 78.4999924
v -25.3297997 -52.1766396 78.4999924
v -27.3602562 -51.1411438 78.4999924
v -29.3484592 -50.0266762 78.4999924
v -31.2913418 -48.8349495 78.4999924
v -33.1858978 -47.5678062 78.4999924
v -35.0292091 -46.2272072 78.4999924
v -36.8184204 -44.8152199 78.4999924
v -38.5507774 -43.3340225 78.5000000
v -40.2236023 -41.7859077 78.5000000
v -41.8343048 -40.1732597 78.5000000
v -43.3804054 -38.4985733 78.5000000
v -44.8595161 -36.7644348 78.5000000
v -46.2693481 -34.9735222 78.5000000
v -47.6077271 -33.1286011 78.5000000
v -48.8725853 -31.2325172 78.5000000
v -50.0619736 -29.2882023 78.5000000
v -51.1740456 -27.2986565 78.5000000
v -52.2070961 -25.2669563 78.5000000
v -53.1595192 -23.1962337 78.5000000
v -54.0298500 -21.0896912 78.5000000
v -54.8167419 -18.9505787 78.5000000
v -55.5189819 -16.7822018 78.5000000
v -56.1354828 -14.5879078 78.5000000
v -56.6652985 -12.3710861 78.5000000
v -57.1076012 -10.1351604 78.5000000
v -57.4617157 -7.8835826 78.5000000
v -57.7270927 -5.6198306 78.5000000
v -57.9033203 -3.3473997 78.5000000
v -57.9901276 -1.0697992 78.5000000
v -57.9873848 1.2094532 78.5000000
v -57.8950920 3.4868379 78.5000000
v -57.7133904 5.7588382 78.5000000
v -57.4425621 8.0219450 78.5000000
v -57.0830269 10.2726631 78.5000000
v -56.6353378 12.5075178 78.5000000
v -56.1001892 14.7230568 78.5000000
v -55.4784012 16.9158592 78.5000000
v -54.7709427 19.0825386 78.5000000
v -53.9789009 21.2197475 78.5000000
v -53.1035004 23.3241901 78.5000000
v -52.1460915 25.3926105 78.5000000
v -51.1081543 27.4218178 78.5000000
v -49.9912872 29.4086800 78.5000000
v -48.7972260 31.3501244 78.5000000
v -47.5278015 33.2431564 78.5000000
v -46.1849823 35.0848503 78.5000000
v -44.7708435 36.8723640 78.5000000
v -43.2875595 38.6029320 78.5000000
v -41.7374306 40.2738914 78.5000000
v -40.1228447 41.8826523 78.5000000
v -38.4463005 43.4267349 78.5000000
v -36.7103806 44.9037552 78.5000076
v -34.9177704 46.3114319 78.5000076
v -33.0712395 47.6475868 78.5000076
v -31.1736355 48.9101601 78.5000076
v -29.2278900 50.0972061 78.5000076
v -27.2370071 51.2068825 78.5000076
v -25.2040634 52.2374840 78.5000076
v -23.1321964 53.1874123 78.5000076
v -21.0246067 54.0552063 78.5000076
v -18.8845501 54.8395233 78.5000076
v -16.7153282 55.5391502 78.5000076
v -14.5202951 56.1530113 78.5000076
v -12.3028364 56.6801529 78.5000076
v -10.0663795 57.1197662 78.5000076
v -7.8143773 57.4711685 78.5000076
v -5.5503073 57.7338181 78.5000076
v -3.2776659 57.9073105 78.5000076
v -0.3333356 57.9990387 76.0000076
v 0.3333356 57.9990387 76.0000076
v 3.4171209 -57.8992538 78.4999924
v 5.6893377 -57.7202911 78.4999924
v 7.9527688 -57.4521866 78.4999924
v 10.2039185 -57.0953636 78.4999924
v 12.4393101 -56.6503677 78.4999924
v 14.6554918 -56.1178856 78.4999924
v 16.8490410 -55.4987411 78.4999924
v 19.0165710 -54.7938919 78.4999924
v 21.1547337 -54.0044212 78.4999924
v 23.2602272 -53.1315536 78.4999924
v 25.3297997 -52.1766396 78.4999924
v 27.3602562 -51.1411438 78.4999924
v 29.3484592 -50.0266762 78.4999924
v 31.2913418 -48.8349495 78.4999924
v 33.1858978 -47.5678062 78.4999924
v 35.0292091 -46.2272072 78.4999924
v 36.8184204 -44.8152199 78.4999924
v 38.5507774 -43.3340225 78.5000000
v 40.2236023 -41.7859077 78.5000000
v 41.8343048 -40.1732597 78.5000000
v 43.3804054 -38.4985733 78.5000000
v 44.8595161 -36.7644348 78.5000000
v 46.2693481 -34.9735222 78.5000000
v 47.6077271 -33.1286011 78.5000000
v 48.8725853 -31.2325172 78.5000000
v 50.0619736 -29.2882023 78.5000000
v 51.1740456 -27.2986565 78.5000000
v 52.2070961 -25.2669563 78.5000000
v 53.1595192 -23.1962337 78.5000000
v 54.0298500 -21.0896912 78.5000000
v 54.8167419 -18.9505787 78.5000000
v 55.5189819 -16.7822018 78.5000000
v 56.1354828 -14.5879078 78.5000000
v 56.6652985 -12.3710861 78.5000000
v 57.1076012 -10.1351604 78.5000000
v 57.4617157 -7.8835826 78.5000000
v 57.7270927 -5.6198306 78.5000000
v 57.9033203 -3.3473997 78.5000000
v 57.9901276 -1.0697992 78.5000000
v 57.9873848 1.2094532 78.5000000
v 57.8950920 3.4868379 78.5000000
v 57.7133904 5.7588382 78.5000000
v 57.4425621 8.0219450 78.5000000
v 57.0830269 10.2726631 78.5000000
v 56.6353378 12.5075178 78.5000000
v 56.1001892 14.7230568 78.5000000
v 55.4784012 16.9158592 78.5000000
v 54.7709427 19.0825386 78.5000000
v 53.9789009 21.2197475 78.5000000
v 53.1035004 23.3241901 78.5000000
v 52.1460915 25.3926105 78.5000000
v 51.1081543 27.4218178 78.5000000
v 49.9912872 29.4086800 78.5000000
v 48.7972260 31.3501244 78.5000000
v 47.5278015 33.2431564 78.5000000
v 46.1849823 35.0848503 78.5000000
v 44.7708435 36.8723640 78.5000000
v 43.2875595 38.6029320 78.5000000
v 41.7374306 40.2738914 78.5000000
v 40.1228447 41.8826523 78.5000000
v 38.4463005 43.4267349 78.5000000
v 36.7103806 44.9037552 78.5000076
v 34.9177704 46.3114319 78.5000076
v 33.0712395 47.6475868 78.5000076
v 31.1736355 48.9101601 78.5000076
v 29.2278900 50.0972061 78.5000076
v 27.2370071 51.2068825 78.5000076
v 25.2040634 52.2374840 78.5000076
v 23.1321964 53.1874123 78.5000076
v 21.0246067 54.0552063 78.5000076
v 18.8845501 54.8395233 78.5000076
v 16.7153282 55.5391502 78.5000076
v 14.5202951 56.1530113 78.5000076
v 12.3028364 56.6801529 78.5000076
v 10.0663795 57.1197662 78.5000076
v 7.8143773 57.4711685 78.5000076
v 5.5503073 57.7338181 78.5000076
v 3.2776659 57.9073105 78.5000076
v 29.1681538 57.4524269 0.0000025
v 55.4065704 -32.5278397 -0.0000014
v 54.9003639 -32.2097702 -0.0000014
v 54.4472198 -31.8198051 -0.0000014
v 60.1040726 -26.1629505 -0.0000011
v 60.4940376 -26.6160965 -0.0000012
v 60.8121071 -27.1223030 -0.0000012
v 61.0511780 -27.6702614 -0.0000012
v 61.2059097 -28.2477322 -0.0000012
v 61.2728500 -28.8418140 -0.0000013
v 61.2504959 -29.4392357 -0.0000013
v 61.1393471 -30.0266533 -0.0000013
v 60.9418945 -30.5909462 -0.0000013
v 60.6625404 -31.1195068 -0.0000014
v 60.3075333 -31.6005268 -0.0000014
v 59.8847961 -32.0232658 -0.0000014
v 59.4037743 -32.3782730 -0.0000014
v 58.8752136 -32.6576271 -0.0000014
v 58.3109207 -32.8550797 -0.0000014
v 57.7235031 -32.9662285 -0.0000014
v 57.1260796 -32.9885826 -0.0000014
v 56.5319977 -32.9216423 -0.0000014
v 55.9545288 -32.7669106 -0.0000014
v 57.4524231 29.1681557 0.0000013
v 57.8836555 29.6598816 0.0000013
v 58.2470169 30.2036896 0.0000013
v 58.5362854 30.7902718 0.0000013
v 58.7465172 31.4095936 0.0000014
v 58.8741112 32.0510559 0.0000014
v 58.9168892 32.7036896 0.0000014
v 58.8741112 33.3563194 0.0000015
v 58.7465172 33.9977837 0.0000015
v 58.5362854 34.6171074 0.0000015
v 58.2470169 35.2036896 0.0000015
v 57.8836555 35.7474976 0.0000016
v 57.4524231 36.2392235 0.0000016
v 51.0884628 42.6031837 0.0000019
v 29.6598797 57.8836594 0.0000025
v 30.2036877 58.2470207 0.0000025
v 30.7902699 58.5362892 0.0000026
v 31.4095917 58.7465210 0.0000026
v 32.0510521 58.8741150 0.0000026
v 32.7036858 58.9168930 0.0000026
v 33.3563156 58.8741150 0.0000026
v 33.9977798 58.7465210 0.0000026
v 34.6171036 58.5362892 0.0000026
v 35.2036858 58.2470207 0.0000025
v 35.7474937 57.8836594 0.0000025
v 36.2392197 57.4524269 0.0000025
v 42.6031799 51.0884666 0.0000022
v 3.1364222 57.4143906 79.0000076
v -3.1364222 57.4143906 79.0000076
v -5.4056716 57.2453346 79.0000076
v -7.6664557 56.9866219 79.0000076
v -9.9152327 56.6386604 79.0000076
v -12.1484804 56.2019920 79.0000076
v -14.3627024 55.6773071 79.0000076
v -16.5544300 55.0654182 79.0000076
v -18.7202301 54.3672905 79.0000076
v -20.8567142 53.5840187 79.0000076
v -22.9605312 52.7168236 79.0000076
v -25.0283890 51.7670670 79.0000076
v -27.0570507 50.7362366 79.0000076
v -29.0433350 49.6259422 79.0000076
v -30.9841328 48.4379311 79.0000076
v -32.8764038 47.1740532 79.0000076
v -34.7171898 45.8362999 79.0000076
v -36.5036011 44.4267540 79.0000076
v -38.2328415 42.9476357 79.0000000
v -39.9022026 41.4012489 79.0000000
v -41.5090752 39.7900276 79.0000000
v -43.0509338 38.1164856 79.0000000
v -44.5253716 36.3832474 79.0000000
v -45.9300766 34.5930290 79.0000000
v -47.2628441 32.7486305 79.0000000
v -48.5215950 30.8529453 79.0000000
v -49.7043533 28.9089394 79.0000000
v -50.8092651 26.9196568 79.0000000
v -51.8346024 24.8882141 79.0000000
v -52.7787628 22.8177929 79.0000000
v -53.6402588 20.7116375 79.0000000
v -54.4177513 18.5730419 79.0000000
v -55.1100121 16.4053593 79.0000000
v -55.7159653 14.2119856 79.0000000
v -56.2346611 11.9963512 79.0000000
v -56.6652832 9.7619295 79.0000000
v -57.0071564 7.5122190 79.0000000
v -57.2597504 5.2507434 79.0000000
v -57.4226685 2.9810438 79.0000000
v -57.4956551 0.7066761 79.0000000
v -57.4785919 -1.5687987 79.0000000
v -57.3715096 -3.8418164 79.0000000
v -57.1745758 -6.1088171 79.0000000
v -56.8880959 -8.3662500 79.0000000
v -56.5125237 -10.6105804 79.0000000
v -56.0484428 -12.8382940 79.0000000
v -55.4965820 -15.0459003 79.0000000
v -54.8578033 -17.2299442 79.0000000
v -54.1331139 -19.3870010 79.0000000
v -53.3236389 -21.5136967 79.0000000
v -52.4306564 -23.6066971 79.0000000
v -51.4555550 -25.6627274 79.0000000
v -50.3998718 -27.6785641 79.0000000
v -49.2652512 -29.6510544 79.0000000
v -48.0534744 -31.5771046 79.0000000
v -46.7664375 -33.4537010 79.0000000
v -45.4061584 -35.2779045 79.0000000
v -43.9747696 -37.0468597 79.0000000
v -42.4745064 -38.7577896 79.0000000
v -40.9077225 -40.4080238 79.0000000
v -39.2768707 -41.9949684 79.0000000
v -37.5845070 -43.5161476 79.0000000
v -35.8332787 -44.9691696 78.9999924
v -34.0259323 -46.3517647 78.9999924
v -32.1652946 -47.6617661 78.9999924
v -30.2542820 -48.8971214 78.9999924
v -28.2958870 -50.0559006 78.9999924
v -26.2931747 -51.1362801 78.9999924
v -24.2492847 -52.1365738 78.9999924
v -22.1674175 -53.0552177 78.9999924
v -20.0508308 -53.8907661 78.9999924
v -17.9028435 -54.6419106 78.9999924
v -15.7268171 -55.3074837 78.9999924
v -13.5261602 -55.8864326 78.9999924
v -11.3043194 -56.3778572 78.9999924
v -9.0647736 -56.7809868 78.9999924
v -6.8110318 -57.0951843 78.9999924
v -4.5466228 -57.3199692 78.9999924
v -2.2750928 -57.4549789 78.9999924
v 0.0000000 -57.5000038 78.9999924
v 2.2750928 -57.4549789 78.9999924
v 4.5466228 -57.3199692 78.9999924
v 6.8110318 -57.0951843 78.9999924
v 9.0647736 -56.7809868 78.9999924
v 11.3043194 -56.3778572 78.9999924
v 13.5261602 -55.8864326 78.9999924
v 15.7268171 -55.3074837 78.9999924
v 17.9028435 -54.6419106 78.9999924
v 20.0508308 -53.8907661 78.9999924
v 22.1674175 -53.0552177 78.9999924
v 24.2492847 -52.1365738 78.9999924
v 26.2931747 -51.1362801 78.9999924
v 28.2958870 -50.0559006 78.9999924
v 30.2542820 -48.8971214 78.9999924
v 32.1652946 -47.6617661 78.9999924
v 34.0259323 -46.3517647 78.9999924
v 35.8332787 -44.9691696 78.9999924
v 37.5845070 -43.5161476 79.0000000
v 39.2768707 -41.9949684 79.0000000
v 40.9077225 -40.4080238 79.0000000
v 42.4745064 -38.7577896 79.0000000
v 43.9747696 -37.0468597 79.0000000
v 45.4061584 -35.2779045 79.0000000
v 46.7664375 -33.4537010 79.0000000
v 48.0534744 -31.5771046 79.0000000
v 49.2652512 -29.6510544 79.0000000
v 50.3998718 -27.6785641 79.0000000
v 51.4555550 -25.6627274 79.0000000
v 52.4306564 -23.6066971 79.0000000
v 53.3236389 -21.5136967 79.0000000
v 54.1331139 -19.3870010 79.0000000
v 54.8578033 -17.2299442 79.0000000
v 55.4965820 -15.0459003 79.0000000
v 56.0484428 -12.8382940 79.0000000
v 56.5125237 -10.6105804 79.0000000
v 56.8880959 -8.3662500 79.0000000
v 57.1745758 -6.1088171 79.0000000
v 57.3715096 -3.8418164 79.0000000
v 57.4785919 -1.5687987 79.0000000
v 57.4956551 0.7066761 79.0000000
v 57.4226685 2.9810438 79.0000000
v 57.2597504 5.2507434 79.0000000
v 57.0071564 7.5122190 79.0000000
v 56.6652832 9.7619295 79.0000000
v 56.2346611 11.9963512 79.0000000
v 55.7159653 14.2119856 79.0000000
v 55.1100121 16.4053593 79.0000000
v 54.4177513 18.5730419 79.0000000
v 53.6402588 20.7116375 79.0000000
v 52.7787628 22.8177929 79.0000000
v 51.8346024 24.8882141 79.0000000
v 50.8092651 26.9196568 79.0000000
v 49.7043533 28.9089394 79.0000000
v 48.5215950 30.8529453 79.0000000
v 47.2628441 32.7486305 79.0000000
v 45.9300766 34.5930290 79.0000000
v 44.5253716 36.3832474 79.0000000
v 43.0509338 38.1164856 79.0000000
v 41.5090752 39.7900276 79.0000000
v 39.9022026 41.4012489 79.0000000
v 38.2328415 42.9476357 79.0000000
v 36.5036011 44.4267540 79.0000076
v 34.7171898 45.8362999 79.0000076
v 32.8764038 47.1740532 79.0000076
v 30.9841328 48.4379311 79.0000076
v 29.0433350 49.6259422 79.0000076
v 27.0570507 50.7362366 79.0000076
v 25.0283890 51.7670670 79.0000076
v 22.9605312 52.7168236 79.0000076
v 20.8567142 53.5840187 79.0000076
v 18.7202301 54.3672905 79.0000076
v 16.5544300 55.0654182 79.0000076
v 14.3627024 55.6773071 79.0000076
v 12.1484804 56.2019920 79.0000076
v 9.9152327 56.6386604 79.0000076
v 7.6664557 56.9866219 79.0000076
v 5.4056716 57.2453346 79.0000076
v 42.6031799 51.0884666 2.5000024
v 51.0884628 42.6031837 2.5000019
v 59.8563576 4.3018222 20.0000000
v 59.4509544 3.6551373 20.0000000
v 59.1133766 2.9705975 20.0000000
v 58.8471184 2.2552929 20.0000000
v 58.8471184 -2.2552943 20.0000000
v 59.1133766 -2.9705989 20.0000000
v 59.4509544 -3.6551387 20.0000000
v 59.8563576 -4.3018241 20.0000000
v 58.6549416 -1.5166328 20.0000000
v 58.6549416 1.5166309 20.0000000
v 58.5388336 -0.7622640 20.0000000
v 58.5388336 0.7622623 20.0000000
v 58.4999962 -0.0000009 20.0000000
v 59.4509544 3.6551359 49.1393890
v 59.4509544 3.6551363 34.5696945
v 59.1133766 2.9705966 34.5696945
v 58.8471184 2.2552919 34.5696945
v 58.6549416 1.5166304 34.5696945
v 58.5388336 0.7622616 34.5696945
v 58.4999962 -0.0000015 34.5696945
v 58.5388336 -0.7622647 34.5696945
v 58.6549416 -1.5166333 34.5696945
v 58.8471184 -2.2552953 34.5696945
v 59.1133766 -2.9705999 34.5696945
v 59.4509544 -3.6551397 34.5696945
v 59.4509544 -3.6551402 49.1393890
v 59.1133766 -2.9706004 49.1393890
v 58.8471184 -2.2552958 49.1393890
v 58.6549416 -1.5166340 49.1393890
v 58.5388336 -0.7622653 49.1393890
v 58.4999962 -0.0000021 49.1393890
v 58.5388336 0.7622610 49.1393890
v 58.6549416 1.5166297 49.1393890
v 58.8471184 2.2552915 49.1393890
v 59.1133766 2.9705961 49.1393890
v -4.3018227 59.8563614 20.0000038
v -3.6551378 59.4509583 20.0000038
v -2.9705980 59.1133804 20.0000038
v -2.2552934 58.8471222 20.0000038
v 2.2552934 58.8471222 20.0000038
v 2.9705980 59.1133804 20.0000038
v 3.6551378 59.4509583 20.0000038
v 4.3018227 59.8563614 20.0000038
v 1.5166317 58.6549454 20.0000038
v -1.5166317 58.6549454 20.0000038
v 0.7622631 58.5388374 20.0000038
v -0.7622631 58.5388374 20.0000038
v 0.0000000 58.5000000 20.0000038
v 2.9705980 59.1133804 49.1393890
v 2.2552934 58.8471222 49.1393890
v 1.5166317 58.6549454 49.1393890
v 0.7622631 58.5388374 49.1393890
v 0.0000000 58.5000000 49.1393890
v -0.7622631 58.5388374 49.1393890
v -1.5166317 58.6549454 49.1393890
v -2.2552934 58.8471222 49.1393890
v -2.9705980 59.1133804 49.1393890
v -3.6551378 59.4509583 49.1393890
v -3.6551378 59.4509544 34.5696945
v -2.9705980 59.1133766 34.5696945
v -2.2552934 58.8471184 34.5696945
v -1.5166317 58.6549416 34.5696945
v -0.7622631 58.5388336 34.5696945
v 0.0000000 58.4999962 34.5696945
v 0.7622631 58.5388336 34.5696945
v 1.5166317 58.6549416 34.5696945
v 2.2552934 58.8471184 34.5696945
v 2.9705980 59.1133766 34.5696945
v 3.6551378 59.4509544 34.5696945
v 3.6551378 59.4509583 49.1393890
v -59.8563576 -4.3018241 20.0000000
v -59.4509544 -3.6551387 20.0000000
v -59.1133766 -2.9705989 20.0000000
v -59.1133766 2.9705975 20.0000000
v -58.8471184 2.2552929 20.0000000
v -58.8471184 -2.2552943 20.0000000
v -58.6549416 1.5166309 20.0000000
v -58.6549416 -1.5166328 20.0000000
v -58.5388336 0.7622623 20.0000000
v -58.5388336 -0.7622640 20.0000000
v -58.4999962 -0.0000009 20.0000000
v -59.4509544 3.6551373 20.0000000
v -59.8563576 4.3018222 20.0000000
v -59.4509544 -3.6551402 49.1393890
v -59.4509544 -3.6551397 34.5696945
v -59.1133766 -2.9705999 34.5696945
v -58.8471184 -2.2552953 34.5696945
v -58.6549416 -1.5166333 34.5696945
v -58.5388336 -0.7622647 34.5696945
v -58.4999962 -0.0000015 34.5696945
v -58.5388336 0.7622616 34.5696945
v -58.6549416 1.5166304 34.5696945
v -58.8471184 2.2552919 34.5696945
v -59.1133766 2.9705966 34.5696945
v -59.4509544 3.6551363 34.5696945
v -59.4509544 3.6551359 49.1393890
v -59.1133766 2.9705961 49.1393890
v -58.8471184 2.2552915 49.1393890
v -58.6549416 1.5166297 49.1393890
v -58.5388336 0.7622610 49.1393890
v -58.4999962 -0.0000021 49.1393890
v -58.5388336 -0.7622653 49.1393890
v -58.6549416 -1.5166340 49.1393890
v -58.8471184 -2.2552958 49.1393890
v -59.1133766 -2.9706004 49.1393890
v 60.1040726 -26.1629505 9.9999990
v 60.4940376 -26.6160965 9.9999990
v 60.8121071 -27.1223030 9.9999990
v 61.0511780 -27.6702614 9.9999981
v 61.2059097 -28.2477322 9.9999981
v 61.2728500 -28.8418140 9.9999981
v 61.2504959 -29.4392357 9.9999981
v 61.1393471 -30.0266533 9.9999981
v 60.9418945 -30.5909462 9.9999981
v 60.6625404 -31.1195068 9.9999981
v 60.3075333 -31.6005268 9.9999981
v 59.8847961 -32.0232658 9.9999981
v 59.4037743 -32.3782730 9.9999981
v 58.8752136 -32.6576271 9.9999981
v 58.3109207 -32.8550797 9.9999990
v 57.7235031 -32.9662285 9.9999990
v 57.1260796 -32.9885826 9.9999990
v 56.5319977 -32.9216423 9.9999990
v 55.9545288 -32.7669106 9.9999990
v 55.4065704 -32.5278397 9.9999981
v 54.9003639 -32.2097702 9.9999981
v 54.4472198 -31.8198051 9.9999981
v 49.4834557 41.9455223 10.5000019
v 49.2265205 42.2024536 11.0438089
v 48.9214821 42.5074959 11.5356941
v 48.5738907 42.8550873 11.9667683
v 48.1893578 43.2396164 12.3301287
v 47.7747459 43.6542282 12.6193027
v 47.3366547 44.0923195 12.8296309
v 46.8830719 44.5459023 12.9572258
v 49.6878510 41.7411232 9.9139271
v 49.8366547 41.5923195 9.2940969
v 49.9268799 41.5020943 8.6526327
v 44.5458984 46.8830757 12.9572258
v 44.0923157 47.3366585 12.8296309
v 43.6542244 47.7747498 12.6193027
v 43.2396126 48.1893616 12.3301287
v 42.8550835 48.5738945 11.9667683
v 42.5074921 48.9214859 11.5356941
v 42.2024498 49.2265244 11.0438099
v 41.9455185 49.4834595 10.5000029
v 41.7411194 49.6878548 9.9139280
v 41.5923157 49.8366585 9.2940979
v 41.5020905 49.9268837 8.6526337
v 57.4524231 36.2392235 2.5000014
v 57.8836555 35.7474976 2.5000014
v 58.2470169 35.2036896 2.5000017
v 58.5362854 34.6171074 2.5000017
v 58.7465172 33.9977837 2.5000014
v 58.8741112 33.3563194 2.5000014
v 58.9168892 32.7036896 2.5000014
v 58.8741112 32.0510559 2.5000014
v 58.7465172 31.4095936 2.5000014
v 58.5362854 30.7902718 2.5000012
v 58.2470169 30.2036896 2.5000012
v 57.8836555 29.6598816 2.5000014
v 57.4524231 29.1681557 2.5000014
v 36.2392197 57.4524269 2.5000024
v 29.1681538 57.4524269 2.5000024
v 29.6598797 57.8836594 2.5000024
v 30.2036877 58.2470207 2.5000024
v 30.7902699 58.5362892 2.5000024
v 31.4095917 58.7465210 2.5000026
v 32.0510521 58.8741150 2.5000026
v 32.7036858 58.9168930 2.5000026
v 33.3563156 58.8741150 2.5000026
v 33.9977798 58.7465210 2.5000026
v 34.6171036 58.5362892 2.5000024
v 35.2036858 58.2470207 2.5000024
v 35.7474937 57.8836594 2.5000024
# 4893 vertices, 0 vertices normals

f 1 2 3
f 3 2 4
f 3 4 5
f 5 4 6
f 5 6 7
f 7 6 8
f 7 8 9
f 9 8 10
f 9 10 11
f 11 10 12
f 11 12 13
f 13 12 14
f 13 14 15
f 15 14 16
f 15 16 17
f 17 16 18
f 17 18 19
f 19 18 20
f 19 20 21
f 21 20 22
f 21 22 23
f 23 22 24
f 23 24 25
f 25 24 26
f 25 26 27
f 27 26 28
f 27 28 29
f 29 28 30
f 29 30 31
f 31 30 32
f 31 32 33
f 33 32 34
f 33 34 35
f 35 34 36
f 35 36 37
f 37 36 38
f 37 38 39
f 39 38 40
f 39 40 41
f 41 40 42
f 41 42 43
f 43 42 44
f 43 44 45
f 45 44 46
f 45 46 47
f 47 46 48
f 47 48 49
f 49 48 50
f 49 50 51
f 51 50 52
f 51 52 53
f 53 52 54
f 53 54 55
f 55 54 56
f 55 56 57
f 57 56 58
f 57 58 59
f 59 58 60
f 59 60 61
f 61 60 62
f 61 62 63
f 63 62 64
f 63 64 65
f 65 64 66
f 65 66 67
f 67 66 68
f 67 68 69
f 69 68 70
f 69 70 71
f 71 70 72
f 71 72 1
f 1 72 2
f 73 6 74
f 74 6 4
f 74 4 75
f 75 4 2
f 75 2 76
f 76 2 72
f 76 72 77
f 77 72 70
f 77 70 78
f 78 70 68
f 78 68 79
f 79 68 66
f 79 66 80
f 80 66 64
f 80 64 81
f 81 64 62
f 81 62 82
f 82 62 60
f 82 60 83
f 83 60 58
f 83 58 84
f 84 58 56
f 84 56 85
f 85 56 54
f 85 54 86
f 86 54 52
f 86 52 87
f 87 52 50
f 87 50 88
f 88 50 48
f 88 48 89
f 89 48 46
f 89 46 90
f 90 46 44
f 90 44 91
f 91 44 42
f 91 42 92
f 92 42 40
f 92 40 93
f 93 40 38
f 93 38 94
f 94 38 36
f 94 36 95
f 95 36 34
f 95 34 96
f 96 34 32
f 96 32 97
f 97 32 30
f 97 30 98
f 98 30 28
f 98 28 99
f 99 28 26
f 99 26 100
f 100 26 24
f 100 24 101
f 101 24 22
f 101 22 102
f 102 22 20
f 102 20 103
f 103 20 18
f 103 18 104
f 104 18 16
f 104 16 105
f 105 16 14
f 105 14 106
f 106 14 12
f 106 12 107
f 107 12 10
f 107 10 108
f 108 10 8
f 108 8 73
f 73 8 6
f 5 109 3
f 9 109 7
f 13 109 11
f 17 109 15
f 21 109 19
f 25 109 23
f 29 109 27
f 33 109 31
f 37 109 35
f 41 109 39
f 45 109 43
f 49 109 47
f 53 109 51
f 57 109 55
f 61 109 59
f 65 109 63
f 69 109 67
f 1 109 71
f 39 109 37
f 15 109 13
f 63 109 61
f 35 109 33
f 31 109 29
f 27 109 25
f 23 109 21
f 19 109 17
f 11 109 9
f 7 109 5
f 3 109 1
f 71 109 69
f 67 109 65
f 59 109 57
f 55 109 53
f 51 109 49
f 47 109 45
f 43 109 41
f 110 111 112
f 112 111 113
f 112 113 114
f 114 113 115
f 114 115 116
f 116 115 117
f 116 117 118
f 118 117 119
f 118 119 120
f 120 119 121
f 120 121 122
f 122 121 123
f 122 123 124
f 124 123 125
f 124 125 126
f 126 125 127
f 126 127 128
f 128 127 129
f 128 129 130
f 130 129 131
f 130 131 132
f 132 131 133
f 132 133 134
f 134 133 135
f 134 135 136
f 136 135 137
f 136 137 138
f 138 137 139
f 138 139 140
f 140 139 141
f 140 141 142
f 142 141 143
f 142 143 144
f 144 143 145
f 144 145 146
f 146 145 147
f 146 147 148
f 148 147 149
f 148 149 150
f 150 149 151
f 150 151 152
f 152 151 153
f 152 153 154
f 154 153 155
f 154 155 156
f 156 155 157
f 156 157 158
f 158 157 159
f 158 159 160
f 160 159 161
f 160 161 162
f 162 161 163
f 162 163 164
f 164 163 165
f 164 165 166
f 166 165 167
f 166 167 168
f 168 167 169
f 168 169 170
f 170 169 171
f 170 171 172
f 172 171 173
f 172 173 174
f 174 173 175
f 174 175 176
f 176 175 177
f 176 177 178
f 178 177 179
f 178 179 180
f 180 179 181
f 180 181 110
f 110 181 111
f 182 115 183
f 183 115 113
f 183 113 184
f 184 113 111
f 184 111 185
f 185 111 181
f 185 181 186
f 186 181 179
f 186 179 187
f 187 179 177
f 187 177 188
f 188 177 175
f 188 175 189
f 189 175 173
f 189 173 190
f 190 173 171
f 190 171 191
f 191 171 169
f 191 169 192
f 192 169 167
f 192 167 193
f 193 167 165
f 193 165 194
f 194 165 163
f 194 163 195
f 195 163 161
f 195 161 196
f 196 161 159
f 196 159 197
f 197 159 157
f 197 157 198
f 198 157 155
f 198 155 199
f 199 155 153
f 199 153 200
f 200 153 151
f 200 151 201
f 201 151 149
f 201 149 202
f 202 149 147
f 202 147 203
f 203 147 145
f 203 145 204
f 204 145 143
f 204 143 205
f 205 143 141
f 205 141 206
f 206 141 139
f 206 139 207
f 207 139 137
f 207 137 208
f 208 137 135
f 208 135 209
f 209 135 133
f 209 133 210
f 210 133 131
f 210 131 211
f 211 131 129
f 211 129 212
f 212 129 127
f 212 127 213
f 213 127 125
f 213 125 214
f 214 125 123
f 214 123 215
f 215 123 121
f 215 121 216
f 216 121 119
f 216 119 217
f 217 119 117
f 217 117 182
f 182 117 115
f 114 218 112
f 118 218 116
f 122 218 120
f 126 218 124
f 130 218 128
f 134 218 132
f 138 218 136
f 142 218 140
f 146 218 144
f 150 218 148
f 154 218 152
f 158 218 156
f 162 218 160
f 166 218 164
f 170 218 168
f 174 218 172
f 178 218 176
f 110 218 180
f 148 218 146
f 124 218 122
f 172 218 170
f 144 218 142
f 140 218 138
f 136 218 134
f 132 218 130
f 128 218 126
f 120 218 118
f 116 218 114
f 112 218 110
f 180 218 178
f 176 218 174
f 168 218 166
f 164 218 162
f 160 218 158
f 156 218 154
f 152 218 150
f 219 220 221
f 221 220 222
f 221 222 223
f 223 222 224
f 223 224 225
f 225 224 226
f 225 226 227
f 227 226 228
f 227 228 229
f 229 228 230
f 229 230 231
f 231 230 232
f 231 232 233
f 233 232 234
f 233 234 235
f 235 234 236
f 235 236 237
f 237 236 238
f 237 238 239
f 239 238 240
f 239 240 241
f 241 240 242
f 241 242 243
f 243 242 244
f 243 244 245
f 245 244 246
f 245 246 247
f 247 246 248
f 247 248 249
f 249 248 250
f 249 250 251
f 251 250 252
f 251 252 253
f 253 252 254
f 253 254 255
f 255 254 256
f 255 256 257
f 257 256 258
f 257 258 259
f 259 258 260
f 259 260 261
f 261 260 262
f 263 264 265
f 265 264 266
f 265 266 267
f 267 266 268
f 267 268 269
f 269 268 270
f 269 270 271
f 271 270 272
f 271 272 273
f 273 272 274
f 273 274 275
f 275 274 276
f 275 276 277
f 277 276 278
f 277 278 279
f 279 278 280
f 279 280 281
f 281 280 282
f 281 282 283
f 283 282 284
f 283 284 285
f 285 284 286
f 285 286 287
f 287 286 288
f 287 288 289
f 289 288 290
f 289 290 291
f 291 290 292
f 291 292 293
f 293 292 294
f 293 294 295
f 295 294 296
f 295 296 297
f 297 296 298
f 297 298 299
f 299 298 300
f 299 300 301
f 301 300 302
f 301 302 303
f 303 302 304
f 303 304 305
f 305 304 306
f 305 306 307
f 307 306 308
f 307 308 309
f 309 308 310
f 309 310 311
f 311 310 312
f 311 312 313
f 313 312 314
f 313 314 315
f 315 314 316
f 315 316 317
f 317 316 318
f 317 318 319
f 319 318 320
f 319 320 321
f 321 320 322
f 321 322 323
f 323 322 324
f 323 324 325
f 325 324 326
f 325 326 327
f 327 326 328
f 327 328 329
f 329 328 330
f 329 330 331
f 331 330 332
f 331 332 333
f 333 332 334
f 333 334 335
f 335 334 336
f 335 336 337
f 337 336 338
f 337 338 339
f 339 338 340
f 339 340 341
f 341 340 342
f 341 342 343
f 343 342 344
f 343 344 345
f 345 344 346
f 345 346 263
f 263 346 264
f 347 348 349
f 349 348 350
f 349 350 351
f 351 350 352
f 351 352 353
f 353 352 354
f 353 354 355
f 355 354 356
f 355 356 357
f 357 356 358
f 357 358 359
f 359 358 360
f 359 360 361
f 361 360 362
f 361 362 363
f 363 362 364
f 363 364 365
f 365 364 366
f 365 366 367
f 367 366 368
f 367 368 369
f 369 368 370
f 369 370 371
f 371 370 372
f 371 372 373
f 373 372 374
f 373 374 375
f 375 374 376
f 375 376 377
f 377 376 378
f 377 378 379
f 379 378 380
f 379 380 381
f 381 380 382
f 381 382 383
f 383 382 384
f 383 384 385
f 385 384 386
f 385 386 387
f 387 386 388
f 387 388 389
f 389 388 390
f 389 390 391
f 391 390 392
f 391 392 393
f 393 392 394
f 393 394 395
f 395 394 396
f 395 396 397
f 397 396 398
f 397 398 399
f 399 398 400
f 399 400 401
f 401 400 402
f 401 402 403
f 403 402 404
f 403 404 405
f 405 404 406
f 405 406 407
f 407 406 408
f 407 408 409
f 409 408 410
f 409 410 411
f 411 410 412
f 411 412 413
f 413 412 414
f 413 414 415
f 415 414 416
f 415 416 417
f 417 416 418
f 417 418 419
f 419 418 420
f 419 420 421
f 421 420 422
f 421 422 423
f 423 422 424
f 423 424 425
f 425 424 426
f 425 426 427
f 427 426 428
f 427 428 429
f 429 428 430
f 429 430 431
f 431 430 432
f 431 432 433
f 433 432 434
f 433 434 435
f 435 434 436
f 435 436 437
f 437 436 438
f 437 438 439
f 439 438 440
f 439 440 441
f 441 440 442
f 441 442 443
f 443 442 444
f 443 444 445
f 445 444 446
f 445 446 447
f 447 446 448
f 447 448 449
f 449 448 450
f 449 450 451
f 451 450 452
f 451 452 453
f 453 452 454
f 453 454 455
f 455 454 456
f 455 456 457
f 457 456 458
f 457 458 459
f 459 458 460
f 459 460 461
f 461 460 462
f 461 462 463
f 463 462 464
f 463 464 465
f 465 464 466
f 465 466 467
f 467 466 468
f 467 468 469
f 469 468 470
f 469 470 471
f 471 470 472
f 471 472 473
f 473 472 474
f 473 474 475
f 475 474 476
f 475 476 477
f 477 476 478
f 477 478 479
f 479 478 480
f 479 480 481
f 481 480 482
f 481 482 483
f 483 482 484
f 483 484 485
f 485 484 486
f 485 486 487
f 487 486 488
f 487 488 489
f 489 488 490
f 489 490 491
f 491 490 492
f 491 492 493
f 493 492 494
f 493 494 495
f 495 494 496
f 495 496 497
f 497 496 498
f 497 498 499
f 499 498 500
f 499 500 501
f 501 500 502
f 501 502 503
f 503 502 504
f 503 504 505
f 505 504 506
f 505 506 507
f 507 506 508
f 507 508 509
f 509 508 510
f 509 510 511
f 511 510 512
f 511 512 513
f 513 512 514
f 513 514 515
f 515 514 516
f 515 516 517
f 517 516 518
f 517 518 519
f 519 518 520
f 519 520 521
f 521 520 522
f 521 522 523
f 523 522 524
f 523 524 525
f 525 524 526
f 525 526 527
f 527 526 528
f 527 528 529
f 529 528 530
f 529 530 531
f 531 530 532
f 531 532 533
f 533 532 534
f 533 534 535
f 535 534 536
f 535 536 537
f 537 536 538
f 537 538 539
f 539 538 540
f 539 540 541
f 541 540 542
f 541 542 543
f 543 542 544
f 543 544 545
f 545 544 546
f 545 546 547
f 547 546 548
f 547 548 549
f 549 548 550
f 549 550 551
f 551 550 552
f 551 552 553
f 553 552 554
f 553 554 555
f 555 554 556
f 555 556 557
f 557 556 558
f 557 558 559
f 559 558 560
f 559 560 561
f 561 560 562
f 561 562 563
f 563 562 564
f 563 564 565
f 565 564 566
f 565 566 567
f 567 566 568
f 567 568 569
f 569 568 570
f 569 570 571
f 571 570 572
f 571 572 573
f 573 572 574
f 573 574 575
f 575 574 576
f 575 576 577
f 577 576 578
f 577 578 579
f 579 578 580
f 579 580 581
f 581 580 582
f 581 582 583
f 583 582 584
f 583 584 585
f 585 584 586
f 585 586 587
f 587 586 588
f 587 588 589
f 589 588 590
f 589 590 591
f 591 590 592
f 591 592 593
f 593 592 594
f 593 594 595
f 595 594 596
f 595 596 597
f 597 596 598
f 597 598 599
f 599 598 600
f 599 600 601
f 601 600 602
f 601 602 603
f 603 602 604
f 603 604 605
f 605 604 606
f 605 606 607
f 607 606 608
f 607 608 609
f 609 608 610
f 609 610 611
f 611 610 612
f 611 612 613
f 613 612 614
f 613 614 615
f 615 614 616
f 615 616 617
f 617 616 618
f 617 618 619
f 619 618 620
f 619 620 621
f 621 620 622
f 621 622 623
f 623 622 624
f 623 624 625
f 625 624 626
f 625 626 627
f 627 626 628
f 627 628 629
f 629 628 630
f 629 630 631
f 631 630 632
f 631 632 633
f 633 632 634
f 633 634 635
f 635 634 636
f 635 636 637
f 637 636 638
f 637 638 639
f 639 638 640
f 639 640 641
f 641 640 642
f 641 642 643
f 643 642 644
f 643 644 645
f 645 644 646
f 645 646 647
f 647 646 648
f 647 648 649
f 649 648 650
f 649 650 651
f 651 650 652
f 651 652 653
f 653 652 654
f 653 654 655
f 655 654 656
f 655 656 657
f 657 656 658
f 657 658 659
f 659 658 660
f 659 660 661
f 661 660 662
f 661 662 663
f 663 662 664
f 663 664 665
f 665 664 666
f 665 666 667
f 667 666 668
f 667 668 669
f 669 668 670
f 669 670 671
f 671 670 672
f 671 672 673
f 673 672 674
f 673 674 675
f 675 674 676
f 675 676 677
f 677 676 678
f 677 678 679
f 679 678 680
f 679 680 681
f 681 680 682
f 681 682 683
f 683 682 684
f 683 684 685
f 685 684 686
f 685 686 687
f 687 686 688
f 687 688 689
f 689 688 690
f 689 690 691
f 691 690 692
f 691 692 693
f 693 692 694
f 693 694 695
f 695 694 696
f 695 696 697
f 697 696 698
f 697 698 699
f 699 698 700
f 699 700 701
f 701 700 702
f 701 702 703
f 703 702 704
f 703 704 705
f 705 704 706
f 705 706 707
f 707 706 708
f 707 708 709
f 709 708 710
f 709 710 711
f 711 710 712
f 711 712 713
f 713 712 714
f 713 714 715
f 715 714 716
f 715 716 717
f 717 716 718
f 717 718 719
f 719 718 720
f 719 720 721
f 721 720 722
f 721 722 723
f 723 722 724
f 723 724 725
f 725 724 726
f 725 726 727
f 727 726 728
f 727 728 729
f 729 728 730
f 729 730 731
f 731 730 732
f 731 732 733
f 733 732 734
f 733 734 735
f 735 734 736
f 735 736 737
f 737 736 738
f 737 738 739
f 739 738 740
f 739 740 741
f 741 740 742
f 741 742 743
f 743 742 744
f 743 744 745
f 745 744 746
f 745 746 747
f 747 746 748
f 747 748 749
f 749 748 750
f 749 750 751
f 751 750 752
f 751 752 753
f 753 752 754
f 753 754 755
f 755 754 756
f 755 756 757
f 757 756 758
f 757 758 759
f 759 758 760
f 759 760 761
f 761 760 762
f 761 762 763
f 763 762 764
f 763 764 765
f 765 764 766
f 765 766 767
f 767 766 768
f 767 768 769
f 769 768 770
f 769 770 771
f 771 770 772
f 771 772 773
f 773 772 774
f 773 774 775
f 775 774 776
f 775 776 777
f 777 776 778
f 777 778 779
f 779 778 780
f 779 780 781
f 781 780 782
f 781 782 783
f 783 782 784
f 783 784 785
f 785 784 786
f 785 786 787
f 787 786 788
f 787 788 789
f 789 788 790
f 789 790 791
f 791 790 792
f 791 792 793
f 793 792 794
f 793 794 795
f 795 794 796
f 795 796 797
f 797 796 798
f 797 798 799
f 799 798 800
f 799 800 801
f 801 800 802
f 801 802 803
f 803 802 804
f 803 804 805
f 805 804 806
f 805 806 807
f 807 806 808
f 807 808 809
f 809 808 810
f 809 810 811
f 811 810 812
f 811 812 813
f 813 812 814
f 813 814 815
f 815 814 816
f 815 816 817
f 817 816 818
f 817 818 819
f 819 818 820
f 819 820 821
f 821 820 822
f 821 822 823
f 823 822 824
f 823 824 825
f 825 824 826
f 825 826 827
f 827 826 828
f 827 828 829
f 829 828 830
f 829 830 831
f 831 830 832
f 831 832 833
f 833 832 834
f 833 834 835
f 835 834 836
f 835 836 837
f 837 836 838
f 837 838 839
f 839 838 840
f 839 840 841
f 841 840 842
f 841 842 843
f 843 842 844
f 843 844 845
f 845 844 846
f 845 846 847
f 847 846 848
f 847 848 849
f 849 848 850
f 849 850 851
f 851 850 852
f 851 852 853
f 853 852 854
f 853 854 855
f 855 854 856
f 855 856 857
f 857 856 858
f 857 858 859
f 859 858 860
f 859 860 861
f 861 860 862
f 861 862 863
f 863 862 864
f 863 864 865
f 865 864 866
f 865 866 867
f 867 866 868
f 867 868 869
f 869 868 870
f 869 870 871
f 871 870 872
f 871 872 873
f 873 872 874
f 873 874 875
f 875 874 876
f 875 876 877
f 877 876 878
f 877 878 879
f 879 878 880
f 879 880 881
f 881 880 882
f 881 882 883
f 883 882 884
f 883 884 885
f 885 884 886
f 885 886 887
f 887 886 888
f 887 888 889
f 889 888 890
f 889 890 891
f 891 890 892
f 891 892 893
f 893 892 894
f 893 894 895
f 895 894 896
f 895 896 897
f 348 347 898
f 898 347 899
f 898 899 900
f 900 899 901
f 900 901 902
f 902 901 903
f 902 903 904
f 904 903 905
f 904 905 906
f 906 905 907
f 906 907 908
f 908 907 909
f 908 909 910
f 910 909 911
f 910 911 912
f 912 911 913
f 912 913 914
f 914 913 915
f 914 915 916
f 916 915 917
f 916 917 918
f 918 917 919
f 918 919 920
f 920 919 921
f 920 921 922
f 922 921 923
f 922 923 924
f 924 923 925
f 924 925 926
f 926 925 927
f 926 927 928
f 928 927 929
f 928 929 930
f 930 929 931
f 930 931 932
f 932 931 933
f 932 933 934
f 934 933 935
f 934 935 936
f 936 935 937
f 936 937 938
f 938 937 939
f 938 939 940
f 940 939 941
f 940 941 942
f 942 941 943
f 942 943 944
f 944 943 945
f 944 945 946
f 946 945 947
f 946 947 948
f 948 947 949
f 948 949 950
f 950 949 951
f 950 951 952
f 952 951 953
f 952 953 954
f 954 953 955
f 954 955 956
f 956 955 957
f 956 957 958
f 958 957 959
f 958 959 960
f 960 959 961
f 960 961 962
f 962 961 963
f 962 963 964
f 964 963 965
f 964 965 966
f 966 965 967
f 966 967 968
f 968 967 969
f 968 969 970
f 970 969 971
f 970 971 972
f 972 971 973
f 972 973 974
f 974 973 975
f 974 975 976
f 976 975 977
f 976 977 978
f 978 977 979
f 978 979 980
f 980 979 981
f 980 981 982
f 982 981 983
f 982 983 984
f 984 983 985
f 984 985 986
f 986 985 987
f 986 987 988
f 988 987 989
f 988 989 990
f 990 989 991
f 990 991 992
f 992 991 993
f 992 993 994
f 994 993 995
f 994 995 996
f 996 995 997
f 996 997 998
f 998 997 999
f 998 999 1000
f 1000 999 1001
f 1000 1001 1002
f 1002 1001 1003
f 1002 1003 1004
f 1004 1003 1005
f 1004 1005 1006
f 1006 1005 1007
f 1006 1007 1008
f 1008 1007 1009
f 1008 1009 1010
f 1010 1009 1011
f 1010 1011 1012
f 1012 1011 1013
f 1012 1013 1014
f 1014 1013 1015
f 1014 1015 1016
f 1016 1015 1017
f 1016 1017 1018
f 1018 1017 1019
f 1018 1019 1020
f 1020 1019 1021
f 1020 1021 1022
f 1022 1021 1023
f 1022 1023 1024
f 1024 1023 1025
f 1024 1025 1026
f 1026 1025 1027
f 1026 1027 1028
f 1028 1027 1029
f 1028 1029 1030
f 1030 1029 1031
f 1030 1031 1032
f 1032 1031 1033
f 1032 1033 1034
f 1034 1033 1035
f 1034 1035 1036
f 1036 1035 1037
f 1036 1037 1038
f 1038 1037 1039
f 1038 1039 1040
f 1040 1039 1041
f 1040 1041 1042
f 1042 1041 1043
f 1042 1043 1044
f 1044 1043 1045
f 1044 1045 1046
f 1046 1045 1047
f 1046 1047 1048
f 1048 1047 1049
f 1048 1049 1050
f 1050 1049 1051
f 1050 1051 1052
f 1052 1051 1053
f 1052 1053 1054
f 1054 1053 1055
f 1054 1055 1056
f 1056 1055 1057
f 1056 1057 1058
f 1058 1057 1059
f 1058 1059 1060
f 1060 1059 1061
f 1060 1061 1062
f 1062 1061 1063
f 1062 1063 1064
f 1064 1063 1065
f 1064 1065 1066
f 1066 1065 1067
f 1066 1067 1068
f 1068 1067 1069
f 1068 1069 1070
f 1070 1069 1071
f 1070 1071 1072
f 1072 1071 1073
f 1072 1073 531
f 531 1073 529
f 1074 1075 1076
f 1076 1075 1077
f 1076 1077 1078
f 1078 1077 1079
f 1078 1079 1080
f 1080 1079 1081
f 1080 1081 1082
f 1082 1081 1083
f 1082 1083 1084
f 1084 1083 1085
f 1084 1085 1086
f 1086 1085 1087
f 1086 1087 1088
f 1088 1087 1089
f 1088 1089 1090
f 1090 1089 1091
f 1090 1091 1092
f 1092 1091 1093
f 1092 1093 1094
f 1094 1093 1095
f 1094 1095 1096
f 1096 1095 1097
f 1096 1097 1098
f 1098 1097 1099
f 1098 1099 1100
f 1100 1099 1101
f 1100 1101 1102
f 1102 1101 1103
f 1102 1103 1104
f 1104 1103 1105
f 1104 1105 1106
f 1106 1105 1107
f 1106 1107 1108
f 1108 1107 1109
f 1108 1109 1110
f 1110 1109 1111
f 1110 1111 1112
f 1112 1111 1113
f 1112 1113 1114
f 1114 1113 1115
f 1114 1115 1116
f 1116 1115 1117
f 1116 1117 1118
f 1118 1117 1119
f 1118 1119 1120
f 1120 1119 1121
f 1120 1121 1122
f 1122 1121 1123
f 1122 1123 1124
f 1124 1123 1125
f 1124 1125 1126
f 1126 1125 1127
f 1126 1127 1128
f 1128 1127 1129
f 1128 1129 1130
f 1130 1129 1131
f 1130 1131 1132
f 1132 1131 1133
f 1132 1133 1134
f 1134 1133 1135
f 1134 1135 1136
f 1136 1135 1137
f 1136 1137 1138
f 1138 1137 1139
f 1138 1139 1140
f 1140 1139 1141
f 1140 1141 1142
f 1142 1141 1143
f 1142 1143 1144
f 1144 1143 1145
f 1144 1145 1146
f 1146 1145 1147
f 1146 1147 1148
f 1148 1147 1149
f 1148 1149 1150
f 1150 1149 1151
f 1150 1151 1152
f 1152 1151 1153
f 1152 1153 1154
f 1154 1153 1155
f 1154 1155 1156
f 1156 1155 1157
f 1156 1157 1158
f 1158 1157 1159
f 1158 1159 1160
f 1160 1159 1161
f 1160 1161 1162
f 1162 1161 1163
f 1162 1163 1164
f 1164 1163 1165
f 1164 1165 1166
f 1166 1165 1167
f 1166 1167 1168
f 1168 1167 1169
f 1168 1169 1170
f 1170 1169 1171
f 1170 1171 1172
f 1172 1171 1173
f 1172 1173 1174
f 1174 1173 1175
f 1174 1175 1176
f 1176 1175 1177
f 1176 1177 1178
f 1178 1177 1179
f 1178 1179 1180
f 1180 1179 1181
f 1180 1181 1182
f 1182 1181 1183
f 1182 1183 1184
f 1184 1183 1185
f 1184 1185 1186
f 1186 1185 1187
f 1186 1187 1188
f 1188 1187 1189
f 1188 1189 1190
f 1190 1189 1191
f 1190 1191 1192
f 1192 1191 1193
f 1192 1193 1194
f 1194 1193 1195
f 1194 1195 1196
f 1196 1195 1197
f 1196 1197 1198
f 1198 1197 1199
f 1198 1199 1200
f 1200 1199 1201
f 1200 1201 1202
f 1202 1201 1203
f 1202 1203 1204
f 1204 1203 1205
f 1204 1205 1206
f 1206 1205 1207
f 1206 1207 1208
f 1208 1207 1209
f 1208 1209 1210
f 1210 1209 1211
f 1210 1211 1212
f 1212 1211 1213
f 1212 1213 1214
f 1214 1213 1215
f 1214 1215 1216
f 1216 1215 1217
f 1216 1217 1218
f 1218 1217 1219
f 1218 1219 1220
f 1220 1219 1221
f 1220 1221 1222
f 1222 1221 1223
f 1222 1223 1224
f 1224 1223 1225
f 1224 1225 1226
f 1226 1225 1227
f 1226 1227 1228
f 1228 1227 1229
f 1228 1229 1230
f 1230 1229 1231
f 1230 1231 1232
f 1232 1231 1233
f 1232 1233 1234
f 1234 1233 1235
f 1234 1235 1236
f 1236 1235 1237
f 1236 1237 1238
f 1238 1237 1239
f 1238 1239 1240
f 1240 1239 1241
f 1240 1241 1242
f 1242 1241 1243
f 1242 1243 1244
f 1244 1243 1245
f 1244 1245 1246
f 1246 1245 1247
f 1246 1247 1248
f 1248 1247 1249
f 1248 1249 1250
f 1250 1249 1251
f 1250 1251 1252
f 1252 1251 1253
f 1252 1253 1254
f 1254 1253 1255
f 1254 1255 1256
f 1256 1255 1257
f 1256 1257 1258
f 1258 1257 1259
f 1258 1259 1260
f 1260 1259 1261
f 1260 1261 1262
f 1262 1261 1263
f 1262 1263 1264
f 1264 1263 1265
f 1264 1265 1266
f 1266 1265 1267
f 1266 1267 1268
f 1268 1267 1269
f 1268 1269 1270
f 1270 1269 1271
f 1270 1271 1272
f 1272 1271 1273
f 1272 1273 1274
f 1274 1273 1275
f 1274 1275 1276
f 1276 1275 1277
f 1276 1277 1278
f 1278 1277 1279
f 1278 1279 1280
f 1280 1279 1281
f 1280 1281 1282
f 1282 1281 1283
f 1282 1283 1284
f 1284 1283 1285
f 1284 1285 1286
f 1286 1285 1287
f 1286 1287 1288
f 1288 1287 1289
f 1288 1289 1290
f 1290 1289 1291
f 1290 1291 1292
f 1292 1291 1293
f 1292 1293 1294
f 1294 1293 1295
f 1294 1295 1296
f 1296 1295 1297
f 1296 1297 1298
f 1298 1297 1299
f 1298 1299 894
f 894 1299 896
f 895 897 1300
f 1300 897 1301
f 1300 1301 1302
f 1302 1301 1303
f 1302 1303 1304
f 1304 1303 1305
f 1304 1305 1306
f 1306 1305 1307
f 1306 1307 1308
f 1308 1307 1309
f 1308 1309 1310
f 1310 1309 1311
f 1310 1311 1312
f 1312 1311 1313
f 1312 1313 1314
f 1314 1313 1315
f 1314 1315 1316
f 1316 1315 1317
f 1316 1317 1318
f 1318 1317 1319
f 1318 1319 1320
f 1320 1319 1321
f 1320 1321 1322
f 1322 1321 1323
f 1322 1323 1324
f 1324 1323 1325
f 1324 1325 1326
f 1326 1325 1327
f 1326 1327 1328
f 1328 1327 1329
f 1328 1329 1330
f 1330 1329 1331
f 1330 1331 1332
f 1332 1331 1333
f 1332 1333 1334
f 1334 1333 1335
f 1334 1335 1336
f 1336 1335 1337
f 1336 1337 1338
f 1338 1337 1339
f 1338 1339 1340
f 1340 1339 1341
f 1340 1341 1342
f 1342 1341 1343
f 1342 1343 1344
f 1344 1343 1345
f 1344 1345 1346
f 1346 1345 1347
f 1346 1347 1348
f 1348 1347 1349
f 1348 1349 1350
f 1350 1349 1351
f 1350 1351 1352
f 1352 1351 1353
f 1352 1353 1354
f 1354 1353 1355
f 1354 1355 1356
f 1356 1355 1357
f 1356 1357 1358
f 1358 1357 1359
f 1358 1359 1360
f 1360 1359 1361
f 1360 1361 1362
f 1362 1361 1363
f 1362 1363 1364
f 1364 1363 1365
f 1364 1365 1366
f 1366 1365 1367
f 1366 1367 1368
f 1368 1367 1369
f 1368 1369 1370
f 1370 1369 1371
f 1370 1371 1372
f 1372 1371 1373
f 1372 1373 1374
f 1374 1373 1375
f 1374 1375 1376
f 1376 1375 1377
f 1376 1377 1378
f 1378 1377 1379
f 1378 1379 1380
f 1380 1379 1381
f 1380 1381 1382
f 1382 1381 1383
f 1382 1383 1384
f 1384 1383 1385
f 1384 1385 1386
f 1386 1385 1387
f 1386 1387 1388
f 1388 1387 1389
f 1388 1389 1390
f 1390 1389 1391
f 1390 1391 1392
f 1392 1391 1393
f 1392 1393 1394
f 1394 1393 1395
f 1394 1395 1396
f 1396 1395 1397
f 1396 1397 1398
f 1398 1397 1399
f 1398 1399 1400
f 1400 1399 1401
f 1400 1401 1402
f 1402 1401 1403
f 1402 1403 1404
f 1404 1403 1405
f 1404 1405 1406
f 1406 1405 1407
f 1406 1407 1408
f 1408 1407 1409
f 1408 1409 1410
f 1410 1409 1411
f 1410 1411 1412
f 1412 1411 1413
f 1412 1413 1414
f 1414 1413 1415
f 1414 1415 1416
f 1416 1415 1417
f 1416 1417 1418
f 1418 1417 1419
f 1418 1419 1420
f 1420 1419 1421
f 1420 1421 1422
f 1422 1421 1423
f 1422 1423 1424
f 1424 1423 1425
f 1424 1425 1426
f 1426 1425 1427
f 1426 1427 1428
f 1428 1429 1426
f 1426 1429 1430
f 1426 1430 662
f 662 1430 664
f 1430 1431 664
f 664 1431 1432
f 664 1432 1433
f 1433 1434 664
f 664 1434 666
f 1434 1435 666
f 666 1435 1436
f 666 1436 1437
f 1437 1438 666
f 666 1438 668
f 1438 1439 668
f 668 1439 1440
f 668 1440 1441
f 668 1441 670
f 670 1441 1442
f 670 1442 1076
f 1076 1442 1443
f 1076 1443 1074
f 530 891 532
f 532 891 893
f 532 893 534
f 534 893 895
f 534 895 536
f 536 895 1300
f 536 1300 538
f 538 1300 1302
f 538 1302 540
f 540 1302 1304
f 540 1304 542
f 542 1304 1306
f 542 1306 544
f 544 1306 1308
f 544 1308 546
f 546 1308 1310
f 546 1310 548
f 548 1310 1312
f 548 1312 550
f 550 1312 1314
f 550 1314 552
f 552 1314 1316
f 552 1316 554
f 554 1316 1318
f 554 1318 556
f 556 1318 1320
f 556 1320 558
f 558 1320 1322
f 558 1322 560
f 560 1322 1324
f 560 1324 562
f 562 1324 1326
f 562 1326 564
f 564 1326 1328
f 564 1328 566
f 566 1328 1330
f 566 1330 568
f 568 1330 1332
f 568 1332 570
f 570 1332 1334
f 570 1334 572
f 572 1334 1336
f 572 1336 574
f 574 1336 1338
f 574 1338 576
f 576 1338 1340
f 576 1340 578
f 578 1340 1342
f 578 1342 580
f 580 1342 1344
f 580 1344 582
f 582 1344 1346
f 582 1346 584
f 584 1346 1348
f 584 1348 586
f 586 1348 1350
f 586 1350 588
f 588 1350 1352
f 588 1352 590
f 590 1352 1354
f 590 1354 592
f 592 1354 1356
f 592 1356 594
f 594 1356 1358
f 594 1358 596
f 596 1358 1360
f 596 1360 598
f 598 1360 1362
f 598 1362 600
f 600 1362 1364
f 600 1364 602
f 602 1364 1366
f 602 1366 604
f 604 1366 1368
f 604 1368 606
f 606 1368 1370
f 606 1370 608
f 608 1370 1372
f 608 1372 610
f 610 1372 1374
f 610 1374 612
f 612 1374 1376
f 612 1376 614
f 614 1376 1378
f 614 1378 616
f 616 1378 1380
f 616 1380 618
f 618 1380 1382
f 618 1382 620
f 620 1382 1384
f 620 1384 622
f 622 1384 1386
f 622 1386 624
f 624 1386 1388
f 624 1388 626
f 626 1388 1390
f 626 1390 628
f 628 1390 1392
f 628 1392 630
f 630 1392 1394
f 630 1394 632
f 632 1394 1396
f 632 1396 634
f 634 1396 1398
f 634 1398 636
f 636 1398 1400
f 636 1400 638
f 638 1400 1402
f 638 1402 640
f 640 1402 1404
f 640 1404 642
f 642 1404 1406
f 642 1406 644
f 644 1406 1408
f 644 1408 646
f 646 1408 1410
f 646 1410 648
f 648 1410 1412
f 648 1412 650
f 650 1412 1414
f 650 1414 652
f 652 1414 1416
f 652 1416 654
f 654 1416 1418
f 654 1418 656
f 656 1418 1420
f 656 1420 658
f 658 1420 1422
f 658 1422 660
f 660 1422 1424
f 660 1424 662
f 662 1424 1426
f 891 530 889
f 889 530 528
f 889 528 887
f 887 528 526
f 887 526 885
f 885 526 524
f 885 524 883
f 883 524 522
f 883 522 881
f 881 522 520
f 881 520 879
f 879 520 518
f 879 518 877
f 877 518 516
f 877 516 875
f 875 516 514
f 875 514 873
f 873 514 512
f 873 512 871
f 871 512 510
f 871 510 869
f 869 510 508
f 869 508 867
f 867 508 506
f 867 506 865
f 865 506 504
f 865 504 863
f 863 504 502
f 863 502 861
f 861 502 500
f 861 500 859
f 859 500 498
f 859 498 857
f 857 498 496
f 857 496 855
f 855 496 494
f 855 494 853
f 853 494 492
f 853 492 851
f 851 492 490
f 851 490 849
f 849 490 488
f 849 488 847
f 847 488 486
f 847 486 845
f 845 486 484
f 845 484 843
f 843 484 482
f 843 482 841
f 841 482 480
f 841 480 839
f 839 480 478
f 839 478 837
f 837 478 476
f 837 476 835
f 835 476 474
f 835 474 833
f 833 474 472
f 833 472 831
f 831 472 470
f 831 470 829
f 829 470 468
f 829 468 827
f 827 468 466
f 827 466 825
f 825 466 464
f 825 464 823
f 823 464 462
f 823 462 821
f 821 462 460
f 821 460 819
f 819 460 458
f 819 458 817
f 817 458 456
f 817 456 815
f 815 456 454
f 815 454 813
f 813 454 452
f 813 452 811
f 811 452 450
f 811 450 809
f 809 450 448
f 809 448 807
f 807 448 446
f 807 446 805
f 805 446 444
f 805 444 803
f 803 444 442
f 803 442 801
f 801 442 440
f 801 440 799
f 799 440 438
f 799 438 797
f 797 438 436
f 797 436 795
f 795 436 434
f 795 434 793
f 793 434 432
f 793 432 791
f 791 432 430
f 791 430 789
f 789 430 428
f 789 428 787
f 787 428 426
f 787 426 785
f 785 426 424
f 785 424 783
f 783 424 422
f 783 422 781
f 781 422 420
f 781 420 779
f 779 420 418
f 779 418 777
f 777 418 416
f 777 416 775
f 775 416 414
f 775 414 773
f 773 414 412
f 773 412 771
f 771 412 410
f 771 410 769
f 769 410 408
f 769 408 767
f 767 408 406
f 767 406 765
f 765 406 404
f 765 404 763
f 763 404 402
f 763 402 761
f 761 402 400
f 761 400 759
f 759 400 398
f 759 398 757
f 757 398 396
f 757 396 755
f 755 396 394
f 755 394 753
f 753 394 392
f 753 392 751
f 751 392 390
f 751 390 749
f 749 390 388
f 749 388 747
f 747 388 386
f 747 386 745
f 745 386 384
f 745 384 743
f 743 384 382
f 743 382 741
f 741 382 380
f 741 380 739
f 739 380 378
f 739 378 737
f 737 378 376
f 737 376 735
f 735 376 374
f 735 374 733
f 733 374 372
f 733 372 731
f 731 372 370
f 731 370 729
f 729 370 368
f 729 368 727
f 727 368 366
f 727 366 725
f 725 366 364
f 725 364 723
f 723 364 362
f 723 362 721
f 721 362 360
f 721 360 719
f 719 360 358
f 719 358 717
f 717 358 356
f 717 356 715
f 715 356 354
f 715 354 713
f 713 354 352
f 713 352 711
f 711 352 350
f 711 350 709
f 709 350 348
f 709 348 707
f 707 348 898
f 707 898 705
f 705 898 900
f 705 900 703
f 703 900 902
f 703 902 701
f 701 902 904
f 701 904 699
f 699 904 906
f 699 906 697
f 697 906 908
f 697 908 695
f 695 908 910
f 695 910 693
f 693 910 912
f 693 912 691
f 691 912 914
f 691 914 689
f 689 914 916
f 689 916 687
f 687 916 918
f 687 918 685
f 685 918 920
f 685 920 683
f 683 920 922
f 683 922 681
f 681 922 924
f 681 924 679
f 679 924 926
f 679 926 677
f 677 926 928
f 677 928 675
f 675 928 930
f 675 930 673
f 673 930 932
f 673 932 671
f 671 932 934
f 671 934 669
f 669 934 936
f 669 936 667
f 667 936 938
f 667 938 665
f 665 938 940
f 665 940 663
f 663 940 942
f 663 942 661
f 661 942 944
f 661 944 659
f 659 944 946
f 659 946 657
f 657 946 948
f 657 948 655
f 655 948 950
f 655 950 653
f 653 950 952
f 653 952 651
f 651 952 954
f 651 954 649
f 649 954 956
f 649 956 647
f 647 956 958
f 647 958 645
f 645 958 960
f 645 960 643
f 643 960 962
f 643 962 641
f 641 962 964
f 641 964 639
f 639 964 966
f 639 966 637
f 637 966 968
f 637 968 635
f 635 968 970
f 635 970 633
f 633 970 972
f 633 972 631
f 631 972 974
f 631 974 629
f 629 974 976
f 629 976 627
f 627 976 978
f 627 978 625
f 625 978 980
f 625 980 623
f 623 980 982
f 623 982 621
f 621 982 984
f 621 984 619
f 619 984 986
f 619 986 617
f 617 986 988
f 617 988 615
f 615 988 990
f 615 990 613
f 613 990 992
f 613 992 611
f 611 992 994
f 611 994 609
f 609 994 996
f 609 996 607
f 607 996 998
f 607 998 605
f 605 998 1000
f 605 1000 603
f 603 1000 1002
f 603 1002 601
f 601 1002 1004
f 601 1004 599
f 599 1004 1006
f 599 1006 597
f 597 1006 1008
f 597 1008 595
f 595 1008 1010
f 595 1010 593
f 593 1010 1012
f 593 1012 591
f 591 1012 1014
f 591 1014 589
f 589 1014 1016
f 589 1016 587
f 587 1016 1018
f 587 1018 585
f 585 1018 1020
f 585 1020 583
f 583 1020 1022
f 583 1022 581
f 581 1022 1024
f 581 1024 579
f 579 1024 1026
f 579 1026 577
f 577 1026 1028
f 577 1028 575
f 575 1028 1030
f 575 1030 573
f 573 1030 1032
f 573 1032 571
f 571 1032 1034
f 571 1034 569
f 569 1034 1036
f 569 1036 567
f 567 1036 1038
f 567 1038 565
f 565 1038 1040
f 565 1040 563
f 563 1040 1042
f 563 1042 561
f 561 1042 1044
f 561 1044 559
f 559 1044 1046
f 559 1046 557
f 557 1046 1048
f 557 1048 555
f 555 1048 1050
f 555 1050 553
f 553 1050 1052
f 553 1052 551
f 551 1052 1054
f 551 1054 549
f 549 1054 1056
f 549 1056 547
f 547 1056 1058
f 547 1058 545
f 545 1058 1060
f 545 1060 543
f 543 1060 1062
f 543 1062 541
f 541 1062 1064
f 541 1064 539
f 539 1064 1066
f 539 1066 537
f 537 1066 1068
f 537 1068 535
f 535 1068 1070
f 535 1070 533
f 533 1070 1072
f 533 1072 531
f 1296 1298 892
f 892 1298 894
f 1296 892 890
f 710 1116 712
f 712 1116 1118
f 712 1118 714
f 714 1118 1120
f 714 1120 716
f 716 1120 1122
f 716 1122 718
f 718 1122 1124
f 718 1124 720
f 720 1124 1126
f 720 1126 722
f 722 1126 1128
f 722 1128 724
f 724 1128 1130
f 724 1130 726
f 726 1130 1132
f 726 1132 728
f 728 1132 1134
f 728 1134 730
f 730 1134 1136
f 730 1136 732
f 732 1136 1138
f 732 1138 734
f 734 1138 1140
f 734 1140 736
f 736 1140 1142
f 736 1142 738
f 738 1142 1144
f 738 1144 740
f 740 1144 1146
f 740 1146 742
f 742 1146 1148
f 742 1148 744
f 744 1148 1150
f 744 1150 746
f 746 1150 1152
f 746 1152 748
f 748 1152 1154
f 748 1154 750
f 750 1154 1156
f 750 1156 752
f 752 1156 1158
f 752 1158 754
f 754 1158 1160
f 754 1160 756
f 756 1160 1162
f 756 1162 758
f 758 1162 1164
f 758 1164 760
f 760 1164 1166
f 760 1166 762
f 762 1166 1168
f 762 1168 764
f 764 1168 1170
f 764 1170 766
f 766 1170 1172
f 766 1172 768
f 768 1172 1174
f 768 1174 770
f 770 1174 1176
f 770 1176 772
f 772 1176 1178
f 772 1178 774
f 774 1178 1180
f 774 1180 776
f 776 1180 1182
f 776 1182 778
f 778 1182 1184
f 778 1184 780
f 780 1184 1186
f 780 1186 782
f 782 1186 1188
f 782 1188 784
f 784 1188 1190
f 784 1190 786
f 786 1190 1192
f 786 1192 788
f 788 1192 1194
f 788 1194 790
f 790 1194 1196
f 790 1196 792
f 792 1196 1198
f 792 1198 794
f 794 1198 1200
f 794 1200 796
f 796 1200 1202
f 796 1202 798
f 798 1202 1204
f 798 1204 800
f 800 1204 1206
f 800 1206 802
f 802 1206 1208
f 802 1208 804
f 804 1208 1210
f 804 1210 806
f 806 1210 1212
f 806 1212 808
f 808 1212 1214
f 808 1214 810
f 810 1214 1216
f 810 1216 812
f 812 1216 1218
f 812 1218 814
f 814 1218 1220
f 814 1220 816
f 816 1220 1222
f 816 1222 818
f 818 1222 1224
f 818 1224 820
f 820 1224 1226
f 820 1226 822
f 822 1226 1228
f 822 1228 824
f 824 1228 1230
f 824 1230 826
f 826 1230 1232
f 826 1232 828
f 828 1232 1234
f 828 1234 830
f 830 1234 1236
f 830 1236 832
f 832 1236 1238
f 832 1238 834
f 834 1238 1240
f 834 1240 836
f 836 1240 1242
f 836 1242 838
f 838 1242 1244
f 838 1244 840
f 840 1244 1246
f 840 1246 842
f 842 1246 1248
f 842 1248 844
f 844 1248 1250
f 844 1250 846
f 846 1250 1252
f 846 1252 848
f 848 1252 1254
f 848 1254 850
f 850 1254 1256
f 850 1256 852
f 852 1256 1258
f 852 1258 854
f 854 1258 1260
f 854 1260 856
f 856 1260 1262
f 856 1262 858
f 858 1262 1264
f 858 1264 860
f 860 1264 1266
f 860 1266 862
f 862 1266 1268
f 862 1268 864
f 864 1268 1270
f 864 1270 866
f 866 1270 1272
f 866 1272 868
f 868 1272 1274
f 868 1274 870
f 870 1274 1276
f 870 1276 872
f 872 1276 1278
f 872 1278 874
f 874 1278 1280
f 874 1280 876
f 876 1280 1282
f 876 1282 878
f 878 1282 1284
f 878 1284 880
f 880 1284 1286
f 880 1286 882
f 882 1286 1288
f 882 1288 884
f 884 1288 1290
f 884 1290 886
f 886 1290 1292
f 886 1292 888
f 888 1292 1294
f 888 1294 890
f 890 1294 1296
f 1116 710 1114
f 1114 710 708
f 1114 708 1112
f 1112 708 706
f 1112 706 1110
f 1110 706 704
f 1110 704 1108
f 1108 704 702
f 1108 702 1106
f 1106 702 700
f 1106 700 1104
f 1104 700 698
f 1104 698 1102
f 1102 698 696
f 1102 696 1100
f 1100 696 694
f 1100 694 1098
f 1098 694 692
f 1098 692 1096
f 1096 692 690
f 1096 690 1094
f 1094 690 688
f 1094 688 1092
f 1092 688 686
f 1092 686 1090
f 1090 686 684
f 1090 684 1088
f 1088 684 682
f 1088 682 1086
f 1086 682 680
f 1086 680 1084
f 1084 680 678
f 1084 678 1082
f 1082 678 676
f 1082 676 1080
f 1080 676 674
f 1080 674 1078
f 1078 674 672
f 1078 672 1076
f 1076 672 670
f 1444 1445 1446
f 1446 1445 1447
f 1446 1447 1448
f 1446 1448 1449
f 1449 1448 1450
f 1449 1450 1451
f 1449 1451 1452
f 1452 1451 1453
f 1452 1453 1454
f 1454 1455 1452
f 1452 1455 1456
f 1452 1456 1457
f 1457 1456 1458
f 1457 1458 1459
f 1459 1458 1460
f 1460 1458 1461
f 1460 1461 1462
f 1462 1461 1463
f 1462 1463 1464
f 1464 1463 1465
f 1464 1465 1466
f 1466 1465 1467
f 1466 1467 1468
f 1468 1467 1469
f 1468 1469 1470
f 1470 1469 1471
f 1471 1469 1472
f 1471 1472 1473
f 1473 1472 1474
f 1474 1472 1475
f 1475 1472 1476
f 1475 1476 1477
f 1477 1476 1478
f 1478 1476 1479
f 1478 1479 1480
f 1480 1479 1481
f 1481 1479 1482
f 1481 1482 1483
f 1483 1482 1484
f 1484 1482 1485
f 1485 1482 1456
f 1485 1456 1486
f 1486 1456 1487
f 1487 1456 1488
f 1488 1456 1489
f 1489 1456 1455
f 1470 1490 1468
f 1459 1491 1457
f 1457 1491 1492
f 1457 1492 1452
f 1452 1492 1449
f 1491 1493 1492
f 1492 1493 1494
f 1492 1494 1449
f 1449 1494 1446
f 1493 1495 1494
f 1494 1495 1496
f 1494 1496 1446
f 1446 1496 1497
f 1446 1497 1444
f 1444 1497 1498
f 1498 1497 1499
f 1499 1497 1500
f 1499 1500 1501
f 1501 1500 1502
f 1502 1500 1503
f 1502 1503 1504
f 1504 1503 1505
f 1505 1503 1506
f 1506 1503 1507
f 1506 1507 1508
f 1508 1507 1496
f 1508 1496 1495
f 1497 1496 1507
f 1500 1497 1507
f 1500 1507 1503
f 1461 1458 1482
f 1482 1458 1456
f 1463 1461 1479
f 1479 1461 1482
f 1465 1463 1476
f 1476 1463 1479
f 1467 1465 1472
f 1472 1465 1476
f 1469 1467 1472
f 1509 1510 1511
f 1511 1510 1512
f 1511 1512 1513
f 1513 1512 1514
f 1513 1514 1515
f 1515 1514 1516
f 1515 1516 1517
f 1517 1516 1518
f 1517 1518 1519
f 1519 1518 1520
f 1519 1520 1521
f 1521 1520 1522
f 1521 1522 1523
f 1523 1522 1524
f 1523 1524 1525
f 1525 1524 1526
f 1525 1526 1527
f 1527 1526 1528
f 1527 1528 1529
f 1529 1528 1530
f 1529 1530 1531
f 1531 1530 1532
f 1531 1532 1533
f 1533 1532 1534
f 1533 1534 1535
f 1535 1534 1536
f 1535 1536 1537
f 1537 1536 1538
f 1537 1538 1539
f 1539 1538 1540
f 1539 1540 1541
f 1541 1540 1542
f 1541 1542 1543
f 1543 1542 1544
f 1543 1544 1545
f 1545 1544 1546
f 1545 1546 1547
f 1547 1546 1548
f 1547 1548 1549
f 1549 1548 1550
f 1549 1550 1551
f 1551 1550 1552
f 1551 1552 1553
f 1553 1552 1554
f 1553 1554 1555
f 1555 1554 1556
f 1555 1556 1557
f 1557 1556 1558
f 1557 1558 1559
f 1559 1558 1560
f 1559 1560 1561
f 1561 1560 1562
f 1561 1562 1563
f 1563 1562 1564
f 1563 1564 1565
f 1565 1564 1566
f 1565 1566 1567
f 1567 1566 1568
f 1567 1568 1569
f 1569 1568 1570
f 1569 1570 1571
f 1571 1570 1572
f 1571 1572 1573
f 1573 1572 1574
f 1573 1574 1575
f 1575 1574 1576
f 1575 1576 1577
f 1577 1576 1578
f 1577 1578 1579
f 1579 1578 1580
f 1579 1580 1581
f 1581 1580 1582
f 1581 1582 1583
f 1583 1582 1584
f 1583 1584 1585
f 1585 1584 1586
f 1585 1586 1587
f 1587 1586 1588
f 1587 1588 1589
f 1589 1588 1590
f 1589 1590 1591
f 1591 1590 1592
f 1591 1592 1593
f 1593 1592 1594
f 1593 1594 1595
f 1595 1594 1596
f 1595 1596 1597
f 1597 1596 1598
f 1597 1598 1509
f 1509 1598 1510
f 1599 1512 1600
f 1600 1512 1510
f 1600 1510 1601
f 1601 1510 1598
f 1601 1598 1602
f 1602 1598 1596
f 1602 1596 1603
f 1603 1596 1594
f 1603 1594 1604
f 1604 1594 1592
f 1604 1592 1605
f 1605 1592 1590
f 1605 1590 1606
f 1606 1590 1588
f 1606 1588 1607
f 1607 1588 1586
f 1607 1586 1608
f 1608 1586 1584
f 1608 1584 1609
f 1609 1584 1582
f 1609 1582 1610
f 1610 1582 1580
f 1610 1580 1611
f 1611 1580 1578
f 1611 1578 1612
f 1612 1578 1576
f 1612 1576 1613
f 1613 1576 1574
f 1613 1574 1614
f 1614 1574 1572
f 1614 1572 1615
f 1615 1572 1570
f 1615 1570 1616
f 1616 1570 1568
f 1616 1568 1617
f 1617 1568 1566
f 1617 1566 1618
f 1618 1566 1564
f 1618 1564 1619
f 1619 1564 1562
f 1619 1562 1620
f 1620 1562 1560
f 1620 1560 1621
f 1621 1560 1558
f 1621 1558 1622
f 1622 1558 1556
f 1622 1556 1623
f 1623 1556 1554
f 1623 1554 1624
f 1624 1554 1552
f 1624 1552 1625
f 1625 1552 1550
f 1625 1550 1626
f 1626 1550 1548
f 1626 1548 1627
f 1627 1548 1546
f 1627 1546 1628
f 1628 1546 1544
f 1628 1544 1629
f 1629 1544 1542
f 1629 1542 1630
f 1630 1542 1540
f 1630 1540 1631
f 1631 1540 1538
f 1631 1538 1632
f 1632 1538 1536
f 1632 1536 1633
f 1633 1536 1534
f 1633 1534 1634
f 1634 1534 1532
f 1634 1532 1635
f 1635 1532 1530
f 1635 1530 1636
f 1636 1530 1528
f 1636 1528 1637
f 1637 1528 1526
f 1637 1526 1638
f 1638 1526 1524
f 1638 1524 1639
f 1639 1524 1522
f 1639 1522 1640
f 1640 1522 1520
f 1640 1520 1641
f 1641 1520 1518
f 1641 1518 1642
f 1642 1518 1516
f 1642 1516 1643
f 1643 1516 1514
f 1643 1514 1599
f 1599 1514 1512
f 1644 1645 1646
f 1646 1645 1647
f 1646 1647 1648
f 1648 1647 1649
f 1648 1649 1650
f 1650 1649 1651
f 1650 1651 1652
f 1652 1651 1653
f 1652 1653 1654
f 1654 1653 1655
f 1654 1655 1656
f 1656 1655 1657
f 1656 1657 1658
f 1658 1657 1659
f 1658 1659 1660
f 1660 1659 1661
f 1660 1661 1662
f 1662 1661 1663
f 1662 1663 1664
f 1664 1663 1665
f 1664 1665 1666
f 1666 1665 1667
f 1666 1667 1668
f 1668 1667 1669
f 1668 1669 1670
f 1670 1669 1671
f 1670 1671 1672
f 1672 1671 1673
f 1672 1673 1674
f 1674 1673 1675
f 1674 1675 1676
f 1676 1675 1677
f 1676 1677 1678
f 1678 1677 1679
f 1678 1679 1680
f 1680 1679 1681
f 1680 1681 1682
f 1682 1681 1683
f 1682 1683 1684
f 1684 1683 1685
f 1684 1685 1686
f 1686 1685 1687
f 1686 1687 1688
f 1688 1687 1689
f 1688 1689 1690
f 1690 1689 1691
f 1690 1691 1692
f 1692 1691 1693
f 1692 1693 1694
f 1694 1693 1695
f 1694 1695 1696
f 1696 1695 1697
f 1696 1697 1698
f 1698 1697 1699
f 1698 1699 1700
f 1700 1699 1701
f 1700 1701 1702
f 1702 1701 1703
f 1702 1703 1704
f 1704 1703 1705
f 1704 1705 1706
f 1706 1705 1707
f 1706 1707 1708
f 1708 1707 1709
f 1708 1709 1710
f 1710 1709 1711
f 1710 1711 1712
f 1712 1711 1713
f 1712 1713 1714
f 1714 1713 1715
f 1714 1715 1716
f 1716 1715 1717
f 1716 1717 1718
f 1718 1717 1719
f 1718 1719 1720
f 1720 1719 1721
f 1720 1721 1722
f 1722 1721 1723
f 1722 1723 1724
f 1724 1723 1725
f 1724 1725 1726
f 1726 1725 1727
f 1726 1727 1728
f 1728 1727 1729
f 1728 1729 1730
f 1730 1729 1731
f 1730 1731 1732
f 1732 1731 1733
f 1732 1733 1644
f 1644 1733 1645
f 1734 1647 1735
f 1735 1647 1645
f 1735 1645 1736
f 1736 1645 1733
f 1736 1733 1737
f 1737 1733 1731
f 1737 1731 1738
f 1738 1731 1729
f 1738 1729 1739
f 1739 1729 1727
f 1739 1727 1740
f 1740 1727 1725
f 1740 1725 1741
f 1741 1725 1723
f 1741 1723 1742
f 1742 1723 1721
f 1742 1721 1743
f 1743 1721 1719
f 1743 1719 1744
f 1744 1719 1717
f 1744 1717 1745
f 1745 1717 1715
f 1745 1715 1746
f 1746 1715 1713
f 1746 1713 1747
f 1747 1713 1711
f 1747 1711 1748
f 1748 1711 1709
f 1748 1709 1749
f 1749 1709 1707
f 1749 1707 1750
f 1750 1707 1705
f 1750 1705 1751
f 1751 1705 1703
f 1751 1703 1752
f 1752 1703 1701
f 1752 1701 1753
f 1753 1701 1699
f 1753 1699 1754
f 1754 1699 1697
f 1754 1697 1755
f 1755 1697 1695
f 1755 1695 1756
f 1756 1695 1693
f 1756 1693 1757
f 1757 1693 1691
f 1757 1691 1758
f 1758 1691 1689
f 1758 1689 1759
f 1759 1689 1687
f 1759 1687 1760
f 1760 1687 1685
f 1760 1685 1761
f 1761 1685 1683
f 1761 1683 1762
f 1762 1683 1681
f 1762 1681 1763
f 1763 1681 1679
f 1763 1679 1764
f 1764 1679 1677
f 1764 1677 1765
f 1765 1677 1675
f 1765 1675 1766
f 1766 1675 1673
f 1766 1673 1767
f 1767 1673 1671
f 1767 1671 1768
f 1768 1671 1669
f 1768 1669 1769
f 1769 1669 1667
f 1769 1667 1770
f 1770 1667 1665
f 1770 1665 1771
f 1771 1665 1663
f 1771 1663 1772
f 1772 1663 1661
f 1772 1661 1773
f 1773 1661 1659
f 1773 1659 1774
f 1774 1659 1657
f 1774 1657 1775
f 1775 1657 1655
f 1775 1655 1776
f 1776 1655 1653
f 1776 1653 1777
f 1777 1653 1651
f 1777 1651 1778
f 1778 1651 1649
f 1778 1649 1734
f 1734 1649 1647
f 1779 1780 1781
f 1781 1780 1782
f 1781 1782 1783
f 1783 1782 1784
f 1783 1784 1785
f 1785 1784 1786
f 1785 1786 1787
f 1787 1786 1788
f 1787 1788 1789
f 1789 1788 1790
f 1789 1790 1791
f 1791 1790 1792
f 1791 1792 1793
f 1793 1792 1794
f 1793 1794 1795
f 1795 1794 1796
f 1795 1796 1797
f 1797 1796 1798
f 1797 1798 1799
f 1799 1798 1800
f 1799 1800 1801
f 1801 1800 1802
f 1801 1802 1803
f 1803 1802 1804
f 1803 1804 1805
f 1805 1804 1806
f 1805 1806 1807
f 1807 1806 1808
f 1807 1808 1809
f 1809 1808 1810
f 1809 1810 1811
f 1811 1810 1812
f 1811 1812 1813
f 1813 1812 1814
f 1813 1814 1815
f 1815 1814 1816
f 1815 1816 1817
f 1817 1816 1818
f 1817 1818 1819
f 1819 1818 1820
f 1819 1820 1821
f 1821 1820 1822
f 1821 1822 1823
f 1823 1822 1824
f 1823 1824 1825
f 1825 1824 1826
f 1825 1826 1827
f 1827 1826 1828
f 1827 1828 1829
f 1829 1828 1830
f 1829 1830 1831
f 1831 1830 1832
f 1831 1832 1833
f 1833 1832 1834
f 1833 1834 1835
f 1835 1834 1836
f 1835 1836 1837
f 1837 1836 1838
f 1837 1838 1839
f 1839 1838 1840
f 1839 1840 1841
f 1841 1840 1842
f 1841 1842 1843
f 1843 1842 1844
f 1843 1844 1845
f 1845 1844 1846
f 1845 1846 1847
f 1847 1846 1848
f 1847 1848 1849
f 1849 1848 1850
f 1849 1850 1851
f 1851 1850 1852
f 1851 1852 1853
f 1853 1852 1854
f 1853 1854 1855
f 1855 1854 1856
f 1855 1856 1857
f 1857 1856 1858
f 1857 1858 1859
f 1859 1858 1860
f 1859 1860 1861
f 1861 1860 1862
f 1861 1862 1863
f 1863 1862 1864
f 1863 1864 1865
f 1865 1864 1866
f 1865 1866 1867
f 1867 1866 1868
f 1867 1868 1779
f 1779 1868 1780
f 1869 1782 1870
f 1870 1782 1780
f 1870 1780 1871
f 1871 1780 1868
f 1871 1868 1872
f 1872 1868 1866
f 1872 1866 1873
f 1873 1866 1864
f 1873 1864 1874
f 1874 1864 1862
f 1874 1862 1875
f 1875 1862 1860
f 1875 1860 1876
f 1876 1860 1858
f 1876 1858 1877
f 1877 1858 1856
f 1877 1856 1878
f 1878 1856 1854
f 1878 1854 1879
f 1879 1854 1852
f 1879 1852 1880
f 1880 1852 1850
f 1880 1850 1881
f 1881 1850 1848
f 1881 1848 1882
f 1882 1848 1846
f 1882 1846 1883
f 1883 1846 1844
f 1883 1844 1884
f 1884 1844 1842
f 1884 1842 1885
f 1885 1842 1840
f 1885 1840 1886
f 1886 1840 1838
f 1886 1838 1887
f 1887 1838 1836
f 1887 1836 1888
f 1888 1836 1834
f 1888 1834 1889
f 1889 1834 1832
f 1889 1832 1890
f 1890 1832 1830
f 1890 1830 1891
f 1891 1830 1828
f 1891 1828 1892
f 1892 1828 1826
f 1892 1826 1893
f 1893 1826 1824
f 1893 1824 1894
f 1894 1824 1822
f 1894 1822 1895
f 1895 1822 1820
f 1895 1820 1896
f 1896 1820 1818
f 1896 1818 1897
f 1897 1818 1816
f 1897 1816 1898
f 1898 1816 1814
f 1898 1814 1899
f 1899 1814 1812
f 1899 1812 1900
f 1900 1812 1810
f 1900 1810 1901
f 1901 1810 1808
f 1901 1808 1902
f 1902 1808 1806
f 1902 1806 1903
f 1903 1806 1804
f 1903 1804 1904
f 1904 1804 1802
f 1904 1802 1905
f 1905 1802 1800
f 1905 1800 1906
f 1906 1800 1798
f 1906 1798 1907
f 1907 1798 1796
f 1907 1796 1908
f 1908 1796 1794
f 1908 1794 1909
f 1909 1794 1792
f 1909 1792 1910
f 1910 1792 1790
f 1910 1790 1911
f 1911 1790 1788
f 1911 1788 1912
f 1912 1788 1786
f 1912 1786 1913
f 1913 1786 1784
f 1913 1784 1869
f 1869 1784 1782
f 1914 1915 1916
f 1916 1915 1917
f 1916 1917 1918
f 1918 1917 1919
f 1918 1919 1920
f 1920 1919 1921
f 1920 1921 1922
f 1922 1921 1923
f 1922 1923 1924
f 1924 1923 1925
f 1924 1925 1926
f 1926 1925 1927
f 1926 1927 1928
f 1928 1927 1929
f 1928 1929 1930
f 1930 1929 1931
f 1930 1931 1932
f 1932 1931 1933
f 1932 1933 1934
f 1934 1933 1935
f 1934 1935 1936
f 1936 1935 1937
f 1936 1937 1938
f 1938 1937 1939
f 1938 1939 1940
f 1940 1939 1941
f 1940 1941 1942
f 1942 1941 1943
f 1942 1943 1944
f 1944 1943 1945
f 1944 1945 1946
f 1946 1945 1947
f 1946 1947 1948
f 1948 1947 1949
f 1948 1949 1950
f 1950 1949 1951
f 1950 1951 1952
f 1952 1951 1953
f 1952 1953 1954
f 1954 1953 1955
f 1954 1955 1956
f 1956 1955 1957
f 1956 1957 1958
f 1958 1957 1959
f 1958 1959 1960
f 1960 1959 1961
f 1960 1961 1962
f 1962 1961 1963
f 1962 1963 1964
f 1964 1963 1965
f 1964 1965 1966
f 1966 1965 1967
f 1966 1967 1968
f 1968 1967 1969
f 1968 1969 1970
f 1970 1969 1971
f 1970 1971 1972
f 1972 1971 1973
f 1972 1973 1974
f 1974 1973 1975
f 1974 1975 1976
f 1976 1975 1977
f 1976 1977 1978
f 1978 1977 1979
f 1978 1979 1980
f 1980 1979 1981
f 1980 1981 1982
f 1982 1981 1983
f 1982 1983 1984
f 1984 1983 1985
f 1984 1985 1986
f 1986 1985 1987
f 1986 1987 1988
f 1988 1987 1989
f 1988 1989 1990
f 1990 1989 1991
f 1990 1991 1992
f 1992 1991 1993
f 1992 1993 1994
f 1994 1993 1995
f 1994 1995 1996
f 1996 1995 1997
f 1996 1997 1998
f 1998 1997 1999
f 1998 1999 2000
f 2000 1999 2001
f 2000 2001 2002
f 2002 2001 2003
f 2002 2003 1914
f 1914 2003 1915
f 2004 1917 2005
f 2005 1917 1915
f 2005 1915 2006
f 2006 1915 2003
f 2006 2003 2007
f 2007 2003 2001
f 2007 2001 2008
f 2008 2001 1999
f 2008 1999 2009
f 2009 1999 1997
f 2009 1997 2010
f 2010 1997 1995
f 2010 1995 2011
f 2011 1995 1993
f 2011 1993 2012
f 2012 1993 1991
f 2012 1991 2013
f 2013 1991 1989
f 2013 1989 2014
f 2014 1989 1987
f 2014 1987 2015
f 2015 1987 1985
f 2015 1985 2016
f 2016 1985 1983
f 2016 1983 2017
f 2017 1983 1981
f 2017 1981 2018
f 2018 1981 1979
f 2018 1979 2019
f 2019 1979 1977
f 2019 1977 2020
f 2020 1977 1975
f 2020 1975 2021
f 2021 1975 1973
f 2021 1973 2022
f 2022 1973 1971
f 2022 1971 2023
f 2023 1971 1969
f 2023 1969 2024
f 2024 1969 1967
f 2024 1967 2025
f 2025 1967 1965
f 2025 1965 2026
f 2026 1965 1963
f 2026 1963 2027
f 2027 1963 1961
f 2027 1961 2028
f 2028 1961 1959
f 2028 1959 2029
f 2029 1959 1957
f 2029 1957 2030
f 2030 1957 1955
f 2030 1955 2031
f 2031 1955 1953
f 2031 1953 2032
f 2032 1953 1951
f 2032 1951 2033
f 2033 1951 1949
f 2033 1949 2034
f 2034 1949 1947
f 2034 1947 2035
f 2035 1947 1945
f 2035 1945 2036
f 2036 1945 1943
f 2036 1943 2037
f 2037 1943 1941
f 2037 1941 2038
f 2038 1941 1939
f 2038 1939 2039
f 2039 1939 1937
f 2039 1937 2040
f 2040 1937 1935
f 2040 1935 2041
f 2041 1935 1933
f 2041 1933 2042
f 2042 1933 1931
f 2042 1931 2043
f 2043 1931 1929
f 2043 1929 2044
f 2044 1929 1927
f 2044 1927 2045
f 2045 1927 1925
f 2045 1925 2046
f 2046 1925 1923
f 2046 1923 2047
f 2047 1923 1921
f 2047 1921 2048
f 2048 1921 1919
f 2048 1919 2004
f 2004 1919 1917
f 2049 2050 2051
f 2051 2050 2052
f 2051 2052 2053
f 2053 2052 2054
f 2053 2054 2055
f 2055 2054 2056
f 2055 2056 2057
f 2057 2056 2058
f 2057 2058 2059
f 2059 2058 2060
f 2059 2060 2061
f 2061 2060 2062
f 2061 2062 2063
f 2063 2062 2064
f 2063 2064 2065
f 2065 2064 2066
f 2065 2066 2067
f 2067 2066 2068
f 2067 2068 2069
f 2069 2068 2070
f 2070 2068 2071
f 2070 2071 2072
f 2072 2071 2073
f 2072 2073 2074
f 2074 2073 2075
f 2074 2075 2076
f 2076 2075 2077
f 2076 2077 2078
f 2078 2077 2079
f 2078 2079 2080
f 2080 2079 2081
f 2080 2081 2082
f 2082 2081 2083
f 2082 2083 2084
f 2084 2083 2085
f 2084 2085 2086
f 2086 2085 2087
f 2086 2087 2088
f 2089 2090 2091
f 2091 2090 2092
f 2091 2092 2093
f 2093 2092 2094
f 2093 2094 2095
f 2095 2094 2096
f 2095 2096 2097
f 2097 2096 2098
f 2097 2098 2099
f 2099 2098 2100
f 2099 2100 2101
f 2101 2100 2102
f 2101 2102 2103
f 2103 2102 2104
f 2103 2104 2105
f 2105 2104 2106
f 2105 2106 2107
f 2107 2106 2108
f 2107 2108 2109
f 2109 2108 2110
f 2109 2110 2111
f 2111 2110 2112
f 2111 2112 2113
f 2113 2112 2114
f 2113 2114 2115
f 2115 2114 2116
f 2115 2116 2117
f 2117 2116 2118
f 2117 2118 2119
f 2119 2118 2120
f 2120 2118 2121
f 2120 2121 2122
f 2122 2121 2123
f 2122 2123 2124
f 2124 2123 2125
f 2124 2125 2126
f 2126 2125 2127
f 2126 2127 2128
f 2128 2127 2129
f 2128 2129 2130
f 2130 2129 2131
f 2130 2131 2132
f 2132 2131 2133
f 2132 2133 2134
f 2090 2089 2135
f 2135 2089 2136
f 2135 2136 2137
f 2137 2136 2138
f 2137 2138 2139
f 2139 2138 2140
f 2139 2140 2141
f 2141 2140 2142
f 2141 2142 2143
f 2143 2142 2144
f 2143 2144 2145
f 2145 2144 2146
f 2145 2146 2147
f 2147 2146 2148
f 2147 2148 2149
f 2149 2148 2150
f 2149 2150 2151
f 2151 2150 2152
f 2151 2152 2153
f 2153 2152 2154
f 2153 2154 2155
f 2155 2154 2156
f 2155 2156 2157
f 2157 2156 2158
f 2157 2158 2159
f 2159 2158 2160
f 2159 2160 2161
f 2161 2160 2162
f 2161 2162 2163
f 2136 2164 2138
f 2138 2164 2165
f 2138 2165 2140
f 2140 2165 2166
f 2140 2166 2142
f 2142 2166 2167
f 2142 2167 2144
f 2144 2167 2146
f 2164 2168 2165
f 2165 2168 2169
f 2165 2169 2166
f 2166 2169 2170
f 2166 2170 2167
f 2167 2170 2171
f 2167 2171 2146
f 2146 2171 2148
f 2168 2172 2169
f 2169 2172 2173
f 2169 2173 2170
f 2170 2173 2174
f 2170 2174 2171
f 2171 2174 2175
f 2171 2175 2148
f 2148 2175 2150
f 2172 2176 2173
f 2173 2176 2177
f 2173 2177 2174
f 2174 2177 2178
f 2174 2178 2175
f 2175 2178 2179
f 2175 2179 2150
f 2150 2179 2152
f 2177 2176 2180
f 2180 2176 2181
f 2180 2181 2182
f 2182 2181 2183
f 2182 2183 2184
f 2184 2183 2162
f 2184 2162 2160
f 2161 2163 2185
f 2185 2163 2186
f 2185 2186 2187
f 2187 2186 2188
f 2187 2188 2189
f 2189 2188 2190
f 2189 2190 2191
f 2191 2190 2192
f 2191 2192 2193
f 2193 2192 2194
f 2193 2194 2195
f 2195 2194 2196
f 2195 2196 2197
f 2197 2196 2198
f 2198 2196 2199
f 2198 2199 2200
f 2200 2199 2201
f 2200 2201 2202
f 2202 2201 2203
f 2202 2203 2204
f 2204 2203 2205
f 2204 2205 2206
f 2206 2205 2207
f 2206 2207 2208
f 2208 2207 2209
f 2208 2209 2210
f 2188 2211 2190
f 2190 2211 2212
f 2190 2212 2192
f 2192 2212 2213
f 2192 2213 2194
f 2194 2213 2214
f 2194 2214 2196
f 2196 2214 2199
f 2211 2215 2212
f 2212 2215 2216
f 2212 2216 2213
f 2213 2216 2217
f 2213 2217 2214
f 2214 2217 2218
f 2214 2218 2199
f 2199 2218 2201
f 2215 2219 2216
f 2216 2219 2220
f 2216 2220 2217
f 2217 2220 2221
f 2217 2221 2218
f 2218 2221 2203
f 2218 2203 2201
f 2219 2222 2220
f 2220 2222 2223
f 2220 2223 2221
f 2221 2223 2205
f 2221 2205 2203
f 2223 2222 2207
f 2207 2222 2209
f 2208 2210 2224
f 2224 2210 2225
f 2224 2225 2226
f 2226 2225 2227
f 2226 2227 2228
f 2228 2227 2229
f 2228 2229 2230
f 2230 2229 2231
f 2230 2231 2232
f 2232 2231 2233
f 2232 2233 2234
f 2234 2233 2235
f 2234 2235 2236
f 2236 2235 2237
f 2237 2235 2238
f 2237 2238 2239
f 2239 2238 2240
f 2239 2240 2241
f 2241 2240 2242
f 2241 2242 2243
f 2243 2242 2244
f 2243 2244 2245
f 2245 2244 2246
f 2245 2246 2247
f 2225 2248 2227
f 2227 2248 2249
f 2227 2249 2229
f 2229 2249 2250
f 2229 2250 2231
f 2231 2250 2251
f 2231 2251 2233
f 2233 2251 2252
f 2233 2252 2235
f 2235 2252 2238
f 2248 2253 2249
f 2249 2253 2250
f 2253 2254 2250
f 2250 2254 2255
f 2250 2255 2251
f 2251 2255 2256
f 2251 2256 2252
f 2252 2256 2240
f 2252 2240 2238
f 2254 2257 2255
f 2255 2257 2258
f 2255 2258 2256
f 2256 2258 2242
f 2256 2242 2240
f 2258 2257 2244
f 2244 2257 2246
f 2245 2247 2259
f 2259 2247 2260
f 2259 2260 2261
f 2261 2260 2262
f 2261 2262 2263
f 2263 2262 2264
f 2263 2264 2265
f 2265 2264 2266
f 2265 2266 2267
f 2267 2266 2268
f 2267 2268 2269
f 2269 2268 2270
f 2270 2268 2271
f 2270 2271 2272
f 2272 2271 2273
f 2272 2273 2274
f 2274 2273 2275
f 2274 2275 2276
f 2276 2275 2277
f 2276 2277 2278
f 2278 2277 2279
f 2278 2279 2280
f 2280 2279 2281
f 2280 2281 2282
f 2282 2281 2283
f 2282 2283 2284
f 2260 2285 2262
f 2262 2285 2286
f 2262 2286 2264
f 2264 2286 2287
f 2264 2287 2266
f 2266 2287 2288
f 2266 2288 2268
f 2268 2288 2271
f 2285 2289 2286
f 2286 2289 2290
f 2286 2290 2287
f 2287 2290 2291
f 2287 2291 2288
f 2288 2291 2292
f 2288 2292 2271
f 2271 2292 2273
f 2289 2293 2290
f 2290 2293 2294
f 2290 2294 2291
f 2291 2294 2295
f 2291 2295 2292
f 2292 2295 2296
f 2292 2296 2273
f 2273 2296 2275
f 2294 2293 2297
f 2297 2293 2298
f 2297 2298 2299
f 2299 2298 2300
f 2299 2300 2281
f 2281 2300 2283
f 2301 2302 2284
f 2284 2302 2303
f 2284 2303 2282
f 2282 2303 2304
f 2282 2304 2280
f 2280 2304 2305
f 2280 2305 2278
f 2278 2305 2306
f 2278 2306 2276
f 2276 2306 2307
f 2276 2307 2274
f 2302 2301 2308
f 2308 2301 2309
f 2308 2309 2310
f 2310 2309 2311
f 2310 2311 2312
f 2312 2311 2313
f 2312 2313 2314
f 2314 2313 2315
f 2314 2315 2316
f 2316 2315 2317
f 2316 2317 2318
f 2318 2317 2319
f 2318 2319 2320
f 2320 2319 2321
f 2321 2319 2322
f 2322 2319 2323
f 2323 2319 2324
f 2323 2324 2325
f 2325 2324 2326
f 2325 2326 2327
f 2327 2326 2328
f 2328 2326 2329
f 2328 2329 2330
f 2330 2329 2331
f 2331 2329 2332
f 2332 2329 2333
f 2333 2329 2334
f 2334 2329 2335
f 2335 2329 2336
f 2336 2329 2337
f 2336 2337 2338
f 2338 2337 2339
f 2339 2337 2340
f 2339 2340 2341
f 2341 2340 2342
f 2342 2340 2343
f 2343 2340 2344
f 2344 2340 2345
f 2344 2345 2346
f 2346 2345 2347
f 2346 2347 2348
f 2348 2347 2349
f 2348 2349 2350
f 2350 2349 2351
f 2350 2351 2352
f 2352 2351 2353
f 2352 2353 2354
f 2354 2353 2355
f 2354 2355 2356
f 2356 2355 2357
f 2356 2357 2358
f 2358 2357 2359
f 2358 2359 2360
f 2360 2359 2361
f 2360 2361 2362
f 2362 2361 2363
f 2362 2363 2364
f 2364 2363 2365
f 2364 2365 2366
f 2366 2365 2367
f 2366 2367 2368
f 2368 2367 2369
f 2369 2367 2370
f 2369 2370 2371
f 2371 2370 2372
f 2371 2372 2373
f 2373 2372 2374
f 2373 2374 2375
f 2375 2374 2376
f 2375 2376 2377
f 2377 2376 2378
f 2377 2378 2379
f 2311 2380 2313
f 2313 2380 2381
f 2313 2381 2315
f 2315 2381 2382
f 2315 2382 2317
f 2317 2382 2324
f 2317 2324 2319
f 2380 2383 2381
f 2381 2383 2384
f 2381 2384 2382
f 2382 2384 2385
f 2382 2385 2324
f 2324 2385 2326
f 2383 2386 2384
f 2384 2386 2387
f 2384 2387 2385
f 2385 2387 2388
f 2385 2388 2326
f 2326 2388 2329
f 2386 2389 2387
f 2387 2389 2390
f 2387 2390 2388
f 2388 2390 2391
f 2388 2391 2329
f 2329 2391 2392
f 2329 2392 2340
f 2340 2392 2345
f 2390 2389 2393
f 2393 2389 2394
f 2393 2394 2395
f 2395 2394 2396
f 2395 2396 2351
f 2351 2396 2353
f 2359 2397 2361
f 2361 2397 2398
f 2361 2398 2363
f 2363 2398 2399
f 2363 2399 2365
f 2365 2399 2400
f 2365 2400 2367
f 2367 2400 2370
f 2397 2401 2398
f 2398 2401 2402
f 2398 2402 2399
f 2399 2402 2403
f 2399 2403 2400
f 2400 2403 2372
f 2400 2372 2370
f 2401 2404 2402
f 2402 2404 2405
f 2402 2405 2403
f 2403 2405 2374
f 2403 2374 2372
f 2404 2378 2405
f 2405 2378 2376
f 2405 2376 2374
f 2377 2379 2406
f 2406 2379 2407
f 2406 2407 2408
f 2408 2407 2409
f 2408 2409 2410
f 2410 2409 2411
f 2410 2411 2412
f 2412 2411 2413
f 2412 2413 2414
f 2414 2413 2415
f 2414 2415 2416
f 2416 2415 2417
f 2416 2417 2418
f 2418 2417 2419
f 2419 2417 2420
f 2419 2420 2421
f 2421 2420 2422
f 2421 2422 2423
f 2423 2422 2424
f 2423 2424 2425
f 2425 2424 2426
f 2425 2426 2427
f 2427 2426 2428
f 2427 2428 2429
f 2429 2428 2430
f 2429 2430 2431
f 2409 2432 2411
f 2411 2432 2433
f 2411 2433 2413
f 2413 2433 2434
f 2413 2434 2415
f 2415 2434 2435
f 2415 2435 2417
f 2417 2435 2420
f 2432 2436 2433
f 2433 2436 2437
f 2433 2437 2434
f 2434 2437 2438
f 2434 2438 2435
f 2435 2438 2439
f 2435 2439 2420
f 2420 2439 2422
f 2436 2440 2437
f 2437 2440 2441
f 2437 2441 2438
f 2438 2441 2442
f 2438 2442 2439
f 2439 2442 2424
f 2439 2424 2422
f 2440 2443 2441
f 2441 2443 2444
f 2441 2444 2442
f 2442 2444 2426
f 2442 2426 2424
f 2444 2443 2428
f 2428 2443 2430
f 2429 2431 2445
f 2445 2431 2446
f 2445 2446 2447
f 2447 2446 2448
f 2447 2448 2449
f 2449 2448 2450
f 2449 2450 2451
f 2451 2450 2452
f 2451 2452 2453
f 2453 2452 2454
f 2453 2454 2455
f 2455 2454 2456
f 2455 2456 2457
f 2457 2456 2458
f 2458 2456 2459
f 2458 2459 2460
f 2460 2459 2461
f 2460 2461 2462
f 2462 2461 2463
f 2462 2463 2464
f 2464 2463 2465
f 2464 2465 2466
f 2466 2465 2467
f 2466 2467 2468
f 2446 2469 2448
f 2448 2469 2470
f 2448 2470 2450
f 2450 2470 2471
f 2450 2471 2452
f 2452 2471 2472
f 2452 2472 2454
f 2454 2472 2473
f 2454 2473 2456
f 2456 2473 2459
f 2469 2474 2470
f 2470 2474 2471
f 2474 2475 2471
f 2471 2475 2476
f 2471 2476 2472
f 2472 2476 2477
f 2472 2477 2473
f 2473 2477 2461
f 2473 2461 2459
f 2476 2475 2478
f 2478 2475 2479
f 2478 2479 2465
f 2465 2479 2467
f 2466 2468 2480
f 2480 2468 2481
f 2480 2481 2482
f 2482 2481 2483
f 2482 2483 2484
f 2484 2483 2485
f 2484 2485 2486
f 2486 2485 2487
f 2486 2487 2488
f 2488 2487 2489
f 2488 2489 2490
f 2490 2489 2491
f 2491 2489 2492
f 2491 2492 2493
f 2493 2492 2494
f 2493 2494 2495
f 2495 2494 2496
f 2495 2496 2497
f 2497 2496 2498
f 2497 2498 2499
f 2499 2498 2500
f 2499 2500 2501
f 2501 2500 2502
f 2501 2502 2503
f 2503 2502 2504
f 2503 2504 2505
f 2481 2506 2483
f 2483 2506 2507
f 2483 2507 2485
f 2485 2507 2508
f 2485 2508 2487
f 2487 2508 2509
f 2487 2509 2489
f 2489 2509 2492
f 2506 2510 2507
f 2507 2510 2511
f 2507 2511 2508
f 2508 2511 2512
f 2508 2512 2509
f 2509 2512 2513
f 2509 2513 2492
f 2492 2513 2494
f 2510 2514 2511
f 2511 2514 2515
f 2511 2515 2512
f 2512 2515 2516
f 2512 2516 2513
f 2513 2516 2517
f 2513 2517 2494
f 2494 2517 2496
f 2515 2514 2518
f 2518 2514 2519
f 2518 2519 2520
f 2520 2519 2521
f 2520 2521 2502
f 2502 2521 2504
f 2522 2523 2505
f 2505 2523 2524
f 2505 2524 2503
f 2503 2524 2525
f 2503 2525 2501
f 2501 2525 2526
f 2501 2526 2499
f 2499 2526 2527
f 2499 2527 2497
f 2497 2527 2528
f 2497 2528 2495
f 2523 2522 2529
f 2529 2522 2530
f 2529 2530 2531
f 2531 2530 2532
f 2531 2532 2533
f 2533 2532 2534
f 2533 2534 2535
f 2535 2534 2536
f 2535 2536 2537
f 2537 2536 2538
f 2537 2538 2539
f 2539 2538 2540
f 2539 2540 2541
f 2532 2542 2534
f 2534 2542 2543
f 2534 2543 2536
f 2536 2543 2544
f 2536 2544 2538
f 2538 2544 2545
f 2538 2545 2546
f 2546 2545 2547
f 2547 2545 2548
f 2548 2545 2549
f 2549 2545 2550
f 2550 2545 2551
f 2550 2551 2552
f 2552 2551 2553
f 2553 2551 2554
f 2554 2551 2555
f 2555 2551 2556
f 2555 2556 2557
f 2557 2556 2558
f 2558 2556 2559
f 2559 2556 2560
f 2559 2560 2561
f 2561 2560 2562
f 2562 2560 2563
f 2563 2560 2564
f 2563 2564 2565
f 2565 2564 2566
f 2565 2566 2567
f 2567 2566 2568
f 2567 2568 2569
f 2569 2568 2570
f 2569 2570 2571
f 2571 2570 2572
f 2571 2572 2573
f 2573 2572 2574
f 2573 2574 2575
f 2575 2574 2576
f 2575 2576 2577
f 2577 2576 2578
f 2577 2578 2579
f 2579 2578 2580
f 2579 2580 2581
f 2581 2580 2582
f 2581 2582 2583
f 2583 2582 2584
f 2583 2584 2585
f 2585 2584 2586
f 2585 2586 2587
f 2587 2586 2588
f 2587 2588 2589
f 2589 2588 2590
f 2590 2588 2591
f 2590 2591 2592
f 2592 2591 2593
f 2592 2593 2594
f 2594 2593 2595
f 2594 2595 2596
f 2596 2595 2597
f 2596 2597 2598
f 2598 2597 2599
f 2598 2599 2600
f 2542 2601 2543
f 2543 2601 2602
f 2543 2602 2544
f 2544 2602 2603
f 2544 2603 2545
f 2545 2603 2551
f 2601 2604 2602
f 2602 2604 2605
f 2602 2605 2603
f 2603 2605 2606
f 2603 2606 2551
f 2551 2606 2607
f 2551 2607 2560
f 2560 2607 2564
f 2605 2604 2608
f 2608 2604 2609
f 2608 2609 2610
f 2610 2609 2611
f 2610 2611 2612
f 2612 2611 2613
f 2612 2613 2572
f 2572 2613 2574
f 2580 2614 2582
f 2582 2614 2615
f 2582 2615 2584
f 2584 2615 2616
f 2584 2616 2586
f 2586 2616 2617
f 2586 2617 2588
f 2588 2617 2591
f 2614 2618 2615
f 2615 2618 2619
f 2615 2619 2616
f 2616 2619 2620
f 2616 2620 2617
f 2617 2620 2593
f 2617 2593 2591
f 2618 2621 2619
f 2619 2621 2622
f 2619 2622 2620
f 2620 2622 2595
f 2620 2595 2593
f 2621 2599 2622
f 2622 2599 2597
f 2622 2597 2595
f 2598 2600 2623
f 2623 2600 2624
f 2623 2624 2625
f 2625 2624 2626
f 2625 2626 2627
f 2627 2626 2628
f 2627 2628 2629
f 2629 2628 2630
f 2629 2630 2631
f 2631 2630 2632
f 2631 2632 2633
f 2633 2632 2634
f 2633 2634 2635
f 2635 2634 2636
f 2635 2636 2637
f 2637 2636 2638
f 2638 2636 2639
f 2638 2639 2640
f 2640 2639 2641
f 2640 2641 2642
f 2642 2641 2643
f 2642 2643 2644
f 2644 2643 2645
f 2644 2645 2646
f 2646 2645 2647
f 2646 2647 2648
f 2626 2649 2628
f 2628 2649 2650
f 2628 2650 2630
f 2630 2650 2651
f 2630 2651 2632
f 2632 2651 2652
f 2632 2652 2634
f 2634 2652 2653
f 2634 2653 2636
f 2636 2653 2639
f 2649 2654 2650
f 2650 2654 2655
f 2650 2655 2651
f 2651 2655 2656
f 2651 2656 2652
f 2652 2656 2657
f 2652 2657 2653
f 2653 2657 2641
f 2653 2641 2639
f 2654 2658 2655
f 2655 2658 2659
f 2655 2659 2656
f 2656 2659 2660
f 2656 2660 2657
f 2657 2660 2643
f 2657 2643 2641
f 2658 2661 2659
f 2659 2661 2660
f 2660 2661 2645
f 2645 2661 2647
f 2646 2648 2662
f 2662 2648 2663
f 2662 2663 2664
f 2664 2663 2665
f 2664 2665 2666
f 2666 2665 2667
f 2666 2667 2668
f 2668 2667 2669
f 2668 2669 2670
f 2670 2669 2671
f 2670 2671 2672
f 2672 2671 2673
f 2673 2671 2674
f 2673 2674 2675
f 2675 2674 2676
f 2675 2676 2677
f 2677 2676 2678
f 2677 2678 2679
f 2679 2678 2680
f 2679 2680 2681
f 2681 2680 2682
f 2681 2682 2683
f 2683 2682 2684
f 2683 2684 2685
f 2663 2686 2665
f 2665 2686 2687
f 2665 2687 2667
f 2667 2687 2688
f 2667 2688 2669
f 2669 2688 2689
f 2669 2689 2671
f 2671 2689 2674
f 2686 2690 2687
f 2687 2690 2691
f 2687 2691 2688
f 2688 2691 2692
f 2688 2692 2689
f 2689 2692 2693
f 2689 2693 2674
f 2674 2693 2676
f 2690 2694 2691
f 2691 2694 2695
f 2691 2695 2692
f 2692 2695 2696
f 2692 2696 2693
f 2693 2696 2678
f 2693 2678 2676
f 2695 2694 2697
f 2697 2694 2698
f 2697 2698 2682
f 2682 2698 2684
f 2683 2685 2699
f 2699 2685 2700
f 2699 2700 2701
f 2701 2700 2702
f 2701 2702 2703
f 2703 2702 2704
f 2703 2704 2705
f 2705 2704 2706
f 2705 2706 2707
f 2707 2706 2708
f 2707 2708 2709
f 2709 2708 2710
f 2710 2708 2711
f 2710 2711 2712
f 2712 2711 2713
f 2712 2713 2714
f 2714 2713 2715
f 2714 2715 2716
f 2716 2715 2717
f 2716 2717 2718
f 2718 2717 2719
f 2718 2719 2720
f 2720 2719 2721
f 2720 2721 2722
f 2722 2721 2723
f 2722 2723 2724
f 2700 2725 2702
f 2702 2725 2726
f 2702 2726 2704
f 2704 2726 2727
f 2704 2727 2706
f 2706 2727 2728
f 2706 2728 2708
f 2708 2728 2711
f 2725 2729 2726
f 2726 2729 2730
f 2726 2730 2727
f 2727 2730 2731
f 2727 2731 2728
f 2728 2731 2732
f 2728 2732 2711
f 2711 2732 2713
f 2729 2733 2730
f 2730 2733 2734
f 2730 2734 2731
f 2731 2734 2735
f 2731 2735 2732
f 2732 2735 2736
f 2732 2736 2713
f 2713 2736 2715
f 2734 2733 2737
f 2737 2733 2738
f 2737 2738 2739
f 2739 2738 2740
f 2739 2740 2721
f 2721 2740 2723
f 2741 2742 2724
f 2724 2742 2743
f 2724 2743 2722
f 2722 2743 2744
f 2722 2744 2720
f 2720 2744 2745
f 2720 2745 2718
f 2718 2745 2746
f 2718 2746 2716
f 2716 2746 2747
f 2716 2747 2714
f 2742 2741 2748
f 2748 2741 2749
f 2748 2749 2750
f 2750 2749 2751
f 2750 2751 2752
f 2752 2751 2753
f 2752 2753 2754
f 2754 2753 2755
f 2754 2755 2756
f 2756 2755 2757
f 2756 2757 2758
f 2758 2757 2759
f 2759 2757 2760
f 2760 2757 2761
f 2761 2757 2762
f 2762 2757 2763
f 2763 2757 2764
f 2764 2757 2765
f 2765 2757 2766
f 2766 2757 2767
f 2767 2757 2768
f 2767 2768 2769
f 2769 2768 2770
f 2770 2768 2771
f 2770 2771 2772
f 2772 2771 2773
f 2773 2771 2774
f 2774 2771 2775
f 2774 2775 2776
f 2776 2775 2777
f 2777 2775 2778
f 2777 2778 2779
f 2779 2778 2780
f 2779 2780 2781
f 2781 2780 2782
f 2781 2782 2783
f 2783 2782 2784
f 2783 2784 2785
f 2785 2784 2786
f 2785 2786 2787
f 2787 2786 2788
f 2787 2788 2789
f 2789 2788 2790
f 2789 2790 2791
f 2791 2790 2792
f 2791 2792 2793
f 2793 2792 2794
f 2793 2794 2795
f 2795 2794 2796
f 2795 2796 2797
f 2797 2796 2798
f 2797 2798 2799
f 2799 2798 2800
f 2799 2800 2801
f 2801 2800 2802
f 2801 2802 2803
f 2803 2802 2804
f 2803 2804 2805
f 2805 2804 2806
f 2806 2804 2807
f 2806 2807 2808
f 2808 2807 2809
f 2808 2809 2810
f 2810 2809 2811
f 2810 2811 2812
f 2812 2811 2813
f 2812 2813 2814
f 2814 2813 2815
f 2814 2815 2816
f 2751 2817 2753
f 2753 2817 2818
f 2753 2818 2755
f 2755 2818 2819
f 2755 2819 2757
f 2757 2819 2768
f 2817 2820 2818
f 2818 2820 2821
f 2818 2821 2819
f 2819 2821 2822
f 2819 2822 2768
f 2768 2822 2823
f 2768 2823 2775
f 2775 2823 2778
f 2820 2824 2821
f 2821 2824 2825
f 2821 2825 2822
f 2822 2825 2826
f 2822 2826 2823
f 2823 2826 2827
f 2823 2827 2778
f 2778 2827 2780
f 2825 2824 2828
f 2828 2824 2829
f 2828 2829 2830
f 2830 2829 2831
f 2830 2831 2832
f 2832 2831 2833
f 2832 2833 2788
f 2788 2833 2790
f 2796 2834 2798
f 2798 2834 2835
f 2798 2835 2800
f 2800 2835 2836
f 2800 2836 2802
f 2802 2836 2837
f 2802 2837 2804
f 2804 2837 2807
f 2834 2838 2835
f 2835 2838 2839
f 2835 2839 2836
f 2836 2839 2840
f 2836 2840 2837
f 2837 2840 2809
f 2837 2809 2807
f 2838 2841 2839
f 2839 2841 2842
f 2839 2842 2840
f 2840 2842 2811
f 2840 2811 2809
f 2841 2815 2842
f 2842 2815 2813
f 2842 2813 2811
f 2814 2816 2843
f 2843 2816 2844
f 2843 2844 2845
f 2845 2844 2846
f 2845 2846 2847
f 2847 2846 2848
f 2847 2848 2849
f 2849 2848 2850
f 2849 2850 2851
f 2851 2850 2852
f 2851 2852 2853
f 2853 2852 2854
f 2853 2854 2855
f 2855 2854 2856
f 2856 2854 2857
f 2856 2857 2858
f 2858 2857 2859
f 2858 2859 2860
f 2860 2859 2861
f 2860 2861 2862
f 2862 2861 2863
f 2862 2863 2864
f 2864 2863 2865
f 2864 2865 2866
f 2866 2865 2867
f 2866 2867 2868
f 2846 2869 2848
f 2848 2869 2870
f 2848 2870 2850
f 2850 2870 2871
f 2850 2871 2852
f 2852 2871 2872
f 2852 2872 2854
f 2854 2872 2857
f 2869 2873 2870
f 2870 2873 2874
f 2870 2874 2871
f 2871 2874 2875
f 2871 2875 2872
f 2872 2875 2876
f 2872 2876 2857
f 2857 2876 2859
f 2873 2877 2874
f 2874 2877 2878
f 2874 2878 2875
f 2875 2878 2879
f 2875 2879 2876
f 2876 2879 2861
f 2876 2861 2859
f 2878 2877 2880
f 2880 2877 2881
f 2880 2881 2865
f 2865 2881 2867
f 2866 2868 2882
f 2882 2868 2883
f 2882 2883 2884
f 2884 2883 2885
f 2884 2885 2886
f 2886 2885 2887
f 2886 2887 2888
f 2888 2887 2889
f 2888 2889 2890
f 2890 2889 2891
f 2890 2891 2892
f 2892 2891 2893
f 2893 2891 2894
f 2893 2894 2895
f 2895 2894 2896
f 2895 2896 2897
f 2897 2896 2898
f 2897 2898 2899
f 2899 2898 2900
f 2899 2900 2901
f 2901 2900 2902
f 2901 2902 2903
f 2903 2902 2904
f 2903 2904 2905
f 2883 2906 2885
f 2885 2906 2907
f 2885 2907 2887
f 2887 2907 2908
f 2887 2908 2889
f 2889 2908 2909
f 2889 2909 2891
f 2891 2909 2894
f 2906 2910 2907
f 2907 2910 2911
f 2907 2911 2908
f 2908 2911 2912
f 2908 2912 2909
f 2909 2912 2913
f 2909 2913 2894
f 2894 2913 2896
f 2910 2914 2911
f 2911 2914 2915
f 2911 2915 2912
f 2912 2915 2916
f 2912 2916 2913
f 2913 2916 2898
f 2913 2898 2896
f 2915 2914 2917
f 2917 2914 2918
f 2917 2918 2902
f 2902 2918 2904
f 2903 2905 2126
f 2126 2905 2124
f 2117 2119 2919
f 2919 2119 2920
f 2919 2920 2921
f 2921 2920 2922
f 2921 2922 2923
f 2923 2922 2924
f 2923 2924 2925
f 2925 2924 2926
f 2925 2926 2927
f 2927 2926 2928
f 2927 2928 2929
f 2929 2928 2930
f 2929 2930 2103
f 2103 2930 2101
f 2924 2931 2926
f 2926 2931 2932
f 2926 2932 2928
f 2928 2932 2933
f 2928 2933 2930
f 2930 2933 2099
f 2930 2099 2101
f 2931 2934 2932
f 2932 2934 2935
f 2932 2935 2933
f 2933 2935 2097
f 2933 2097 2099
f 2934 2936 2935
f 2935 2936 2095
f 2935 2095 2097
f 2936 2093 2095
f 1477 2937 1475
f 1475 2937 2938
f 1475 2938 2939
f 2939 2938 2940
f 2939 2940 2941
f 2941 2940 2942
f 2941 2942 2943
f 2943 2942 2143
f 2943 2143 2145
f 1477 1478 2937
f 2937 1478 1480
f 2937 1480 1481
f 2937 1481 2944
f 2944 1481 1483
f 2944 1483 2945
f 2945 1483 1484
f 2945 1484 1485
f 1485 1486 2945
f 2945 1486 1487
f 2945 1487 1488
f 1488 1489 2945
f 2945 1489 1455
f 2945 1455 1454
f 1454 1453 2945
f 2945 1453 2946
f 2945 2946 2947
f 2947 2946 2096
f 2947 2096 2094
f 1453 1451 2946
f 2946 1451 2098
f 2946 2098 2096
f 2098 1451 2100
f 2100 1451 1450
f 2100 1450 1448
f 1448 1447 2100
f 2100 1447 1445
f 2100 1445 2102
f 2110 2948 2112
f 2112 2948 2949
f 2112 2949 2114
f 2114 2949 2950
f 2114 2950 2116
f 2116 2950 2951
f 2116 2951 2118
f 2118 2951 2121
f 2948 2952 2949
f 2949 2952 2953
f 2949 2953 2950
f 2950 2953 2954
f 2950 2954 2951
f 2951 2954 2955
f 2951 2955 2121
f 2121 2955 2123
f 2952 2956 2953
f 2953 2956 2957
f 2953 2957 2954
f 2954 2957 2958
f 2954 2958 2955
f 2955 2958 2959
f 2955 2959 2123
f 2123 2959 2125
f 2956 2960 2957
f 2957 2960 2961
f 2957 2961 2958
f 2958 2961 2962
f 2958 2962 2959
f 2959 2962 2127
f 2959 2127 2125
f 2961 2960 2963
f 2963 2960 2964
f 2963 2964 2131
f 2131 2964 2133
f 2132 2134 2897
f 2897 2134 2895
f 2892 2965 2890
f 2890 2965 2966
f 2890 2966 2888
f 2888 2966 2967
f 2888 2967 2886
f 2886 2967 2968
f 2886 2968 2884
f 2884 2968 2882
f 2965 2969 2966
f 2966 2969 2970
f 2966 2970 2967
f 2967 2970 2971
f 2967 2971 2968
f 2968 2971 2972
f 2968 2972 2882
f 2882 2972 2866
f 2970 2969 2973
f 2973 2969 2974
f 2973 2974 2975
f 2975 2974 2976
f 2975 2976 2860
f 2860 2976 2858
f 2855 2977 2853
f 2853 2977 2978
f 2853 2978 2851
f 2851 2978 2979
f 2851 2979 2849
f 2849 2979 2980
f 2849 2980 2847
f 2847 2980 2845
f 2977 2981 2978
f 2978 2981 2982
f 2978 2982 2979
f 2979 2982 2983
f 2979 2983 2980
f 2980 2983 2984
f 2980 2984 2845
f 2845 2984 2843
f 2982 2981 2985
f 2985 2981 2986
f 2985 2986 2987
f 2987 2986 2988
f 2987 2988 2989
f 2989 2988 2990
f 2989 2990 2808
f 2808 2990 2806
f 2805 2991 2803
f 2803 2991 2992
f 2803 2992 2801
f 2801 2992 2993
f 2801 2993 2799
f 2799 2993 2994
f 2799 2994 2797
f 2797 2994 2795
f 2991 2995 2992
f 2992 2995 2996
f 2992 2996 2993
f 2993 2996 2997
f 2993 2997 2994
f 2994 2997 2998
f 2994 2998 2795
f 2795 2998 2793
f 2995 2999 2996
f 2996 2999 3000
f 2996 3000 2997
f 2997 3000 3001
f 2997 3001 2998
f 2998 3001 3002
f 2998 3002 2793
f 2793 3002 2791
f 3000 2999 3003
f 3003 2999 3004
f 3003 3004 3005
f 3005 3004 3006
f 3005 3006 3007
f 3007 3006 3008
f 3007 3008 2783
f 2783 3008 2781
f 2756 2758 3009
f 3009 2758 3010
f 3009 3010 3011
f 3009 3011 3012
f 3012 3011 3013
f 3012 3013 3014
f 3014 3015 3012
f 3012 3015 3016
f 3012 3016 3017
f 3017 3016 3018
f 3017 3018 3019
f 3019 3018 3020
f 3019 3020 2748
f 2748 3020 2742
f 3015 3021 3016
f 3016 3021 3022
f 3016 3022 3018
f 3018 3022 3023
f 3018 3023 3020
f 3020 3023 3024
f 3020 3024 2742
f 2742 3024 2743
f 3022 3021 3025
f 3025 3021 3026
f 3025 3026 3027
f 3027 3026 3028
f 3027 3028 2746
f 2746 3028 2747
f 2709 3029 2707
f 2707 3029 3030
f 2707 3030 2705
f 2705 3030 3031
f 2705 3031 2703
f 2703 3031 3032
f 2703 3032 2701
f 2701 3032 2699
f 3030 3029 3033
f 3033 3029 3034
f 3033 3034 3035
f 3035 3034 3036
f 3035 3036 3037
f 3037 3036 3038
f 3037 3038 2677
f 2677 3038 2675
f 2672 3039 2670
f 2670 3039 3040
f 2670 3040 2668
f 2668 3040 3041
f 2668 3041 2666
f 2666 3041 3042
f 2666 3042 2664
f 2664 3042 2662
f 3039 3043 3040
f 3040 3043 3044
f 3040 3044 3041
f 3041 3044 3045
f 3041 3045 3042
f 3042 3045 3046
f 3042 3046 2662
f 2662 3046 2646
f 3044 3043 3047
f 3047 3043 3048
f 3047 3048 3049
f 3049 3048 3050
f 3049 3050 2640
f 2640 3050 2638
f 2635 3051 2633
f 2633 3051 3052
f 2633 3052 2631
f 2631 3052 3053
f 2631 3053 2629
f 2629 3053 3054
f 2629 3054 2627
f 2627 3054 2625
f 3051 3055 3052
f 3052 3055 3056
f 3052 3056 3053
f 3053 3056 3057
f 3053 3057 3054
f 3054 3057 3058
f 3054 3058 2625
f 2625 3058 2623
f 3056 3055 3059
f 3059 3055 3060
f 3059 3060 3061
f 3061 3060 3062
f 3061 3062 3063
f 3063 3062 3064
f 3063 3064 2592
f 2592 3064 2590
f 2589 3065 2587
f 2587 3065 3066
f 2587 3066 2585
f 2585 3066 3067
f 2585 3067 2583
f 2583 3067 3068
f 2583 3068 2581
f 2581 3068 2579
f 3065 3069 3066
f 3066 3069 3070
f 3066 3070 3067
f 3067 3070 3071
f 3067 3071 3068
f 3068 3071 3072
f 3068 3072 2579
f 2579 3072 2577
f 3069 3073 3070
f 3070 3073 3074
f 3070 3074 3071
f 3071 3074 3075
f 3071 3075 3072
f 3072 3075 3076
f 3072 3076 2577
f 2577 3076 2575
f 3074 3073 3077
f 3077 3073 3078
f 3077 3078 3079
f 3079 3078 3080
f 3079 3080 3081
f 3081 3080 3082
f 3081 3082 2567
f 2567 3082 2565
f 2546 3083 2538
f 2538 3083 2540
f 2541 3084 2539
f 2539 3084 3085
f 2539 3085 3086
f 3086 3085 3087
f 3086 3087 3088
f 3086 3088 3089
f 3089 3088 3090
f 3089 3090 3091
f 3091 3090 3092
f 3091 3092 3093
f 3093 3092 3094
f 3093 3094 3095
f 3095 3094 3096
f 3095 3096 3097
f 3097 3096 2525
f 3097 2525 2524
f 3092 3098 3094
f 3094 3098 3099
f 3094 3099 3096
f 3096 3099 2526
f 3096 2526 2525
f 3098 3100 3099
f 3099 3100 2527
f 3099 2527 2526
f 3100 2528 2527
f 2490 3101 2488
f 2488 3101 3102
f 2488 3102 2486
f 2486 3102 3103
f 2486 3103 2484
f 2484 3103 3104
f 2484 3104 2482
f 2482 3104 2480
f 3102 3101 3105
f 3105 3101 3106
f 3105 3106 3107
f 3107 3106 3108
f 3107 3108 3109
f 3109 3108 3110
f 3109 3110 2460
f 2460 3110 2458
f 2457 3111 2455
f 2455 3111 3112
f 2455 3112 2453
f 2453 3112 3113
f 2453 3113 2451
f 2451 3113 3114
f 2451 3114 2449
f 2449 3114 3115
f 2449 3115 2447
f 2447 3115 2445
f 3111 3116 3112
f 3112 3116 3113
f 3113 3116 3117
f 3117 3116 3118
f 3117 3118 3119
f 3119 3118 3120
f 3119 3120 3121
f 3121 3120 3122
f 3121 3122 2423
f 2423 3122 2421
f 2418 3123 2416
f 2416 3123 3124
f 2416 3124 2414
f 2414 3124 3125
f 2414 3125 2412
f 2412 3125 3126
f 2412 3126 2410
f 2410 3126 2408
f 3123 3127 3124
f 3124 3127 3128
f 3124 3128 3125
f 3125 3128 3129
f 3125 3129 3126
f 3126 3129 3130
f 3126 3130 2408
f 2408 3130 2406
f 3128 3127 3131
f 3131 3127 3132
f 3131 3132 3133
f 3133 3132 3134
f 3133 3134 3135
f 3135 3134 3136
f 3135 3136 2371
f 2371 3136 2369
f 2368 3137 2366
f 2366 3137 3138
f 2366 3138 2364
f 2364 3138 3139
f 2364 3139 2362
f 2362 3139 3140
f 2362 3140 2360
f 2360 3140 2358
f 3137 3141 3138
f 3138 3141 3142
f 3138 3142 3139
f 3139 3142 3143
f 3139 3143 3140
f 3140 3143 3144
f 3140 3144 2358
f 2358 3144 2356
f 3141 3145 3142
f 3142 3145 3146
f 3142 3146 3143
f 3143 3146 3147
f 3143 3147 3144
f 3144 3147 3148
f 3144 3148 2356
f 2356 3148 2354
f 3146 3145 3149
f 3149 3145 3150
f 3149 3150 3151
f 3151 3150 3152
f 3151 3152 3153
f 3153 3152 3154
f 3153 3154 2346
f 2346 3154 2344
f 2320 3155 2318
f 2318 3155 3156
f 2318 3156 3157
f 3157 3156 3158
f 3157 3158 3159
f 3159 3158 3160
f 3159 3160 3161
f 3161 3160 3162
f 3161 3162 3163
f 3163 3162 3164
f 3163 3164 3165
f 3165 3164 3166
f 3165 3166 3167
f 3167 3166 2304
f 3167 2304 2303
f 3162 3168 3164
f 3164 3168 3169
f 3164 3169 3166
f 3166 3169 2305
f 3166 2305 2304
f 3168 3170 3169
f 3169 3170 2306
f 3169 2306 2305
f 3170 2307 2306
f 2269 3171 2267
f 2267 3171 3172
f 2267 3172 2265
f 2265 3172 3173
f 2265 3173 2263
f 2263 3173 3174
f 2263 3174 2261
f 2261 3174 2259
f 3172 3171 3175
f 3175 3171 3176
f 3175 3176 3177
f 3177 3176 3178
f 3177 3178 3179
f 3179 3178 3180
f 3179 3180 2239
f 2239 3180 2237
f 2236 3181 2234
f 2234 3181 3182
f 2234 3182 2232
f 2232 3182 3183
f 2232 3183 2230
f 2230 3183 3184
f 2230 3184 2228
f 2228 3184 3185
f 2228 3185 2226
f 2226 3185 2224
f 3181 3186 3182
f 3182 3186 3183
f 3183 3186 3187
f 3187 3186 3188
f 3187 3188 3189
f 3189 3188 3190
f 3189 3190 3191
f 3191 3190 3192
f 3191 3192 2202
f 2202 3192 2200
f 2197 3193 2195
f 2195 3193 3194
f 2195 3194 2193
f 2193 3194 3195
f 2193 3195 2191
f 2191 3195 3196
f 2191 3196 2189
f 2189 3196 2187
f 3193 3197 3194
f 3194 3197 3198
f 3194 3198 3195
f 3195 3198 3199
f 3195 3199 3196
f 3196 3199 3200
f 3196 3200 2187
f 2187 3200 2185
f 3198 3197 3201
f 3201 3197 3202
f 3201 3202 3203
f 3203 3202 3204
f 3203 3204 3205
f 3205 3204 3206
f 3205 3206 2155
f 2155 3206 2153
f 2606 2605 2608
f 2090 3207 2092
f 2092 3207 2947
f 2092 2947 2094
f 2944 2945 3207
f 3207 2945 2947
f 3207 2090 3208
f 3208 2090 2135
f 3208 2135 3209
f 3209 2135 2137
f 3209 2137 2139
f 3207 3208 2944
f 2944 3208 3210
f 2944 3210 2938
f 2938 3210 2940
f 3210 3208 3209
f 2938 2937 2944
f 3210 3209 3211
f 3211 3209 2139
f 3211 2139 2141
f 2942 2940 3211
f 3211 2940 3210
f 2942 3211 2141
f 2143 2942 2141
f 2177 2180 2178
f 2178 2180 3212
f 2178 3212 2179
f 2179 3212 3213
f 2179 3213 2152
f 2152 3213 2154
f 2180 2182 3212
f 3212 2182 3214
f 3212 3214 3213
f 3213 3214 2156
f 3213 2156 2154
f 2182 2184 3214
f 3214 2184 2158
f 3214 2158 2156
f 2160 2158 2184
f 2159 2161 3215
f 3215 2161 2185
f 3215 2185 3200
f 3205 2155 2157
f 2157 2159 3216
f 3216 2159 3215
f 3216 3215 3217
f 3217 3215 3200
f 3217 3200 3199
f 3203 3205 3216
f 3216 3205 2157
f 3203 3216 3217
f 3201 3203 3217
f 3201 3217 3199
f 3201 3199 3198
f 2207 2205 2223
f 2206 2208 3218
f 3218 2208 2224
f 3218 2224 3185
f 3191 2202 2204
f 2204 2206 3219
f 3219 2206 3218
f 3219 3218 3220
f 3220 3218 3185
f 3220 3185 3184
f 3189 3191 3219
f 3219 3191 2204
f 3189 3219 3220
f 3189 3220 3187
f 3187 3220 3184
f 3187 3184 3183
f 2244 2242 2258
f 2243 2245 3221
f 3221 2245 2259
f 3221 2259 3174
f 3179 2239 2241
f 2241 2243 3222
f 3222 2243 3221
f 3222 3221 3223
f 3223 3221 3174
f 3223 3174 3173
f 3177 3179 3222
f 3222 3179 2241
f 3177 3222 3223
f 3177 3223 3175
f 3175 3223 3173
f 3175 3173 3172
f 2294 2297 2295
f 2295 2297 3224
f 2295 3224 2296
f 2296 3224 2277
f 2296 2277 2275
f 2297 2299 3224
f 3224 2299 2279
f 3224 2279 2277
f 2281 2279 2299
f 2303 2302 3167
f 3167 2302 3225
f 3167 3225 3165
f 3165 3225 3226
f 3165 3226 3163
f 3163 3226 3161
f 2302 2308 3225
f 3225 2308 3227
f 3225 3227 3226
f 3226 3227 3228
f 3226 3228 3161
f 3161 3228 3159
f 2308 2310 3227
f 3227 2310 3229
f 3227 3229 3228
f 3228 3229 3230
f 3228 3230 3159
f 3159 3230 3157
f 2312 2314 3229
f 3229 2314 3230
f 3157 3230 2316
f 2316 3230 2314
f 2310 2312 3229
f 2318 3157 2316
f 2390 2393 2391
f 2391 2393 3231
f 2391 3231 2392
f 2392 3231 2347
f 2392 2347 2345
f 2340 2337 2329
f 2393 2395 3231
f 3231 2395 2349
f 3231 2349 2347
f 2351 2349 2395
f 2350 2352 3232
f 3232 2352 2354
f 3232 2354 3148
f 2348 2350 3233
f 3233 2350 3232
f 3233 3232 3234
f 3234 3232 3148
f 3234 3148 3147
f 2346 2348 3153
f 3153 2348 3233
f 3153 3233 3151
f 3151 3233 3234
f 3151 3234 3149
f 3149 3234 3147
f 3149 3147 3146
f 2375 2377 3235
f 3235 2377 2406
f 3235 2406 3130
f 3135 2371 2373
f 2373 2375 3236
f 3236 2375 3235
f 3236 3235 3237
f 3237 3235 3130
f 3237 3130 3129
f 3133 3135 3236
f 3236 3135 2373
f 3133 3236 3237
f 3131 3133 3237
f 3131 3237 3129
f 3131 3129 3128
f 2428 2426 2444
f 2427 2429 3238
f 3238 2429 2445
f 3238 2445 3115
f 3121 2423 2425
f 2425 2427 3239
f 3239 2427 3238
f 3239 3238 3240
f 3240 3238 3115
f 3240 3115 3114
f 3119 3121 3239
f 3239 3121 2425
f 3119 3239 3240
f 3119 3240 3117
f 3117 3240 3114
f 3117 3114 3113
f 2476 2478 2477
f 2477 2478 2463
f 2477 2463 2461
f 2465 2463 2478
f 2464 2466 3241
f 3241 2466 2480
f 3241 2480 3104
f 3109 2460 2462
f 2462 2464 3242
f 3242 2464 3241
f 3242 3241 3243
f 3243 3241 3104
f 3243 3104 3103
f 3107 3109 3242
f 3242 3109 2462
f 3107 3242 3243
f 3107 3243 3105
f 3105 3243 3103
f 3105 3103 3102
f 2515 2518 2516
f 2516 2518 3244
f 2516 3244 2517
f 2517 3244 2498
f 2517 2498 2496
f 2518 2520 3244
f 3244 2520 2500
f 3244 2500 2498
f 2502 2500 2520
f 2524 2523 3097
f 3097 2523 3245
f 3097 3245 3095
f 3095 3245 3246
f 3095 3246 3093
f 3093 3246 3091
f 2523 2529 3245
f 3245 2529 3247
f 3245 3247 3246
f 3246 3247 3248
f 3246 3248 3091
f 3091 3248 3089
f 2529 2531 3247
f 3247 2531 3249
f 3247 3249 3248
f 3248 3249 3250
f 3248 3250 3089
f 3089 3250 3086
f 2533 2535 3249
f 3249 2535 3250
f 3086 3250 2537
f 2537 3250 2535
f 2531 2533 3249
f 2539 3086 2537
f 2606 2608 3251
f 3251 2608 2610
f 3251 2610 3252
f 3252 2610 2612
f 3252 2612 2570
f 2570 2612 2572
f 2560 2556 2551
f 2606 3251 2607
f 2607 3251 3253
f 2607 3253 2564
f 2564 3253 2566
f 3253 3251 3252
f 2570 2568 3252
f 3252 2568 3253
f 2568 2566 3253
f 2571 2573 3254
f 3254 2573 2575
f 3254 2575 3076
f 2569 2571 3255
f 3255 2571 3254
f 3255 3254 3256
f 3256 3254 3076
f 3256 3076 3075
f 2567 2569 3081
f 3081 2569 3255
f 3081 3255 3079
f 3079 3255 3256
f 3079 3256 3077
f 3077 3256 3075
f 3077 3075 3074
f 2596 2598 3257
f 3257 2598 2623
f 3257 2623 3058
f 3063 2592 2594
f 2594 2596 3258
f 3258 2596 3257
f 3258 3257 3259
f 3259 3257 3058
f 3259 3058 3057
f 3061 3063 3258
f 3258 3063 2594
f 3061 3258 3259
f 3059 3061 3259
f 3059 3259 3057
f 3059 3057 3056
f 2645 2643 2660
f 2646 3046 2644
f 2644 3046 3260
f 2644 3260 2642
f 2642 3260 3049
f 2642 3049 2640
f 3047 3049 3260
f 3047 3260 3045
f 3045 3260 3046
f 3047 3045 3044
f 2695 2697 2696
f 2696 2697 2680
f 2696 2680 2678
f 2682 2680 2697
f 2681 2683 3261
f 3261 2683 2699
f 3261 2699 3032
f 3037 2677 2679
f 2679 2681 3262
f 3262 2681 3261
f 3262 3261 3263
f 3263 3261 3032
f 3263 3032 3031
f 3035 3037 3262
f 3262 3037 2679
f 3035 3262 3263
f 3035 3263 3033
f 3033 3263 3031
f 3033 3031 3030
f 2734 2737 2735
f 2735 2737 3264
f 2735 3264 2736
f 2736 3264 2717
f 2736 2717 2715
f 2737 2739 3264
f 3264 2739 2719
f 3264 2719 2717
f 2721 2719 2739
f 2744 2743 3024
f 2745 2744 3265
f 3265 2744 3024
f 3265 3024 3023
f 2746 2745 3027
f 3027 2745 3265
f 3027 3265 3025
f 3025 3265 3023
f 3025 3023 3022
f 2748 2750 3019
f 3019 2750 3266
f 3019 3266 3017
f 3017 3266 3267
f 3017 3267 3012
f 3012 3267 3009
f 2752 2754 3266
f 3266 2754 3267
f 3009 3267 2756
f 2756 3267 2754
f 2750 2752 3266
f 2825 2828 2826
f 2826 2828 3268
f 2826 3268 2827
f 2827 3268 3269
f 2827 3269 2780
f 2780 3269 2782
f 2771 2768 2775
f 2828 2830 3268
f 3268 2830 3270
f 3268 3270 3269
f 3269 3270 2784
f 3269 2784 2782
f 2830 2832 3270
f 3270 2832 2786
f 3270 2786 2784
f 2788 2786 2832
f 2787 2789 3271
f 3271 2789 2791
f 3271 2791 3002
f 2785 2787 3272
f 3272 2787 3271
f 3272 3271 3273
f 3273 3271 3002
f 3273 3002 3001
f 2783 2785 3007
f 3007 2785 3272
f 3007 3272 3005
f 3005 3272 3273
f 3005 3273 3003
f 3003 3273 3001
f 3003 3001 3000
f 2812 2814 3274
f 3274 2814 2843
f 3274 2843 2984
f 2989 2808 2810
f 2810 2812 3275
f 3275 2812 3274
f 3275 3274 3276
f 3276 3274 2984
f 3276 2984 2983
f 2987 2989 3275
f 3275 2989 2810
f 2987 3275 3276
f 2985 2987 3276
f 2985 3276 2983
f 2985 2983 2982
f 2878 2880 2879
f 2879 2880 2863
f 2879 2863 2861
f 2865 2863 2880
f 2866 2972 2864
f 2864 2972 3277
f 2864 3277 2862
f 2862 3277 2975
f 2862 2975 2860
f 2973 2975 3277
f 2973 3277 2971
f 2971 3277 2972
f 2973 2971 2970
f 2915 2917 2916
f 2916 2917 2900
f 2916 2900 2898
f 2902 2900 2917
f 2126 2128 2903
f 2903 2128 2901
f 2132 2897 2899
f 2128 2130 2901
f 2901 2130 2899
f 2130 2132 2899
f 2129 2127 2962
f 2131 2129 2963
f 2963 2129 2962
f 2963 2962 2961
f 2117 2919 2115
f 2115 2919 3278
f 2115 3278 2113
f 2113 3278 3279
f 2113 3279 2111
f 2111 3279 2109
f 2919 2921 3278
f 3278 2921 3280
f 3278 3280 3279
f 3279 3280 3281
f 3279 3281 2109
f 2109 3281 2107
f 2921 2923 3280
f 3280 2923 3282
f 3280 3282 3281
f 3281 3282 3283
f 3281 3283 2107
f 2107 3283 2105
f 2925 2927 3282
f 3282 2927 3283
f 2105 3283 2929
f 2929 3283 2927
f 2923 2925 3282
f 2103 2105 2929
f 3284 3285 3286
f 3286 3285 3287
f 3286 3287 3288
f 3288 3287 3289
f 3288 3289 3290
f 3290 3289 3291
f 3290 3291 3292
f 3292 3291 3293
f 3292 3293 3294
f 3294 3293 3295
f 3294 3295 3296
f 3296 3295 3297
f 3296 3297 3298
f 3298 3297 3299
f 3298 3299 3300
f 3300 3299 3301
f 3300 3301 3302
f 3302 3301 3303
f 3302 3303 3304
f 3304 3303 3305
f 3304 3305 3306
f 3306 3305 3307
f 3306 3307 3308
f 3308 3307 3309
f 3308 3309 3310
f 3310 3309 3311
f 3310 3311 3312
f 3312 3311 3313
f 3312 3313 3314
f 3314 3313 3315
f 3314 3315 3316
f 3316 3315 3317
f 3316 3317 3318
f 3318 3317 3319
f 3318 3319 3320
f 3320 3319 3321
f 3320 3321 3322
f 3322 3321 3323
f 3322 3323 3324
f 3324 3323 3325
f 3324 3325 3326
f 3326 3325 3327
f 3326 3327 3328
f 3328 3327 3329
f 3328 3329 3330
f 3330 3329 3331
f 3330 3331 3332
f 3332 3331 3333
f 3332 3333 3334
f 3334 3333 3335
f 3334 3335 3336
f 3336 3335 3337
f 3336 3337 3338
f 3338 3337 3339
f 3338 3339 3340
f 3340 3339 3341
f 3340 3341 3342
f 3342 3341 3343
f 3342 3343 3344
f 3344 3343 3345
f 3344 3345 3346
f 3346 3345 3347
f 3346 3347 3348
f 3348 3347 3349
f 3348 3349 3350
f 3350 3349 3351
f 3350 3351 3352
f 3352 3351 3353
f 3352 3353 3354
f 3354 3353 3355
f 3354 3355 3356
f 3356 3355 3357
f 3356 3357 3358
f 3358 3357 3359
f 3358 3359 3360
f 3360 3359 3361
f 3360 3361 3362
f 3362 3361 3363
f 3362 3363 3364
f 3364 3363 3365
f 3364 3365 3366
f 3366 3365 3367
f 3366 3367 3368
f 3368 3367 3369
f 3368 3369 3370
f 3370 3369 3371
f 3370 3371 3372
f 3372 3371 3373
f 3372 3373 3374
f 3374 3373 3375
f 3374 3375 3376
f 3376 3375 3377
f 3376 3377 3378
f 3378 3377 3379
f 3378 3379 3380
f 3380 3379 3381
f 3380 3381 3382
f 3382 3381 3383
f 3382 3383 3384
f 3384 3383 3385
f 3384 3385 3386
f 3386 3385 3387
f 3386 3387 3388
f 3388 3387 3389
f 3388 3389 3390
f 3390 3389 3391
f 3390 3391 3392
f 3392 3391 3393
f 3392 3393 3394
f 3394 3393 3395
f 3394 3395 3396
f 3396 3395 3397
f 3396 3397 3398
f 3398 3397 3399
f 3398 3399 3400
f 3400 3399 3401
f 3400 3401 3402
f 3402 3401 3403
f 3402 3403 3404
f 3404 3403 3405
f 3404 3405 3406
f 3406 3405 3407
f 3406 3407 3408
f 3408 3407 3409
f 3408 3409 3410
f 3410 3409 3411
f 3410 3411 3412
f 3412 3411 3413
f 3412 3413 3414
f 3414 3413 3415
f 3414 3415 3416
f 3416 3415 3417
f 3416 3417 3418
f 3418 3417 3419
f 3418 3419 3420
f 3420 3419 3421
f 3420 3421 3422
f 3422 3421 3423
f 3422 3423 3424
f 3424 3423 3425
f 3424 3425 3426
f 3426 3425 3427
f 3426 3427 3428
f 3428 3427 3429
f 3428 3429 3430
f 3430 3429 3431
f 3430 3431 3432
f 3432 3431 3433
f 3432 3433 3434
f 3434 3433 3435
f 3434 3435 3436
f 3436 3435 3437
f 3436 3437 3438
f 3438 3437 3439
f 3438 3439 3440
f 3440 3439 3441
f 3440 3441 3442
f 3442 3441 3443
f 3442 3443 3444
f 3444 3443 3445
f 3444 3445 3446
f 3446 3445 3447
f 3446 3447 3448
f 3448 3447 3449
f 3448 3449 3450
f 3450 3449 3451
f 3450 3451 3452
f 3452 3451 3453
f 3452 3453 3454
f 3454 3453 3455
f 3454 3455 3456
f 3456 3455 3457
f 3456 3457 3458
f 3458 3457 3459
f 3458 3459 3460
f 3460 3459 3461
f 3460 3461 3462
f 3462 3461 3463
f 3462 3463 3464
f 3464 3463 3465
f 3464 3465 3466
f 3466 3465 3467
f 3466 3467 3468
f 3468 3467 3469
f 3468 3469 3470
f 3470 3469 3471
f 3470 3471 3472
f 3472 3471 3473
f 3472 3473 3474
f 3474 3473 3475
f 3474 3475 3476
f 3476 3475 3477
f 3476 3477 3478
f 3478 3477 3479
f 3478 3479 3480
f 3480 3479 3481
f 3480 3481 3482
f 3482 3481 3483
f 3482 3483 3484
f 3484 3483 3485
f 3484 3485 3486
f 3486 3485 3487
f 3486 3487 3488
f 3488 3487 3489
f 3488 3489 3490
f 3490 3489 3491
f 3490 3491 3492
f 3492 3491 3493
f 3492 3493 3494
f 3494 3493 3495
f 3494 3495 3496
f 3496 3495 3497
f 3496 3497 3498
f 3498 3497 3499
f 3498 3499 3500
f 3500 3499 3501
f 3500 3501 3502
f 3502 3501 3503
f 3502 3503 3504
f 3504 3503 3505
f 3504 3505 3506
f 3506 3505 3507
f 3506 3507 3508
f 3508 3507 3509
f 3508 3509 3510
f 3510 3509 3511
f 3510 3511 3512
f 3512 3511 3513
f 3512 3513 3514
f 3514 3513 3515
f 3514 3515 3516
f 3516 3515 3517
f 3516 3517 3518
f 3518 3517 3519
f 3518 3519 3520
f 3520 3519 3521
f 3520 3521 3522
f 3522 3521 3523
f 3522 3523 3524
f 3524 3523 3525
f 3524 3525 3526
f 3526 3525 3527
f 3526 3527 3528
f 3528 3527 3529
f 3528 3529 3530
f 3530 3529 3531
f 3530 3531 3532
f 3532 3531 3533
f 3532 3533 3534
f 3534 3533 3535
f 3534 3535 3536
f 3536 3535 3537
f 3536 3537 3538
f 3538 3537 3539
f 3538 3539 3540
f 3540 3539 3541
f 3540 3541 3542
f 3542 3541 3543
f 3542 3543 3544
f 3544 3543 3545
f 3544 3545 3546
f 3546 3545 3547
f 3546 3547 3548
f 3548 3547 3549
f 3548 3549 3550
f 3550 3549 3551
f 3550 3551 3552
f 3552 3551 3553
f 3552 3553 3554
f 3554 3553 3555
f 3554 3555 3556
f 3556 3555 3557
f 3556 3557 3558
f 3558 3557 3559
f 3558 3559 3560
f 3560 3559 3561
f 3560 3561 3562
f 3562 3561 3563
f 3562 3563 3564
f 3564 3563 3565
f 3564 3565 3566
f 3566 3565 3567
f 3566 3567 3568
f 3568 3567 3569
f 3568 3569 3570
f 3570 3569 3571
f 3570 3571 3572
f 3572 3571 3573
f 3572 3573 3574
f 3574 3573 3575
f 3574 3575 3576
f 3576 3575 3577
f 3576 3577 3578
f 3578 3577 3579
f 3578 3579 3580
f 3580 3579 3581
f 3580 3581 3582
f 3582 3581 3583
f 3582 3583 3584
f 3584 3583 3585
f 3584 3585 3586
f 3586 3585 3587
f 3586 3587 3588
f 3588 3587 3589
f 3588 3589 3590
f 3590 3589 3591
f 3590 3591 3592
f 3592 3591 3593
f 3592 3593 3594
f 3594 3593 3595
f 3594 3595 3284
f 3284 3595 3285
f 3596 3597 3598
f 3598 3597 3599
f 3598 3599 3600
f 3600 3599 3601
f 3600 3601 3602
f 3602 3601 3603
f 3602 3603 3604
f 3604 3603 3605
f 3604 3605 3606
f 3606 3605 3607
f 3606 3607 3608
f 3608 3607 3609
f 3608 3609 3610
f 3610 3609 3611
f 3610 3611 3612
f 3612 3611 3613
f 3612 3613 3614
f 3614 3613 3615
f 3614 3615 3616
f 3616 3615 3617
f 3616 3617 3618
f 3618 3617 3619
f 3618 3619 3620
f 3620 3619 3621
f 3620 3621 3622
f 3622 3621 3623
f 3622 3623 3624
f 3624 3623 3625
f 3624 3625 3626
f 3626 3625 3627
f 3626 3627 3628
f 3628 3627 3629
f 3628 3629 3630
f 3630 3629 3631
f 3630 3631 3632
f 3632 3631 3633
f 3632 3633 3634
f 3634 3633 3635
f 3634 3635 3636
f 3636 3635 3637
f 3636 3637 3638
f 3638 3637 3639
f 3638 3639 3640
f 3640 3639 3641
f 3640 3641 3642
f 3642 3641 3643
f 3642 3643 3644
f 3644 3643 3645
f 3644 3645 3646
f 3646 3645 3647
f 3646 3647 3648
f 3648 3647 3649
f 3648 3649 3650
f 3650 3649 3651
f 3650 3651 3652
f 3652 3651 3653
f 3652 3653 3654
f 3654 3653 3655
f 3654 3655 3656
f 3656 3655 3657
f 3656 3657 3658
f 3658 3657 3659
f 3658 3659 3660
f 3660 3659 3661
f 3660 3661 3662
f 3662 3661 3663
f 3662 3663 3664
f 3664 3663 3665
f 3664 3665 3666
f 3666 3665 3667
f 3666 3667 3668
f 3668 3667 3669
f 3668 3669 3670
f 3670 3669 3671
f 3670 3671 3672
f 3672 3671 3673
f 3672 3673 3674
f 3674 3673 3675
f 3674 3675 3676
f 3676 3675 3677
f 3676 3677 3678
f 3678 3677 3679
f 3678 3679 3680
f 3680 3679 3681
f 3680 3681 3682
f 3682 3681 3683
f 3682 3683 3684
f 3684 3683 3685
f 3684 3685 3686
f 3686 3685 3687
f 3686 3687 3688
f 3688 3687 3689
f 3688 3689 3690
f 3690 3689 3691
f 3690 3691 3692
f 3692 3691 3693
f 3692 3693 3694
f 3694 3693 3695
f 3694 3695 3696
f 3696 3695 3697
f 3696 3697 3698
f 3698 3697 3699
f 3698 3699 3700
f 3700 3699 3701
f 3700 3701 3702
f 3702 3701 3703
f 3702 3703 3704
f 3704 3703 3705
f 3704 3705 3706
f 3706 3705 3707
f 3706 3707 3708
f 3708 3707 3709
f 3708 3709 3710
f 3710 3709 3711
f 3710 3711 3712
f 3712 3711 3713
f 3712 3713 3714
f 3714 3713 3715
f 3714 3715 3716
f 3716 3715 3717
f 3716 3717 3718
f 3718 3717 3719
f 3718 3719 3720
f 3720 3719 3721
f 3720 3721 3722
f 3722 3721 3723
f 3722 3723 3724
f 3724 3723 3725
f 3724 3725 3726
f 3726 3725 3727
f 3726 3727 3728
f 3728 3727 3729
f 3728 3729 3730
f 3730 3729 3731
f 3730 3731 3732
f 3732 3731 3733
f 3732 3733 3734
f 3734 3733 3735
f 3734 3735 3736
f 3736 3735 3737
f 3736 3737 3738
f 3738 3737 3739
f 3738 3739 3740
f 3740 3739 3741
f 3740 3741 3742
f 3742 3741 3743
f 3742 3743 3744
f 3744 3743 3745
f 3744 3745 3746
f 3746 3745 3747
f 3746 3747 3748
f 3748 3747 3749
f 3748 3749 3750
f 3750 3749 3751
f 3750 3751 3752
f 3752 3751 3753
f 3752 3753 3754
f 3754 3753 3755
f 3754 3755 3756
f 3756 3755 3757
f 3756 3757 3758
f 3758 3757 3759
f 3758 3759 3760
f 3760 3759 3761
f 3760 3761 3762
f 3762 3761 3763
f 3762 3763 3764
f 3764 3763 3765
f 3764 3765 3766
f 3766 3765 3767
f 3766 3767 3768
f 3768 3767 3769
f 3768 3769 3770
f 3770 3769 3771
f 3770 3771 3772
f 3772 3771 3773
f 3772 3773 3774
f 3774 3773 3775
f 3774 3775 3776
f 3776 3775 3777
f 3776 3777 3778
f 3778 3777 3779
f 3778 3779 3780
f 3780 3779 3781
f 3780 3781 3782
f 3782 3781 3783
f 3782 3783 3784
f 3784 3783 3785
f 3784 3785 3786
f 3786 3785 3787
f 3786 3787 3788
f 3788 3787 3789
f 3788 3789 3790
f 3790 3789 3791
f 3790 3791 3792
f 3792 3791 3793
f 3792 3793 3794
f 3794 3793 3795
f 3794 3795 3796
f 3796 3795 3797
f 3796 3797 3798
f 3798 3797 3799
f 3798 3799 3800
f 3800 3799 3801
f 3800 3801 3802
f 3802 3801 3803
f 3802 3803 3804
f 3804 3803 3805
f 3804 3805 3806
f 3806 3805 3807
f 3806 3807 3808
f 3808 3807 3809
f 3808 3809 3810
f 3810 3809 3811
f 3810 3811 3812
f 3812 3811 3813
f 3812 3813 3814
f 3814 3813 3815
f 3814 3815 3816
f 3816 3815 3817
f 3816 3817 3818
f 3818 3817 3819
f 3818 3819 3820
f 3820 3819 3821
f 3820 3821 3822
f 3822 3821 3823
f 3822 3823 3824
f 3824 3823 3825
f 3824 3825 3826
f 3826 3825 3827
f 3826 3827 3828
f 3828 3827 3829
f 3828 3829 3830
f 3830 3829 3831
f 3830 3831 3832
f 3832 3831 3833
f 3832 3833 3834
f 3834 3833 3835
f 3834 3835 3836
f 3836 3835 3837
f 3836 3837 3838
f 3838 3837 3839
f 3838 3839 3840
f 3840 3839 3841
f 3840 3841 3842
f 3842 3841 3843
f 3842 3843 3844
f 3844 3843 3845
f 3844 3845 3846
f 3846 3845 3847
f 3846 3847 3848
f 3848 3847 3849
f 3848 3849 3850
f 3850 3849 3851
f 3850 3851 3852
f 3852 3851 3853
f 3852 3853 3854
f 3854 3853 3855
f 3854 3855 3856
f 3856 3855 3857
f 3856 3857 3858
f 3858 3857 3859
f 3858 3859 3860
f 3860 3859 3861
f 3860 3861 3862
f 3862 3861 3863
f 3862 3863 3864
f 3864 3863 3865
f 3864 3865 3866
f 3866 3865 3867
f 3866 3867 3868
f 3868 3867 3869
f 3868 3869 3870
f 3870 3869 3871
f 3870 3871 3872
f 3872 3871 3873
f 3872 3873 3874
f 3874 3873 3875
f 3874 3875 3876
f 3876 3875 3877
f 3876 3877 3878
f 3878 3877 3879
f 3878 3879 3880
f 3880 3879 3881
f 3880 3881 3882
f 3871 3883 3873
f 3880 3882 3884
f 3884 3882 3885
f 3884 3885 3886
f 3886 3885 3887
f 3886 3887 3888
f 3888 3887 3889
f 3888 3889 3890
f 3885 3891 3887
f 3890 3892 3888
f 3888 3892 3893
f 3888 3893 3894
f 3894 3895 3888
f 3888 3895 3896
f 3888 3896 3897
f 3888 3897 3898
f 3898 3897 3899
f 3898 3899 3900
f 3900 3901 3898
f 3898 3901 3902
f 3898 3902 3903
f 3898 3903 3904
f 3904 3903 3905
f 3904 3905 3906
f 3906 3907 3904
f 3904 3907 3908
f 3904 3908 3909
f 3909 3908 3910
f 3909 3910 3911
f 3911 3912 3909
f 3909 3912 3913
f 3909 3913 3914
f 3909 3914 3915
f 3915 3914 3916
f 3915 3916 3917
f 3917 3918 3915
f 3915 3918 3919
f 3915 3919 3920
f 3915 3920 3921
f 3921 3920 3922
f 3921 3922 3923
f 3923 3924 3921
f 3921 3924 3925
f 3921 3925 3926
f 3926 3927 3921
f 3921 3927 3928
f 3921 3928 3929
f 3929 3928 3930
f 3929 3930 3931
f 3931 3932 3929
f 3929 3932 3933
f 3933 3932 3934
f 3933 3934 3935
f 3935 3934 3936
f 3935 3936 3937
f 3935 3937 3938
f 3938 3937 3939
f 3938 3939 3940
f 3940 3939 3941
f 3940 3941 3942
f 3942 3941 3596
f 3942 3596 3598
f 3943 3944 3945
f 3945 3944 1077
f 3945 1077 3946
f 3946 1077 3947
f 3947 1077 3948
f 3948 1077 3949
f 3949 1077 3950
f 3950 1077 3951
f 3951 1077 3952
f 3952 1077 1075
f 1077 3944 1079
f 1079 3944 3953
f 1079 3953 1081
f 1081 3953 3954
f 1081 3954 1083
f 1083 3954 3955
f 1083 3955 1085
f 1085 3955 3956
f 1085 3956 1087
f 1087 3956 3957
f 1087 3957 1089
f 1089 3957 3958
f 1089 3958 1091
f 1091 3958 3959
f 1091 3959 1093
f 1093 3959 3960
f 1093 3960 1095
f 1095 3960 3961
f 1095 3961 1097
f 1097 3961 3962
f 1097 3962 1099
f 1099 3962 3963
f 1099 3963 1101
f 1101 3963 3964
f 1101 3964 1103
f 1103 3964 3965
f 1103 3965 1105
f 1105 3965 3966
f 1105 3966 1107
f 1107 3966 3967
f 1107 3967 1109
f 1109 3967 3968
f 1109 3968 1111
f 1111 3968 3969
f 1111 3969 1113
f 1113 3969 3970
f 1113 3970 1115
f 1115 3970 3971
f 1115 3971 1117
f 1117 3971 3972
f 1117 3972 1119
f 1119 3972 3973
f 1119 3973 1121
f 1121 3973 3974
f 1121 3974 1123
f 1123 3974 3975
f 1123 3975 1125
f 1125 3975 3976
f 1125 3976 1127
f 1127 3976 3977
f 1127 3977 1129
f 1129 3977 3978
f 1129 3978 1131
f 1131 3978 3979
f 1131 3979 1133
f 1133 3979 3980
f 1133 3980 1135
f 1135 3980 3981
f 1135 3981 1137
f 1137 3981 3982
f 1137 3982 1139
f 1139 3982 3983
f 1139 3983 1141
f 1141 3983 3984
f 1141 3984 1143
f 1143 3984 3985
f 1143 3985 1145
f 1145 3985 3986
f 1145 3986 1147
f 1147 3986 3987
f 1147 3987 1149
f 1149 3987 3988
f 1149 3988 1151
f 1151 3988 3989
f 1151 3989 1153
f 1153 3989 3990
f 1153 3990 1155
f 1155 3990 3991
f 1155 3991 1157
f 1157 3991 3992
f 1157 3992 1159
f 1159 3992 3993
f 1159 3993 1161
f 1161 3993 3994
f 1161 3994 1163
f 1163 3994 3995
f 1163 3995 1165
f 1165 3995 3996
f 1165 3996 1167
f 1167 3996 3997
f 1167 3997 1169
f 1169 3997 3998
f 1169 3998 1171
f 1171 3998 3999
f 1171 3999 1173
f 1173 3999 4000
f 1173 4000 1175
f 1175 4000 4001
f 1175 4001 1177
f 1177 4001 4002
f 1177 4002 1179
f 1179 4002 4003
f 1179 4003 1181
f 1181 4003 4004
f 1181 4004 1183
f 1183 4004 4005
f 1183 4005 1185
f 1185 4005 4006
f 1185 4006 1187
f 1187 4006 4007
f 1187 4007 1189
f 1189 4007 4008
f 1189 4008 1191
f 1191 4008 4009
f 1191 4009 1193
f 1193 4009 4010
f 1193 4010 1195
f 1195 4010 4011
f 1195 4011 1197
f 1197 4011 4012
f 1197 4012 1199
f 1199 4012 4013
f 1199 4013 1201
f 1201 4013 4014
f 1201 4014 1203
f 1203 4014 4015
f 1203 4015 1205
f 1205 4015 4016
f 1205 4016 1207
f 1207 4016 4017
f 1207 4017 1209
f 1209 4017 4018
f 1209 4018 1211
f 1211 4018 4019
f 1211 4019 1213
f 1213 4019 4020
f 1213 4020 1215
f 1215 4020 4021
f 1215 4021 1217
f 1217 4021 4022
f 1217 4022 1219
f 1219 4022 4023
f 1219 4023 1221
f 1221 4023 4024
f 1221 4024 1223
f 1223 4024 4025
f 1223 4025 1225
f 1225 4025 4026
f 1225 4026 1227
f 1227 4026 4027
f 1227 4027 1229
f 1229 4027 4028
f 1229 4028 1231
f 1231 4028 4029
f 1231 4029 1233
f 1233 4029 4030
f 1233 4030 1235
f 1235 4030 4031
f 1235 4031 1237
f 1237 4031 4032
f 1237 4032 1239
f 1239 4032 4033
f 1239 4033 1241
f 1241 4033 4034
f 1241 4034 1243
f 1243 4034 4035
f 1243 4035 1245
f 1245 4035 4036
f 1245 4036 1247
f 1247 4036 4037
f 1247 4037 1249
f 1249 4037 4038
f 1249 4038 1251
f 1251 4038 4039
f 1251 4039 1253
f 1253 4039 4040
f 1253 4040 1255
f 1255 4040 4041
f 1255 4041 1257
f 1257 4041 4042
f 1257 4042 1259
f 1259 4042 4043
f 1259 4043 1261
f 1261 4043 4044
f 1261 4044 1263
f 1263 4044 4045
f 1263 4045 1265
f 1265 4045 4046
f 1265 4046 1267
f 1267 4046 4047
f 1267 4047 1269
f 1269 4047 4048
f 1269 4048 1271
f 1271 4048 4049
f 1271 4049 1273
f 1273 4049 4050
f 1273 4050 1275
f 1275 4050 4051
f 1275 4051 1277
f 1277 4051 4052
f 1277 4052 1279
f 1279 4052 4053
f 1279 4053 1281
f 1281 4053 4054
f 1281 4054 1283
f 1283 4054 4055
f 1283 4055 1285
f 1285 4055 4056
f 1285 4056 1287
f 1287 4056 4057
f 1287 4057 1289
f 1289 4057 4058
f 1289 4058 1291
f 1291 4058 4059
f 1291 4059 1293
f 1293 4059 4060
f 1293 4060 1295
f 1295 4060 4061
f 1295 4061 1297
f 1297 4061 4062
f 1297 4062 1299
f 1299 4062 4063
f 1299 4063 896
f 896 4063 4064
f 896 4064 897
f 897 4064 4065
f 897 4065 1301
f 1301 4065 4066
f 1301 4066 1303
f 1303 4066 4067
f 1303 4067 1305
f 1305 4067 4068
f 1305 4068 1307
f 1307 4068 4069
f 1307 4069 1309
f 1309 4069 4070
f 1309 4070 1311
f 1311 4070 4071
f 1311 4071 1313
f 1313 4071 4072
f 1313 4072 1315
f 1315 4072 4073
f 1315 4073 1317
f 1317 4073 4074
f 1317 4074 1319
f 1319 4074 4075
f 1319 4075 1321
f 1321 4075 4076
f 1321 4076 1323
f 1323 4076 4077
f 1323 4077 1325
f 1325 4077 4078
f 1325 4078 1327
f 1327 4078 4079
f 1327 4079 1329
f 1329 4079 4080
f 1329 4080 1331
f 1331 4080 4081
f 1331 4081 1333
f 1333 4081 4082
f 1333 4082 1335
f 1335 4082 4083
f 1335 4083 1337
f 1337 4083 4084
f 1337 4084 1339
f 1339 4084 4085
f 1339 4085 1341
f 1341 4085 4086
f 1341 4086 1343
f 1343 4086 4087
f 1343 4087 1345
f 1345 4087 4088
f 1345 4088 1347
f 1347 4088 4089
f 1347 4089 1349
f 1349 4089 4090
f 1349 4090 1351
f 1351 4090 4091
f 1351 4091 1353
f 1353 4091 4092
f 1353 4092 1355
f 1355 4092 4093
f 1355 4093 1357
f 1357 4093 4094
f 1357 4094 1359
f 1359 4094 4095
f 1359 4095 1361
f 1361 4095 4096
f 1361 4096 1363
f 1363 4096 4097
f 1363 4097 1365
f 1365 4097 4098
f 1365 4098 1367
f 1367 4098 4099
f 1367 4099 1369
f 1369 4099 4100
f 1369 4100 1371
f 1371 4100 4101
f 1371 4101 1373
f 1373 4101 4102
f 1373 4102 1375
f 1375 4102 4103
f 1375 4103 1377
f 1377 4103 4104
f 1377 4104 1379
f 1379 4104 4105
f 1379 4105 1381
f 1381 4105 4106
f 1381 4106 1383
f 1383 4106 4107
f 1383 4107 1385
f 1385 4107 4108
f 1385 4108 1387
f 1387 4108 4109
f 1387 4109 1389
f 1389 4109 4110
f 1389 4110 1391
f 1391 4110 4111
f 1391 4111 1393
f 1393 4111 4112
f 1393 4112 1395
f 1395 4112 4113
f 1395 4113 1397
f 1397 4113 4114
f 1397 4114 1399
f 1399 4114 4115
f 1399 4115 1401
f 1401 4115 4116
f 1401 4116 1403
f 1403 4116 4117
f 1403 4117 1405
f 1405 4117 4118
f 1405 4118 1407
f 1407 4118 4119
f 1407 4119 1409
f 1409 4119 4120
f 1409 4120 1411
f 1411 4120 4121
f 1411 4121 1413
f 1413 4121 4122
f 1413 4122 1415
f 1415 4122 4123
f 1415 4123 1417
f 1417 4123 4124
f 1417 4124 1419
f 1419 4124 4125
f 1419 4125 1421
f 1421 4125 4126
f 1421 4126 1423
f 1423 4126 4127
f 1423 4127 4128
f 4128 4129 1423
f 1423 4129 4130
f 1423 4130 4131
f 4131 4132 1423
f 1423 4132 4133
f 1423 4133 4134
f 4134 4135 1423
f 1423 4135 1425
f 4136 363 4137
f 4137 363 365
f 4137 365 2528
f 2528 365 2495
f 2495 365 367
f 2495 367 2493
f 2493 367 369
f 2493 369 2491
f 2491 369 371
f 2491 371 373
f 363 4136 361
f 361 4136 4138
f 361 4138 359
f 359 4138 4139
f 359 4139 357
f 357 4139 4140
f 357 4140 355
f 355 4140 4141
f 355 4141 353
f 353 4141 4142
f 353 4142 351
f 351 4142 4143
f 351 4143 349
f 349 4143 4144
f 349 4144 347
f 347 4144 4145
f 347 4145 899
f 899 4145 4146
f 899 4146 901
f 901 4146 4147
f 901 4147 903
f 903 4147 4148
f 903 4148 905
f 905 4148 4149
f 905 4149 907
f 907 4149 4150
f 907 4150 909
f 909 4150 4151
f 909 4151 911
f 911 4151 3073
f 911 3073 3069
f 4151 4152 3073
f 3073 4152 3078
f 3078 4152 4153
f 3078 4153 4154
f 4154 4155 3078
f 3078 4155 4156
f 3078 4156 3080
f 3080 4156 4157
f 3080 4157 4158
f 4158 4159 3080
f 3080 4159 3082
f 3082 4159 4160
f 3082 4160 4161
f 4161 4162 3082
f 3082 4162 2565
f 2565 4162 4163
f 2565 4163 4164
f 4164 4165 2565
f 2565 4165 2563
f 2563 4165 4166
f 2563 4166 4167
f 4167 4168 2563
f 2563 4168 4169
f 2563 4169 4170
f 4170 4171 2563
f 2563 4171 2562
f 911 3069 913
f 913 3069 3065
f 913 3065 915
f 915 3065 2589
f 915 2589 917
f 917 2589 919
f 919 2589 2590
f 919 2590 921
f 921 2590 3064
f 921 3064 923
f 923 3064 3062
f 923 3062 925
f 925 3062 3060
f 925 3060 927
f 927 3060 3055
f 927 3055 929
f 929 3055 3051
f 929 3051 931
f 931 3051 2635
f 931 2635 933
f 933 2635 2637
f 933 2637 935
f 935 2637 2638
f 935 2638 937
f 937 2638 3050
f 937 3050 939
f 939 3050 3048
f 939 3048 941
f 941 3048 943
f 943 3048 3043
f 943 3043 945
f 945 3043 3039
f 945 3039 947
f 947 3039 2672
f 947 2672 949
f 949 2672 2673
f 949 2673 951
f 951 2673 2675
f 951 2675 953
f 953 2675 3038
f 953 3038 955
f 955 3038 3036
f 955 3036 957
f 957 3036 3034
f 957 3034 959
f 959 3034 3029
f 959 3029 961
f 961 3029 2709
f 961 2709 963
f 963 2709 965
f 965 2709 2710
f 965 2710 967
f 967 2710 2712
f 967 2712 969
f 969 2712 2714
f 969 2714 4172
f 4172 2714 4173
f 4173 2714 2747
f 4173 2747 4174
f 4174 2747 4175
f 4175 2747 4176
f 4176 2747 3028
f 4176 3028 4177
f 4177 3028 4178
f 4178 3028 4179
f 4179 3028 4180
f 4180 3028 3026
f 4180 3026 4181
f 4181 3026 4182
f 4182 3026 4183
f 4183 3026 3021
f 4183 3021 4184
f 4184 3021 4185
f 4185 3021 4186
f 4186 3021 3015
f 4186 3015 4187
f 4187 3015 4188
f 4188 3015 4189
f 4189 3015 4190
f 4190 3015 4191
f 4191 3015 4192
f 4192 3015 3014
f 969 4172 971
f 971 4172 4193
f 971 4193 973
f 973 4193 4194
f 973 4194 975
f 975 4194 4195
f 975 4195 977
f 977 4195 4196
f 977 4196 979
f 979 4196 4197
f 979 4197 981
f 981 4197 4198
f 981 4198 983
f 983 4198 4199
f 983 4199 985
f 985 4199 4200
f 985 4200 987
f 987 4200 4201
f 987 4201 989
f 989 4201 4202
f 989 4202 991
f 991 4202 4203
f 991 4203 993
f 993 4203 4204
f 993 4204 995
f 995 4204 4205
f 995 4205 997
f 997 4205 4206
f 997 4206 999
f 999 4206 4207
f 999 4207 1001
f 1001 4207 3004
f 1001 3004 2999
f 4207 4208 3004
f 3004 4208 3006
f 3006 4208 4209
f 3006 4209 4210
f 4210 4211 3006
f 3006 4211 4212
f 3006 4212 3008
f 3008 4212 4213
f 3008 4213 4214
f 4214 4215 3008
f 3008 4215 2781
f 2781 4215 4216
f 2781 4216 4217
f 4217 4218 2781
f 2781 4218 2779
f 2779 4218 4219
f 2779 4219 4220
f 4220 4221 2779
f 2779 4221 2777
f 2777 4221 4222
f 2777 4222 4223
f 4223 4224 2777
f 2777 4224 4225
f 2777 4225 4226
f 4226 4227 2777
f 2777 4227 2776
f 1001 2999 1003
f 1003 2999 2995
f 1003 2995 1005
f 1005 2995 2991
f 1005 2991 1007
f 1007 2991 1009
f 1009 2991 2805
f 1009 2805 1011
f 1011 2805 2806
f 1011 2806 1013
f 1013 2806 2990
f 1013 2990 1015
f 1015 2990 2988
f 1015 2988 1017
f 1017 2988 2986
f 1017 2986 1019
f 1019 2986 2981
f 1019 2981 1021
f 1021 2981 2977
f 1021 2977 1023
f 1023 2977 2855
f 1023 2855 1025
f 1025 2855 2856
f 1025 2856 1027
f 1027 2856 2858
f 1027 2858 1029
f 1029 2858 2976
f 1029 2976 1031
f 1031 2976 1033
f 1033 2976 2974
f 1033 2974 1035
f 1035 2974 2969
f 1035 2969 1037
f 1037 2969 2965
f 1037 2965 1039
f 1039 2965 2892
f 1039 2892 1041
f 1041 2892 2893
f 1041 2893 1043
f 1043 2893 2895
f 1043 2895 1045
f 1045 2895 2134
f 1045 2134 1047
f 1047 2134 2133
f 1047 2133 1049
f 1049 2133 2964
f 1049 2964 1051
f 1051 2964 2960
f 1051 2960 1053
f 1053 2960 1055
f 1055 2960 2956
f 1055 2956 1057
f 1057 2956 2952
f 1057 2952 1059
f 1059 2952 2948
f 1059 2948 4228
f 4228 2948 4229
f 4229 2948 2110
f 4229 2110 4230
f 4230 2110 4231
f 4231 2110 4232
f 4232 2110 2108
f 4232 2108 4233
f 4233 2108 4234
f 4234 2108 4235
f 4235 2108 4236
f 4236 2108 2106
f 4236 2106 4237
f 4237 2106 4238
f 4238 2106 4239
f 4239 2106 2104
f 4239 2104 4240
f 4240 2104 4241
f 4241 2104 4242
f 4242 2104 2102
f 4242 2102 4243
f 4243 2102 1502
f 1502 2102 1501
f 1501 2102 1499
f 1499 2102 1498
f 1498 2102 1444
f 1444 2102 1445
f 1059 4228 1061
f 1061 4228 4244
f 1061 4244 1063
f 1063 4244 4245
f 1063 4245 1065
f 1065 4245 4246
f 1065 4246 1067
f 1067 4246 4247
f 1067 4247 1069
f 1069 4247 4248
f 1069 4248 1071
f 1071 4248 4249
f 1071 4249 1073
f 1073 4249 4250
f 1073 4250 529
f 529 4250 4251
f 529 4251 527
f 527 4251 4252
f 527 4252 525
f 525 4252 4253
f 525 4253 523
f 523 4253 4254
f 523 4254 521
f 521 4254 4255
f 521 4255 519
f 519 4255 4256
f 519 4256 517
f 517 4256 4257
f 517 4257 515
f 515 4257 4258
f 515 4258 513
f 513 4258 2149
f 513 2149 2151
f 4258 4259 2149
f 2149 4259 2147
f 2147 4259 4260
f 2147 4260 4261
f 4261 4262 2147
f 2147 4262 4263
f 2147 4263 2145
f 2145 4263 4264
f 2145 4264 4265
f 4265 4266 2145
f 2145 4266 2943
f 2943 4266 4267
f 2943 4267 4268
f 4268 4269 2943
f 2943 4269 2941
f 2941 4269 4270
f 2941 4270 4271
f 4271 4272 2941
f 2941 4272 2939
f 2939 4272 4273
f 2939 4273 1490
f 1490 1470 2939
f 2939 1470 1471
f 2939 1471 1473
f 1473 1474 2939
f 2939 1474 1475
f 513 2151 511
f 511 2151 2153
f 511 2153 509
f 509 2153 3206
f 509 3206 507
f 507 3206 505
f 505 3206 3204
f 505 3204 503
f 503 3204 3202
f 503 3202 501
f 501 3202 3197
f 501 3197 499
f 499 3197 3193
f 499 3193 497
f 497 3193 2197
f 497 2197 495
f 495 2197 2198
f 495 2198 493
f 493 2198 2200
f 493 2200 491
f 491 2200 3192
f 491 3192 489
f 489 3192 3190
f 489 3190 487
f 487 3190 3188
f 487 3188 485
f 485 3188 3186
f 485 3186 483
f 483 3186 481
f 481 3186 3181
f 481 3181 479
f 479 3181 2236
f 479 2236 477
f 477 2236 2237
f 477 2237 475
f 475 2237 3180
f 475 3180 473
f 473 3180 3178
f 473 3178 471
f 471 3178 3176
f 471 3176 469
f 469 3176 3171
f 469 3171 467
f 467 3171 2269
f 467 2269 465
f 465 2269 2270
f 465 2270 463
f 463 2270 2272
f 463 2272 461
f 461 2272 459
f 459 2272 2274
f 459 2274 457
f 457 2274 2307
f 457 2307 455
f 455 2307 3170
f 455 3170 4274
f 4274 3170 4275
f 4275 3170 3168
f 4275 3168 4276
f 4276 3168 4277
f 4277 3168 4278
f 4278 3168 3162
f 4278 3162 4279
f 4279 3162 4280
f 4280 3162 4281
f 4281 3162 4282
f 4282 3162 3160
f 4282 3160 4283
f 4283 3160 4284
f 4284 3160 4285
f 4285 3160 3158
f 4285 3158 4286
f 4286 3158 4287
f 4287 3158 4288
f 4288 3158 3156
f 4288 3156 4289
f 4289 3156 4290
f 4290 3156 4291
f 4291 3156 4292
f 4292 3156 4293
f 4293 3156 4294
f 4294 3156 3155
f 455 4274 453
f 453 4274 4295
f 453 4295 451
f 451 4295 4296
f 451 4296 449
f 449 4296 4297
f 449 4297 447
f 447 4297 4298
f 447 4298 445
f 445 4298 4299
f 445 4299 443
f 443 4299 4300
f 443 4300 441
f 441 4300 4301
f 441 4301 439
f 439 4301 4302
f 439 4302 437
f 437 4302 4303
f 437 4303 435
f 435 4303 4304
f 435 4304 433
f 433 4304 4305
f 433 4305 431
f 431 4305 4306
f 431 4306 429
f 429 4306 4307
f 429 4307 427
f 427 4307 4308
f 427 4308 425
f 425 4308 4309
f 425 4309 423
f 423 4309 3141
f 423 3141 3137
f 4309 4310 3141
f 3141 4310 3145
f 3145 4310 4311
f 3145 4311 4312
f 4312 4313 3145
f 3145 4313 4314
f 3145 4314 3150
f 3150 4314 4315
f 3150 4315 4316
f 4316 4317 3150
f 3150 4317 3152
f 3152 4317 4318
f 3152 4318 4319
f 4319 4320 3152
f 3152 4320 3154
f 3154 4320 4321
f 3154 4321 4322
f 4322 4323 3154
f 3154 4323 2344
f 2344 4323 4324
f 2344 4324 4325
f 4325 4326 2344
f 2344 4326 4327
f 2344 4327 4328
f 4328 4329 2344
f 2344 4329 2343
f 423 3137 421
f 421 3137 2368
f 421 2368 419
f 419 2368 2369
f 419 2369 417
f 417 2369 415
f 415 2369 3136
f 415 3136 413
f 413 3136 3134
f 413 3134 411
f 411 3134 3132
f 411 3132 409
f 409 3132 3127
f 409 3127 407
f 407 3127 3123
f 407 3123 405
f 405 3123 2418
f 405 2418 403
f 403 2418 2419
f 403 2419 401
f 401 2419 2421
f 401 2421 399
f 399 2421 3122
f 399 3122 397
f 397 3122 3120
f 397 3120 395
f 395 3120 3118
f 395 3118 393
f 393 3118 391
f 391 3118 3116
f 391 3116 389
f 389 3116 3111
f 389 3111 387
f 387 3111 2457
f 387 2457 385
f 385 2457 2458
f 385 2458 383
f 383 2458 3110
f 383 3110 381
f 381 3110 3108
f 381 3108 379
f 379 3108 3106
f 379 3106 377
f 377 3106 3101
f 377 3101 375
f 375 3101 2490
f 375 2490 373
f 373 2490 2491
f 4137 2528 4330
f 4330 2528 3100
f 4330 3100 4331
f 4331 3100 4332
f 4332 3100 4333
f 4333 3100 3098
f 4333 3098 4334
f 4334 3098 4335
f 4335 3098 4336
f 4336 3098 4337
f 4337 3098 3092
f 4337 3092 4338
f 4338 3092 4339
f 4339 3092 4340
f 4340 3092 3090
f 4340 3090 4341
f 4341 3090 4342
f 4342 3090 4343
f 4343 3090 3088
f 4343 3088 4344
f 4344 3088 4345
f 4345 3088 4346
f 4346 3088 4347
f 4347 3088 4348
f 4348 3088 4349
f 4349 3088 3087
f 2093 4350 2091
f 2091 4350 4351
f 2091 4351 2089
f 2089 4351 4352
f 2089 4352 2136
f 2136 4352 4353
f 2136 4353 2164
f 2164 4353 4354
f 2164 4354 2168
f 2168 4354 4355
f 2168 4355 2172
f 2172 4355 4356
f 2172 4356 2176
f 2176 4356 4357
f 2176 4357 2181
f 2181 4357 4358
f 2181 4358 2183
f 2183 4358 4359
f 2183 4359 2162
f 2162 4359 4360
f 2162 4360 2163
f 2163 4360 4361
f 2163 4361 2186
f 2186 4361 4362
f 2186 4362 2188
f 2188 4362 4363
f 2188 4363 2211
f 2211 4363 4364
f 2211 4364 2215
f 2215 4364 4365
f 2215 4365 2219
f 2219 4365 4366
f 2219 4366 2222
f 2222 4366 4367
f 2222 4367 2209
f 2209 4367 4368
f 2209 4368 2210
f 2210 4368 4369
f 2210 4369 2225
f 2225 4369 4370
f 2225 4370 2248
f 2248 4370 4371
f 2248 4371 2253
f 2253 4371 4372
f 2253 4372 2254
f 2254 4372 4373
f 2254 4373 2257
f 2257 4373 4374
f 2257 4374 2246
f 2246 4374 4375
f 2246 4375 2247
f 2247 4375 4376
f 2247 4376 2260
f 2260 4376 4377
f 2260 4377 2285
f 2285 4377 4378
f 2285 4378 2289
f 2289 4378 4379
f 2289 4379 2293
f 2293 4379 4380
f 2293 4380 2298
f 2298 4380 4381
f 2298 4381 2300
f 2300 4381 4382
f 2300 4382 2283
f 2283 4382 4383
f 2283 4383 2284
f 2284 4383 4384
f 2284 4384 2301
f 2301 4384 4385
f 2301 4385 2309
f 2309 4385 4386
f 2309 4386 2311
f 2311 4386 4387
f 2311 4387 2380
f 2380 4387 4388
f 2380 4388 2383
f 2383 4388 4389
f 2383 4389 2386
f 2386 4389 4390
f 2386 4390 2389
f 2389 4390 4391
f 2389 4391 2394
f 2394 4391 4392
f 2394 4392 2396
f 2396 4392 4393
f 2396 4393 2353
f 2353 4393 4394
f 2353 4394 2355
f 2355 4394 4395
f 2355 4395 2357
f 2357 4395 4396
f 2357 4396 2359
f 2359 4396 4397
f 2359 4397 2397
f 2397 4397 4398
f 2397 4398 2401
f 2401 4398 4399
f 2401 4399 2404
f 2404 4399 4400
f 2404 4400 2378
f 2378 4400 4401
f 2378 4401 2379
f 2379 4401 4402
f 2379 4402 2407
f 2407 4402 4403
f 2407 4403 2409
f 2409 4403 4404
f 2409 4404 2432
f 2432 4404 4405
f 2432 4405 2436
f 2436 4405 4406
f 2436 4406 2440
f 2440 4406 4407
f 2440 4407 2443
f 2443 4407 4408
f 2443 4408 2430
f 2430 4408 4409
f 2430 4409 2431
f 2431 4409 4410
f 2431 4410 2446
f 2446 4410 4411
f 2446 4411 2469
f 2469 4411 4412
f 2469 4412 2474
f 2474 4412 4413
f 2474 4413 2475
f 2475 4413 4414
f 2475 4414 2479
f 2479 4414 4415
f 2479 4415 2467
f 2467 4415 4416
f 2467 4416 2468
f 2468 4416 4417
f 2468 4417 2481
f 2481 4417 4418
f 2481 4418 2506
f 2506 4418 4419
f 2506 4419 2510
f 2510 4419 4420
f 2510 4420 2514
f 2514 4420 4421
f 2514 4421 2519
f 2519 4421 4422
f 2519 4422 2521
f 2521 4422 4423
f 2521 4423 2504
f 2504 4423 4424
f 2504 4424 2505
f 2505 4424 4425
f 2505 4425 2522
f 2522 4425 4426
f 2522 4426 2530
f 2530 4426 4427
f 2530 4427 2532
f 2532 4427 4428
f 2532 4428 2542
f 2542 4428 4429
f 2542 4429 2601
f 2601 4429 2087
f 2601 2087 2604
f 2604 2087 4430
f 2604 4430 4431
f 4350 2093 4432
f 4432 2093 2936
f 4432 2936 4433
f 4433 2936 2934
f 4433 2934 4434
f 4434 2934 2931
f 4434 2931 4435
f 4435 2931 2924
f 4435 2924 4436
f 4436 2924 2922
f 4436 2922 4437
f 4437 2922 2920
f 4437 2920 4438
f 4438 2920 2119
f 4438 2119 4439
f 4439 2119 2120
f 4439 2120 4440
f 4440 2120 2122
f 4440 2122 4441
f 4441 2122 2124
f 4441 2124 4442
f 4442 2124 2905
f 4442 2905 4443
f 4443 2905 2904
f 4443 2904 4444
f 4444 2904 2918
f 4444 2918 4445
f 4445 2918 2914
f 4445 2914 4446
f 4446 2914 2910
f 4446 2910 4447
f 4447 2910 2906
f 4447 2906 4448
f 4448 2906 2883
f 4448 2883 4449
f 4449 2883 2868
f 4449 2868 4450
f 4450 2868 2867
f 4450 2867 4451
f 4451 2867 2881
f 4451 2881 4452
f 4452 2881 2877
f 4452 2877 4453
f 4453 2877 2873
f 4453 2873 4454
f 4454 2873 2869
f 4454 2869 4455
f 4455 2869 2846
f 4455 2846 4456
f 4456 2846 2844
f 4456 2844 4457
f 4457 2844 2816
f 4457 2816 4458
f 4458 2816 2815
f 4458 2815 4459
f 4459 2815 2841
f 4459 2841 4460
f 4460 2841 2838
f 4460 2838 4461
f 4461 2838 2834
f 4461 2834 4462
f 4462 2834 2796
f 4462 2796 4463
f 4463 2796 2794
f 4463 2794 4464
f 4464 2794 2792
f 4464 2792 4465
f 4465 2792 2790
f 4465 2790 4466
f 4466 2790 2833
f 4466 2833 4467
f 4467 2833 2831
f 4467 2831 4468
f 4468 2831 2829
f 4468 2829 4469
f 4469 2829 2824
f 4469 2824 4470
f 4470 2824 2820
f 4470 2820 4471
f 4471 2820 2817
f 4471 2817 4472
f 4472 2817 2751
f 4472 2751 4473
f 4473 2751 2749
f 4473 2749 4474
f 4474 2749 2741
f 4474 2741 4475
f 4475 2741 2724
f 4475 2724 4476
f 4476 2724 2723
f 4476 2723 4477
f 4477 2723 2740
f 4477 2740 4478
f 4478 2740 2738
f 4478 2738 4479
f 4479 2738 2733
f 4479 2733 4480
f 4480 2733 2729
f 4480 2729 4481
f 4481 2729 2725
f 4481 2725 4482
f 4482 2725 2700
f 4482 2700 4483
f 4483 2700 2685
f 4483 2685 4484
f 4484 2685 2684
f 4484 2684 4485
f 4485 2684 2698
f 4485 2698 4486
f 4486 2698 2694
f 4486 2694 4487
f 4487 2694 2690
f 4487 2690 4488
f 4488 2690 2686
f 4488 2686 4489
f 4489 2686 2663
f 4489 2663 4490
f 4490 2663 2648
f 4490 2648 4491
f 4491 2648 2647
f 4491 2647 4492
f 4492 2647 2661
f 4492 2661 4493
f 4493 2661 2658
f 4493 2658 4494
f 4494 2658 2654
f 4494 2654 4495
f 4495 2654 2649
f 4495 2649 4496
f 4496 2649 2626
f 4496 2626 4497
f 4497 2626 2624
f 4497 2624 4498
f 4498 2624 2600
f 4498 2600 4499
f 4499 2600 2599
f 4499 2599 4500
f 4500 2599 2621
f 4500 2621 4501
f 4501 2621 2618
f 4501 2618 4502
f 4502 2618 2614
f 4502 2614 4503
f 4503 2614 2580
f 4503 2580 4504
f 4504 2580 2578
f 4504 2578 4505
f 4505 2578 2576
f 4505 2576 4506
f 4506 2576 2574
f 4506 2574 4507
f 4507 2574 2613
f 4507 2613 4508
f 4508 2613 2611
f 4508 2611 4509
f 4509 2611 2609
f 4509 2609 2049
f 2049 2609 2050
f 2050 2609 2604
f 2050 2604 4431
f 4429 2088 2087
f 3883 3871 4510
f 4510 3871 3869
f 4510 3869 3962
f 3962 3869 3867
f 3962 3867 3963
f 3963 3867 3865
f 3963 3865 3964
f 3964 3865 3965
f 3965 3865 3863
f 3965 3863 1902
f 1902 3863 3861
f 1902 3861 1901
f 1901 3861 1900
f 1900 3861 3859
f 1900 3859 1899
f 1899 3859 1898
f 1898 3859 3857
f 1898 3857 1897
f 1897 3857 1896
f 1896 3857 3855
f 1896 3855 1895
f 1895 3855 1894
f 1894 3855 3853
f 1894 3853 1893
f 1893 3853 1892
f 1892 3853 3851
f 1892 3851 1891
f 1891 3851 1890
f 1890 3851 3849
f 1890 3849 1889
f 1889 3849 1888
f 1888 3849 3847
f 1888 3847 1887
f 1887 3847 1886
f 1886 3847 3845
f 1886 3845 1885
f 1885 3845 1884
f 1884 3845 3843
f 1884 3843 1883
f 1883 3843 3841
f 1883 3841 3977
f 3977 3841 3978
f 3978 3841 3839
f 3978 3839 3979
f 3979 3839 280
f 3979 280 278
f 3837 284 3839
f 3839 284 282
f 3839 282 280
f 284 3837 286
f 286 3837 3835
f 286 3835 288
f 288 3835 290
f 290 3835 3833
f 290 3833 292
f 292 3833 294
f 294 3833 296
f 296 3833 3831
f 296 3831 298
f 298 3831 300
f 300 3831 3829
f 300 3829 302
f 302 3829 304
f 304 3829 3827
f 304 3827 306
f 306 3827 308
f 308 3827 310
f 310 3827 3825
f 310 3825 312
f 312 3825 314
f 314 3825 3823
f 314 3823 316
f 316 3823 318
f 318 3823 3821
f 318 3821 320
f 320 3821 322
f 322 3821 3819
f 322 3819 3991
f 3991 3819 3817
f 3991 3817 3992
f 3992 3817 3815
f 3992 3815 3993
f 3993 3815 3813
f 3993 3813 3994
f 3994 3813 3995
f 3995 3813 3811
f 3995 3811 3996
f 3996 3811 3809
f 3996 3809 3997
f 3997 3809 3807
f 3997 3807 3998
f 3998 3807 3805
f 3998 3805 3999
f 3999 3805 3803
f 3999 3803 4000
f 4000 3803 3801
f 4000 3801 4001
f 4001 3801 3799
f 4001 3799 4002
f 4002 3799 4003
f 4003 3799 3797
f 4003 3797 4004
f 4004 3797 3795
f 4004 3795 4005
f 4005 3795 3793
f 4005 3793 4006
f 4006 3793 3791
f 4006 3791 4007
f 4007 3791 3789
f 4007 3789 3787
f 3787 3785 4007
f 4007 3785 1599
f 4007 1599 1600
f 1599 3785 1643
f 1643 3785 3783
f 1643 3783 1642
f 1642 3783 3781
f 1642 3781 1641
f 1641 3781 1640
f 1640 3781 3779
f 1640 3779 1639
f 1639 3779 1638
f 1638 3779 3777
f 1638 3777 1637
f 1637 3777 1636
f 1636 3777 3775
f 1636 3775 1635
f 1635 3775 1634
f 1634 3775 3773
f 1634 3773 1633
f 1633 3773 1632
f 1632 3773 1631
f 1631 3773 3771
f 1631 3771 1630
f 1630 3771 1629
f 1629 3771 3769
f 1629 3769 1628
f 1628 3769 3767
f 1628 3767 1627
f 1627 3767 1626
f 1626 3767 1625
f 1625 3767 4023
f 1625 4023 1624
f 1624 4023 4022
f 1624 4022 1623
f 1623 4022 1622
f 1622 4022 4021
f 1622 4021 1621
f 1621 4021 4020
f 1621 4020 1620
f 1620 4020 1619
f 1619 4020 4019
f 1619 4019 1618
f 1618 4019 1617
f 1617 4019 4018
f 1617 4018 1616
f 1616 4018 1615
f 1615 4018 1614
f 1614 4018 4017
f 1614 4017 1613
f 1613 4017 1612
f 1612 4017 1611
f 1611 4017 4016
f 1611 4016 4015
f 3765 4033 3767
f 3767 4033 4032
f 3767 4032 4031
f 3765 3763 4033
f 4033 3763 3761
f 4033 3761 3759
f 3759 3757 4033
f 4033 3757 3755
f 4033 3755 3753
f 3753 3751 4033
f 4033 3751 3749
f 4033 3749 3747
f 3747 3745 4033
f 4033 3745 4034
f 4034 3745 3743
f 4034 3743 4035
f 4035 3743 3741
f 4035 3741 4036
f 4036 3741 3739
f 4036 3739 4037
f 4037 3739 3737
f 4037 3737 4038
f 4038 3737 3735
f 4038 3735 4039
f 4039 3735 4040
f 4040 3735 3733
f 4040 3733 4041
f 4041 3733 3731
f 4041 3731 4042
f 4042 3731 3729
f 4042 3729 4043
f 4043 3729 3727
f 4043 3727 4044
f 4044 3727 3725
f 4044 3725 4045
f 4045 3725 3723
f 4045 3723 4046
f 4046 3723 4047
f 4047 3723 3721
f 4047 3721 4048
f 4048 3721 3719
f 4048 3719 4049
f 4049 3719 3717
f 4049 3717 4050
f 4050 3717 3715
f 4050 3715 4051
f 4051 3715 3713
f 4051 3713 4052
f 4052 3713 3711
f 4052 3711 4053
f 4053 3711 3709
f 4053 3709 4054
f 4054 3709 4055
f 4055 3709 3707
f 4055 3707 1745
f 1745 3707 1744
f 1744 3707 3705
f 1744 3705 1743
f 1743 3705 3703
f 1743 3703 1742
f 1742 3703 1741
f 1741 3703 3701
f 1741 3701 1740
f 1740 3701 1739
f 1739 3701 3699
f 1739 3699 1738
f 1738 3699 1737
f 1737 3699 3697
f 1737 3697 1736
f 1736 3697 1735
f 1735 3697 3695
f 1735 3695 1734
f 1734 3695 1778
f 1778 3695 3693
f 1778 3693 1777
f 1777 3693 1776
f 1776 3693 3691
f 1776 3691 1775
f 1775 3691 1774
f 1774 3691 3689
f 1774 3689 1773
f 1773 3689 1772
f 1772 3689 3687
f 1772 3687 1771
f 1771 3687 3685
f 1771 3685 1770
f 1770 3685 4068
f 1770 4068 4067
f 3685 3683 4068
f 4068 3683 4069
f 4069 3683 4070
f 4070 3683 3681
f 4070 3681 4071
f 4071 3681 3679
f 4071 3679 4072
f 4072 3679 3677
f 4072 3677 4073
f 4073 3677 3675
f 4073 3675 4074
f 4074 3675 3673
f 4074 3673 4075
f 4075 3673 3671
f 4075 3671 4076
f 4076 3671 4077
f 4077 3671 3669
f 4077 3669 4078
f 4078 3669 3667
f 4078 3667 4079
f 4079 3667 3665
f 4079 3665 4080
f 4080 3665 3663
f 4080 3663 4081
f 4081 3663 3661
f 4081 3661 4082
f 4082 3661 3659
f 4082 3659 4083
f 4083 3659 3657
f 4083 3657 4084
f 4084 3657 4085
f 4085 3657 3655
f 4085 3655 4086
f 4086 3655 3653
f 4086 3653 4087
f 4087 3653 3651
f 4087 3651 4511
f 4511 3651 4512
f 4512 3651 3649
f 4512 3649 4513
f 4513 3649 261
f 261 3649 3647
f 261 3647 259
f 259 3647 257
f 257 3647 3645
f 257 3645 255
f 255 3645 253
f 253 3645 3643
f 253 3643 251
f 251 3643 249
f 249 3643 3641
f 249 3641 247
f 247 3641 245
f 245 3641 243
f 243 3641 3639
f 243 3639 241
f 241 3639 239
f 239 3639 237
f 237 3639 3637
f 237 3637 235
f 235 3637 233
f 233 3637 3635
f 233 3635 231
f 231 3635 229
f 229 3635 3633
f 229 3633 227
f 227 3633 225
f 225 3633 3631
f 225 3631 223
f 223 3631 4100
f 223 4100 221
f 221 4100 4099
f 221 4099 219
f 219 4099 4098
f 219 4098 4514
f 4514 4098 4097
f 4514 4097 4515
f 4515 4097 4516
f 4516 4097 4096
f 4516 4096 4517
f 4517 4096 4095
f 4517 4095 4518
f 4518 4095 4519
f 4519 4095 4520
f 4520 4095 4094
f 4520 4094 4521
f 4521 4094 4522
f 4522 4094 4093
f 4522 4093 4523
f 4523 4093 4524
f 4524 4093 4092
f 4524 4092 4525
f 4525 4092 4526
f 4526 4092 4091
f 4526 4091 4527
f 4527 4091 4528
f 4528 4091 4090
f 4528 4090 4529
f 4529 4090 4530
f 4530 4090 4089
f 4530 4089 4531
f 4531 4089 4532
f 4532 4089 4088
f 4532 4088 4511
f 4511 4088 4087
f 3631 3629 4100
f 4100 3629 4101
f 4101 3629 2026
f 4101 2026 2027
f 3629 3627 2026
f 2026 3627 2025
f 2025 3627 2024
f 2024 3627 3625
f 2024 3625 2023
f 2023 3625 3623
f 2023 3623 2022
f 2022 3623 2021
f 2021 3623 3621
f 2021 3621 2020
f 2020 3621 2019
f 2019 3621 3619
f 2019 3619 2018
f 2018 3619 2017
f 2017 3619 3617
f 2017 3617 2016
f 2016 3617 2015
f 2015 3617 2014
f 2014 3617 3615
f 2014 3615 2013
f 2013 3615 2012
f 2012 3615 3613
f 2012 3613 2011
f 2011 3613 2010
f 2010 3613 3611
f 2010 3611 2009
f 2009 3611 3609
f 2009 3609 2008
f 2008 3609 2007
f 2007 3609 3607
f 2007 3607 2006
f 2006 3607 4113
f 2006 4113 4112
f 3607 3605 4113
f 4113 3605 4114
f 4114 3605 4115
f 4115 3605 3603
f 4115 3603 4116
f 4116 3603 3601
f 4116 3601 4533
f 4533 3601 3599
f 4533 3599 3597
f 4534 4118 4533
f 4533 4118 4117
f 4533 4117 4116
f 4534 4535 4118
f 4118 4535 4119
f 4119 4535 4536
f 4119 4536 4537
f 4119 4537 4120
f 4120 4537 4538
f 4120 4538 4539
f 4120 4539 4121
f 4121 4539 4540
f 4121 4540 4541
f 4121 4541 4122
f 4122 4541 4542
f 4122 4542 4543
f 4122 4543 4123
f 4123 4543 4544
f 4123 4544 4545
f 4546 4125 4545
f 4545 4125 4124
f 4545 4124 4123
f 4127 4126 4546
f 4546 4126 4125
f 4111 2004 4112
f 4112 2004 2005
f 4112 2005 2006
f 2004 4111 2048
f 2048 4111 4110
f 2048 4110 2047
f 2047 4110 2046
f 2046 4110 4109
f 2046 4109 2045
f 2045 4109 2044
f 2044 4109 2043
f 2043 4109 4108
f 2043 4108 2042
f 2042 4108 2041
f 2041 4108 4107
f 2041 4107 2040
f 2040 4107 2039
f 2039 4107 2038
f 2038 4107 4106
f 2038 4106 2037
f 2037 4106 2036
f 2036 4106 2035
f 2035 4106 4105
f 2035 4105 2034
f 2034 4105 2033
f 2033 4105 4104
f 2033 4104 2032
f 2032 4104 2031
f 2031 4104 4103
f 2031 4103 2030
f 2030 4103 2029
f 2029 4103 4102
f 2029 4102 2028
f 2028 4102 2027
f 2027 4102 4101
f 4066 1768 4067
f 4067 1768 1769
f 4067 1769 1770
f 1768 4066 1767
f 1767 4066 4065
f 1767 4065 1766
f 1766 4065 1765
f 1765 4065 4064
f 1765 4064 1764
f 1764 4064 1763
f 1763 4064 4063
f 1763 4063 1762
f 1762 4063 1761
f 1761 4063 1760
f 1760 4063 4062
f 1760 4062 1759
f 1759 4062 1758
f 1758 4062 1757
f 1757 4062 4061
f 1757 4061 1756
f 1756 4061 1755
f 1755 4061 4060
f 1755 4060 1754
f 1754 4060 1753
f 1753 4060 1752
f 1752 4060 4059
f 1752 4059 1751
f 1751 4059 1750
f 1750 4059 4058
f 1750 4058 1749
f 1749 4058 1748
f 1748 4058 4057
f 1748 4057 1747
f 1747 4057 1746
f 1746 4057 4056
f 1746 4056 1745
f 1745 4056 4055
f 4031 4030 3767
f 3767 4030 4029
f 3767 4029 4028
f 4028 4027 3767
f 3767 4027 4026
f 3767 4026 4025
f 4025 4024 3767
f 3767 4024 4023
f 4015 4014 1611
f 1611 4014 4013
f 1611 4013 4012
f 4012 4011 1611
f 1611 4011 4010
f 1611 4010 4009
f 4009 4008 1611
f 1611 4008 4007
f 1611 4007 1610
f 1610 4007 1609
f 1609 4007 1608
f 1608 4007 1607
f 1607 4007 1606
f 1606 4007 1605
f 1605 4007 1604
f 1604 4007 1603
f 1603 4007 1602
f 1602 4007 1601
f 1601 4007 1600
f 322 3991 324
f 324 3991 3990
f 324 3990 326
f 326 3990 3989
f 326 3989 328
f 328 3989 3988
f 328 3988 330
f 330 3988 332
f 332 3988 3987
f 332 3987 334
f 334 3987 336
f 336 3987 3986
f 336 3986 338
f 338 3986 340
f 340 3986 3985
f 340 3985 342
f 342 3985 344
f 344 3985 3984
f 344 3984 346
f 346 3984 264
f 264 3984 3983
f 264 3983 266
f 266 3983 268
f 268 3983 3982
f 268 3982 270
f 270 3982 272
f 272 3982 3981
f 272 3981 274
f 274 3981 276
f 276 3981 3980
f 276 3980 278
f 278 3980 3979
f 3976 1881 3977
f 3977 1881 1882
f 3977 1882 1883
f 1881 3976 1880
f 1880 3976 3975
f 1880 3975 1879
f 1879 3975 1878
f 1878 3975 3974
f 1878 3974 1877
f 1877 3974 1876
f 1876 3974 3973
f 1876 3973 1875
f 1875 3973 1874
f 1874 3973 1873
f 1873 3973 3972
f 1873 3972 1872
f 1872 3972 1871
f 1871 3972 3971
f 1871 3971 1870
f 1870 3971 1869
f 1869 3971 1913
f 1913 3971 3970
f 1913 3970 1912
f 1912 3970 1911
f 1911 3970 1910
f 1910 3970 3969
f 1910 3969 1909
f 1909 3969 1908
f 1908 3969 3968
f 1908 3968 1907
f 1907 3968 1906
f 1906 3968 3967
f 1906 3967 1905
f 1905 3967 1904
f 1904 3967 3966
f 1904 3966 1903
f 1903 3966 3965
f 1903 3965 1902
f 3962 3961 4510
f 4510 3961 3960
f 4510 3960 4547
f 4547 3960 4548
f 4548 3960 3959
f 4548 3959 4549
f 4549 3959 4550
f 4550 3959 3958
f 4550 3958 4551
f 4551 3958 4552
f 4552 3958 3957
f 4552 3957 4553
f 4553 3957 4554
f 4554 3957 3956
f 4554 3956 4555
f 4555 3956 4556
f 4556 3956 3955
f 4556 3955 4557
f 4557 3955 4558
f 4558 3955 3954
f 4558 3954 3953
f 4558 3953 4559
f 4559 3953 3944
f 4559 3944 3943
f 3698 3850 3696
f 3696 3850 3852
f 3696 3852 3694
f 3694 3852 3854
f 3694 3854 3692
f 3692 3854 3856
f 3692 3856 3690
f 3690 3856 3858
f 3690 3858 3688
f 3688 3858 3860
f 3688 3860 3686
f 3686 3860 3862
f 3686 3862 3684
f 3684 3862 3864
f 3684 3864 3682
f 3682 3864 3866
f 3682 3866 3680
f 3680 3866 3868
f 3680 3868 3678
f 3678 3868 3870
f 3678 3870 3676
f 3676 3870 3872
f 3676 3872 3674
f 3674 3872 3874
f 3674 3874 3672
f 3672 3874 3876
f 3672 3876 3670
f 3670 3876 3878
f 3670 3878 3668
f 3668 3878 3880
f 3668 3880 3666
f 3666 3880 3884
f 3666 3884 3664
f 3664 3884 3886
f 3664 3886 3662
f 3662 3886 3888
f 3662 3888 3660
f 3660 3888 3898
f 3660 3898 3658
f 3658 3898 3904
f 3658 3904 3656
f 3656 3904 3909
f 3656 3909 3654
f 3654 3909 3915
f 3654 3915 3652
f 3652 3915 3921
f 3652 3921 3650
f 3650 3921 3929
f 3650 3929 3648
f 3648 3929 3933
f 3648 3933 3646
f 3646 3933 3935
f 3646 3935 3644
f 3644 3935 3938
f 3644 3938 3642
f 3642 3938 3940
f 3642 3940 3640
f 3640 3940 3942
f 3640 3942 3638
f 3638 3942 3598
f 3638 3598 3636
f 3636 3598 3600
f 3636 3600 3634
f 3634 3600 3602
f 3634 3602 3632
f 3632 3602 3604
f 3632 3604 3630
f 3630 3604 3606
f 3630 3606 3628
f 3628 3606 3608
f 3628 3608 3626
f 3626 3608 3610
f 3626 3610 3624
f 3624 3610 3612
f 3624 3612 3622
f 3622 3612 3614
f 3622 3614 3620
f 3620 3614 3616
f 3620 3616 3618
f 3850 3698 3848
f 3848 3698 3700
f 3848 3700 3846
f 3846 3700 3702
f 3846 3702 3844
f 3844 3702 3704
f 3844 3704 3842
f 3842 3704 3706
f 3842 3706 3840
f 3840 3706 3708
f 3840 3708 3838
f 3838 3708 3710
f 3838 3710 3836
f 3836 3710 3712
f 3836 3712 3834
f 3834 3712 3714
f 3834 3714 3832
f 3832 3714 3716
f 3832 3716 3830
f 3830 3716 3718
f 3830 3718 3828
f 3828 3718 3720
f 3828 3720 3826
f 3826 3720 3722
f 3826 3722 3824
f 3824 3722 3724
f 3824 3724 3822
f 3822 3724 3726
f 3822 3726 3820
f 3820 3726 3728
f 3820 3728 3818
f 3818 3728 3730
f 3818 3730 3816
f 3816 3730 3732
f 3816 3732 3814
f 3814 3732 3734
f 3814 3734 3812
f 3812 3734 3736
f 3812 3736 3810
f 3810 3736 3738
f 3810 3738 3808
f 3808 3738 3740
f 3808 3740 3806
f 3806 3740 3742
f 3806 3742 3804
f 3804 3742 3744
f 3804 3744 3802
f 3802 3744 3746
f 3802 3746 3800
f 3800 3746 3748
f 3800 3748 3798
f 3798 3748 3750
f 3798 3750 3796
f 3796 3750 3752
f 3796 3752 3794
f 3794 3752 3754
f 3794 3754 3792
f 3792 3754 3756
f 3792 3756 3790
f 3790 3756 3758
f 3790 3758 3788
f 3788 3758 3760
f 3788 3760 3786
f 3786 3760 3762
f 3786 3762 3784
f 3784 3762 3764
f 3784 3764 3782
f 3782 3764 3766
f 3782 3766 3780
f 3780 3766 3768
f 3780 3768 3778
f 3778 3768 3770
f 3778 3770 3776
f 3776 3770 3772
f 3776 3772 3774
f 3288 3440 3286
f 3286 3440 3442
f 3286 3442 3284
f 3284 3442 3444
f 3284 3444 3594
f 3594 3444 3446
f 3594 3446 3592
f 3592 3446 3448
f 3592 3448 3590
f 3590 3448 3450
f 3590 3450 3588
f 3588 3450 3452
f 3588 3452 3586
f 3586 3452 3454
f 3586 3454 3584
f 3584 3454 3456
f 3584 3456 3582
f 3582 3456 3458
f 3582 3458 3580
f 3580 3458 3460
f 3580 3460 3578
f 3578 3460 3462
f 3578 3462 3576
f 3576 3462 3464
f 3576 3464 3574
f 3574 3464 3466
f 3574 3466 3572
f 3572 3466 3468
f 3572 3468 3570
f 3570 3468 3470
f 3570 3470 3568
f 3568 3470 3472
f 3568 3472 3566
f 3566 3472 3474
f 3566 3474 3564
f 3564 3474 3476
f 3564 3476 3562
f 3562 3476 3478
f 3562 3478 3560
f 3560 3478 3480
f 3560 3480 3558
f 3558 3480 3482
f 3558 3482 3556
f 3556 3482 3484
f 3556 3484 3554
f 3554 3484 3486
f 3554 3486 3552
f 3552 3486 3488
f 3552 3488 3550
f 3550 3488 3490
f 3550 3490 3548
f 3548 3490 3492
f 3548 3492 3546
f 3546 3492 3494
f 3546 3494 3544
f 3544 3494 3496
f 3544 3496 3542
f 3542 3496 3498
f 3542 3498 3540
f 3540 3498 3500
f 3540 3500 3538
f 3538 3500 3502
f 3538 3502 3536
f 3536 3502 3504
f 3536 3504 3534
f 3534 3504 3506
f 3534 3506 3532
f 3532 3506 3508
f 3532 3508 3530
f 3530 3508 3510
f 3530 3510 3528
f 3528 3510 3512
f 3528 3512 3526
f 3526 3512 3514
f 3526 3514 3524
f 3524 3514 3516
f 3524 3516 3522
f 3522 3516 3518
f 3522 3518 3520
f 3440 3288 3438
f 3438 3288 3290
f 3438 3290 3436
f 3436 3290 3292
f 3436 3292 3434
f 3434 3292 3294
f 3434 3294 3432
f 3432 3294 3296
f 3432 3296 3430
f 3430 3296 3298
f 3430 3298 3428
f 3428 3298 3300
f 3428 3300 3426
f 3426 3300 3302
f 3426 3302 3424
f 3424 3302 3304
f 3424 3304 3422
f 3422 3304 3306
f 3422 3306 3420
f 3420 3306 3308
f 3420 3308 3418
f 3418 3308 3310
f 3418 3310 3416
f 3416 3310 3312
f 3416 3312 3414
f 3414 3312 3314
f 3414 3314 3412
f 3412 3314 3316
f 3412 3316 3410
f 3410 3316 3318
f 3410 3318 3408
f 3408 3318 3320
f 3408 3320 3406
f 3406 3320 3322
f 3406 3322 3404
f 3404 3322 3324
f 3404 3324 3402
f 3402 3324 3326
f 3402 3326 3400
f 3400 3326 3328
f 3400 3328 3398
f 3398 3328 3330
f 3398 3330 3396
f 3396 3330 3332
f 3396 3332 3394
f 3394 3332 3334
f 3394 3334 3392
f 3392 3334 3336
f 3392 3336 3390
f 3390 3336 3338
f 3390 3338 3388
f 3388 3338 3340
f 3388 3340 3386
f 3386 3340 3342
f 3386 3342 3384
f 3384 3342 3344
f 3384 3344 3382
f 3382 3344 3346
f 3382 3346 3380
f 3380 3346 3348
f 3380 3348 3378
f 3378 3348 3350
f 3378 3350 3376
f 3376 3350 3352
f 3376 3352 3374
f 3374 3352 3354
f 3374 3354 3372
f 3372 3354 3356
f 3372 3356 3370
f 3370 3356 3358
f 3370 3358 3368
f 3368 3358 3360
f 3368 3360 3366
f 3366 3360 3362
f 3366 3362 3364
f 2057 2059 4560
f 4560 2059 3441
f 4560 3441 3439
f 2059 2061 3441
f 3441 2061 2063
f 3441 2063 3443
f 3443 2063 2065
f 3443 2065 2067
f 2067 2069 3443
f 3443 2069 2070
f 3443 2070 2072
f 2072 2074 3443
f 3443 2074 3445
f 3445 2074 2076
f 3445 2076 2078
f 2080 4561 2078
f 2078 4561 3445
f 3445 4561 3447
f 3447 4561 4562
f 3447 4562 3449
f 3449 4562 4563
f 3449 4563 3451
f 3451 4563 4564
f 3451 4564 3453
f 3453 4564 4565
f 3453 4565 3455
f 3455 4565 4566
f 3455 4566 3457
f 3457 4566 4567
f 3457 4567 3459
f 3459 4567 4568
f 3459 4568 3461
f 3461 4568 4569
f 3461 4569 3463
f 3463 4569 4570
f 3463 4570 3465
f 3465 4570 4571
f 3465 4571 3467
f 3467 4571 4572
f 3467 4572 3469
f 3469 4572 4573
f 3469 4573 3471
f 3471 4573 4574
f 3471 4574 3473
f 3473 4574 4575
f 3473 4575 3475
f 3475 4575 4576
f 3475 4576 3477
f 3477 4576 4577
f 3477 4577 3479
f 3479 4577 4578
f 3479 4578 3481
f 3481 4578 4579
f 3481 4579 3483
f 3483 4579 4580
f 3483 4580 3485
f 3485 4580 4581
f 3485 4581 4582
f 3485 4582 3487
f 3487 4582 4583
f 3487 4583 3489
f 3489 4583 4584
f 3489 4584 3491
f 3491 4584 4585
f 3491 4585 3493
f 3493 4585 4586
f 3493 4586 3495
f 3495 4586 4587
f 3495 4587 3497
f 3497 4587 4588
f 3497 4588 3499
f 3499 4588 4589
f 3499 4589 3501
f 3501 4589 4590
f 3501 4590 3503
f 3503 4590 4591
f 3503 4591 3505
f 3505 4591 4592
f 3505 4592 3507
f 3507 4592 4593
f 3507 4593 3509
f 3509 4593 4594
f 3509 4594 3511
f 3511 4594 4595
f 3511 4595 3513
f 3513 4595 4596
f 3513 4596 3515
f 3515 4596 4597
f 3515 4597 3517
f 3517 4597 4598
f 3517 4598 3519
f 3519 4598 4599
f 3519 4599 3521
f 3521 4599 4600
f 3521 4600 3523
f 3523 4600 4601
f 3523 4601 3525
f 3525 4601 4602
f 3525 4602 3527
f 3527 4602 4603
f 3527 4603 3529
f 3529 4603 4604
f 3529 4604 3531
f 3531 4604 4605
f 3531 4605 3533
f 3533 4605 4606
f 3533 4606 3535
f 3535 4606 4607
f 3535 4607 3537
f 3537 4607 4608
f 3537 4608 3539
f 3539 4608 4609
f 3539 4609 3541
f 3541 4609 4610
f 3541 4610 3543
f 3543 4610 4611
f 3543 4611 3545
f 3545 4611 4612
f 3545 4612 3547
f 3547 4612 4613
f 3547 4613 3549
f 3549 4613 4614
f 3549 4614 3551
f 3551 4614 4615
f 3551 4615 3553
f 3553 4615 4616
f 3553 4616 3555
f 3555 4616 4617
f 3555 4617 3557
f 3557 4617 4618
f 3557 4618 3559
f 3559 4618 4619
f 3559 4619 3561
f 3561 4619 4620
f 3561 4620 3563
f 3563 4620 4621
f 3563 4621 3565
f 3565 4621 4622
f 3565 4622 3567
f 3567 4622 4623
f 3567 4623 3569
f 3569 4623 4624
f 3569 4624 3571
f 3571 4624 4625
f 3571 4625 3573
f 3573 4625 4626
f 3573 4626 3575
f 3575 4626 4627
f 3575 4627 3577
f 3577 4627 4628
f 3577 4628 3579
f 3579 4628 4629
f 3579 4629 3581
f 3581 4629 4630
f 3581 4630 3583
f 3583 4630 4631
f 3583 4631 3585
f 3585 4631 4632
f 3585 4632 3587
f 3587 4632 4633
f 3587 4633 3589
f 3589 4633 4634
f 3589 4634 3591
f 3591 4634 4635
f 3591 4635 3593
f 3593 4635 4636
f 3593 4636 3595
f 3595 4636 4637
f 3595 4637 3285
f 3285 4637 4638
f 3285 4638 3287
f 3287 4638 4639
f 3287 4639 4640
f 3287 4640 3289
f 3289 4640 4641
f 3289 4641 3291
f 3291 4641 4642
f 3291 4642 3293
f 3293 4642 4643
f 3293 4643 3295
f 3295 4643 4644
f 3295 4644 3297
f 3297 4644 4645
f 3297 4645 3299
f 3299 4645 4646
f 3299 4646 3301
f 3301 4646 4647
f 3301 4647 3303
f 3303 4647 4648
f 3303 4648 3305
f 3305 4648 4649
f 3305 4649 3307
f 3307 4649 4650
f 3307 4650 3309
f 3309 4650 4651
f 3309 4651 3311
f 3311 4651 4652
f 3311 4652 3313
f 3313 4652 4653
f 3313 4653 3315
f 3315 4653 4654
f 3315 4654 3317
f 3317 4654 4655
f 3317 4655 3319
f 3319 4655 4656
f 3319 4656 3321
f 3321 4656 4657
f 3321 4657 3323
f 3323 4657 4658
f 3323 4658 3325
f 3325 4658 4659
f 3325 4659 3327
f 3327 4659 4660
f 3327 4660 3329
f 3329 4660 4661
f 3329 4661 3331
f 3331 4661 4662
f 3331 4662 3333
f 3333 4662 4663
f 3333 4663 3335
f 3335 4663 4664
f 3335 4664 3337
f 3337 4664 4665
f 3337 4665 3339
f 3339 4665 4666
f 3339 4666 3341
f 3341 4666 4667
f 3341 4667 3343
f 3343 4667 4668
f 3343 4668 3345
f 3345 4668 4669
f 3345 4669 3347
f 3347 4669 4670
f 3347 4670 3349
f 3349 4670 4671
f 3349 4671 3351
f 3351 4671 4672
f 3351 4672 3353
f 3353 4672 4673
f 3353 4673 3355
f 3355 4673 4674
f 3355 4674 3357
f 3357 4674 4675
f 3357 4675 3359
f 3359 4675 4676
f 3359 4676 3361
f 3361 4676 4677
f 3361 4677 3363
f 3363 4677 4678
f 3363 4678 3365
f 3365 4678 4679
f 3365 4679 3367
f 3367 4679 4680
f 3367 4680 3369
f 3369 4680 4681
f 3369 4681 3371
f 3371 4681 4682
f 3371 4682 3373
f 3373 4682 4683
f 3373 4683 3375
f 3375 4683 4684
f 3375 4684 3377
f 3377 4684 4685
f 3377 4685 3379
f 3379 4685 4686
f 3379 4686 3381
f 3381 4686 4687
f 3381 4687 3383
f 3383 4687 4688
f 3383 4688 3385
f 3385 4688 4689
f 3385 4689 3387
f 3387 4689 4690
f 3387 4690 3389
f 3389 4690 4691
f 3389 4691 3391
f 3391 4691 4692
f 3391 4692 3393
f 3393 4692 4693
f 3393 4693 3395
f 3395 4693 4694
f 3395 4694 3397
f 3397 4694 4695
f 3397 4695 3399
f 3399 4695 4696
f 3399 4696 3401
f 3401 4696 4697
f 3401 4697 4698
f 3401 4698 3403
f 3403 4698 4699
f 3403 4699 3405
f 3405 4699 4700
f 3405 4700 3407
f 3407 4700 4701
f 3407 4701 3409
f 3409 4701 4702
f 3409 4702 3411
f 3411 4702 4703
f 3411 4703 3413
f 3413 4703 4704
f 3413 4704 3415
f 3415 4704 4705
f 3415 4705 3417
f 3417 4705 4706
f 3417 4706 3419
f 3419 4706 4707
f 3419 4707 3421
f 3421 4707 4708
f 3421 4708 3423
f 3423 4708 4709
f 3423 4709 3425
f 3425 4709 4710
f 3425 4710 3427
f 3427 4710 4711
f 3427 4711 3429
f 3429 4711 4712
f 3429 4712 3431
f 3431 4712 4713
f 3431 4713 3433
f 3433 4713 4714
f 3433 4714 3435
f 3435 4714 4715
f 3435 4715 3437
f 3437 4715 4716
f 3437 4716 3439
f 3439 4716 4560
f 3891 4717 3887
f 3887 4717 3945
f 3945 4717 3943
f 3943 4717 4559
f 4546 4718 4127
f 4127 4718 4128
f 4128 4718 3930
f 3930 4718 3931
f 3907 1437 3908
f 3908 1437 1436
f 3908 1436 3910
f 3910 1436 1435
f 3910 1435 1434
f 1434 3911 3910
f 2087 2085 4430
f 4430 2085 2083
f 4430 2083 2081
f 2079 2056 2081
f 2081 2056 4431
f 2081 4431 4430
f 2056 2079 2058
f 2058 2079 2077
f 2058 2077 2060
f 2060 2077 2075
f 2060 2075 2062
f 2062 2075 2073
f 2062 2073 2064
f 2064 2073 2071
f 2064 2071 2066
f 2066 2071 2068
f 2056 2054 4431
f 4431 2054 2052
f 4431 2052 2050
f 2088 4429 2086
f 2086 4429 4561
f 2086 4561 2084
f 2084 4561 2082
f 2082 4561 2080
f 4561 4429 4562
f 4562 4429 4428
f 4562 4428 4563
f 4563 4428 4427
f 4563 4427 4564
f 4564 4427 4426
f 4564 4426 4565
f 4565 4426 4425
f 4565 4425 4566
f 4566 4425 4424
f 4566 4424 4567
f 4567 4424 4423
f 4567 4423 4568
f 4568 4423 4422
f 4568 4422 4421
f 4568 4421 4569
f 4569 4421 4420
f 4569 4420 4570
f 4570 4420 4419
f 4570 4419 4571
f 4571 4419 4418
f 4571 4418 4572
f 4572 4418 4417
f 4572 4417 4573
f 4573 4417 4416
f 4573 4416 4574
f 4574 4416 4415
f 4574 4415 4575
f 4575 4415 4414
f 4575 4414 4576
f 4576 4414 4413
f 4576 4413 4577
f 4577 4413 4412
f 4577 4412 4578
f 4578 4412 4411
f 4578 4411 4579
f 4579 4411 4410
f 4579 4410 4580
f 4580 4410 4409
f 4580 4409 4581
f 4581 4409 4408
f 4581 4408 4582
f 4582 4408 4407
f 4582 4407 4583
f 4583 4407 4406
f 4583 4406 4584
f 4584 4406 4405
f 4584 4405 4585
f 4585 4405 4404
f 4585 4404 4586
f 4586 4404 4403
f 4586 4403 4587
f 4587 4403 4402
f 4587 4402 4588
f 4588 4402 4401
f 4588 4401 4589
f 4589 4401 4400
f 4589 4400 4590
f 4590 4400 4399
f 4590 4399 4591
f 4591 4399 4398
f 4591 4398 4592
f 4592 4398 4397
f 4592 4397 4593
f 4593 4397 4396
f 4593 4396 4594
f 4594 4396 4395
f 4594 4395 4595
f 4595 4395 4394
f 4595 4394 4596
f 4596 4394 4393
f 4596 4393 4597
f 4597 4393 4392
f 4597 4392 4598
f 4598 4392 4391
f 4598 4391 4599
f 4599 4391 4390
f 4599 4390 4600
f 4600 4390 4389
f 4600 4389 4601
f 4601 4389 4388
f 4601 4388 4602
f 4602 4388 4387
f 4602 4387 4603
f 4603 4387 4386
f 4603 4386 4604
f 4604 4386 4385
f 4604 4385 4605
f 4605 4385 4384
f 4605 4384 4606
f 4606 4384 4383
f 4606 4383 4607
f 4607 4383 4382
f 4607 4382 4608
f 4608 4382 4381
f 4608 4381 4609
f 4609 4381 4380
f 4609 4380 4610
f 4610 4380 4379
f 4610 4379 4611
f 4611 4379 4378
f 4611 4378 4612
f 4612 4378 4377
f 4612 4377 4613
f 4613 4377 4376
f 4613 4376 4614
f 4614 4376 4375
f 4614 4375 4615
f 4615 4375 4374
f 4615 4374 4616
f 4616 4374 4373
f 4616 4373 4617
f 4617 4373 4372
f 4617 4372 4618
f 4618 4372 4371
f 4618 4371 4619
f 4619 4371 4370
f 4619 4370 4620
f 4620 4370 4369
f 4620 4369 4621
f 4621 4369 4368
f 4621 4368 4622
f 4622 4368 4367
f 4622 4367 4623
f 4623 4367 4366
f 4623 4366 4624
f 4624 4366 4365
f 4624 4365 4625
f 4625 4365 4364
f 4625 4364 4626
f 4626 4364 4363
f 4626 4363 4627
f 4627 4363 4362
f 4627 4362 4628
f 4628 4362 4361
f 4628 4361 4629
f 4629 4361 4360
f 4629 4360 4630
f 4630 4360 4359
f 4630 4359 4631
f 4631 4359 4358
f 4631 4358 4632
f 4632 4358 4357
f 4632 4357 4633
f 4633 4357 4356
f 4633 4356 4634
f 4634 4356 4355
f 4634 4355 4635
f 4635 4355 4354
f 4635 4354 4636
f 4636 4354 4353
f 4636 4353 4637
f 4637 4353 4352
f 4637 4352 4638
f 4638 4352 4351
f 4638 4351 4639
f 4639 4351 4350
f 4639 4350 4640
f 4640 4350 4432
f 4640 4432 4641
f 4641 4432 4433
f 4641 4433 4642
f 4642 4433 4434
f 4642 4434 4643
f 4643 4434 4435
f 4643 4435 4644
f 4644 4435 4436
f 4644 4436 4645
f 4645 4436 4437
f 4645 4437 4646
f 4646 4437 4438
f 4646 4438 4647
f 4647 4438 4439
f 4647 4439 4648
f 4648 4439 4440
f 4648 4440 4649
f 4649 4440 4441
f 4649 4441 4650
f 4650 4441 4442
f 4650 4442 4651
f 4651 4442 4443
f 4651 4443 4652
f 4652 4443 4444
f 4652 4444 4653
f 4653 4444 4445
f 4653 4445 4654
f 4654 4445 4446
f 4654 4446 4655
f 4655 4446 4447
f 4655 4447 4656
f 4656 4447 4448
f 4656 4448 4657
f 4657 4448 4449
f 4657 4449 4658
f 4658 4449 4450
f 4658 4450 4659
f 4659 4450 4451
f 4659 4451 4660
f 4660 4451 4452
f 4660 4452 4661
f 4661 4452 4453
f 4661 4453 4662
f 4662 4453 4454
f 4662 4454 4663
f 4663 4454 4455
f 4663 4455 4664
f 4664 4455 4456
f 4664 4456 4665
f 4665 4456 4457
f 4665 4457 4666
f 4666 4457 4458
f 4666 4458 4667
f 4667 4458 4459
f 4667 4459 4668
f 4668 4459 4460
f 4668 4460 4669
f 4669 4460 4461
f 4669 4461 4670
f 4670 4461 4462
f 4670 4462 4671
f 4671 4462 4463
f 4671 4463 4672
f 4672 4463 4464
f 4672 4464 4673
f 4673 4464 4465
f 4673 4465 4674
f 4674 4465 4466
f 4674 4466 4675
f 4675 4466 4467
f 4675 4467 4676
f 4676 4467 4468
f 4676 4468 4677
f 4677 4468 4469
f 4677 4469 4678
f 4678 4469 4470
f 4678 4470 4679
f 4679 4470 4471
f 4679 4471 4680
f 4680 4471 4472
f 4680 4472 4681
f 4681 4472 4473
f 4681 4473 4682
f 4682 4473 4474
f 4682 4474 4683
f 4683 4474 4475
f 4683 4475 4684
f 4684 4475 4476
f 4684 4476 4685
f 4685 4476 4477
f 4685 4477 4686
f 4686 4477 4478
f 4686 4478 4687
f 4687 4478 4479
f 4687 4479 4688
f 4688 4479 4480
f 4688 4480 4689
f 4689 4480 4481
f 4689 4481 4690
f 4690 4481 4482
f 4690 4482 4691
f 4691 4482 4483
f 4691 4483 4692
f 4692 4483 4484
f 4692 4484 4693
f 4693 4484 4485
f 4693 4485 4694
f 4694 4485 4486
f 4694 4486 4695
f 4695 4486 4487
f 4695 4487 4696
f 4696 4487 4488
f 4696 4488 4697
f 4697 4488 4489
f 4697 4489 4698
f 4698 4489 4490
f 4698 4490 4699
f 4699 4490 4491
f 4699 4491 4700
f 4700 4491 4492
f 4700 4492 4701
f 4701 4492 4493
f 4701 4493 4702
f 4702 4493 4494
f 4702 4494 4703
f 4703 4494 4495
f 4703 4495 4704
f 4704 4495 4496
f 4704 4496 4705
f 4705 4496 4497
f 4705 4497 4706
f 4706 4497 4498
f 4706 4498 4707
f 4707 4498 4499
f 4707 4499 4708
f 4708 4499 4500
f 4708 4500 4709
f 4709 4500 4501
f 4709 4501 4710
f 4710 4501 4502
f 4710 4502 4503
f 4710 4503 4711
f 4711 4503 4504
f 4711 4504 4712
f 4712 4504 4505
f 4712 4505 4713
f 4713 4505 4506
f 4713 4506 4714
f 4714 4506 4507
f 4714 4507 4715
f 4715 4507 4508
f 4715 4508 4716
f 4716 4508 4509
f 4716 4509 4560
f 4560 4509 2053
f 4560 2053 2055
f 2049 2051 4509
f 4509 2051 2053
f 2055 2057 4560
f 4206 1956 4207
f 4207 1956 1958
f 4207 1958 1960
f 1956 4206 1954
f 1954 4206 4205
f 1954 4205 1952
f 1952 4205 4204
f 1952 4204 1950
f 1950 4204 4203
f 1950 4203 1948
f 1948 4203 1946
f 1946 4203 4202
f 1946 4202 1944
f 1944 4202 4201
f 1944 4201 1942
f 1942 4201 4200
f 1942 4200 1940
f 1940 4200 1938
f 1938 4200 4199
f 1938 4199 1936
f 1936 4199 4198
f 1936 4198 1934
f 1934 4198 1932
f 1932 4198 4197
f 1932 4197 1930
f 1930 4197 4196
f 1930 4196 1928
f 1928 4196 4195
f 1928 4195 1926
f 1926 4195 4194
f 1926 4194 1924
f 1924 4194 1922
f 1922 4194 4193
f 1922 4193 1920
f 1920 4193 4172
f 1920 4172 1918
f 1918 4172 1916
f 1916 4172 1914
f 1914 4172 2002
f 2002 4172 2000
f 2000 4172 1998
f 1998 4172 4719
f 1998 4719 1996
f 1996 4719 1994
f 1994 4719 1992
f 1992 4719 1990
f 1990 4719 1988
f 1988 4719 1986
f 1986 4719 1984
f 1984 4719 4720
f 1984 4720 4721
f 4722 4723 4721
f 4721 4723 4724
f 4721 4724 1984
f 1984 4724 4725
f 1984 4725 1982
f 1982 4725 4726
f 1982 4726 1980
f 1980 4726 1978
f 1978 4726 1976
f 1976 4726 1974
f 1974 4726 1972
f 1972 4726 1970
f 1970 4726 1968
f 1968 4726 4207
f 1968 4207 1966
f 1966 4207 1964
f 1964 4207 1962
f 1962 4207 1960
f 4723 4722 4727
f 4727 4722 4728
f 4727 4728 4729
f 4729 4728 4730
f 4729 4730 4731
f 4189 4732 4188
f 4188 4732 4733
f 4188 4733 4719
f 4719 4733 4720
f 4720 4733 4721
f 4721 4733 4734
f 4721 4734 4722
f 4722 4734 4735
f 4722 4735 4728
f 4728 4735 4736
f 4728 4736 4730
f 4730 4736 4737
f 4730 4737 4731
f 4731 4737 4738
f 4731 4738 4729
f 4729 4738 4739
f 4729 4739 4727
f 4727 4739 4740
f 4727 4740 4723
f 4723 4740 4741
f 4723 4741 4724
f 4724 4741 4742
f 4724 4742 4725
f 4725 4742 4743
f 4725 4743 4726
f 4726 4743 4744
f 4726 4744 4224
f 4224 4744 4225
f 4225 4744 4745
f 4225 4745 4226
f 4226 4745 4227
f 4227 4745 2776
f 2776 4745 4746
f 2776 4746 2774
f 2774 4746 2773
f 2773 4746 4747
f 2773 4747 2772
f 2772 4747 2770
f 2770 4747 4748
f 2770 4748 2769
f 2769 4748 2767
f 2767 4748 2766
f 2766 4748 4749
f 2766 4749 2765
f 2765 4749 2764
f 2764 4749 2763
f 2763 4749 2762
f 2762 4749 2761
f 2761 4749 4750
f 2761 4750 2760
f 2760 4750 2759
f 2759 4750 2758
f 2758 4750 4751
f 2758 4751 3010
f 3010 4751 3011
f 3011 4751 4752
f 3011 4752 3013
f 3013 4752 3014
f 3014 4752 4192
f 4192 4752 4753
f 4192 4753 4191
f 4191 4753 4190
f 4190 4753 4732
f 4190 4732 4189
f 4224 4223 4726
f 4734 4733 4732
f 4735 4734 4753
f 4753 4734 4732
f 4736 4735 4752
f 4752 4735 4753
f 4737 4736 4751
f 4751 4736 4752
f 4738 4737 4750
f 4750 4737 4751
f 4739 4738 4749
f 4749 4738 4750
f 4740 4739 4748
f 4748 4739 4749
f 4741 4740 4747
f 4747 4740 4748
f 4742 4741 4746
f 4746 4741 4747
f 4743 4742 4745
f 4745 4742 4746
f 4744 4743 4745
f 4223 4222 4726
f 4726 4222 4221
f 4726 4221 4220
f 4220 4219 4726
f 4726 4219 4218
f 4726 4218 4217
f 4217 4216 4726
f 4726 4216 4215
f 4726 4215 4214
f 4214 4213 4726
f 4726 4213 4212
f 4726 4212 4211
f 4211 4210 4726
f 4726 4210 4209
f 4726 4209 4208
f 4208 4207 4726
f 4172 4173 4719
f 4719 4173 4174
f 4719 4174 4175
f 4175 4176 4719
f 4719 4176 4177
f 4719 4177 4178
f 4178 4179 4719
f 4719 4179 4180
f 4719 4180 4181
f 4181 4182 4719
f 4719 4182 4183
f 4719 4183 4184
f 4184 4185 4719
f 4719 4185 4186
f 4719 4186 4187
f 4187 4188 4719
f 4150 1799 4151
f 4151 1799 1801
f 4151 1801 1803
f 1799 4150 1797
f 1797 4150 4149
f 1797 4149 1795
f 1795 4149 4148
f 1795 4148 1793
f 1793 4148 1791
f 1791 4148 4147
f 1791 4147 1789
f 1789 4147 4146
f 1789 4146 1787
f 1787 4146 4145
f 1787 4145 1785
f 1785 4145 1783
f 1783 4145 4144
f 1783 4144 1781
f 1781 4144 4143
f 1781 4143 1779
f 1779 4143 4142
f 1779 4142 1867
f 1867 4142 1865
f 1865 4142 4141
f 1865 4141 1863
f 1863 4141 4140
f 1863 4140 1861
f 1861 4140 4139
f 1861 4139 1859
f 1859 4139 1857
f 1857 4139 4138
f 1857 4138 1855
f 1855 4138 4136
f 1855 4136 1853
f 1853 4136 4137
f 1853 4137 1851
f 1851 4137 1849
f 1849 4137 1847
f 1847 4137 1845
f 1845 4137 1843
f 1843 4137 1841
f 1841 4137 4754
f 1841 4754 1839
f 1839 4754 1837
f 1837 4754 1835
f 1835 4754 1833
f 1833 4754 1831
f 1831 4754 1829
f 1829 4754 1827
f 1827 4754 4755
f 1827 4755 4756
f 4757 4758 4756
f 4756 4758 4759
f 4756 4759 1827
f 1827 4759 1825
f 1825 4759 4760
f 1825 4760 4761
f 4758 4757 4762
f 4762 4757 4763
f 4762 4763 4764
f 4764 4763 4765
f 4764 4765 4766
f 4151 1811 4761
f 4761 1811 1813
f 4761 1813 1815
f 1803 1805 4151
f 4151 1805 1807
f 4151 1807 1809
f 1809 1811 4151
f 1815 1817 4761
f 4761 1817 1819
f 4761 1819 1821
f 1821 1823 4761
f 4761 1823 1825
f 4171 4767 2562
f 2562 4767 4768
f 2562 4768 2561
f 2561 4768 2559
f 2559 4768 4769
f 2559 4769 2558
f 2558 4769 2557
f 2557 4769 4770
f 2557 4770 2555
f 2555 4770 2554
f 2554 4770 2553
f 2553 4770 4771
f 2553 4771 2552
f 2552 4771 2550
f 2550 4771 2549
f 2549 4771 2548
f 2548 4771 2547
f 2547 4771 4772
f 2547 4772 2546
f 2546 4772 3083
f 3083 4772 2540
f 2540 4772 4773
f 2540 4773 2541
f 2541 4773 3084
f 3084 4773 4774
f 3084 4774 3085
f 3085 4774 3087
f 3087 4774 4349
f 4349 4774 4775
f 4349 4775 4348
f 4348 4775 4347
f 4347 4775 4776
f 4347 4776 4346
f 4346 4776 4345
f 4345 4776 4777
f 4345 4777 4754
f 4754 4777 4755
f 4755 4777 4756
f 4756 4777 4778
f 4756 4778 4757
f 4757 4778 4779
f 4757 4779 4763
f 4763 4779 4780
f 4763 4780 4765
f 4765 4780 4781
f 4765 4781 4766
f 4766 4781 4782
f 4766 4782 4764
f 4764 4782 4783
f 4764 4783 4762
f 4762 4783 4784
f 4762 4784 4758
f 4758 4784 4785
f 4758 4785 4759
f 4759 4785 4786
f 4759 4786 4760
f 4760 4786 4787
f 4760 4787 4761
f 4761 4787 4788
f 4761 4788 4168
f 4168 4788 4169
f 4169 4788 4767
f 4169 4767 4170
f 4170 4767 4171
f 4168 4167 4761
f 4785 4768 4786
f 4786 4768 4767
f 4786 4767 4787
f 4787 4767 4788
f 4768 4785 4769
f 4769 4785 4784
f 4769 4784 4770
f 4770 4784 4783
f 4770 4783 4771
f 4771 4783 4782
f 4771 4782 4772
f 4772 4782 4781
f 4772 4781 4773
f 4773 4781 4780
f 4773 4780 4774
f 4774 4780 4779
f 4774 4779 4775
f 4775 4779 4778
f 4775 4778 4776
f 4776 4778 4777
f 4167 4166 4761
f 4761 4166 4165
f 4761 4165 4164
f 4164 4163 4761
f 4761 4163 4162
f 4761 4162 4161
f 4161 4160 4761
f 4761 4160 4159
f 4761 4159 4158
f 4158 4157 4761
f 4761 4157 4156
f 4761 4156 4155
f 4155 4154 4761
f 4761 4154 4153
f 4761 4153 4152
f 4152 4151 4761
f 4137 4330 4754
f 4754 4330 4331
f 4754 4331 4332
f 4332 4333 4754
f 4754 4333 4334
f 4754 4334 4335
f 4335 4336 4754
f 4754 4336 4337
f 4754 4337 4338
f 4338 4339 4754
f 4754 4339 4340
f 4754 4340 4341
f 4341 4342 4754
f 4754 4342 4343
f 4754 4343 4344
f 4344 4345 4754
f 4308 1597 4309
f 4309 1597 1509
f 4309 1509 1511
f 1597 4308 1595
f 1595 4308 4307
f 1595 4307 1593
f 1593 4307 1591
f 1591 4307 4306
f 1591 4306 1589
f 1589 4306 4305
f 1589 4305 1587
f 1587 4305 4304
f 1587 4304 1585
f 1585 4304 4303
f 1585 4303 1583
f 1583 4303 1581
f 1581 4303 4302
f 1581 4302 1579
f 1579 4302 4301
f 1579 4301 1577
f 1577 4301 1575
f 1575 4301 4300
f 1575 4300 1573
f 1573 4300 4299
f 1573 4299 1571
f 1571 4299 4298
f 1571 4298 1569
f 1569 4298 1567
f 1567 4298 4297
f 1567 4297 1565
f 1565 4297 4296
f 1565 4296 1563
f 1563 4296 4295
f 1563 4295 1561
f 1561 4295 4274
f 1561 4274 1559
f 1559 4274 1557
f 1557 4274 1555
f 1555 4274 1553
f 1553 4274 1551
f 1551 4274 1549
f 1549 4274 4789
f 1549 4789 1547
f 1547 4789 1545
f 1545 4789 1543
f 1543 4789 1541
f 1541 4789 1539
f 1539 4789 1537
f 1537 4789 1535
f 1535 4789 4790
f 1535 4790 1533
f 1533 4790 4791
f 1533 4791 4792
f 4792 4791 4793
f 4793 4791 4794
f 4793 4794 4795
f 4795 4794 4796
f 4795 4796 4797
f 4797 4796 4798
f 4797 4798 4799
f 4792 4800 1533
f 1533 4800 4801
f 1533 4801 1531
f 1531 4801 1529
f 1529 4801 1527
f 1527 4801 1525
f 1525 4801 1523
f 1523 4801 1521
f 1521 4801 1519
f 1519 4801 4309
f 1519 4309 1517
f 1517 4309 1515
f 1515 4309 1513
f 1513 4309 1511
f 4291 4802 4290
f 4290 4802 4803
f 4290 4803 4789
f 4789 4803 4790
f 4790 4803 4791
f 4791 4803 4804
f 4791 4804 4794
f 4794 4804 4805
f 4794 4805 4796
f 4796 4805 4806
f 4796 4806 4798
f 4798 4806 4807
f 4798 4807 4799
f 4799 4807 4808
f 4799 4808 4797
f 4797 4808 4809
f 4797 4809 4795
f 4795 4809 4810
f 4795 4810 4793
f 4793 4810 4811
f 4793 4811 4792
f 4792 4811 4812
f 4792 4812 4800
f 4800 4812 4813
f 4800 4813 4801
f 4801 4813 4814
f 4801 4814 4326
f 4326 4814 4327
f 4327 4814 4815
f 4327 4815 4328
f 4328 4815 4329
f 4329 4815 2343
f 2343 4815 4816
f 2343 4816 2342
f 2342 4816 2341
f 2341 4816 4817
f 2341 4817 2339
f 2339 4817 2338
f 2338 4817 4818
f 2338 4818 2336
f 2336 4818 2335
f 2335 4818 2334
f 2334 4818 4819
f 2334 4819 2333
f 2333 4819 2332
f 2332 4819 2331
f 2331 4819 2330
f 2330 4819 2328
f 2328 4819 4820
f 2328 4820 2327
f 2327 4820 2325
f 2325 4820 2323
f 2323 4820 4821
f 2323 4821 2322
f 2322 4821 2321
f 2321 4821 4822
f 2321 4822 2320
f 2320 4822 3155
f 3155 4822 4294
f 4294 4822 4823
f 4294 4823 4293
f 4293 4823 4292
f 4292 4823 4802
f 4292 4802 4291
f 4326 4325 4801
f 4804 4803 4802
f 4805 4804 4823
f 4823 4804 4802
f 4806 4805 4822
f 4822 4805 4823
f 4807 4806 4821
f 4821 4806 4822
f 4808 4807 4820
f 4820 4807 4821
f 4809 4808 4819
f 4819 4808 4820
f 4810 4809 4818
f 4818 4809 4819
f 4811 4810 4817
f 4817 4810 4818
f 4812 4811 4816
f 4816 4811 4817
f 4813 4812 4815
f 4815 4812 4816
f 4814 4813 4815
f 4325 4324 4801
f 4801 4324 4323
f 4801 4323 4322
f 4322 4321 4801
f 4801 4321 4320
f 4801 4320 4319
f 4319 4318 4801
f 4801 4318 4317
f 4801 4317 4316
f 4316 4315 4801
f 4801 4315 4314
f 4801 4314 4313
f 4313 4312 4801
f 4801 4312 4311
f 4801 4311 4310
f 4310 4309 4801
f 4274 4275 4789
f 4789 4275 4276
f 4789 4276 4277
f 4277 4278 4789
f 4789 4278 4279
f 4789 4279 4280
f 4280 4281 4789
f 4789 4281 4282
f 4789 4282 4283
f 4283 4284 4789
f 4789 4284 4285
f 4789 4285 4286
f 4286 4287 4789
f 4789 4287 4288
f 4789 4288 4289
f 4289 4290 4789
f 4257 1710 4258
f 4258 1710 1712
f 4258 1712 1714
f 4256 1706 4257
f 4257 1706 1708
f 4257 1708 1710
f 1706 4256 1704
f 1704 4256 4255
f 1704 4255 1702
f 1702 4255 4254
f 1702 4254 1700
f 1700 4254 4253
f 1700 4253 1698
f 1698 4253 1696
f 1696 4253 4252
f 1696 4252 1694
f 1694 4252 4251
f 1694 4251 1692
f 1692 4251 4250
f 1692 4250 1690
f 1690 4250 1688
f 1688 4250 4249
f 1688 4249 1686
f 1686 4249 4248
f 1686 4248 1684
f 1684 4248 1682
f 1682 4248 4247
f 1682 4247 1680
f 1680 4247 4246
f 1680 4246 1678
f 1678 4246 4245
f 1678 4245 1676
f 1676 4245 4244
f 1676 4244 1674
f 1674 4244 1672
f 1672 4244 4228
f 1672 4228 1670
f 1670 4228 1668
f 1668 4228 1666
f 1666 4228 1664
f 1664 4228 1662
f 1662 4228 1504
f 1662 1504 1660
f 1660 1504 1658
f 1658 1504 1656
f 1656 1504 1654
f 1654 1504 1652
f 1652 1504 1650
f 1650 1504 1648
f 1648 1504 1505
f 1648 1505 1646
f 1646 1505 1506
f 1646 1506 1464
f 1464 1506 1462
f 1462 1506 1508
f 1462 1508 1460
f 1460 1508 1495
f 1460 1495 1459
f 1459 1495 1493
f 1459 1493 1491
f 1464 1466 1646
f 1646 1466 1644
f 1644 1466 1468
f 1644 1468 1732
f 1732 1468 1730
f 1730 1468 1728
f 1728 1468 1726
f 1726 1468 1724
f 1724 1468 1722
f 1722 1468 1720
f 1720 1468 4258
f 1720 4258 1718
f 1718 4258 1716
f 1716 4258 1714
f 1490 4273 1468
f 1468 4273 4272
f 1468 4272 4271
f 4271 4270 1468
f 1468 4270 4269
f 1468 4269 4268
f 4268 4267 1468
f 1468 4267 4266
f 1468 4266 4265
f 4265 4264 1468
f 1468 4264 4263
f 1468 4263 4262
f 4262 4261 1468
f 1468 4261 4260
f 1468 4260 4259
f 4259 4258 1468
f 4228 4229 1504
f 1504 4229 4230
f 1504 4230 4231
f 4231 4232 1504
f 1504 4232 4233
f 1504 4233 4234
f 4234 4235 1504
f 1504 4235 4236
f 1504 4236 4237
f 4237 4238 1504
f 1504 4238 4239
f 1504 4239 4240
f 4240 4241 1504
f 1504 4241 4242
f 1504 4242 4243
f 4243 1502 1504
f 267 305 265
f 265 305 307
f 265 307 263
f 263 307 309
f 263 309 345
f 345 309 311
f 345 311 343
f 343 311 313
f 343 313 341
f 341 313 315
f 341 315 339
f 339 315 317
f 339 317 337
f 337 317 319
f 337 319 335
f 335 319 321
f 335 321 333
f 333 321 323
f 333 323 331
f 331 323 325
f 331 325 329
f 329 325 327
f 305 267 303
f 303 267 269
f 303 269 301
f 301 269 271
f 301 271 299
f 299 271 273
f 299 273 297
f 297 273 275
f 297 275 295
f 295 275 277
f 295 277 293
f 293 277 279
f 293 279 291
f 291 279 281
f 291 281 289
f 289 281 283
f 289 283 287
f 287 283 285
f 4824 4514 4825
f 4825 4514 4515
f 4825 4515 4826
f 4826 4515 4516
f 4826 4516 4827
f 4827 4516 4517
f 4827 4517 4828
f 4828 4517 4518
f 4828 4518 4829
f 4829 4518 4519
f 4829 4519 4830
f 4830 4519 4520
f 4830 4520 4831
f 4831 4520 4521
f 4831 4521 4832
f 4832 4521 4522
f 4832 4522 4833
f 4833 4522 4523
f 4833 4523 4834
f 4834 4523 4524
f 4834 4524 4835
f 4835 4524 4525
f 4835 4525 4836
f 4836 4525 4526
f 4836 4526 4837
f 4837 4526 4527
f 4837 4527 4838
f 4838 4527 4528
f 4838 4528 4839
f 4839 4528 4529
f 4839 4529 4840
f 4840 4529 4530
f 4840 4530 4841
f 4841 4530 4531
f 4841 4531 4842
f 4842 4531 4532
f 4842 4532 4843
f 4843 4532 4511
f 4843 4511 4844
f 4844 4511 4512
f 4844 4512 4845
f 4845 4512 4513
f 219 4514 220
f 220 4514 4824
f 4513 261 4845
f 4845 261 262
f 4825 4834 4824
f 4824 4834 4835
f 4824 4835 4836
f 4834 4825 4833
f 4833 4825 4826
f 4833 4826 4832
f 4832 4826 4827
f 4832 4827 4831
f 4831 4827 4828
f 4831 4828 4830
f 4830 4828 4829
f 4836 4837 4824
f 4824 4837 4838
f 4824 4838 4839
f 4839 4840 4824
f 4824 4840 4841
f 4824 4841 4842
f 4842 4843 4824
f 4824 4843 4844
f 4824 4844 4845
f 4824 4845 220
f 220 4845 262
f 220 262 222
f 222 262 224
f 224 262 226
f 226 262 228
f 228 262 230
f 230 262 232
f 232 262 234
f 234 262 236
f 236 262 238
f 238 262 240
f 240 262 242
f 242 262 260
f 242 260 244
f 244 260 258
f 244 258 246
f 246 258 256
f 246 256 248
f 248 256 254
f 248 254 250
f 250 254 252
f 4135 4846 1425
f 1425 4846 4847
f 1425 4847 1427
f 1427 4847 4848
f 1427 4848 1428
f 1428 4848 4849
f 1428 4849 1429
f 1429 4849 4850
f 1429 4850 1430
f 1430 4850 4851
f 1430 4851 1431
f 1431 4851 4852
f 1431 4852 1432
f 1432 4852 4853
f 1432 4853 1433
f 1433 4853 1434
f 1434 4853 3912
f 1434 3912 3911
f 4135 4134 4846
f 4846 4134 4854
f 4846 4854 3924
f 3924 4854 3925
f 3925 4854 3926
f 3926 4854 4855
f 3926 4855 3927
f 3927 4855 4856
f 3927 4856 3928
f 3928 4856 3930
f 3930 4856 4129
f 3930 4129 4128
f 4134 4133 4854
f 4854 4133 4132
f 4854 4132 4855
f 4855 4132 4131
f 4855 4131 4856
f 4856 4131 4130
f 4856 4130 4129
f 3924 3923 4846
f 4846 3923 4847
f 3923 3922 4847
f 4847 3922 4848
f 3922 3920 4848
f 4848 3920 3919
f 4848 3919 4849
f 4849 3919 3918
f 4849 3918 4850
f 4850 3918 3917
f 4850 3917 4851
f 4851 3917 3916
f 4851 3916 3914
f 4851 3914 4852
f 4852 3914 3913
f 4852 3913 4853
f 4853 3913 3912
f 3906 4857 3907
f 3907 4857 1438
f 3907 1438 1437
f 3906 3905 4857
f 4857 3905 4858
f 4857 4858 1439
f 1439 4858 1440
f 1440 4858 4859
f 1440 4859 1441
f 1441 4859 4860
f 1441 4860 1442
f 1442 4860 4861
f 1442 4861 1443
f 1443 4861 4862
f 1443 4862 1074
f 1074 4862 4863
f 1074 4863 1075
f 1075 4863 4864
f 1075 4864 3952
f 3952 4864 3951
f 3951 4864 4865
f 3951 4865 3950
f 3950 4865 3949
f 3949 4865 4866
f 3949 4866 3948
f 3948 4866 4867
f 3948 4867 3947
f 3947 4867 3946
f 3946 4867 3945
f 3945 4867 3889
f 3945 3889 3887
f 3905 3903 4858
f 4858 3903 4859
f 3903 3902 4859
f 4859 3902 3901
f 4859 3901 4860
f 4860 3901 3900
f 4860 3900 4861
f 4861 3900 3899
f 4861 3899 4862
f 4862 3899 3897
f 4862 3897 3896
f 4862 3896 4863
f 4863 3896 3895
f 4863 3895 4864
f 4864 3895 3894
f 4864 3894 4865
f 4865 3894 3893
f 4865 3893 3892
f 4865 3892 4866
f 4866 3892 3890
f 4866 3890 4867
f 4867 3890 3889
f 1439 1438 4857
f 4868 73 4718
f 4718 73 74
f 4718 74 75
f 4869 103 4868
f 4868 103 104
f 4868 104 105
f 4869 4870 103
f 103 4870 4871
f 103 4871 102
f 102 4871 4872
f 102 4872 4873
f 4873 4874 102
f 102 4874 4875
f 102 4875 4876
f 102 4876 101
f 101 4876 4877
f 101 4877 4878
f 4878 4879 101
f 101 4879 100
f 100 4879 4880
f 100 4880 99
f 99 4880 98
f 98 4880 97
f 97 4880 96
f 96 4880 95
f 95 4880 94
f 94 4880 93
f 93 4880 3596
f 93 3596 92
f 92 3596 3941
f 92 3941 91
f 91 3941 90
f 90 3941 3939
f 90 3939 89
f 89 3939 88
f 88 3939 87
f 87 3939 3937
f 87 3937 86
f 86 3937 85
f 85 3937 84
f 84 3937 3936
f 84 3936 83
f 83 3936 82
f 82 3936 3934
f 82 3934 81
f 81 3934 80
f 80 3934 3932
f 80 3932 4718
f 4718 3932 3931
f 75 76 4718
f 4718 76 77
f 4718 77 78
f 78 79 4718
f 4718 79 80
f 105 106 4868
f 4868 106 107
f 4868 107 108
f 108 73 4868
f 4546 4545 4718
f 4718 4545 4868
f 3596 4880 3597
f 3597 4880 4533
f 4717 4881 4559
f 4559 4881 4558
f 4882 191 3873
f 3873 191 192
f 3873 192 3875
f 3875 192 193
f 3875 193 194
f 4883 184 4882
f 4882 184 185
f 4882 185 186
f 184 4883 183
f 183 4883 4884
f 183 4884 4885
f 4885 4886 183
f 183 4886 182
f 182 4886 4887
f 182 4887 4888
f 4888 4889 182
f 182 4889 4890
f 182 4890 4891
f 182 4891 217
f 217 4891 4892
f 217 4892 4893
f 4893 4881 217
f 217 4881 216
f 216 4881 215
f 215 4881 214
f 214 4881 213
f 213 4881 212
f 212 4881 211
f 211 4881 4717
f 211 4717 210
f 210 4717 209
f 209 4717 208
f 208 4717 207
f 207 4717 206
f 206 4717 205
f 205 4717 204
f 204 4717 3885
f 204 3885 3882
f 4717 3891 3885
f 3881 202 3882
f 3882 202 203
f 3882 203 204
f 3879 200 3881
f 3881 200 201
f 3881 201 202
f 3877 197 3879
f 3879 197 198
f 3879 198 199
f 3875 194 3877
f 3877 194 195
f 3877 195 196
f 186 187 4882
f 4882 187 188
f 4882 188 189
f 189 190 4882
f 4882 190 191
f 196 197 3877
f 199 200 3879
f 3883 4510 3873
f 3873 4510 4882
f 4558 4881 4557
f 4557 4881 4893
f 4557 4893 4556
f 4556 4893 4892
f 4556 4892 4555
f 4555 4892 4891
f 4555 4891 4554
f 4554 4891 4890
f 4554 4890 4553
f 4553 4890 4889
f 4553 4889 4552
f 4552 4889 4888
f 4552 4888 4551
f 4551 4888 4887
f 4551 4887 4550
f 4550 4887 4886
f 4550 4886 4549
f 4549 4886 4885
f 4549 4885 4548
f 4548 4885 4884
f 4548 4884 4547
f 4547 4884 4883
f 4547 4883 4510
f 4510 4883 4882
f 4533 4880 4534
f 4534 4880 4879
f 4534 4879 4535
f 4535 4879 4878
f 4535 4878 4536
f 4536 4878 4877
f 4536 4877 4537
f 4537 4877 4876
f 4537 4876 4538
f 4538 4876 4875
f 4538 4875 4539
f 4539 4875 4874
f 4539 4874 4540
f 4540 4874 4873
f 4540 4873 4541
f 4541 4873 4872
f 4541 4872 4542
f 4542 4872 4871
f 4542 4871 4543
f 4543 4871 4870
f 4543 4870 4544
f 4544 4870 4869
f 4544 4869 4545
f 4545 4869 4868
# 9798 faces, 0 coords texture

# End of File
