####
#
# OBJ File Generated by Meshlab
#
####
# Object nozzle.obj
#
# Vertices: 9501
# Faces: 19086
#
####
v -791.8865967 -228.0174103 -3.4831238
v -791.8969727 -228.3774872 -3.4831238
v -791.9280396 -228.7363586 -3.4831238
v -791.9797974 -229.0928497 -3.4831238
v -792.0520020 -229.4457703 -3.4831238
v -792.1443481 -229.7939453 -3.4831238
v -792.2566528 -230.1362152 -3.4831238
v -792.3884888 -230.4714508 -3.4831238
v -792.5394287 -230.7985229 -3.4831238
v -792.7089844 -231.1163635 -3.4831238
v -792.8965454 -231.4239197 -3.4831238
v -793.1015015 -231.7201538 -3.4831238
v -793.3231812 -232.0040894 -3.4831238
v -793.5608521 -232.2747803 -3.4831238
v -793.8137207 -232.5313110 -3.4831238
v -794.0809937 -232.7728729 -3.4831238
v -794.3616333 -232.9986267 -3.4831238
v -794.6549072 -233.2078247 -3.4831238
v -794.9597168 -233.3997955 -3.4831238
v -795.2750854 -233.5738831 -3.4831238
v -795.5999756 -233.7295074 -3.4831238
v -795.9332886 -233.8661499 -3.4831238
v -796.2738647 -233.9833832 -3.4831238
v -796.6206665 -234.0807800 -3.4831238
v -796.9725342 -234.1580505 -3.4831238
v -797.3282471 -234.2149048 -3.4831238
v -797.6865845 -234.2511902 -3.4831238
v -798.0465088 -234.2667542 -3.4831238
v -798.4066772 -234.2615662 -3.4831238
v -798.7659912 -234.2356262 -3.4831238
v -799.1232300 -234.1890411 -3.4831238
v -799.4771118 -234.1219482 -3.4831238
v -799.8265991 -234.0345764 -3.4831238
v -800.1704712 -233.9272156 -3.4831238
v -800.5075073 -233.8002319 -3.4831238
v -800.8367310 -233.6540375 -3.4831238
v -801.1570435 -233.4891052 -3.4831238
v -801.4672241 -233.3059998 -3.4831238
v -801.7664185 -233.1053467 -3.4831238
v -802.0534668 -232.8877716 -3.4831238
v -802.3275757 -232.6540222 -3.4831238
v -802.5877075 -232.4048615 -3.4831238
v -802.8330688 -232.1411438 -3.4831238
v -803.0628662 -231.8637085 -3.4831238
v -803.2763062 -231.5735168 -3.4831238
v -803.4725952 -231.2714996 -3.4831238
v -803.6512451 -230.9586792 -3.4831238
v -803.8115234 -230.6360779 -3.4831238
v -803.9529419 -230.3047791 -3.4831238
v -804.0750732 -229.9658813 -3.4831238
v -804.1774902 -229.6205139 -3.4831238
v -804.2598267 -229.2698364 -3.4831238
v -804.3217773 -228.9149780 -3.4831238
v -804.3632202 -228.5571442 -3.4831238
v -804.3839722 -228.1975250 -3.4831238
v -804.3839722 -227.8372955 -3.4831238
v -804.3632202 -227.4776611 -3.4831238
v -804.3217773 -227.1198425 -3.4831238
v -804.2598267 -226.7649841 -3.4831238
v -804.1774902 -226.4142914 -3.4831238
v -804.0750732 -226.0689240 -3.4831238
v -803.9529419 -225.7300415 -3.4831238
v -803.8115234 -225.3987427 -3.4831238
v -803.6512451 -225.0761414 -3.4831238
v -803.4725952 -224.7633209 -3.4831238
v -803.2763062 -224.4613037 -3.4831238
v -803.0628662 -224.1710968 -3.4831238
v -802.8330688 -223.8936768 -3.4831238
v -802.5877075 -223.6299438 -3.4831238
v -802.3275757 -223.3807983 -3.4831238
v -802.0534668 -223.1470490 -3.4831238
v -801.7664185 -222.9294739 -3.4831238
v -801.4672241 -222.7288055 -3.4831238
v -801.1570435 -222.5457001 -3.4831238
v -800.8367310 -222.3807831 -3.4831238
v -800.5075073 -222.2345886 -3.4831238
v -800.1704712 -222.1075897 -3.4831238
v -799.8265991 -222.0002289 -3.4831238
v -799.4771118 -221.9128571 -3.4831238
v -799.1232300 -221.8457642 -3.4831238
v -798.7659912 -221.7991791 -3.4831238
v -798.4066772 -221.7732544 -3.4831238
v -798.0465088 -221.7680511 -3.4831238
v -797.6865845 -221.7836304 -3.4831238
v -797.3282471 -221.8199005 -3.4831238
v -796.9725342 -221.8767700 -3.4831238
v -796.6206665 -221.9540253 -3.4831238
v -796.2738647 -222.0514374 -3.4831238
v -795.9332886 -222.1686554 -3.4831238
v -795.5999756 -222.3053131 -3.4831238
v -795.2750854 -222.4609375 -3.4831238
v -794.9597168 -222.6350250 -3.4831238
v -794.6549072 -222.8269806 -3.4831238
v -794.3616333 -223.0361938 -3.4831238
v -794.0809937 -223.2619476 -3.4831238
v -793.8137207 -223.5034943 -3.4831238
v -793.5608521 -223.7600403 -3.4831238
v -793.3231812 -224.0307312 -3.4831238
v -793.1015015 -224.3146667 -3.4831238
v -792.8965454 -224.6109009 -3.4831238
v -792.7089844 -224.9184418 -3.4831238
v -792.5394287 -225.2362823 -3.4831238
v -792.3884888 -225.5633698 -3.4831238
v -792.2566528 -225.8986053 -3.4831238
v -792.1443481 -226.2408752 -3.4831238
v -792.0520020 -226.5890503 -3.4831238
v -791.9797974 -226.9419556 -3.4831238
v -791.9280396 -227.2984619 -3.4831238
v -791.8969727 -227.6573334 -3.4831238
v -794.6365967 -228.0174103 -3.4831238
v -794.6468506 -227.7494812 -3.4831238
v -794.6776123 -227.4831390 -3.4831238
v -794.7286377 -227.2199249 -3.4831238
v -794.7996826 -226.9613800 -3.4831238
v -794.8903198 -226.7090454 -3.4831238
v -795.0000000 -226.4643860 -3.4831238
v -795.1281128 -226.2288361 -3.4831238
v -795.2738647 -226.0037842 -3.4831238
v -795.4363403 -225.7905579 -3.4831238
v -795.6147461 -225.5903931 -3.4831238
v -795.8079224 -225.4044800 -3.4831238
v -796.0147705 -225.2338867 -3.4831238
v -796.2340698 -225.0796204 -3.4831238
v -796.4645386 -224.9426117 -3.4831238
v -796.7048340 -224.8236389 -3.4831238
v -796.9535522 -224.7234192 -3.4831238
v -797.2091675 -224.6425171 -3.4831238
v -797.4702148 -224.5814209 -3.4831238
v -797.7351685 -224.5404968 -3.4831238
v -798.0025024 -224.5199738 -3.4831238
v -798.2706299 -224.5199738 -3.4831238
v -798.5379639 -224.5404968 -3.4831238
v -798.8029175 -224.5814209 -3.4831238
v -799.0640259 -224.6425171 -3.4831238
v -799.3196411 -224.7234192 -3.4831238
v -799.5682983 -224.8236389 -3.4831238
v -799.8085938 -224.9426117 -3.4831238
v -800.0390625 -225.0796204 -3.4831238
v -800.2583618 -225.2338867 -3.4831238
v -800.4652100 -225.4044800 -3.4831238
v -800.6583862 -225.5903931 -3.4831238
v -800.8367920 -225.7905579 -3.4831238
v -800.9993286 -226.0037842 -3.4831238
v -801.1450806 -226.2288361 -3.4831238
v -801.2731323 -226.4643860 -3.4831238
v -801.3828735 -226.7090454 -3.4831238
v -801.4734497 -226.9613800 -3.4831238
v -801.5444946 -227.2199249 -3.4831238
v -801.5955200 -227.4831390 -3.4831238
v -801.6262817 -227.7494812 -3.4831238
v -801.6365967 -228.0174103 -3.4831238
v -801.6262817 -228.2853241 -3.4831238
v -801.5955200 -228.5516815 -3.4831238
v -801.5444946 -228.8148956 -3.4831238
v -801.4734497 -229.0734253 -3.4831238
v -801.3828735 -229.3257751 -3.4831238
v -801.2731323 -229.5704346 -3.4831238
v -801.1450806 -229.8059692 -3.4831238
v -800.9993286 -230.0310211 -3.4831238
v -800.8367920 -230.2442627 -3.4831238
v -800.6583862 -230.4444275 -3.4831238
v -800.4652100 -230.6303406 -3.4831238
v -800.2583618 -230.8009338 -3.4831238
v -800.0390625 -230.9551849 -3.4831238
v -799.8085938 -231.0921936 -3.4831238
v -799.5682983 -231.2111664 -3.4831238
v -799.3196411 -231.3114014 -3.4831238
v -799.0640259 -231.3923035 -3.4831238
v -798.8029175 -231.4533844 -3.4831238
v -798.5379639 -231.4943237 -3.4831238
v -798.2706299 -231.5148315 -3.4831238
v -798.0025024 -231.5148315 -3.4831238
v -797.7351685 -231.4943237 -3.4831238
v -797.4702148 -231.4533844 -3.4831238
v -797.2091675 -231.3923035 -3.4831238
v -796.9535522 -231.3114014 -3.4831238
v -796.7048340 -231.2111664 -3.4831238
v -796.4645386 -231.0921936 -3.4831238
v -796.2340698 -230.9551849 -3.4831238
v -796.0147705 -230.8009338 -3.4831238
v -795.8079224 -230.6303406 -3.4831238
v -795.6147461 -230.4444275 -3.4831238
v -795.4363403 -230.2442627 -3.4831238
v -795.2738647 -230.0310211 -3.4831238
v -795.1281128 -229.8059692 -3.4831238
v -795.0000000 -229.5704346 -3.4831238
v -794.8903198 -229.3257751 -3.4831238
v -794.7996826 -229.0734253 -3.4831238
v -794.7286377 -228.8148956 -3.4831238
v -794.6776123 -228.5516815 -3.4831238
v -794.6468506 -228.2853241 -3.4831238
v -791.8865967 -228.0174103 -1.9831238
v -791.8969727 -228.3774872 -1.9831238
v -791.9280396 -228.7363586 -1.9831238
v -791.9797974 -229.0928497 -1.9831238
v -792.0520020 -229.4457703 -1.9831238
v -792.1443481 -229.7939453 -1.9831238
v -792.2566528 -230.1362152 -1.9831238
v -792.3884888 -230.4714508 -1.9831238
v -792.5394287 -230.7985229 -1.9831238
v -792.7089844 -231.1163635 -1.9831238
v -792.8965454 -231.4239197 -1.9831238
v -793.1015015 -231.7201538 -1.9831238
v -793.3231812 -232.0040894 -1.9831238
v -793.5608521 -232.2747803 -1.9831238
v -793.8137207 -232.5313110 -1.9831238
v -794.0809937 -232.7728729 -1.9831238
v -794.3616333 -232.9986267 -1.9831238
v -794.6549072 -233.2078247 -1.9831238
v -794.9597168 -233.3997955 -1.9831238
v -795.2750854 -233.5738831 -1.9831238
v -795.5999756 -233.7295074 -1.9831238
v -795.9332886 -233.8661499 -1.9831238
v -796.2738647 -233.9833832 -1.9831238
v -796.6206665 -234.0807800 -1.9831238
v -796.9725342 -234.1580505 -1.9831238
v -797.3282471 -234.2149048 -1.9831238
v -797.6865845 -234.2511902 -1.9831238
v -798.0465088 -234.2667542 -1.9831238
v -798.4066772 -234.2615662 -1.9831238
v -798.7659912 -234.2356262 -1.9831238
v -799.1232300 -234.1890411 -1.9831238
v -799.4771118 -234.1219482 -1.9831238
v -799.8265991 -234.0345764 -1.9831238
v -800.1704712 -233.9272156 -1.9831238
v -800.5075073 -233.8002319 -1.9831238
v -800.8367310 -233.6540375 -1.9831238
v -801.1570435 -233.4891052 -1.9831238
v -801.4672241 -233.3059998 -1.9831238
v -801.7664185 -233.1053467 -1.9831238
v -802.0534668 -232.8877716 -1.9831238
v -802.3275757 -232.6540222 -1.9831238
v -802.5877075 -232.4048615 -1.9831238
v -802.8330688 -232.1411438 -1.9831238
v -803.0628662 -231.8637085 -1.9831238
v -803.2763062 -231.5735168 -1.9831238
v -803.4725952 -231.2714996 -1.9831238
v -803.6512451 -230.9586792 -1.9831238
v -803.8115234 -230.6360779 -1.9831238
v -803.9529419 -230.3047791 -1.9831238
v -804.0750732 -229.9658813 -1.9831238
v -804.1774902 -229.6205139 -1.9831238
v -804.2598267 -229.2698364 -1.9831238
v -804.3217773 -228.9149780 -1.9831238
v -804.3632202 -228.5571442 -1.9831238
v -804.3839722 -228.1975250 -1.9831238
v -804.3839722 -227.8372955 -1.9831238
v -804.3632202 -227.4776611 -1.9831238
v -804.3217773 -227.1198425 -1.9831238
v -804.2598267 -226.7649841 -1.9831238
v -804.1774902 -226.4142914 -1.9831238
v -804.0750732 -226.0689240 -1.9831238
v -803.9529419 -225.7300415 -1.9831238
v -803.8115234 -225.3987427 -1.9831238
v -803.6512451 -225.0761414 -1.9831238
v -803.4725952 -224.7633209 -1.9831238
v -803.2763062 -224.4613037 -1.9831238
v -803.0628662 -224.1710968 -1.9831238
v -802.8330688 -223.8936768 -1.9831238
v -802.5877075 -223.6299438 -1.9831238
v -802.3275757 -223.3807983 -1.9831238
v -802.0534668 -223.1470490 -1.9831238
v -801.7664185 -222.9294739 -1.9831238
v -801.4672241 -222.7288055 -1.9831238
v -801.1570435 -222.5457001 -1.9831238
v -800.8367310 -222.3807831 -1.9831238
v -800.5075073 -222.2345886 -1.9831238
v -800.1704712 -222.1075897 -1.9831238
v -799.8265991 -222.0002289 -1.9831238
v -799.4771118 -221.9128571 -1.9831238
v -799.1232300 -221.8457642 -1.9831238
v -798.7659912 -221.7991791 -1.9831238
v -798.4066772 -221.7732544 -1.9831238
v -798.0465088 -221.7680511 -1.9831238
v -797.6865845 -221.7836304 -1.9831238
v -797.3282471 -221.8199005 -1.9831238
v -796.9725342 -221.8767700 -1.9831238
v -796.6206665 -221.9540253 -1.9831238
v -796.2738647 -222.0514374 -1.9831238
v -795.9332886 -222.1686554 -1.9831238
v -795.5999756 -222.3053131 -1.9831238
v -795.2750854 -222.4609375 -1.9831238
v -794.9597168 -222.6350250 -1.9831238
v -794.6549072 -222.8269806 -1.9831238
v -794.3616333 -223.0361938 -1.9831238
v -794.0809937 -223.2619476 -1.9831238
v -793.8137207 -223.5034943 -1.9831238
v -793.5608521 -223.7600403 -1.9831238
v -793.3231812 -224.0307312 -1.9831238
v -793.1015015 -224.3146667 -1.9831238
v -792.8965454 -224.6109009 -1.9831238
v -792.7089844 -224.9184418 -1.9831238
v -792.5394287 -225.2362823 -1.9831238
v -792.3884888 -225.5633698 -1.9831238
v -792.2566528 -225.8986053 -1.9831238
v -792.1443481 -226.2408752 -1.9831238
v -792.0520020 -226.5890503 -1.9831238
v -791.9797974 -226.9419556 -1.9831238
v -791.9280396 -227.2984619 -1.9831238
v -791.8969727 -227.6573334 -1.9831238
v -794.6365356 -228.0173950 -84.9831238
v -794.6468506 -227.7494812 -84.9831238
v -794.6775513 -227.4831238 -84.9831238
v -794.7286377 -227.2199097 -84.9831238
v -794.7996826 -226.9613800 -84.9831238
v -794.8903198 -226.7090454 -84.9831238
v -795.0000000 -226.4643860 -84.9831238
v -795.1281128 -226.2288361 -84.9831238
v -795.2738037 -226.0037842 -84.9831238
v -795.4363403 -225.7905579 -84.9831238
v -795.6147461 -225.5903931 -84.9831238
v -795.8079224 -225.4044647 -84.9831238
v -796.0147705 -225.2338867 -84.9831238
v -796.2340698 -225.0796204 -84.9831238
v -796.4645386 -224.9426117 -84.9831238
v -796.7048340 -224.8236389 -84.9831238
v -796.9535522 -224.7234192 -84.9831238
v -797.2091675 -224.6425171 -84.9831238
v -797.4702148 -224.5814209 -84.9831238
v -797.7351685 -224.5404968 -84.9831238
v -798.0025024 -224.5199738 -84.9831238
v -798.2706299 -224.5199738 -84.9831238
v -798.5379639 -224.5404968 -84.9831238
v -798.8029175 -224.5814209 -84.9831238
v -799.0640259 -224.6425171 -84.9831238
v -799.3196411 -224.7234192 -84.9831238
v -799.5682983 -224.8236389 -84.9831238
v -799.8085938 -224.9426117 -84.9831238
v -800.0390625 -225.0796204 -84.9831238
v -800.2583618 -225.2338867 -84.9831238
v -800.4652100 -225.4044647 -84.9831238
v -800.6583862 -225.5903931 -84.9831238
v -800.8367920 -225.7905579 -84.9831238
v -800.9993286 -226.0037842 -84.9831238
v -801.1450806 -226.2288361 -84.9831238
v -801.2731323 -226.4643860 -84.9831238
v -801.3828125 -226.7090454 -84.9831238
v -801.4734497 -226.9613800 -84.9831238
v -801.5444946 -227.2199097 -84.9831238
v -801.5955200 -227.4831238 -84.9831238
v -801.6262817 -227.7494812 -84.9831238
v -801.6365356 -228.0173950 -84.9831238
v -801.6262817 -228.2853241 -84.9831238
v -801.5955200 -228.5516663 -84.9831238
v -801.5444946 -228.8148956 -84.9831238
v -801.4734497 -229.0734253 -84.9831238
v -801.3828125 -229.3257599 -84.9831238
v -801.2731323 -229.5704193 -84.9831238
v -801.1450806 -229.8059692 -84.9831238
v -800.9993286 -230.0310211 -84.9831238
v -800.8367920 -230.2442627 -84.9831238
v -800.6583862 -230.4444275 -84.9831238
v -800.4652100 -230.6303406 -84.9831238
v -800.2583618 -230.8009338 -84.9831238
v -800.0390625 -230.9551849 -84.9831238
v -799.8085938 -231.0921936 -84.9831238
v -799.5682983 -231.2111664 -84.9831238
v -799.3196411 -231.3114014 -84.9831238
v -799.0640259 -231.3922882 -84.9831238
v -798.8029175 -231.4533844 -84.9831238
v -798.5379639 -231.4943085 -84.9831238
v -798.2706299 -231.5148315 -84.9831238
v -798.0025024 -231.5148315 -84.9831238
v -797.7351685 -231.4943085 -84.9831238
v -797.4702148 -231.4533844 -84.9831238
v -797.2091675 -231.3922882 -84.9831238
v -796.9535522 -231.3114014 -84.9831238
v -796.7048340 -231.2111664 -84.9831238
v -796.4645386 -231.0921936 -84.9831238
v -796.2340698 -230.9551849 -84.9831238
v -796.0147705 -230.8009338 -84.9831238
v -795.8079224 -230.6303406 -84.9831238
v -795.6147461 -230.4444275 -84.9831238
v -795.4363403 -230.2442627 -84.9831238
v -795.2738037 -230.0310211 -84.9831238
v -795.1281128 -229.8059692 -84.9831238
v -795.0000000 -229.5704193 -84.9831238
v -794.8903198 -229.3257599 -84.9831238
v -794.7996826 -229.0734253 -84.9831238
v -794.7286377 -228.8148956 -84.9831238
v -794.6775513 -228.5516663 -84.9831238
v -794.6468506 -228.2853241 -84.9831238
v -794.6365356 -228.0173950 -79.1616821
v -794.6365356 -228.0173950 -73.3402710
v -794.6365356 -228.0173950 -67.5188293
v -794.6365356 -228.0173950 -61.6973877
v -794.6365356 -228.0173950 -55.8759766
v -794.6365356 -228.0174103 -50.0545654
v -794.6365356 -228.0174103 -44.2331238
v -794.6365356 -228.0174103 -38.4116821
v -794.6365356 -228.0174103 -32.5902710
v -794.6365356 -228.0174103 -26.7688293
v -794.6365356 -228.0174103 -20.9473877
v -794.6365356 -228.0174103 -15.1259766
v -794.6365356 -228.0174103 -9.3045654
v -794.6470947 -227.7461853 -79.1616821
v -794.6470947 -227.7461853 -73.3402710
v -794.6470947 -227.7461853 -67.5188293
v -794.6470947 -227.7461853 -61.6973877
v -794.6470947 -227.7461853 -55.8759766
v -794.6470947 -227.7461853 -50.0545654
v -794.6470947 -227.7461853 -44.2331238
v -794.6470947 -227.7461853 -38.4116821
v -794.6470947 -227.7461853 -32.5902710
v -794.6470947 -227.7461853 -26.7688293
v -794.6470947 -227.7461853 -20.9473877
v -794.6470947 -227.7461853 -15.1259766
v -794.6470947 -227.7461853 -9.3045654
v -794.6785889 -227.4765930 -79.1616821
v -794.6785889 -227.4765930 -73.3402710
v -794.6785889 -227.4765930 -67.5188293
v -794.6786499 -227.4765930 -61.6973877
v -794.6786499 -227.4765930 -55.8759766
v -794.6786499 -227.4765930 -50.0545654
v -794.6786499 -227.4765930 -44.2331238
v -794.6786499 -227.4765930 -38.4116821
v -794.6786499 -227.4765930 -32.5902710
v -794.6786499 -227.4765930 -26.7688293
v -794.6786499 -227.4765930 -20.9473877
v -794.6786499 -227.4765930 -15.1259766
v -794.6786499 -227.4765930 -9.3045654
v -794.7308960 -227.2102509 -79.1616821
v -794.7308960 -227.2102509 -73.3402710
v -794.7308960 -227.2102509 -67.5188293
v -794.7308960 -227.2102509 -61.6973877
v -794.7308960 -227.2102509 -55.8759766
v -794.7308960 -227.2102509 -50.0545654
v -794.7308960 -227.2102509 -44.2331238
v -794.7308960 -227.2102509 -38.4116821
v -794.7308960 -227.2102509 -32.5902710
v -794.7308960 -227.2102509 -26.7688293
v -794.7308960 -227.2102509 -20.9473877
v -794.7308960 -227.2102509 -15.1259766
v -794.7308960 -227.2102509 -9.3045654
v -794.8037109 -226.9487610 -79.1616821
v -794.8037109 -226.9487610 -73.3402710
v -794.8037109 -226.9487610 -67.5188293
v -794.8037109 -226.9487610 -61.6973877
v -794.8037109 -226.9487610 -55.8759766
v -794.8037109 -226.9487610 -50.0545654
v -794.8037109 -226.9487610 -44.2331238
v -794.8037109 -226.9487610 -38.4116821
v -794.8037109 -226.9487610 -32.5902710
v -794.8037109 -226.9487610 -26.7688293
v -794.8037109 -226.9487610 -20.9473877
v -794.8037109 -226.9487610 -15.1259766
v -794.8037109 -226.9487610 -9.3045654
v -794.8965454 -226.6936951 -79.1616821
v -794.8965454 -226.6936951 -73.3402710
v -794.8965454 -226.6936951 -67.5188293
v -794.8965454 -226.6936951 -61.6973877
v -794.8965454 -226.6936951 -55.8759766
v -794.8965454 -226.6937103 -50.0545654
v -794.8965454 -226.6937103 -44.2331238
v -794.8965454 -226.6937103 -38.4116821
v -794.8965454 -226.6937103 -32.5902710
v -794.8965454 -226.6937103 -26.7688293
v -794.8965454 -226.6937103 -20.9473877
v -794.8965454 -226.6937103 -15.1259766
v -794.8965454 -226.6937103 -9.3045654
v -795.0088501 -226.4466095 -79.1616821
v -795.0088501 -226.4466095 -73.3402710
v -795.0088501 -226.4466095 -67.5188293
v -795.0088501 -226.4466095 -61.6973877
v -795.0088501 -226.4466095 -55.8759766
v -795.0088501 -226.4466095 -50.0545654
v -795.0088501 -226.4466095 -44.2331238
v -795.0088501 -226.4466095 -38.4116821
v -795.0088501 -226.4466095 -32.5902710
v -795.0088501 -226.4466095 -26.7688293
v -795.0088501 -226.4466095 -20.9473877
v -795.0088501 -226.4466095 -15.1259766
v -795.0088501 -226.4466095 -9.3045654
v -795.1399536 -226.2089539 -79.1616821
v -795.1399536 -226.2089539 -73.3402710
v -795.1399536 -226.2089539 -67.5188293
v -795.1399536 -226.2089539 -61.6973877
v -795.1399536 -226.2089539 -55.8759766
v -795.1399536 -226.2089539 -50.0545654
v -795.1399536 -226.2089539 -44.2331238
v -795.1399536 -226.2089539 -38.4116821
v -795.1399536 -226.2089539 -32.5902710
v -795.1399536 -226.2089539 -26.7688293
v -795.1399536 -226.2089539 -20.9473877
v -795.1399536 -226.2089539 -15.1259766
v -795.1399536 -226.2089539 -9.3045654
v -795.2891235 -225.9821777 -79.1616821
v -795.2891235 -225.9821777 -73.3402710
v -795.2891235 -225.9821777 -67.5188293
v -795.2891235 -225.9821777 -61.6973877
v -795.2891235 -225.9821777 -55.8759766
v -795.2891235 -225.9821777 -50.0545654
v -795.2891235 -225.9821777 -44.2331238
v -795.2891235 -225.9821777 -38.4116821
v -795.2891235 -225.9821777 -32.5902710
v -795.2891235 -225.9821777 -26.7688293
v -795.2891235 -225.9821777 -20.9473877
v -795.2891235 -225.9821777 -15.1259766
v -795.2891235 -225.9821777 -9.3045654
v -795.4553833 -225.7676392 -79.1616821
v -795.4553833 -225.7676392 -73.3402710
v -795.4553833 -225.7676392 -67.5188293
v -795.4553833 -225.7676392 -61.6973877
v -795.4553833 -225.7676392 -55.8759766
v -795.4553833 -225.7676544 -50.0545654
v -795.4553833 -225.7676544 -44.2331238
v -795.4553833 -225.7676544 -38.4116821
v -795.4553833 -225.7676544 -32.5902710
v -795.4553833 -225.7676544 -26.7688293
v -795.4553833 -225.7676544 -20.9473877
v -795.4553833 -225.7676544 -15.1259766
v -795.4553833 -225.7676544 -9.3045654
v -795.6378174 -225.5666504 -79.1616821
v -795.6378174 -225.5666504 -73.3402710
v -795.6378174 -225.5666504 -67.5188293
v -795.6378174 -225.5666504 -61.6973877
v -795.6378174 -225.5666504 -55.8759766
v -795.6378174 -225.5666504 -50.0545654
v -795.6378174 -225.5666504 -44.2331238
v -795.6378174 -225.5666504 -38.4116821
v -795.6378174 -225.5666504 -32.5902710
v -795.6378174 -225.5666504 -26.7688293
v -795.6378174 -225.5666504 -20.9473877
v -795.6378174 -225.5666504 -15.1259766
v -795.6378174 -225.5666504 -9.3045654
v -795.8352661 -225.3803711 -79.1616821
v -795.8352661 -225.3803711 -73.3402710
v -795.8352661 -225.3803711 -67.5188293
v -795.8352661 -225.3803711 -61.6973877
v -795.8352661 -225.3803711 -55.8759766
v -795.8352661 -225.3803864 -50.0545654
v -795.8352661 -225.3803864 -44.2331238
v -795.8352661 -225.3803864 -38.4116821
v -795.8352661 -225.3803864 -32.5902710
v -795.8352661 -225.3803864 -26.7688293
v -795.8352661 -225.3803864 -20.9473877
v -795.8352661 -225.3803864 -15.1259766
v -795.8352661 -225.3803864 -9.3045654
v -796.0465088 -225.2099762 -79.1616821
v -796.0465088 -225.2099762 -73.3402710
v -796.0465088 -225.2099762 -67.5188293
v -796.0465088 -225.2099762 -61.6973877
v -796.0465088 -225.2099762 -55.8759766
v -796.0465088 -225.2099762 -50.0545654
v -796.0465088 -225.2099762 -44.2331238
v -796.0465088 -225.2099762 -38.4116821
v -796.0465088 -225.2099762 -32.5902710
v -796.0465088 -225.2099762 -26.7688293
v -796.0465088 -225.2099762 -20.9473877
v -796.0465088 -225.2099762 -15.1259766
v -796.0465088 -225.2099762 -9.3045654
v -796.2703247 -225.0564575 -79.1616821
v -796.2703247 -225.0564575 -73.3402710
v -796.2703247 -225.0564575 -67.5188293
v -796.2703247 -225.0564575 -61.6973877
v -796.2703247 -225.0564575 -55.8759766
v -796.2703247 -225.0564575 -50.0545654
v -796.2703247 -225.0564575 -44.2331238
v -796.2703247 -225.0564575 -38.4116821
v -796.2703247 -225.0564575 -32.5902710
v -796.2703247 -225.0564575 -26.7688293
v -796.2703247 -225.0564575 -20.9473877
v -796.2703247 -225.0564575 -15.1259766
v -796.2703247 -225.0564575 -9.3045654
v -796.5054321 -224.9207458 -79.1616821
v -796.5054321 -224.9207458 -73.3402710
v -796.5054321 -224.9207458 -67.5188293
v -796.5054321 -224.9207458 -61.6973877
v -796.5054321 -224.9207458 -55.8759766
v -796.5054321 -224.9207458 -50.0545654
v -796.5054321 -224.9207458 -44.2331238
v -796.5054321 -224.9207458 -38.4116821
v -796.5054321 -224.9207458 -32.5902710
v -796.5054321 -224.9207458 -26.7688293
v -796.5054321 -224.9207458 -20.9473877
v -796.5054321 -224.9207458 -15.1259766
v -796.5054321 -224.9207458 -9.3045654
v -796.7503052 -224.8036499 -79.1616821
v -796.7503052 -224.8036499 -73.3402710
v -796.7503052 -224.8036499 -67.5188293
v -796.7503052 -224.8036499 -61.6973877
v -796.7503052 -224.8036499 -55.8759766
v -796.7503052 -224.8036499 -50.0545654
v -796.7503052 -224.8036499 -44.2331238
v -796.7503052 -224.8036499 -38.4116821
v -796.7503052 -224.8036499 -32.5902710
v -796.7503052 -224.8036499 -26.7688293
v -796.7503052 -224.8036499 -20.9473877
v -796.7503052 -224.8036499 -15.1259766
v -796.7503052 -224.8036499 -9.3045654
v -797.0034790 -224.7058868 -79.1616821
v -797.0034790 -224.7058868 -73.3402710
v -797.0034790 -224.7058868 -67.5188293
v -797.0034790 -224.7058868 -61.6973877
v -797.0034790 -224.7058868 -55.8759766
v -797.0034790 -224.7058868 -50.0545654
v -797.0034790 -224.7058868 -44.2331238
v -797.0034790 -224.7058868 -38.4116821
v -797.0034790 -224.7058868 -32.5902710
v -797.0034790 -224.7058868 -26.7688293
v -797.0034790 -224.7058868 -20.9473877
v -797.0034790 -224.7058868 -15.1259766
v -797.0034790 -224.7058868 -9.3045654
v -797.2634888 -224.6280365 -79.1616821
v -797.2634888 -224.6280365 -73.3402710
v -797.2634888 -224.6280365 -67.5188293
v -797.2634888 -224.6280365 -61.6973877
v -797.2634888 -224.6280365 -55.8759766
v -797.2634888 -224.6280365 -50.0545654
v -797.2634888 -224.6280365 -44.2331238
v -797.2635498 -224.6280365 -38.4116821
v -797.2635498 -224.6280365 -32.5902710
v -797.2635498 -224.6280365 -26.7688293
v -797.2635498 -224.6280365 -20.9473877
v -797.2635498 -224.6280365 -15.1259766
v -797.2635498 -224.6280365 -9.3045654
v -797.5288086 -224.5705872 -79.1616821
v -797.5288086 -224.5705872 -73.3402710
v -797.5288086 -224.5705872 -67.5188293
v -797.5288086 -224.5705872 -61.6973877
v -797.5288086 -224.5705872 -55.8759766
v -797.5288086 -224.5705872 -50.0545654
v -797.5288086 -224.5705872 -44.2331238
v -797.5288086 -224.5705872 -38.4116821
v -797.5288086 -224.5705872 -32.5902710
v -797.5288086 -224.5705872 -26.7688293
v -797.5288086 -224.5705872 -20.9473877
v -797.5288086 -224.5705872 -15.1259766
v -797.5288086 -224.5705872 -9.3045654
v -797.7977295 -224.5338440 -79.1616821
v -797.7977295 -224.5338440 -73.3402710
v -797.7977295 -224.5338440 -67.5188293
v -797.7977295 -224.5338440 -61.6973877
v -797.7977295 -224.5338440 -55.8759766
v -797.7977295 -224.5338440 -50.0545654
v -797.7977295 -224.5338440 -44.2331238
v -797.7977295 -224.5338440 -38.4116821
v -797.7977295 -224.5338440 -32.5902710
v -797.7977295 -224.5338440 -26.7688293
v -797.7977295 -224.5338440 -20.9473877
v -797.7977295 -224.5338440 -15.1259766
v -797.7977295 -224.5338440 -9.3045654
v -798.0686646 -224.5180664 -79.1616821
v -798.0686646 -224.5180664 -73.3402710
v -798.0686646 -224.5180664 -67.5188293
v -798.0686646 -224.5180664 -61.6973877
v -798.0686646 -224.5180664 -55.8759766
v -798.0686646 -224.5180664 -50.0545654
v -798.0686646 -224.5180664 -44.2331238
v -798.0686646 -224.5180664 -38.4116821
v -798.0686646 -224.5180664 -32.5902710
v -798.0687256 -224.5180664 -26.7688293
v -798.0687256 -224.5180664 -20.9473877
v -798.0687256 -224.5180664 -15.1259766
v -798.0687256 -224.5180664 -9.3045654
v -798.3400879 -224.5233154 -79.1616821
v -798.3400879 -224.5233154 -73.3402710
v -798.3400879 -224.5233154 -67.5188293
v -798.3400879 -224.5233154 -61.6973877
v -798.3400879 -224.5233154 -55.8759766
v -798.3400879 -224.5233307 -50.0545654
v -798.3400879 -224.5233307 -44.2331238
v -798.3400879 -224.5233307 -38.4116821
v -798.3400879 -224.5233307 -32.5902710
v -798.3400879 -224.5233307 -26.7688293
v -798.3400879 -224.5233307 -20.9473877
v -798.3400879 -224.5233307 -15.1259766
v -798.3400879 -224.5233307 -9.3045654
v -798.6102295 -224.5496063 -79.1616821
v -798.6102295 -224.5496063 -73.3402710
v -798.6102295 -224.5496063 -67.5188293
v -798.6102295 -224.5496063 -61.6973877
v -798.6102295 -224.5496063 -55.8759766
v -798.6102295 -224.5496063 -50.0545654
v -798.6102295 -224.5496063 -44.2331238
v -798.6102295 -224.5496063 -38.4116821
v -798.6102295 -224.5496063 -32.5902710
v -798.6102295 -224.5496063 -26.7688293
v -798.6102295 -224.5496063 -20.9473877
v -798.6102295 -224.5496063 -15.1259766
v -798.6102295 -224.5496063 -9.3045654
v -798.8775024 -224.5967407 -79.1616821
v -798.8775024 -224.5967407 -73.3402710
v -798.8775024 -224.5967407 -67.5188293
v -798.8775024 -224.5967407 -61.6973877
v -798.8775024 -224.5967407 -55.8759766
v -798.8775024 -224.5967407 -50.0545654
v -798.8775024 -224.5967407 -44.2331238
v -798.8775024 -224.5967407 -38.4116821
v -798.8775024 -224.5967407 -32.5902710
v -798.8775024 -224.5967407 -26.7688293
v -798.8775024 -224.5967407 -20.9473877
v -798.8775024 -224.5967407 -15.1259766
v -798.8775024 -224.5967407 -9.3045654
v -799.1403809 -224.6644440 -79.1616821
v -799.1403809 -224.6644440 -73.3402710
v -799.1403809 -224.6644440 -67.5188293
v -799.1403809 -224.6644440 -61.6973877
v -799.1403809 -224.6644440 -55.8759766
v -799.1403809 -224.6644440 -50.0545654
v -799.1403809 -224.6644440 -44.2331238
v -799.1403809 -224.6644440 -38.4116821
v -799.1403809 -224.6644440 -32.5902710
v -799.1403809 -224.6644440 -26.7688293
v -799.1403809 -224.6644440 -20.9473877
v -799.1403809 -224.6644440 -15.1259766
v -799.1403809 -224.6644440 -9.3045654
v -799.3971558 -224.7523193 -79.1616821
v -799.3971558 -224.7523193 -73.3402710
v -799.3971558 -224.7523193 -67.5188293
v -799.3971558 -224.7523193 -61.6973877
v -799.3971558 -224.7523193 -55.8759766
v -799.3971558 -224.7523193 -50.0545654
v -799.3971558 -224.7523193 -44.2331238
v -799.3971558 -224.7523193 -38.4116821
v -799.3971558 -224.7523193 -32.5902710
v -799.3972168 -224.7523193 -26.7688293
v -799.3972168 -224.7523193 -20.9473877
v -799.3972168 -224.7523193 -15.1259766
v -799.3972168 -224.7523193 -9.3045654
v -799.6464233 -224.8598175 -79.1616821
v -799.6464233 -224.8598175 -73.3402710
v -799.6464233 -224.8598175 -67.5188293
v -799.6464233 -224.8598175 -61.6973877
v -799.6464233 -224.8598175 -55.8759766
v -799.6464233 -224.8598175 -50.0545654
v -799.6464233 -224.8598175 -44.2331238
v -799.6464233 -224.8598175 -38.4116821
v -799.6464233 -224.8598175 -32.5902710
v -799.6464233 -224.8598175 -26.7688293
v -799.6464233 -224.8598175 -20.9473877
v -799.6464233 -224.8598175 -15.1259766
v -799.6464233 -224.8598175 -9.3045654
v -799.8865356 -224.9863129 -79.1616821
v -799.8865356 -224.9863129 -73.3402710
v -799.8865356 -224.9863129 -67.5188293
v -799.8865356 -224.9863129 -61.6973877
v -799.8865356 -224.9863129 -55.8759766
v -799.8865356 -224.9863129 -50.0545654
v -799.8865356 -224.9863129 -44.2331238
v -799.8865356 -224.9863129 -38.4116821
v -799.8865356 -224.9863129 -32.5902710
v -799.8865356 -224.9863129 -26.7688293
v -799.8865356 -224.9863129 -20.9473877
v -799.8865356 -224.9863129 -15.1259766
v -799.8865356 -224.9863129 -9.3045654
v -800.1162109 -225.1310425 -79.1616821
v -800.1162109 -225.1310425 -73.3402710
v -800.1162109 -225.1310425 -67.5188293
v -800.1162109 -225.1310425 -61.6973877
v -800.1162109 -225.1310425 -55.8759766
v -800.1162109 -225.1310425 -50.0545654
v -800.1162109 -225.1310425 -44.2331238
v -800.1162109 -225.1310425 -38.4116821
v -800.1162109 -225.1310425 -32.5902710
v -800.1162109 -225.1310425 -26.7688293
v -800.1162109 -225.1310425 -20.9473877
v -800.1162109 -225.1310425 -15.1259766
v -800.1162109 -225.1310425 -9.3045654
v -800.3339233 -225.2931213 -79.1616821
v -800.3339233 -225.2931213 -73.3402710
v -800.3339233 -225.2931213 -67.5188293
v -800.3339233 -225.2931213 -61.6973877
v -800.3339233 -225.2931213 -55.8759766
v -800.3339233 -225.2931366 -50.0545654
v -800.3339233 -225.2931366 -44.2331238
v -800.3339233 -225.2931366 -38.4116821
v -800.3339233 -225.2931366 -32.5902710
v -800.3339233 -225.2931366 -26.7688293
v -800.3339233 -225.2931366 -20.9473877
v -800.3339233 -225.2931366 -15.1259766
v -800.3339233 -225.2931366 -9.3045654
v -800.5383911 -225.4715881 -79.1616821
v -800.5383911 -225.4715881 -73.3402710
v -800.5383911 -225.4715881 -67.5188293
v -800.5383911 -225.4715881 -61.6973877
v -800.5383911 -225.4715881 -55.8759766
v -800.5383911 -225.4716034 -50.0545654
v -800.5383911 -225.4716034 -44.2331238
v -800.5383911 -225.4716034 -38.4116821
v -800.5383911 -225.4716034 -32.5902710
v -800.5383911 -225.4716034 -26.7688293
v -800.5383911 -225.4716034 -20.9473877
v -800.5383911 -225.4716034 -15.1259766
v -800.5383911 -225.4716034 -9.3045654
v -800.7284546 -225.6653748 -79.1616821
v -800.7284546 -225.6653748 -73.3402710
v -800.7284546 -225.6653748 -67.5188293
v -800.7284546 -225.6653748 -61.6973877
v -800.7284546 -225.6653748 -55.8759766
v -800.7284546 -225.6653748 -50.0545654
v -800.7284546 -225.6653748 -44.2331238
v -800.7284546 -225.6653748 -38.4116821
v -800.7284546 -225.6653748 -32.5902710
v -800.7284546 -225.6653748 -26.7688293
v -800.7284546 -225.6653748 -20.9473877
v -800.7284546 -225.6653748 -15.1259766
v -800.7284546 -225.6653748 -9.3045654
v -800.9029541 -225.8733063 -79.1616821
v -800.9029541 -225.8733063 -73.3402710
v -800.9029541 -225.8733063 -67.5188293
v -800.9029541 -225.8733063 -61.6973877
v -800.9029541 -225.8733063 -55.8759766
v -800.9029541 -225.8733063 -50.0545654
v -800.9029541 -225.8733063 -44.2331238
v -800.9029541 -225.8733063 -38.4116821
v -800.9029541 -225.8733063 -32.5902710
v -800.9029541 -225.8733063 -26.7688293
v -800.9029541 -225.8733063 -20.9473877
v -800.9029541 -225.8733063 -15.1259766
v -800.9029541 -225.8733063 -9.3045654
v -801.0607910 -226.0941162 -79.1616821
v -801.0607910 -226.0941162 -73.3402710
v -801.0607910 -226.0941162 -67.5188293
v -801.0607910 -226.0941162 -61.6973877
v -801.0607910 -226.0941162 -55.8759766
v -801.0607910 -226.0941315 -50.0545654
v -801.0607910 -226.0941315 -44.2331238
v -801.0607910 -226.0941315 -38.4116821
v -801.0607910 -226.0941315 -32.5902710
v -801.0607910 -226.0941315 -26.7688293
v -801.0607910 -226.0941315 -20.9473877
v -801.0607910 -226.0941315 -15.1259766
v -801.0607910 -226.0941315 -9.3045654
v -801.2009888 -226.3265076 -79.1616821
v -801.2009888 -226.3265076 -73.3402710
v -801.2009888 -226.3265076 -67.5188293
v -801.2009888 -226.3265076 -61.6973877
v -801.2009888 -226.3265076 -55.8759766
v -801.2009888 -226.3265076 -50.0545654
v -801.2009888 -226.3265076 -44.2331238
v -801.2009888 -226.3265076 -38.4116821
v -801.2009888 -226.3265076 -32.5902710
v -801.2009888 -226.3265076 -26.7688293
v -801.2009888 -226.3265076 -20.9473877
v -801.2009888 -226.3265076 -15.1259766
v -801.2010498 -226.3265076 -9.3045654
v -801.3228149 -226.5690613 -79.1616821
v -801.3228149 -226.5690613 -73.3402710
v -801.3228149 -226.5690613 -67.5188293
v -801.3228149 -226.5690613 -61.6973877
v -801.3228149 -226.5690613 -55.8759766
v -801.3228149 -226.5690765 -50.0545654
v -801.3228149 -226.5690765 -44.2331238
v -801.3228149 -226.5690765 -38.4116821
v -801.3228149 -226.5690765 -32.5902710
v -801.3228149 -226.5690765 -26.7688293
v -801.3228149 -226.5690765 -20.9473877
v -801.3228149 -226.5690765 -15.1259766
v -801.3228149 -226.5690765 -9.3045654
v -801.4254761 -226.8203430 -79.1616821
v -801.4254761 -226.8203430 -73.3402710
v -801.4254761 -226.8203430 -67.5188293
v -801.4254761 -226.8203430 -61.6973877
v -801.4254761 -226.8203430 -55.8759766
v -801.4254761 -226.8203430 -50.0545654
v -801.4254761 -226.8203430 -44.2331238
v -801.4254761 -226.8203430 -38.4116821
v -801.4254761 -226.8203430 -32.5902710
v -801.4254761 -226.8203430 -26.7688293
v -801.4254761 -226.8203430 -20.9473877
v -801.4254761 -226.8203430 -15.1259766
v -801.4254761 -226.8203430 -9.3045654
v -801.5083618 -227.0787964 -79.1616821
v -801.5083618 -227.0787964 -73.3402710
v -801.5083618 -227.0787964 -67.5188293
v -801.5083618 -227.0787964 -61.6973877
v -801.5083618 -227.0787964 -55.8759766
v -801.5083618 -227.0787964 -50.0545654
v -801.5083618 -227.0787964 -44.2331238
v -801.5083618 -227.0787964 -38.4116821
v -801.5083618 -227.0787964 -32.5902710
v -801.5083618 -227.0787964 -26.7688293
v -801.5083618 -227.0787964 -20.9473877
v -801.5083618 -227.0787964 -15.1259766
v -801.5083618 -227.0787964 -9.3045654
v -801.5709839 -227.3429108 -79.1616821
v -801.5709839 -227.3429108 -73.3402710
v -801.5709839 -227.3429108 -67.5188293
v -801.5709839 -227.3429108 -61.6973877
v -801.5709839 -227.3429108 -55.8759766
v -801.5709839 -227.3429108 -50.0545654
v -801.5709839 -227.3429108 -44.2331238
v -801.5709839 -227.3429108 -38.4116821
v -801.5709839 -227.3429108 -32.5902710
v -801.5709839 -227.3429108 -26.7688293
v -801.5709839 -227.3429108 -20.9473877
v -801.5709839 -227.3429108 -15.1259766
v -801.5709839 -227.3429108 -9.3045654
v -801.6129150 -227.6110840 -79.1616821
v -801.6129150 -227.6110840 -73.3402710
v -801.6129150 -227.6110840 -67.5188293
v -801.6129150 -227.6110840 -61.6973877
v -801.6129150 -227.6110840 -55.8759766
v -801.6129150 -227.6110840 -50.0545654
v -801.6129150 -227.6110840 -44.2331238
v -801.6129150 -227.6110840 -38.4116821
v -801.6129150 -227.6110840 -32.5902710
v -801.6129150 -227.6110840 -26.7688293
v -801.6129150 -227.6110840 -20.9473877
v -801.6129150 -227.6110840 -15.1259766
v -801.6129150 -227.6110840 -9.3045654
v -801.6339722 -227.8816833 -79.1616821
v -801.6339722 -227.8816833 -73.3402710
v -801.6339722 -227.8816833 -67.5188293
v -801.6339722 -227.8816833 -61.6973877
v -801.6339722 -227.8816833 -55.8759766
v -801.6339722 -227.8816986 -50.0545654
v -801.6339722 -227.8816986 -44.2331238
v -801.6339722 -227.8816986 -38.4116821
v -801.6339722 -227.8816986 -32.5902710
v -801.6339722 -227.8816986 -26.7688293
v -801.6339722 -227.8816986 -20.9473877
v -801.6339722 -227.8816986 -15.1259766
v -801.6339722 -227.8816986 -9.3045654
v -801.6339722 -228.1531219 -79.1616821
v -801.6339722 -228.1531219 -73.3402710
v -801.6339722 -228.1531219 -67.5188293
v -801.6339722 -228.1531219 -61.6973877
v -801.6339722 -228.1531219 -55.8759766
v -801.6339722 -228.1531219 -50.0545654
v -801.6339722 -228.1531219 -44.2331238
v -801.6339722 -228.1531219 -38.4116821
v -801.6339722 -228.1531219 -32.5902710
v -801.6339722 -228.1531219 -26.7688293
v -801.6339722 -228.1531219 -20.9473877
v -801.6339722 -228.1531219 -15.1259766
v -801.6339722 -228.1531219 -9.3045654
v -801.6129150 -228.4237366 -79.1616821
v -801.6129150 -228.4237366 -73.3402710
v -801.6129150 -228.4237366 -67.5188293
v -801.6129150 -228.4237366 -61.6973877
v -801.6129150 -228.4237366 -55.8759766
v -801.6129150 -228.4237366 -50.0545654
v -801.6129150 -228.4237366 -44.2331238
v -801.6129150 -228.4237366 -38.4116821
v -801.6129150 -228.4237366 -32.5902710
v -801.6129150 -228.4237366 -26.7688293
v -801.6129150 -228.4237366 -20.9473877
v -801.6129150 -228.4237366 -15.1259766
v -801.6129150 -228.4237366 -9.3045654
v -801.5709839 -228.6918945 -79.1616821
v -801.5709839 -228.6918945 -73.3402710
v -801.5709839 -228.6918945 -67.5188293
v -801.5709839 -228.6918945 -61.6973877
v -801.5709839 -228.6918945 -55.8759766
v -801.5709839 -228.6918945 -50.0545654
v -801.5709839 -228.6918945 -44.2331238
v -801.5709839 -228.6918945 -38.4116821
v -801.5709839 -228.6918945 -32.5902710
v -801.5709839 -228.6918945 -26.7688293
v -801.5709839 -228.6918945 -20.9473877
v -801.5709839 -228.6918945 -15.1259766
v -801.5709839 -228.6918945 -9.3045654
v -801.5083618 -228.9560089 -79.1616821
v -801.5083618 -228.9560089 -73.3402710
v -801.5083618 -228.9560089 -67.5188293
v -801.5083618 -228.9560089 -61.6973877
v -801.5083618 -228.9560089 -55.8759766
v -801.5083618 -228.9560089 -50.0545654
v -801.5083618 -228.9560089 -44.2331238
v -801.5083618 -228.9560089 -38.4116821
v -801.5083618 -228.9560089 -32.5902710
v -801.5083618 -228.9560089 -26.7688293
v -801.5083618 -228.9560089 -20.9473877
v -801.5083618 -228.9560089 -15.1259766
v -801.5083618 -228.9560089 -9.3045654
v -801.4254761 -229.2144775 -79.1616821
v -801.4254761 -229.2144775 -73.3402710
v -801.4254761 -229.2144775 -67.5188293
v -801.4254761 -229.2144775 -61.6973877
v -801.4254761 -229.2144775 -55.8759766
v -801.4254761 -229.2144775 -50.0545654
v -801.4254761 -229.2144775 -44.2331238
v -801.4254761 -229.2144775 -38.4116821
v -801.4254761 -229.2144775 -32.5902710
v -801.4254761 -229.2144775 -26.7688293
v -801.4254761 -229.2144775 -20.9473877
v -801.4254761 -229.2144775 -15.1259766
v -801.4254761 -229.2144775 -9.3045654
v -801.3228149 -229.4657440 -79.1616821
v -801.3228149 -229.4657440 -73.3402710
v -801.3228149 -229.4657440 -67.5188293
v -801.3228149 -229.4657440 -61.6973877
v -801.3228149 -229.4657440 -55.8759766
v -801.3228149 -229.4657440 -50.0545654
v -801.3228149 -229.4657440 -44.2331238
v -801.3228149 -229.4657440 -38.4116821
v -801.3228149 -229.4657440 -32.5902710
v -801.3228149 -229.4657440 -26.7688293
v -801.3228149 -229.4657440 -20.9473877
v -801.3228149 -229.4657440 -15.1259766
v -801.3228149 -229.4657440 -9.3045654
v -801.2009888 -229.7082977 -79.1616821
v -801.2009888 -229.7082977 -73.3402710
v -801.2009888 -229.7082977 -67.5188293
v -801.2009888 -229.7082977 -61.6973877
v -801.2009888 -229.7082977 -55.8759766
v -801.2009888 -229.7082977 -50.0545654
v -801.2009888 -229.7082977 -44.2331238
v -801.2009888 -229.7082977 -38.4116821
v -801.2009888 -229.7082977 -32.5902710
v -801.2009888 -229.7082977 -26.7688293
v -801.2009888 -229.7082977 -20.9473877
v -801.2009888 -229.7082977 -15.1259766
v -801.2010498 -229.7082977 -9.3045654
v -801.0607910 -229.9406891 -79.1616821
v -801.0607910 -229.9406891 -73.3402710
v -801.0607910 -229.9406891 -67.5188293
v -801.0607910 -229.9406891 -61.6973877
v -801.0607910 -229.9406891 -55.8759766
v -801.0607910 -229.9406891 -50.0545654
v -801.0607910 -229.9406891 -44.2331238
v -801.0607910 -229.9406891 -38.4116821
v -801.0607910 -229.9406891 -32.5902710
v -801.0607910 -229.9406891 -26.7688293
v -801.0607910 -229.9406891 -20.9473877
v -801.0607910 -229.9406891 -15.1259766
v -801.0607910 -229.9406891 -9.3045654
v -800.9029541 -230.1614990 -79.1616821
v -800.9029541 -230.1614990 -73.3402710
v -800.9029541 -230.1614990 -67.5188293
v -800.9029541 -230.1614990 -61.6973877
v -800.9029541 -230.1614990 -55.8759766
v -800.9029541 -230.1615143 -50.0545654
v -800.9029541 -230.1615143 -44.2331238
v -800.9029541 -230.1615143 -38.4116821
v -800.9029541 -230.1615143 -32.5902710
v -800.9029541 -230.1615143 -26.7688293
v -800.9029541 -230.1615143 -20.9473877
v -800.9029541 -230.1615143 -15.1259766
v -800.9029541 -230.1615143 -9.3045654
v -800.7284546 -230.3694305 -79.1616821
v -800.7284546 -230.3694305 -73.3402710
v -800.7284546 -230.3694305 -67.5188293
v -800.7284546 -230.3694305 -61.6973877
v -800.7284546 -230.3694305 -55.8759766
v -800.7284546 -230.3694305 -50.0545654
v -800.7284546 -230.3694305 -44.2331238
v -800.7284546 -230.3694305 -38.4116821
v -800.7284546 -230.3694305 -32.5902710
v -800.7284546 -230.3694305 -26.7688293
v -800.7284546 -230.3694305 -20.9473877
v -800.7284546 -230.3694305 -15.1259766
v -800.7284546 -230.3694305 -9.3045654
v -800.5383911 -230.5632019 -79.1616821
v -800.5383911 -230.5632019 -73.3402710
v -800.5383911 -230.5632019 -67.5188293
v -800.5383911 -230.5632019 -61.6973877
v -800.5383911 -230.5632019 -55.8759766
v -800.5383911 -230.5632172 -50.0545654
v -800.5383911 -230.5632172 -44.2331238
v -800.5383911 -230.5632172 -38.4116821
v -800.5383911 -230.5632172 -32.5902710
v -800.5383911 -230.5632172 -26.7688293
v -800.5383911 -230.5632172 -20.9473877
v -800.5383911 -230.5632172 -15.1259766
v -800.5383911 -230.5632172 -9.3045654
v -800.3339233 -230.7416840 -79.1616821
v -800.3339233 -230.7416840 -73.3402710
v -800.3339233 -230.7416840 -67.5188293
v -800.3339233 -230.7416840 -61.6973877
v -800.3339233 -230.7416840 -55.8759766
v -800.3339233 -230.7416840 -50.0545654
v -800.3339233 -230.7416840 -44.2331238
v -800.3339233 -230.7416840 -38.4116821
v -800.3339233 -230.7416840 -32.5902710
v -800.3339233 -230.7416840 -26.7688293
v -800.3339233 -230.7416840 -20.9473877
v -800.3339233 -230.7416840 -15.1259766
v -800.3339233 -230.7416840 -9.3045654
v -800.1162109 -230.9037628 -79.1616821
v -800.1162109 -230.9037628 -73.3402710
v -800.1162109 -230.9037628 -67.5188293
v -800.1162109 -230.9037628 -61.6973877
v -800.1162109 -230.9037628 -55.8759766
v -800.1162109 -230.9037781 -50.0545654
v -800.1162109 -230.9037781 -44.2331238
v -800.1162109 -230.9037781 -38.4116821
v -800.1162109 -230.9037781 -32.5902710
v -800.1162109 -230.9037781 -26.7688293
v -800.1162109 -230.9037781 -20.9473877
v -800.1162109 -230.9037781 -15.1259766
v -800.1162109 -230.9037781 -9.3045654
v -799.8865356 -231.0484924 -79.1616821
v -799.8865356 -231.0484924 -73.3402710
v -799.8865356 -231.0484924 -67.5188293
v -799.8865356 -231.0484924 -61.6973877
v -799.8865356 -231.0484924 -55.8759766
v -799.8865356 -231.0484924 -50.0545654
v -799.8865356 -231.0484924 -44.2331238
v -799.8865356 -231.0484924 -38.4116821
v -799.8865356 -231.0484924 -32.5902710
v -799.8865356 -231.0484924 -26.7688293
v -799.8865356 -231.0484924 -20.9473877
v -799.8865356 -231.0484924 -15.1259766
v -799.8865356 -231.0484924 -9.3045654
v -799.6464233 -231.1749878 -79.1616821
v -799.6464233 -231.1749878 -73.3402710
v -799.6464233 -231.1749878 -67.5188293
v -799.6464233 -231.1749878 -61.6973877
v -799.6464233 -231.1749878 -55.8759766
v -799.6464233 -231.1749878 -50.0545654
v -799.6464233 -231.1749878 -44.2331238
v -799.6464233 -231.1749878 -38.4116821
v -799.6464233 -231.1749878 -32.5902710
v -799.6464233 -231.1749878 -26.7688293
v -799.6464233 -231.1749878 -20.9473877
v -799.6464233 -231.1749878 -15.1259766
v -799.6464233 -231.1749878 -9.3045654
v -799.3971558 -231.2825012 -79.1616821
v -799.3971558 -231.2825012 -73.3402710
v -799.3971558 -231.2825012 -67.5188293
v -799.3971558 -231.2825012 -61.6973877
v -799.3971558 -231.2825012 -55.8759766
v -799.3971558 -231.2825012 -50.0545654
v -799.3971558 -231.2825012 -44.2331238
v -799.3971558 -231.2825012 -38.4116821
v -799.3971558 -231.2825012 -32.5902710
v -799.3972168 -231.2825012 -26.7688293
v -799.3972168 -231.2825012 -20.9473877
v -799.3972168 -231.2825012 -15.1259766
v -799.3972168 -231.2825012 -9.3045654
v -799.1403809 -231.3703613 -79.1616821
v -799.1403809 -231.3703613 -73.3402710
v -799.1403809 -231.3703613 -67.5188293
v -799.1403809 -231.3703613 -61.6973877
v -799.1403809 -231.3703613 -55.8759766
v -799.1403809 -231.3703766 -50.0545654
v -799.1403809 -231.3703766 -44.2331238
v -799.1403809 -231.3703766 -38.4116821
v -799.1403809 -231.3703766 -32.5902710
v -799.1403809 -231.3703766 -26.7688293
v -799.1403809 -231.3703766 -20.9473877
v -799.1403809 -231.3703766 -15.1259766
v -799.1403809 -231.3703766 -9.3045654
v -798.8775024 -231.4380798 -79.1616821
v -798.8775024 -231.4380798 -73.3402710
v -798.8775024 -231.4380798 -67.5188293
v -798.8775024 -231.4380798 -61.6973877
v -798.8775024 -231.4380798 -55.8759766
v -798.8775024 -231.4380798 -50.0545654
v -798.8775024 -231.4380798 -44.2331238
v -798.8775024 -231.4380798 -38.4116821
v -798.8775024 -231.4380798 -32.5902710
v -798.8775024 -231.4380798 -26.7688293
v -798.8775024 -231.4380798 -20.9473877
v -798.8775024 -231.4380798 -15.1259766
v -798.8775024 -231.4380798 -9.3045654
v -798.6102295 -231.4851990 -79.1616821
v -798.6102295 -231.4851990 -73.3402710
v -798.6102295 -231.4851990 -67.5188293
v -798.6102295 -231.4851990 -61.6973877
v -798.6102295 -231.4851990 -55.8759766
v -798.6102295 -231.4852142 -50.0545654
v -798.6102295 -231.4852142 -44.2331238
v -798.6102295 -231.4852142 -38.4116821
v -798.6102295 -231.4852142 -32.5902710
v -798.6102295 -231.4852142 -26.7688293
v -798.6102295 -231.4852142 -20.9473877
v -798.6102295 -231.4852142 -15.1259766
v -798.6102295 -231.4852142 -9.3045654
v -798.3400879 -231.5114746 -79.1616821
v -798.3400879 -231.5114746 -73.3402710
v -798.3400879 -231.5114746 -67.5188293
v -798.3400879 -231.5114746 -61.6973877
v -798.3400879 -231.5114746 -55.8759766
v -798.3400879 -231.5114899 -50.0545654
v -798.3400879 -231.5114899 -44.2331238
v -798.3400879 -231.5114899 -38.4116821
v -798.3400879 -231.5114899 -32.5902710
v -798.3400879 -231.5114899 -26.7688293
v -798.3400879 -231.5114899 -20.9473877
v -798.3400879 -231.5114899 -15.1259766
v -798.3400879 -231.5114899 -9.3045654
v -798.0686646 -231.5167542 -79.1616821
v -798.0686646 -231.5167542 -73.3402710
v -798.0686646 -231.5167542 -67.5188293
v -798.0686646 -231.5167542 -61.6973877
v -798.0686646 -231.5167542 -55.8759766
v -798.0686646 -231.5167542 -50.0545654
v -798.0686646 -231.5167542 -44.2331238
v -798.0686646 -231.5167542 -38.4116821
v -798.0686646 -231.5167542 -32.5902710
v -798.0687256 -231.5167542 -26.7688293
v -798.0687256 -231.5167542 -20.9473877
v -798.0687256 -231.5167542 -15.1259766
v -798.0687256 -231.5167542 -9.3045654
v -797.7977295 -231.5009613 -79.1616821
v -797.7977295 -231.5009613 -73.3402710
v -797.7977295 -231.5009613 -67.5188293
v -797.7977295 -231.5009613 -61.6973877
v -797.7977295 -231.5009613 -55.8759766
v -797.7977295 -231.5009766 -50.0545654
v -797.7977295 -231.5009766 -44.2331238
v -797.7977295 -231.5009766 -38.4116821
v -797.7977295 -231.5009766 -32.5902710
v -797.7977295 -231.5009766 -26.7688293
v -797.7977295 -231.5009766 -20.9473877
v -797.7977295 -231.5009766 -15.1259766
v -797.7977295 -231.5009766 -9.3045654
v -797.5288086 -231.4642334 -79.1616821
v -797.5288086 -231.4642334 -73.3402710
v -797.5288086 -231.4642334 -67.5188293
v -797.5288086 -231.4642334 -61.6973877
v -797.5288086 -231.4642334 -55.8759766
v -797.5288086 -231.4642334 -50.0545654
v -797.5288086 -231.4642334 -44.2331238
v -797.5288086 -231.4642334 -38.4116821
v -797.5288086 -231.4642334 -32.5902710
v -797.5288086 -231.4642334 -26.7688293
v -797.5288086 -231.4642334 -20.9473877
v -797.5288086 -231.4642334 -15.1259766
v -797.5288086 -231.4642334 -9.3045654
v -797.2634888 -231.4067688 -79.1616821
v -797.2634888 -231.4067688 -73.3402710
v -797.2634888 -231.4067688 -67.5188293
v -797.2634888 -231.4067688 -61.6973877
v -797.2634888 -231.4067688 -55.8759766
v -797.2634888 -231.4067688 -50.0545654
v -797.2634888 -231.4067688 -44.2331238
v -797.2635498 -231.4067688 -38.4116821
v -797.2635498 -231.4067688 -32.5902710
v -797.2635498 -231.4067688 -26.7688293
v -797.2635498 -231.4067688 -20.9473877
v -797.2635498 -231.4067688 -15.1259766
v -797.2635498 -231.4067688 -9.3045654
v -797.0034790 -231.3289185 -79.1616821
v -797.0034790 -231.3289185 -73.3402710
v -797.0034790 -231.3289185 -67.5188293
v -797.0034790 -231.3289185 -61.6973877
v -797.0034790 -231.3289185 -55.8759766
v -797.0034790 -231.3289185 -50.0545654
v -797.0034790 -231.3289185 -44.2331238
v -797.0034790 -231.3289185 -38.4116821
v -797.0034790 -231.3289185 -32.5902710
v -797.0034790 -231.3289185 -26.7688293
v -797.0034790 -231.3289185 -20.9473877
v -797.0034790 -231.3289185 -15.1259766
v -797.0034790 -231.3289185 -9.3045654
v -796.7503052 -231.2311707 -79.1616821
v -796.7503052 -231.2311707 -73.3402710
v -796.7503052 -231.2311707 -67.5188293
v -796.7503052 -231.2311707 -61.6973877
v -796.7503052 -231.2311707 -55.8759766
v -796.7503052 -231.2311707 -50.0545654
v -796.7503052 -231.2311707 -44.2331238
v -796.7503052 -231.2311707 -38.4116821
v -796.7503052 -231.2311707 -32.5902710
v -796.7503052 -231.2311707 -26.7688293
v -796.7503052 -231.2311707 -20.9473877
v -796.7503052 -231.2311707 -15.1259766
v -796.7503052 -231.2311707 -9.3045654
v -796.5054321 -231.1140747 -79.1616821
v -796.5054321 -231.1140747 -73.3402710
v -796.5054321 -231.1140747 -67.5188293
v -796.5054321 -231.1140747 -61.6973877
v -796.5054321 -231.1140747 -55.8759766
v -796.5054321 -231.1140747 -50.0545654
v -796.5054321 -231.1140747 -44.2331238
v -796.5054321 -231.1140747 -38.4116821
v -796.5054321 -231.1140747 -32.5902710
v -796.5054321 -231.1140747 -26.7688293
v -796.5054321 -231.1140747 -20.9473877
v -796.5054321 -231.1140747 -15.1259766
v -796.5054321 -231.1140747 -9.3045654
v -796.2703247 -230.9783630 -79.1616821
v -796.2703247 -230.9783630 -73.3402710
v -796.2703247 -230.9783630 -67.5188293
v -796.2703247 -230.9783630 -61.6973877
v -796.2703247 -230.9783630 -55.8759766
v -796.2703247 -230.9783630 -50.0545654
v -796.2703247 -230.9783630 -44.2331238
v -796.2703247 -230.9783630 -38.4116821
v -796.2703247 -230.9783630 -32.5902710
v -796.2703247 -230.9783630 -26.7688293
v -796.2703247 -230.9783630 -20.9473877
v -796.2703247 -230.9783630 -15.1259766
v -796.2703247 -230.9783630 -9.3045654
v -796.0465088 -230.8248291 -79.1616821
v -796.0465088 -230.8248291 -73.3402710
v -796.0465088 -230.8248291 -67.5188293
v -796.0465088 -230.8248291 -61.6973877
v -796.0465088 -230.8248291 -55.8759766
v -796.0465088 -230.8248444 -50.0545654
v -796.0465088 -230.8248444 -44.2331238
v -796.0465088 -230.8248444 -38.4116821
v -796.0465088 -230.8248444 -32.5902710
v -796.0465088 -230.8248444 -26.7688293
v -796.0465088 -230.8248444 -20.9473877
v -796.0465088 -230.8248444 -15.1259766
v -796.0465088 -230.8248444 -9.3045654
v -795.8352661 -230.6544342 -79.1616821
v -795.8352661 -230.6544342 -73.3402710
v -795.8352661 -230.6544342 -67.5188293
v -795.8352661 -230.6544342 -61.6973877
v -795.8352661 -230.6544342 -55.8759766
v -795.8352661 -230.6544342 -50.0545654
v -795.8352661 -230.6544342 -44.2331238
v -795.8352661 -230.6544342 -38.4116821
v -795.8352661 -230.6544342 -32.5902710
v -795.8352661 -230.6544342 -26.7688293
v -795.8352661 -230.6544342 -20.9473877
v -795.8352661 -230.6544342 -15.1259766
v -795.8352661 -230.6544342 -9.3045654
v -795.6378174 -230.4681702 -79.1616821
v -795.6378174 -230.4681702 -73.3402710
v -795.6378174 -230.4681702 -67.5188293
v -795.6378174 -230.4681702 -61.6973877
v -795.6378174 -230.4681702 -55.8759766
v -795.6378174 -230.4681702 -50.0545654
v -795.6378174 -230.4681702 -44.2331238
v -795.6378174 -230.4681702 -38.4116821
v -795.6378174 -230.4681702 -32.5902710
v -795.6378174 -230.4681702 -26.7688293
v -795.6378174 -230.4681702 -20.9473877
v -795.6378174 -230.4681702 -15.1259766
v -795.6378174 -230.4681702 -9.3045654
v -795.4553833 -230.2671509 -79.1616821
v -795.4553833 -230.2671509 -73.3402710
v -795.4553833 -230.2671509 -67.5188293
v -795.4553833 -230.2671509 -61.6973877
v -795.4553833 -230.2671509 -55.8759766
v -795.4553833 -230.2671661 -50.0545654
v -795.4553833 -230.2671661 -44.2331238
v -795.4553833 -230.2671661 -38.4116821
v -795.4553833 -230.2671661 -32.5902710
v -795.4553833 -230.2671661 -26.7688293
v -795.4553833 -230.2671661 -20.9473877
v -795.4553833 -230.2671661 -15.1259766
v -795.4553833 -230.2671661 -9.3045654
v -795.2891235 -230.0526276 -79.1616821
v -795.2891235 -230.0526276 -73.3402710
v -795.2891235 -230.0526276 -67.5188293
v -795.2891235 -230.0526276 -61.6973877
v -795.2891235 -230.0526276 -55.8759766
v -795.2891235 -230.0526276 -50.0545654
v -795.2891235 -230.0526276 -44.2331238
v -795.2891235 -230.0526276 -38.4116821
v -795.2891235 -230.0526276 -32.5902710
v -795.2891235 -230.0526276 -26.7688293
v -795.2891235 -230.0526276 -20.9473877
v -795.2891235 -230.0526276 -15.1259766
v -795.2891235 -230.0526276 -9.3045654
v -795.1399536 -229.8258514 -79.1616821
v -795.1399536 -229.8258514 -73.3402710
v -795.1399536 -229.8258514 -67.5188293
v -795.1399536 -229.8258514 -61.6973877
v -795.1399536 -229.8258514 -55.8759766
v -795.1399536 -229.8258514 -50.0545654
v -795.1399536 -229.8258514 -44.2331238
v -795.1399536 -229.8258514 -38.4116821
v -795.1399536 -229.8258514 -32.5902710
v -795.1399536 -229.8258514 -26.7688293
v -795.1399536 -229.8258514 -20.9473877
v -795.1399536 -229.8258514 -15.1259766
v -795.1399536 -229.8258514 -9.3045654
v -795.0088501 -229.5881958 -79.1616821
v -795.0088501 -229.5881958 -73.3402710
v -795.0088501 -229.5881958 -67.5188293
v -795.0088501 -229.5881958 -61.6973877
v -795.0088501 -229.5881958 -55.8759766
v -795.0088501 -229.5881958 -50.0545654
v -795.0088501 -229.5881958 -44.2331238
v -795.0088501 -229.5881958 -38.4116821
v -795.0088501 -229.5881958 -32.5902710
v -795.0088501 -229.5881958 -26.7688293
v -795.0088501 -229.5881958 -20.9473877
v -795.0088501 -229.5881958 -15.1259766
v -795.0088501 -229.5881958 -9.3045654
v -794.8965454 -229.3410950 -79.1616821
v -794.8965454 -229.3410950 -73.3402710
v -794.8965454 -229.3410950 -67.5188293
v -794.8965454 -229.3410950 -61.6973877
v -794.8965454 -229.3410950 -55.8759766
v -794.8965454 -229.3411102 -50.0545654
v -794.8965454 -229.3411102 -44.2331238
v -794.8965454 -229.3411102 -38.4116821
v -794.8965454 -229.3411102 -32.5902710
v -794.8965454 -229.3411102 -26.7688293
v -794.8965454 -229.3411102 -20.9473877
v -794.8965454 -229.3411102 -15.1259766
v -794.8965454 -229.3411102 -9.3045654
v -794.8037109 -229.0860443 -79.1616821
v -794.8037109 -229.0860443 -73.3402710
v -794.8037109 -229.0860443 -67.5188293
v -794.8037109 -229.0860443 -61.6973877
v -794.8037109 -229.0860443 -55.8759766
v -794.8037109 -229.0860443 -50.0545654
v -794.8037109 -229.0860443 -44.2331238
v -794.8037109 -229.0860443 -38.4116821
v -794.8037109 -229.0860443 -32.5902710
v -794.8037109 -229.0860443 -26.7688293
v -794.8037109 -229.0860443 -20.9473877
v -794.8037109 -229.0860443 -15.1259766
v -794.8037109 -229.0860443 -9.3045654
v -794.7308960 -228.8245544 -79.1616821
v -794.7308960 -228.8245544 -73.3402710
v -794.7308960 -228.8245544 -67.5188293
v -794.7308960 -228.8245544 -61.6973877
v -794.7308960 -228.8245544 -55.8759766
v -794.7308960 -228.8245697 -50.0545654
v -794.7308960 -228.8245697 -44.2331238
v -794.7308960 -228.8245697 -38.4116821
v -794.7308960 -228.8245697 -32.5902710
v -794.7308960 -228.8245697 -26.7688293
v -794.7308960 -228.8245697 -20.9473877
v -794.7308960 -228.8245697 -15.1259766
v -794.7308960 -228.8245697 -9.3045654
v -794.6785889 -228.5582275 -79.1616821
v -794.6785889 -228.5582275 -73.3402710
v -794.6785889 -228.5582275 -67.5188293
v -794.6786499 -228.5582275 -61.6973877
v -794.6786499 -228.5582275 -55.8759766
v -794.6786499 -228.5582275 -50.0545654
v -794.6786499 -228.5582275 -44.2331238
v -794.6786499 -228.5582275 -38.4116821
v -794.6786499 -228.5582275 -32.5902710
v -794.6786499 -228.5582275 -26.7688293
v -794.6786499 -228.5582275 -20.9473877
v -794.6786499 -228.5582275 -15.1259766
v -794.6786499 -228.5582275 -9.3045654
v -794.6470947 -228.2886353 -79.1616821
v -794.6470947 -228.2886353 -73.3402710
v -794.6470947 -228.2886353 -67.5188293
v -794.6470947 -228.2886353 -61.6973877
v -794.6470947 -228.2886353 -55.8759766
v -794.6470947 -228.2886353 -50.0545654
v -794.6470947 -228.2886353 -44.2331238
v -794.6470947 -228.2886353 -38.4116821
v -794.6470947 -228.2886353 -32.5902710
v -794.6470947 -228.2886353 -26.7688293
v -794.6470947 -228.2886353 -20.9473877
v -794.6470947 -228.2886353 -15.1259766
v -794.6470947 -228.2886353 -9.3045654
v -799.6365356 -228.0173950 -94.4831238
v -799.6264038 -228.1915436 -94.4831238
v -799.5961304 -228.3633270 -94.4831238
v -799.5460815 -228.5304260 -94.4831238
v -799.4769897 -228.6906128 -94.4831238
v -799.3898315 -228.8416748 -94.4831238
v -799.2856445 -228.9815826 -94.4831238
v -799.1659546 -229.1084595 -94.4831238
v -799.0322876 -229.2205811 -94.4831238
v -798.8865356 -229.3164368 -94.4831238
v -798.7306519 -229.3947296 -94.4831238
v -798.5667725 -229.4543915 -94.4831238
v -798.3970337 -229.4946136 -94.4831238
v -798.2238159 -229.5148621 -94.4831238
v -798.0493774 -229.5148621 -94.4831238
v -797.8760986 -229.4946136 -94.4831238
v -797.7063599 -229.4543915 -94.4831238
v -797.5424194 -229.3947296 -94.4831238
v -797.3865356 -229.3164368 -94.4831238
v -797.2408447 -229.2205811 -94.4831238
v -797.1072388 -229.1084595 -94.4831238
v -796.9874878 -228.9815826 -94.4831238
v -796.8833618 -228.8416748 -94.4831238
v -796.7960815 -228.6906128 -94.4831238
v -796.7269897 -228.5304260 -94.4831238
v -796.6770020 -228.3633270 -94.4831238
v -796.6467285 -228.1915436 -94.4831238
v -796.6365356 -228.0173950 -94.4831238
v -796.6467285 -227.8432617 -94.4831238
v -796.6770020 -227.6714783 -94.4831238
v -796.7269897 -227.5043640 -94.4831238
v -796.7960815 -227.3442078 -94.4831238
v -796.8833618 -227.1931458 -94.4831238
v -796.9874878 -227.0532227 -94.4831238
v -797.1072388 -226.9263458 -94.4831238
v -797.2408447 -226.8142090 -94.4831238
v -797.3865356 -226.7183685 -94.4831238
v -797.5424194 -226.6400757 -94.4831238
v -797.7063599 -226.5804138 -94.4831238
v -797.8760986 -226.5401917 -94.4831238
v -798.0493774 -226.5199432 -94.4831238
v -798.2238159 -226.5199432 -94.4831238
v -798.3970337 -226.5401917 -94.4831238
v -798.5667725 -226.5804138 -94.4831238
v -798.7306519 -226.6400757 -94.4831238
v -798.8865356 -226.7183685 -94.4831238
v -799.0322876 -226.8142090 -94.4831238
v -799.1659546 -226.9263458 -94.4831238
v -799.2856445 -227.0532227 -94.4831238
v -799.3898315 -227.1931458 -94.4831238
v -799.4769897 -227.3442078 -94.4831238
v -799.5460815 -227.5043640 -94.4831238
v -799.5961304 -227.6714783 -94.4831238
v -799.6264038 -227.8432617 -94.4831238
v -799.6365356 -228.0173950 -84.4831238
v -799.6264038 -227.8432617 -84.4831238
v -799.5961304 -227.6714783 -84.4831238
v -799.5460815 -227.5043640 -84.4831238
v -799.4769897 -227.3442078 -84.4831238
v -799.3898315 -227.1931458 -84.4831238
v -799.2856445 -227.0532227 -84.4831238
v -799.1659546 -226.9263458 -84.4831238
v -799.0322876 -226.8142090 -84.4831238
v -798.8865356 -226.7183685 -84.4831238
v -798.7306519 -226.6400757 -84.4831238
v -798.5667725 -226.5804138 -84.4831238
v -798.3970337 -226.5401917 -84.4831238
v -798.2238159 -226.5199432 -84.4831238
v -798.0493774 -226.5199432 -84.4831238
v -797.8760986 -226.5401917 -84.4831238
v -797.7063599 -226.5804138 -84.4831238
v -797.5424194 -226.6400757 -84.4831238
v -797.3865356 -226.7183685 -84.4831238
v -797.2408447 -226.8142090 -84.4831238
v -797.1072388 -226.9263458 -84.4831238
v -796.9874878 -227.0532227 -84.4831238
v -796.8833618 -227.1931458 -84.4831238
v -796.7960815 -227.3442078 -84.4831238
v -796.7270508 -227.5043640 -84.4831238
v -796.6770020 -227.6714783 -84.4831238
v -796.6467285 -227.8432617 -84.4831238
v -796.6365356 -228.0173950 -84.4831238
v -796.6467285 -228.1915436 -84.4831238
v -796.6770020 -228.3633270 -84.4831238
v -796.7270508 -228.5304260 -84.4831238
v -796.7960815 -228.6906128 -84.4831238
v -796.8833618 -228.8416748 -84.4831238
v -796.9874878 -228.9815826 -84.4831238
v -797.1072388 -229.1084595 -84.4831238
v -797.2408447 -229.2205811 -84.4831238
v -797.3865356 -229.3164368 -84.4831238
v -797.5424194 -229.3947296 -84.4831238
v -797.7063599 -229.4543915 -84.4831238
v -797.8760986 -229.4946136 -84.4831238
v -798.0493774 -229.5148621 -84.4831238
v -798.2238159 -229.5148621 -84.4831238
v -798.3970337 -229.4946136 -84.4831238
v -798.5667725 -229.4543915 -84.4831238
v -798.7306519 -229.3947296 -84.4831238
v -798.8865356 -229.3164368 -84.4831238
v -799.0322876 -229.2205811 -84.4831238
v -799.1659546 -229.1084595 -84.4831238
v -799.2856445 -228.9815826 -84.4831238
v -799.3898315 -228.8416748 -84.4831238
v -799.4769897 -228.6906128 -84.4831238
v -799.5460815 -228.5304260 -84.4831238
v -799.5961304 -228.3633270 -84.4831238
v -799.6264038 -228.1915436 -84.4831238
v -799.6365356 -228.0173950 -91.1497803
v -799.6365356 -228.0173950 -87.8164673
v -799.6260376 -228.1948242 -91.1497803
v -799.6260376 -228.1948242 -87.8164673
v -799.5946045 -228.3697357 -91.1497803
v -799.5946045 -228.3697357 -87.8164673
v -799.5426636 -228.5397034 -91.1497803
v -799.5426636 -228.5397034 -87.8164673
v -799.4710693 -228.7023468 -91.1497803
v -799.4710693 -228.7023468 -87.8164673
v -799.3806763 -228.8553772 -91.1497803
v -799.3806763 -228.8553772 -87.8164673
v -799.2728271 -228.9966431 -91.1497803
v -799.2728271 -228.9966431 -87.8164673
v -799.1490479 -229.1241455 -91.1497803
v -799.1490479 -229.1241455 -87.8164673
v -799.0110474 -229.2361298 -91.1497803
v -799.0110474 -229.2361298 -87.8164673
v -798.8607788 -229.3310089 -91.1497803
v -798.8607788 -229.3310089 -87.8164673
v -798.7003174 -229.4074402 -91.1497803
v -798.7003174 -229.4074402 -87.8164673
v -798.5319214 -229.4643555 -91.1497803
v -798.5319214 -229.4643555 -87.8164673
v -798.3580322 -229.5009613 -91.1497803
v -798.3580322 -229.5009613 -87.8164673
v -798.1810303 -229.5167542 -91.1497803
v -798.1810303 -229.5167542 -87.8164673
v -798.0033569 -229.5114746 -91.1497803
v -798.0033569 -229.5114746 -87.8164673
v -797.8275757 -229.4852295 -91.1497803
v -797.8275757 -229.4852295 -87.8164673
v -797.6561890 -229.4383850 -91.1497803
v -797.6561890 -229.4383850 -87.8164673
v -797.4914551 -229.3715973 -91.1497803
v -797.4914551 -229.3715973 -87.8164673
v -797.3358154 -229.2857971 -91.1497803
v -797.3358154 -229.2857971 -87.8164673
v -797.1914673 -229.1821899 -91.1497803
v -797.1914673 -229.1821899 -87.8164673
v -797.0603027 -229.0622253 -91.1497803
v -797.0603027 -229.0622253 -87.8164673
v -796.9442749 -228.9276123 -91.1497803
v -796.9442749 -228.9276123 -87.8164673
v -796.8450317 -228.7801971 -91.1497803
v -796.8450317 -228.7801971 -87.8164673
v -796.7638550 -228.6220856 -91.1497803
v -796.7638550 -228.6220856 -87.8164673
v -796.7019653 -228.4554901 -91.1497803
v -796.7019653 -228.4554901 -87.8164673
v -796.6602173 -228.2827454 -91.1497803
v -796.6602173 -228.2827454 -87.8164673
v -796.6392212 -228.1062622 -91.1497803
v -796.6392212 -228.1062622 -87.8164673
v -796.6392212 -227.9285431 -91.1497803
v -796.6392212 -227.9285431 -87.8164673
v -796.6602173 -227.7520752 -91.1497803
v -796.6602173 -227.7520752 -87.8164673
v -796.7019653 -227.5793152 -91.1497803
v -796.7019653 -227.5793152 -87.8164673
v -796.7638550 -227.4127197 -91.1497803
v -796.7638550 -227.4127197 -87.8164673
v -796.8450317 -227.2546082 -91.1497803
v -796.8450317 -227.2546082 -87.8164673
v -796.9442749 -227.1072083 -91.1497803
v -796.9442749 -227.1072083 -87.8164673
v -797.0603027 -226.9725800 -91.1497803
v -797.0603027 -226.9725800 -87.8164673
v -797.1914673 -226.8526154 -91.1497803
v -797.1914673 -226.8526154 -87.8164673
v -797.3358154 -226.7490082 -91.1497803
v -797.3358154 -226.7490082 -87.8164673
v -797.4914551 -226.6632080 -91.1497803
v -797.4914551 -226.6632080 -87.8164673
v -797.6561890 -226.5964050 -91.1497803
v -797.6561890 -226.5964050 -87.8164673
v -797.8275757 -226.5495605 -91.1497803
v -797.8275757 -226.5495605 -87.8164673
v -798.0033569 -226.5233307 -91.1497803
v -798.0033569 -226.5233307 -87.8164673
v -798.1810303 -226.5180664 -91.1497803
v -798.1810303 -226.5180664 -87.8164673
v -798.3580322 -226.5338440 -91.1497803
v -798.3580322 -226.5338440 -87.8164673
v -798.5319214 -226.5704498 -91.1497803
v -798.5319214 -226.5704498 -87.8164673
v -798.7003174 -226.6273651 -91.1497803
v -798.7003174 -226.6273651 -87.8164673
v -798.8607788 -226.7037964 -91.1497803
v -798.8607788 -226.7037964 -87.8164673
v -799.0110474 -226.7986755 -91.1497803
v -799.0110474 -226.7986755 -87.8164673
v -799.1490479 -226.9106445 -91.1497803
v -799.1490479 -226.9106445 -87.8164673
v -799.2728271 -227.0381775 -91.1497803
v -799.2728271 -227.0381775 -87.8164673
v -799.3806763 -227.1794434 -91.1497803
v -799.3806763 -227.1794434 -87.8164673
v -799.4710693 -227.3324585 -91.1497803
v -799.4710693 -227.3324585 -87.8164673
v -799.5426636 -227.4951019 -91.1497803
v -799.5426636 -227.4951019 -87.8164673
v -799.5946045 -227.6650696 -91.1497803
v -799.5946045 -227.6650696 -87.8164673
v -799.6260376 -227.8399963 -91.1497803
v -799.6260376 -227.8399963 -87.8164673
v -798.1365356 -239.0173950 -14.4831238
v -798.6163940 -239.0069275 -14.4831238
v -799.0952759 -238.9755554 -14.4831238
v -799.5723267 -238.9233093 -14.4831238
v -800.0466919 -238.8502960 -14.4831238
v -800.5173950 -238.7566681 -14.4831238
v -800.9835815 -238.6425934 -14.4831238
v -801.4443359 -238.5083008 -14.4831238
v -801.8988037 -238.3540344 -14.4831238
v -802.3461304 -238.1800842 -14.4831238
v -802.7853394 -237.9867859 -14.4831238
v -803.2158203 -237.7745209 -14.4831238
v -803.6365356 -237.5436859 -14.4831238
v -804.0468750 -237.2947083 -14.4831238
v -804.4459229 -237.0280762 -14.4831238
v -804.8329468 -236.7442932 -14.4831238
v -805.2072144 -236.4438934 -14.4831238
v -805.5680542 -236.1274567 -14.4831238
v -805.9147339 -235.7955780 -14.4831238
v -806.2466431 -235.4488983 -14.4831238
v -806.5630493 -235.0880737 -14.4831238
v -806.8634644 -234.7137756 -14.4831238
v -807.1472778 -234.3267517 -14.4831238
v -807.4138794 -233.9277039 -14.4831238
v -807.6628418 -233.5174103 -14.4831238
v -807.8936768 -233.0966492 -14.4831238
v -808.1059570 -232.6662140 -14.4831238
v -808.2992554 -232.2269287 -14.4831238
v -808.4732056 -231.7796326 -14.4831238
v -808.6275024 -231.3251648 -14.4831238
v -808.7617798 -230.8644104 -14.4831238
v -808.8757935 -230.3982391 -14.4831238
v -808.9694214 -229.9275360 -14.4831238
v -809.0424805 -229.4532013 -14.4831238
v -809.0947266 -228.9761200 -14.4831238
v -809.1260986 -228.4972229 -14.4831238
v -809.1365356 -228.0174103 -14.4831238
v -809.1260986 -227.5375977 -14.4831238
v -809.0947266 -227.0587006 -14.4831238
v -809.0424805 -226.5816193 -14.4831238
v -808.9694214 -226.1072693 -14.4831238
v -808.8757935 -225.6365662 -14.4831238
v -808.7617798 -225.1703949 -14.4831238
v -808.6275024 -224.7096405 -14.4831238
v -808.4732056 -224.2551880 -14.4831238
v -808.2992554 -223.8078918 -14.4831238
v -808.1059570 -223.3686066 -14.4831238
v -807.8936768 -222.9381714 -14.4831238
v -807.6628418 -222.5174103 -14.4831238
v -807.4138794 -222.1071167 -14.4831238
v -807.1472778 -221.7080688 -14.4831238
v -806.8634644 -221.3210297 -14.4831238
v -806.5630493 -220.9467468 -14.4831238
v -806.2466431 -220.5859070 -14.4831238
v -805.9147339 -220.2392273 -14.4831238
v -805.5680542 -219.9073639 -14.4831238
v -805.2072144 -219.5909119 -14.4831238
v -804.8329468 -219.2905273 -14.4831238
v -804.4459229 -219.0067291 -14.4831238
v -804.0468750 -218.7400970 -14.4831238
v -803.6365356 -218.4911346 -14.4831238
v -803.2158203 -218.2602844 -14.4831238
v -802.7853394 -218.0480194 -14.4831238
v -802.3461304 -217.8547363 -14.4831238
v -801.8988037 -217.6807861 -14.4831238
v -801.4443359 -217.5265198 -14.4831238
v -800.9835815 -217.3922272 -14.4831238
v -800.5173950 -217.2781525 -14.4831238
v -800.0466919 -217.1845245 -14.4831238
v -799.5723267 -217.1115112 -14.4831238
v -799.0952759 -217.0592651 -14.4831238
v -798.6163940 -217.0278778 -14.4831238
v -798.1365356 -217.0174103 -14.4831238
v -797.6567993 -217.0278778 -14.4831238
v -797.1778564 -217.0592651 -14.4831238
v -796.7008057 -217.1115112 -14.4831238
v -796.2264404 -217.1845245 -14.4831238
v -795.7557373 -217.2781525 -14.4831238
v -795.2895508 -217.3922272 -14.4831238
v -794.8287964 -217.5265198 -14.4831238
v -794.3743286 -217.6807861 -14.4831238
v -793.9270630 -217.8547363 -14.4831238
v -793.4877930 -218.0480194 -14.4831238
v -793.0573120 -218.2602844 -14.4831238
v -792.6365356 -218.4911346 -14.4831238
v -792.2262573 -218.7400970 -14.4831238
v -791.8272095 -219.0067291 -14.4831238
v -791.4401855 -219.2905273 -14.4831238
v -791.0659180 -219.5909119 -14.4831238
v -790.7050781 -219.9073639 -14.4831238
v -790.3583984 -220.2392273 -14.4831238
v -790.0265503 -220.5859070 -14.4831238
v -789.7100830 -220.9467468 -14.4831238
v -789.4097290 -221.3210297 -14.4831238
v -789.1259155 -221.7080688 -14.4831238
v -788.8592529 -222.1071167 -14.4831238
v -788.6102905 -222.5174103 -14.4831238
v -788.3794556 -222.9381714 -14.4831238
v -788.1671753 -223.3686066 -14.4831238
v -787.9739380 -223.8078918 -14.4831238
v -787.7999878 -224.2551880 -14.4831238
v -787.6456909 -224.7096405 -14.4831238
v -787.5114136 -225.1703949 -14.4831238
v -787.3973389 -225.6365662 -14.4831238
v -787.3036499 -226.1072693 -14.4831238
v -787.2306519 -226.5816193 -14.4831238
v -787.1784058 -227.0587006 -14.4831238
v -787.1470337 -227.5375977 -14.4831238
v -787.1365356 -228.0174103 -14.4831238
v -787.1470337 -228.4972229 -14.4831238
v -787.1784058 -228.9761200 -14.4831238
v -787.2306519 -229.4532013 -14.4831238
v -787.3036499 -229.9275360 -14.4831238
v -787.3973389 -230.3982391 -14.4831238
v -787.5114136 -230.8644104 -14.4831238
v -787.6456909 -231.3251648 -14.4831238
v -787.7999878 -231.7796326 -14.4831238
v -787.9739380 -232.2269287 -14.4831238
v -788.1671753 -232.6662140 -14.4831238
v -788.3794556 -233.0966492 -14.4831238
v -788.6102905 -233.5174103 -14.4831238
v -788.8592529 -233.9277039 -14.4831238
v -789.1259155 -234.3267517 -14.4831238
v -789.4097290 -234.7137756 -14.4831238
v -789.7100830 -235.0880737 -14.4831238
v -790.0265503 -235.4488983 -14.4831238
v -790.3583984 -235.7955780 -14.4831238
v -790.7050781 -236.1274567 -14.4831238
v -791.0659180 -236.4438934 -14.4831238
v -791.4401855 -236.7442932 -14.4831238
v -791.8272095 -237.0280762 -14.4831238
v -792.2262573 -237.2947083 -14.4831238
v -792.6365356 -237.5436859 -14.4831238
v -793.0573120 -237.7745209 -14.4831238
v -793.4877930 -237.9867859 -14.4831238
v -793.9270630 -238.1800842 -14.4831238
v -794.3743286 -238.3540344 -14.4831238
v -794.8287964 -238.5083008 -14.4831238
v -795.2895508 -238.6425934 -14.4831238
v -795.7557373 -238.7566681 -14.4831238
v -796.2264404 -238.8502960 -14.4831238
v -796.7008057 -238.9233093 -14.4831238
v -797.1778564 -238.9755554 -14.4831238
v -797.6567993 -239.0069275 -14.4831238
v -803.3865356 -228.0174103 -14.4831238
v -803.3762207 -228.3470612 -14.4831238
v -803.3451538 -228.6754150 -14.4831238
v -803.2935791 -229.0011597 -14.4831238
v -803.2216187 -229.3230286 -14.4831238
v -803.1296387 -229.6397400 -14.4831238
v -803.0178833 -229.9500580 -14.4831238
v -802.8869019 -230.2527466 -14.4831238
v -802.7371826 -230.5466156 -14.4831238
v -802.5692749 -230.8305054 -14.4831238
v -802.3839111 -231.1032867 -14.4831238
v -802.1817627 -231.3638916 -14.4831238
v -801.9636841 -231.6112823 -14.4831238
v -801.7304077 -231.8444977 -14.4831238
v -801.4830322 -232.0626068 -14.4831238
v -801.2224731 -232.2647400 -14.4831238
v -800.9496460 -232.4501343 -14.4831238
v -800.6657715 -232.6180115 -14.4831238
v -800.3718872 -232.7677460 -14.4831238
v -800.0692139 -232.8987427 -14.4831238
v -799.7589111 -233.0104523 -14.4831238
v -799.4421997 -233.1024780 -14.4831238
v -799.1203003 -233.1744080 -14.4831238
v -798.7946167 -233.2260132 -14.4831238
v -798.4662476 -233.2570496 -14.4831238
v -798.1365356 -233.2674103 -14.4831238
v -797.8069458 -233.2570496 -14.4831238
v -797.4785767 -233.2260132 -14.4831238
v -797.1528320 -233.1744080 -14.4831238
v -796.8309937 -233.1024780 -14.4831238
v -796.5142212 -233.0104523 -14.4831238
v -796.2039185 -232.8987427 -14.4831238
v -795.9012451 -232.7677460 -14.4831238
v -795.6073608 -232.6180115 -14.4831238
v -795.3234863 -232.4501343 -14.4831238
v -795.0507202 -232.2647400 -14.4831238
v -794.7901001 -232.0626068 -14.4831238
v -794.5426636 -231.8444977 -14.4831238
v -794.3095093 -231.6112823 -14.4831238
v -794.0913696 -231.3638916 -14.4831238
v -793.8892212 -231.1032867 -14.4831238
v -793.7038574 -230.8305054 -14.4831238
v -793.5359497 -230.5466156 -14.4831238
v -793.3862305 -230.2527466 -14.4831238
v -793.2552490 -229.9500580 -14.4831238
v -793.1434937 -229.6397400 -14.4831238
v -793.0515137 -229.3230286 -14.4831238
v -792.9795532 -229.0011597 -14.4831238
v -792.9279785 -228.6754150 -14.4831238
v -792.8969116 -228.3470612 -14.4831238
v -792.8865356 -228.0174103 -14.4831238
v -792.8969116 -227.6877594 -14.4831238
v -792.9279785 -227.3594055 -14.4831238
v -792.9795532 -227.0336609 -14.4831238
v -793.0515137 -226.7117920 -14.4831238
v -793.1434937 -226.3950653 -14.4831238
v -793.2552490 -226.0847473 -14.4831238
v -793.3862305 -225.7820740 -14.4831238
v -793.5359497 -225.4882050 -14.4831238
v -793.7038574 -225.2043152 -14.4831238
v -793.8892212 -224.9315338 -14.4831238
v -794.0913696 -224.6709290 -14.4831238
v -794.3095093 -224.4235382 -14.4831238
v -794.5426636 -224.1903229 -14.4831238
v -794.7901001 -223.9722137 -14.4831238
v -795.0507202 -223.7700653 -14.4831238
v -795.3234863 -223.5846863 -14.4831238
v -795.6073608 -223.4167938 -14.4831238
v -795.9012451 -223.2670593 -14.4831238
v -796.2039185 -223.1360779 -14.4831238
v -796.5142212 -223.0243530 -14.4831238
v -796.8309937 -222.9323425 -14.4831238
v -797.1528320 -222.8603973 -14.4831238
v -797.4785767 -222.8088074 -14.4831238
v -797.8069458 -222.7777710 -14.4831238
v -798.1365356 -222.7674103 -14.4831238
v -798.4662476 -222.7777710 -14.4831238
v -798.7946167 -222.8088074 -14.4831238
v -799.1203003 -222.8603973 -14.4831238
v -799.4421997 -222.9323425 -14.4831238
v -799.7589111 -223.0243530 -14.4831238
v -800.0692139 -223.1360779 -14.4831238
v -800.3718872 -223.2670593 -14.4831238
v -800.6657715 -223.4167938 -14.4831238
v -800.9496460 -223.5846863 -14.4831238
v -801.2224731 -223.7700653 -14.4831238
v -801.4830322 -223.9722137 -14.4831238
v -801.7304077 -224.1903229 -14.4831238
v -801.9636841 -224.4235382 -14.4831238
v -802.1817627 -224.6709290 -14.4831238
v -802.3839111 -224.9315338 -14.4831238
v -802.5692749 -225.2043152 -14.4831238
v -802.7371826 -225.4882050 -14.4831238
v -802.8869019 -225.7820740 -14.4831238
v -803.0178833 -226.0847473 -14.4831238
v -803.1296387 -226.3950653 -14.4831238
v -803.2216187 -226.7117920 -14.4831238
v -803.2935791 -227.0336609 -14.4831238
v -803.3451538 -227.3594055 -14.4831238
v -803.3762207 -227.6877594 -14.4831238
v -798.1365356 -217.0174103 -12.9831238
v -797.6567993 -217.0278778 -12.9831238
v -797.1778564 -217.0592651 -12.9831238
v -796.7008057 -217.1115112 -12.9831238
v -796.2264404 -217.1845245 -12.9831238
v -795.7557373 -217.2781525 -12.9831238
v -795.2895508 -217.3922272 -12.9831238
v -794.8287964 -217.5265198 -12.9831238
v -794.3743286 -217.6807861 -12.9831238
v -793.9270630 -217.8547363 -12.9831238
v -793.4877930 -218.0480194 -12.9831238
v -793.0573120 -218.2602844 -12.9831238
v -792.6365356 -218.4911346 -12.9831238
v -792.2262573 -218.7400970 -12.9831238
v -791.8272095 -219.0067291 -12.9831238
v -791.4401855 -219.2905273 -12.9831238
v -791.0659180 -219.5909119 -12.9831238
v -790.7050781 -219.9073639 -12.9831238
v -790.3583984 -220.2392273 -12.9831238
v -790.0265503 -220.5859070 -12.9831238
v -789.7100830 -220.9467468 -12.9831238
v -789.4097290 -221.3210297 -12.9831238
v -789.1259155 -221.7080688 -12.9831238
v -788.8592529 -222.1071167 -12.9831238
v -788.6102905 -222.5174103 -12.9831238
v -788.3794556 -222.9381714 -12.9831238
v -788.1671753 -223.3686066 -12.9831238
v -787.9739380 -223.8078918 -12.9831238
v -787.7999878 -224.2551880 -12.9831238
v -787.6456909 -224.7096405 -12.9831238
v -787.5114136 -225.1703949 -12.9831238
v -787.3973389 -225.6365662 -12.9831238
v -787.3036499 -226.1072693 -12.9831238
v -787.2306519 -226.5816193 -12.9831238
v -787.1784058 -227.0587006 -12.9831238
v -787.1470337 -227.5375977 -12.9831238
v -787.1365356 -228.0174103 -12.9831238
v -787.1470337 -228.4972229 -12.9831238
v -787.1784058 -228.9761200 -12.9831238
v -787.2306519 -229.4532013 -12.9831238
v -787.3036499 -229.9275360 -12.9831238
v -787.3973389 -230.3982391 -12.9831238
v -787.5114136 -230.8644104 -12.9831238
v -787.6456909 -231.3251648 -12.9831238
v -787.7999878 -231.7796326 -12.9831238
v -787.9739380 -232.2269287 -12.9831238
v -788.1671753 -232.6662140 -12.9831238
v -788.3794556 -233.0966492 -12.9831238
v -788.6102905 -233.5174103 -12.9831238
v -788.8592529 -233.9277039 -12.9831238
v -789.1259155 -234.3267517 -12.9831238
v -789.4097290 -234.7137756 -12.9831238
v -789.7100830 -235.0880737 -12.9831238
v -790.0265503 -235.4488983 -12.9831238
v -790.3583984 -235.7955780 -12.9831238
v -790.7050781 -236.1274567 -12.9831238
v -791.0659180 -236.4438934 -12.9831238
v -791.4401855 -236.7442932 -12.9831238
v -791.8272095 -237.0280762 -12.9831238
v -792.2262573 -237.2947083 -12.9831238
v -792.6365356 -237.5436859 -12.9831238
v -793.0573120 -237.7745209 -12.9831238
v -793.4877930 -237.9867859 -12.9831238
v -793.9270630 -238.1800842 -12.9831238
v -794.3743286 -238.3540344 -12.9831238
v -794.8287964 -238.5083008 -12.9831238
v -795.2895508 -238.6425934 -12.9831238
v -795.7557373 -238.7566681 -12.9831238
v -796.2264404 -238.8502960 -12.9831238
v -796.7008057 -238.9233093 -12.9831238
v -797.1778564 -238.9755554 -12.9831238
v -797.6567993 -239.0069275 -12.9831238
v -798.1365356 -239.0173950 -12.9831238
v -798.6163940 -239.0069275 -12.9831238
v -799.0952759 -238.9755554 -12.9831238
v -799.5723267 -238.9233093 -12.9831238
v -800.0466919 -238.8502960 -12.9831238
v -800.5173950 -238.7566681 -12.9831238
v -800.9835815 -238.6425934 -12.9831238
v -801.4443359 -238.5083008 -12.9831238
v -801.8988037 -238.3540344 -12.9831238
v -802.3461304 -238.1800842 -12.9831238
v -802.7853394 -237.9867859 -12.9831238
v -803.2158203 -237.7745209 -12.9831238
v -803.6365967 -237.5436859 -12.9831238
v -804.0468750 -237.2947083 -12.9831238
v -804.4459229 -237.0280762 -12.9831238
v -804.8329468 -236.7442932 -12.9831238
v -805.2072144 -236.4438934 -12.9831238
v -805.5680542 -236.1274567 -12.9831238
v -805.9147339 -235.7955780 -12.9831238
v -806.2466431 -235.4488983 -12.9831238
v -806.5630493 -235.0880737 -12.9831238
v -806.8634644 -234.7137756 -12.9831238
v -807.1472778 -234.3267517 -12.9831238
v -807.4138794 -233.9277039 -12.9831238
v -807.6628418 -233.5174103 -12.9831238
v -807.8936768 -233.0966492 -12.9831238
v -808.1059570 -232.6662140 -12.9831238
v -808.2992554 -232.2269287 -12.9831238
v -808.4732056 -231.7796326 -12.9831238
v -808.6275024 -231.3251648 -12.9831238
v -808.7617798 -230.8644104 -12.9831238
v -808.8757935 -230.3982391 -12.9831238
v -808.9694824 -229.9275360 -12.9831238
v -809.0424805 -229.4532013 -12.9831238
v -809.0947266 -228.9761200 -12.9831238
v -809.1260986 -228.4972229 -12.9831238
v -809.1365967 -228.0174103 -12.9831238
v -809.1260986 -227.5375977 -12.9831238
v -809.0947266 -227.0587006 -12.9831238
v -809.0424805 -226.5816193 -12.9831238
v -808.9694824 -226.1072693 -12.9831238
v -808.8757935 -225.6365662 -12.9831238
v -808.7617798 -225.1703949 -12.9831238
v -808.6275024 -224.7096405 -12.9831238
v -808.4732056 -224.2551880 -12.9831238
v -808.2992554 -223.8078918 -12.9831238
v -808.1059570 -223.3686066 -12.9831238
v -807.8936768 -222.9381714 -12.9831238
v -807.6628418 -222.5174103 -12.9831238
v -807.4138794 -222.1071167 -12.9831238
v -807.1472778 -221.7080688 -12.9831238
v -806.8634644 -221.3210297 -12.9831238
v -806.5630493 -220.9467468 -12.9831238
v -806.2466431 -220.5859070 -12.9831238
v -805.9147339 -220.2392273 -12.9831238
v -805.5680542 -219.9073639 -12.9831238
v -805.2072144 -219.5909119 -12.9831238
v -804.8329468 -219.2905273 -12.9831238
v -804.4459229 -219.0067291 -12.9831238
v -804.0468750 -218.7400970 -12.9831238
v -803.6365967 -218.4911346 -12.9831238
v -803.2158203 -218.2602844 -12.9831238
v -802.7853394 -218.0480194 -12.9831238
v -802.3461304 -217.8547363 -12.9831238
v -801.8988037 -217.6807861 -12.9831238
v -801.4443359 -217.5265198 -12.9831238
v -800.9835815 -217.3922272 -12.9831238
v -800.5173950 -217.2781525 -12.9831238
v -800.0466919 -217.1845245 -12.9831238
v -799.5723267 -217.1115112 -12.9831238
v -799.0952759 -217.0592651 -12.9831238
v -798.6163940 -217.0278778 -12.9831238
v -803.3865356 -228.0173950 -84.4831238
v -803.3762207 -228.3470459 -84.4831238
v -803.3451538 -228.6753998 -84.4831238
v -803.2935791 -229.0011597 -84.4831238
v -803.2216187 -229.3230286 -84.4831238
v -803.1295776 -229.6397400 -84.4831238
v -803.0178833 -229.9500580 -84.4831238
v -802.8869019 -230.2527466 -84.4831238
v -802.7371826 -230.5466156 -84.4831238
v -802.5692749 -230.8304901 -84.4831238
v -802.3839111 -231.1032715 -84.4831238
v -802.1817627 -231.3638763 -84.4831238
v -801.9636841 -231.6112671 -84.4831238
v -801.7304077 -231.8444824 -84.4831238
v -801.4830322 -232.0625916 -84.4831238
v -801.2224731 -232.2647400 -84.4831238
v -800.9496460 -232.4501343 -84.4831238
v -800.6657715 -232.6180115 -84.4831238
v -800.3718872 -232.7677460 -84.4831238
v -800.0692139 -232.8987274 -84.4831238
v -799.7589111 -233.0104523 -84.4831238
v -799.4421997 -233.1024628 -84.4831238
v -799.1203003 -233.1744080 -84.4831238
v -798.7945557 -233.2260132 -84.4831238
v -798.4662476 -233.2570496 -84.4831238
v -798.1365356 -233.2673950 -84.4831238
v -797.8069458 -233.2570496 -84.4831238
v -797.4785767 -233.2260132 -84.4831238
v -797.1528320 -233.1744080 -84.4831238
v -796.8309326 -233.1024628 -84.4831238
v -796.5142212 -233.0104523 -84.4831238
v -796.2039185 -232.8987274 -84.4831238
v -795.9012451 -232.7677460 -84.4831238
v -795.6073608 -232.6180115 -84.4831238
v -795.3234863 -232.4501343 -84.4831238
v -795.0507202 -232.2647400 -84.4831238
v -794.7901001 -232.0625916 -84.4831238
v -794.5426636 -231.8444824 -84.4831238
v -794.3095093 -231.6112671 -84.4831238
v -794.0913696 -231.3638763 -84.4831238
v -793.8892212 -231.1032715 -84.4831238
v -793.7038574 -230.8304901 -84.4831238
v -793.5359497 -230.5466156 -84.4831238
v -793.3862305 -230.2527466 -84.4831238
v -793.2552490 -229.9500580 -84.4831238
v -793.1434937 -229.6397400 -84.4831238
v -793.0515137 -229.3230286 -84.4831238
v -792.9795532 -229.0011597 -84.4831238
v -792.9279785 -228.6753998 -84.4831238
v -792.8969116 -228.3470459 -84.4831238
v -792.8865356 -228.0173950 -84.4831238
v -792.8969116 -227.6877441 -84.4831238
v -792.9279785 -227.3594055 -84.4831238
v -792.9795532 -227.0336609 -84.4831238
v -793.0515137 -226.7117920 -84.4831238
v -793.1434937 -226.3950653 -84.4831238
v -793.2552490 -226.0847473 -84.4831238
v -793.3862305 -225.7820587 -84.4831238
v -793.5359497 -225.4881897 -84.4831238
v -793.7038574 -225.2043152 -84.4831238
v -793.8892212 -224.9315338 -84.4831238
v -794.0913696 -224.6709290 -84.4831238
v -794.3095093 -224.4235229 -84.4831238
v -794.5426636 -224.1903229 -84.4831238
v -794.7901001 -223.9722137 -84.4831238
v -795.0507202 -223.7700653 -84.4831238
v -795.3234863 -223.5846863 -84.4831238
v -795.6073608 -223.4167938 -84.4831238
v -795.9012451 -223.2670593 -84.4831238
v -796.2039185 -223.1360779 -84.4831238
v -796.5142212 -223.0243530 -84.4831238
v -796.8309326 -222.9323425 -84.4831238
v -797.1528320 -222.8603973 -84.4831238
v -797.4785767 -222.8088074 -84.4831238
v -797.8069458 -222.7777710 -84.4831238
v -798.1365356 -222.7673950 -84.4831238
v -798.4662476 -222.7777710 -84.4831238
v -798.7945557 -222.8088074 -84.4831238
v -799.1203003 -222.8603973 -84.4831238
v -799.4421997 -222.9323425 -84.4831238
v -799.7589111 -223.0243530 -84.4831238
v -800.0692139 -223.1360779 -84.4831238
v -800.3718872 -223.2670593 -84.4831238
v -800.6657715 -223.4167938 -84.4831238
v -800.9496460 -223.5846863 -84.4831238
v -801.2224731 -223.7700653 -84.4831238
v -801.4830322 -223.9722137 -84.4831238
v -801.7304077 -224.1903229 -84.4831238
v -801.9636841 -224.4235229 -84.4831238
v -802.1817627 -224.6709290 -84.4831238
v -802.3839111 -224.9315338 -84.4831238
v -802.5692749 -225.2043152 -84.4831238
v -802.7371826 -225.4881897 -84.4831238
v -802.8869019 -225.7820587 -84.4831238
v -803.0178833 -226.0847473 -84.4831238
v -803.1295776 -226.3950653 -84.4831238
v -803.2216187 -226.7117920 -84.4831238
v -803.2935791 -227.0336609 -84.4831238
v -803.3451538 -227.3594055 -84.4831238
v -803.3762207 -227.6877441 -84.4831238
v -803.3865356 -228.0173950 -77.4831238
v -803.3865356 -228.0173950 -70.4831238
v -803.3865356 -228.0173950 -63.4831238
v -803.3865356 -228.0173950 -56.4831238
v -803.3865356 -228.0174103 -49.4831238
v -803.3865356 -228.0174103 -42.4831238
v -803.3865356 -228.0174103 -35.4831238
v -803.3865356 -228.0174103 -28.4831238
v -803.3865356 -228.0174103 -21.4831238
v -803.3762207 -228.3470459 -77.4831238
v -803.3762207 -228.3470459 -70.4831238
v -803.3762207 -228.3470459 -63.4831238
v -803.3762207 -228.3470459 -56.4831238
v -803.3762207 -228.3470612 -49.4831238
v -803.3762207 -228.3470612 -42.4831238
v -803.3762207 -228.3470612 -35.4831238
v -803.3762207 -228.3470612 -28.4831238
v -803.3762207 -228.3470612 -21.4831238
v -803.3451538 -228.6753998 -77.4831238
v -803.3451538 -228.6753998 -70.4831238
v -803.3451538 -228.6753998 -63.4831238
v -803.3451538 -228.6753998 -56.4831238
v -803.3451538 -228.6754150 -49.4831238
v -803.3451538 -228.6754150 -42.4831238
v -803.3451538 -228.6754150 -35.4831238
v -803.3451538 -228.6754150 -28.4831238
v -803.3451538 -228.6754150 -21.4831238
v -803.2935791 -229.0011597 -77.4831238
v -803.2935791 -229.0011597 -70.4831238
v -803.2935791 -229.0011597 -63.4831238
v -803.2935791 -229.0011597 -56.4831238
v -803.2935791 -229.0011597 -49.4831238
v -803.2935791 -229.0011597 -42.4831238
v -803.2935791 -229.0011597 -35.4831238
v -803.2935791 -229.0011597 -28.4831238
v -803.2935791 -229.0011597 -21.4831238
v -803.2216187 -229.3230286 -77.4831238
v -803.2216187 -229.3230286 -70.4831238
v -803.2216187 -229.3230286 -63.4831238
v -803.2216187 -229.3230286 -56.4831238
v -803.2216187 -229.3230286 -49.4831238
v -803.2216187 -229.3230286 -42.4831238
v -803.2216187 -229.3230286 -35.4831238
v -803.2216187 -229.3230286 -28.4831238
v -803.2216187 -229.3230286 -21.4831238
v -803.1296387 -229.6397400 -77.4831238
v -803.1296387 -229.6397400 -70.4831238
v -803.1296387 -229.6397400 -63.4831238
v -803.1296387 -229.6397400 -56.4831238
v -803.1296387 -229.6397400 -49.4831238
v -803.1296387 -229.6397400 -42.4831238
v -803.1296387 -229.6397400 -35.4831238
v -803.1296387 -229.6397400 -28.4831238
v -803.1296387 -229.6397400 -21.4831238
v -803.0178833 -229.9500580 -77.4831238
v -803.0178833 -229.9500580 -70.4831238
v -803.0178833 -229.9500580 -63.4831238
v -803.0178833 -229.9500580 -56.4831238
v -803.0178833 -229.9500580 -49.4831238
v -803.0178833 -229.9500580 -42.4831238
v -803.0178833 -229.9500580 -35.4831238
v -803.0178833 -229.9500580 -28.4831238
v -803.0178833 -229.9500580 -21.4831238
v -802.8869019 -230.2527466 -77.4831238
v -802.8869019 -230.2527466 -70.4831238
v -802.8869019 -230.2527466 -63.4831238
v -802.8869019 -230.2527466 -56.4831238
v -802.8869019 -230.2527466 -49.4831238
v -802.8869019 -230.2527466 -42.4831238
v -802.8869019 -230.2527466 -35.4831238
v -802.8869019 -230.2527466 -28.4831238
v -802.8869019 -230.2527466 -21.4831238
v -802.7371826 -230.5466156 -77.4831238
v -802.7371826 -230.5466156 -70.4831238
v -802.7371826 -230.5466156 -63.4831238
v -802.7371826 -230.5466156 -56.4831238
v -802.7371826 -230.5466156 -49.4831238
v -802.7371826 -230.5466156 -42.4831238
v -802.7371826 -230.5466156 -35.4831238
v -802.7371826 -230.5466156 -28.4831238
v -802.7371826 -230.5466156 -21.4831238
v -802.5692749 -230.8304901 -77.4831238
v -802.5692749 -230.8304901 -70.4831238
v -802.5692749 -230.8304901 -63.4831238
v -802.5692749 -230.8304901 -56.4831238
v -802.5692749 -230.8305054 -49.4831238
v -802.5692749 -230.8305054 -42.4831238
v -802.5692749 -230.8305054 -35.4831238
v -802.5692749 -230.8305054 -28.4831238
v -802.5692749 -230.8305054 -21.4831238
v -802.3839111 -231.1032715 -77.4831238
v -802.3839111 -231.1032715 -70.4831238
v -802.3839111 -231.1032715 -63.4831238
v -802.3839111 -231.1032715 -56.4831238
v -802.3839111 -231.1032867 -49.4831238
v -802.3839111 -231.1032867 -42.4831238
v -802.3839111 -231.1032867 -35.4831238
v -802.3839111 -231.1032867 -28.4831238
v -802.3839111 -231.1032867 -21.4831238
v -802.1817627 -231.3638763 -77.4831238
v -802.1817627 -231.3638763 -70.4831238
v -802.1817627 -231.3638763 -63.4831238
v -802.1817627 -231.3638763 -56.4831238
v -802.1817627 -231.3638916 -49.4831238
v -802.1817627 -231.3638916 -42.4831238
v -802.1817627 -231.3638916 -35.4831238
v -802.1817627 -231.3638916 -28.4831238
v -802.1817627 -231.3638916 -21.4831238
v -801.9636841 -231.6112671 -77.4831238
v -801.9636841 -231.6112671 -70.4831238
v -801.9636841 -231.6112671 -63.4831238
v -801.9636841 -231.6112671 -56.4831238
v -801.9636841 -231.6112823 -49.4831238
v -801.9636841 -231.6112823 -42.4831238
v -801.9636841 -231.6112823 -35.4831238
v -801.9636841 -231.6112823 -28.4831238
v -801.9636841 -231.6112823 -21.4831238
v -801.7304077 -231.8444824 -77.4831238
v -801.7304077 -231.8444824 -70.4831238
v -801.7304077 -231.8444824 -63.4831238
v -801.7304077 -231.8444824 -56.4831238
v -801.7304077 -231.8444977 -49.4831238
v -801.7304077 -231.8444977 -42.4831238
v -801.7304077 -231.8444977 -35.4831238
v -801.7304077 -231.8444977 -28.4831238
v -801.7304077 -231.8444977 -21.4831238
v -801.4830322 -232.0625916 -77.4831238
v -801.4830322 -232.0625916 -70.4831238
v -801.4830322 -232.0625916 -63.4831238
v -801.4830322 -232.0625916 -56.4831238
v -801.4830322 -232.0626068 -49.4831238
v -801.4830322 -232.0626068 -42.4831238
v -801.4830322 -232.0626068 -35.4831238
v -801.4830322 -232.0626068 -28.4831238
v -801.4830322 -232.0626068 -21.4831238
v -801.2224731 -232.2647400 -77.4831238
v -801.2224731 -232.2647400 -70.4831238
v -801.2224731 -232.2647400 -63.4831238
v -801.2224731 -232.2647400 -56.4831238
v -801.2224731 -232.2647400 -49.4831238
v -801.2224731 -232.2647400 -42.4831238
v -801.2224731 -232.2647400 -35.4831238
v -801.2224731 -232.2647400 -28.4831238
v -801.2224731 -232.2647400 -21.4831238
v -800.9496460 -232.4501343 -77.4831238
v -800.9496460 -232.4501343 -70.4831238
v -800.9496460 -232.4501343 -63.4831238
v -800.9496460 -232.4501343 -56.4831238
v -800.9496460 -232.4501343 -49.4831238
v -800.9496460 -232.4501343 -42.4831238
v -800.9496460 -232.4501343 -35.4831238
v -800.9496460 -232.4501343 -28.4831238
v -800.9496460 -232.4501343 -21.4831238
v -800.6657715 -232.6180115 -77.4831238
v -800.6657715 -232.6180115 -70.4831238
v -800.6657715 -232.6180115 -63.4831238
v -800.6657715 -232.6180115 -56.4831238
v -800.6657715 -232.6180115 -49.4831238
v -800.6657715 -232.6180115 -42.4831238
v -800.6657715 -232.6180115 -35.4831238
v -800.6657715 -232.6180115 -28.4831238
v -800.6657715 -232.6180115 -21.4831238
v -800.3718872 -232.7677460 -77.4831238
v -800.3718872 -232.7677460 -70.4831238
v -800.3718872 -232.7677460 -63.4831238
v -800.3718872 -232.7677460 -56.4831238
v -800.3718872 -232.7677460 -49.4831238
v -800.3718872 -232.7677460 -42.4831238
v -800.3718872 -232.7677460 -35.4831238
v -800.3718872 -232.7677460 -28.4831238
v -800.3718872 -232.7677460 -21.4831238
v -800.0692139 -232.8987274 -77.4831238
v -800.0692139 -232.8987274 -70.4831238
v -800.0692139 -232.8987274 -63.4831238
v -800.0692139 -232.8987274 -56.4831238
v -800.0692139 -232.8987427 -49.4831238
v -800.0692139 -232.8987427 -42.4831238
v -800.0692139 -232.8987427 -35.4831238
v -800.0692139 -232.8987427 -28.4831238
v -800.0692139 -232.8987427 -21.4831238
v -799.7589111 -233.0104523 -77.4831238
v -799.7589111 -233.0104523 -70.4831238
v -799.7589111 -233.0104523 -63.4831238
v -799.7589111 -233.0104523 -56.4831238
v -799.7589111 -233.0104523 -49.4831238
v -799.7589111 -233.0104523 -42.4831238
v -799.7589111 -233.0104523 -35.4831238
v -799.7589111 -233.0104523 -28.4831238
v -799.7589111 -233.0104523 -21.4831238
v -799.4421997 -233.1024628 -77.4831238
v -799.4421997 -233.1024628 -70.4831238
v -799.4421997 -233.1024628 -63.4831238
v -799.4421997 -233.1024628 -56.4831238
v -799.4421997 -233.1024780 -49.4831238
v -799.4421997 -233.1024780 -42.4831238
v -799.4421997 -233.1024780 -35.4831238
v -799.4421997 -233.1024780 -28.4831238
v -799.4421997 -233.1024780 -21.4831238
v -799.1203003 -233.1744080 -77.4831238
v -799.1203003 -233.1744080 -70.4831238
v -799.1203003 -233.1744080 -63.4831238
v -799.1203003 -233.1744080 -56.4831238
v -799.1203003 -233.1744080 -49.4831238
v -799.1203003 -233.1744080 -42.4831238
v -799.1203003 -233.1744080 -35.4831238
v -799.1203003 -233.1744080 -28.4831238
v -799.1203003 -233.1744080 -21.4831238
v -798.7945557 -233.2260132 -77.4831238
v -798.7945557 -233.2260132 -70.4831238
v -798.7945557 -233.2260132 -63.4831238
v -798.7945557 -233.2260132 -56.4831238
v -798.7945557 -233.2260132 -49.4831238
v -798.7945557 -233.2260132 -42.4831238
v -798.7945557 -233.2260132 -35.4831238
v -798.7946167 -233.2260132 -28.4831238
v -798.7946167 -233.2260132 -21.4831238
v -798.4662476 -233.2570496 -77.4831238
v -798.4662476 -233.2570496 -70.4831238
v -798.4662476 -233.2570496 -63.4831238
v -798.4662476 -233.2570496 -56.4831238
v -798.4662476 -233.2570496 -49.4831238
v -798.4662476 -233.2570496 -42.4831238
v -798.4662476 -233.2570496 -35.4831238
v -798.4662476 -233.2570496 -28.4831238
v -798.4662476 -233.2570496 -21.4831238
v -798.1365356 -233.2673950 -77.4831238
v -798.1365356 -233.2673950 -70.4831238
v -798.1365356 -233.2673950 -63.4831238
v -798.1365356 -233.2673950 -56.4831238
v -798.1365356 -233.2674103 -49.4831238
v -798.1365356 -233.2674103 -42.4831238
v -798.1365356 -233.2674103 -35.4831238
v -798.1365356 -233.2674103 -28.4831238
v -798.1365356 -233.2674103 -21.4831238
v -797.8069458 -233.2570496 -77.4831238
v -797.8069458 -233.2570496 -70.4831238
v -797.8069458 -233.2570496 -63.4831238
v -797.8069458 -233.2570496 -56.4831238
v -797.8069458 -233.2570496 -49.4831238
v -797.8069458 -233.2570496 -42.4831238
v -797.8069458 -233.2570496 -35.4831238
v -797.8069458 -233.2570496 -28.4831238
v -797.8069458 -233.2570496 -21.4831238
v -797.4785767 -233.2260132 -77.4831238
v -797.4785767 -233.2260132 -70.4831238
v -797.4785767 -233.2260132 -63.4831238
v -797.4785767 -233.2260132 -56.4831238
v -797.4785767 -233.2260132 -49.4831238
v -797.4785767 -233.2260132 -42.4831238
v -797.4785767 -233.2260132 -35.4831238
v -797.4785767 -233.2260132 -28.4831238
v -797.4785767 -233.2260132 -21.4831238
v -797.1528320 -233.1744080 -77.4831238
v -797.1528320 -233.1744080 -70.4831238
v -797.1528320 -233.1744080 -63.4831238
v -797.1528320 -233.1744080 -56.4831238
v -797.1528320 -233.1744080 -49.4831238
v -797.1528320 -233.1744080 -42.4831238
v -797.1528320 -233.1744080 -35.4831238
v -797.1528320 -233.1744080 -28.4831238
v -797.1528320 -233.1744080 -21.4831238
v -796.8309326 -233.1024628 -77.4831238
v -796.8309326 -233.1024628 -70.4831238
v -796.8309326 -233.1024628 -63.4831238
v -796.8309326 -233.1024628 -56.4831238
v -796.8309326 -233.1024780 -49.4831238
v -796.8309326 -233.1024780 -42.4831238
v -796.8309937 -233.1024780 -35.4831238
v -796.8309937 -233.1024780 -28.4831238
v -796.8309937 -233.1024780 -21.4831238
v -796.5142212 -233.0104523 -77.4831238
v -796.5142212 -233.0104523 -70.4831238
v -796.5142212 -233.0104523 -63.4831238
v -796.5142212 -233.0104523 -56.4831238
v -796.5142212 -233.0104523 -49.4831238
v -796.5142212 -233.0104523 -42.4831238
v -796.5142212 -233.0104523 -35.4831238
v -796.5142212 -233.0104523 -28.4831238
v -796.5142212 -233.0104523 -21.4831238
v -796.2039185 -232.8987274 -77.4831238
v -796.2039185 -232.8987274 -70.4831238
v -796.2039185 -232.8987274 -63.4831238
v -796.2039185 -232.8987274 -56.4831238
v -796.2039185 -232.8987427 -49.4831238
v -796.2039185 -232.8987427 -42.4831238
v -796.2039185 -232.8987427 -35.4831238
v -796.2039185 -232.8987427 -28.4831238
v -796.2039185 -232.8987427 -21.4831238
v -795.9012451 -232.7677460 -77.4831238
v -795.9012451 -232.7677460 -70.4831238
v -795.9012451 -232.7677460 -63.4831238
v -795.9012451 -232.7677460 -56.4831238
v -795.9012451 -232.7677460 -49.4831238
v -795.9012451 -232.7677460 -42.4831238
v -795.9012451 -232.7677460 -35.4831238
v -795.9012451 -232.7677460 -28.4831238
v -795.9012451 -232.7677460 -21.4831238
v -795.6073608 -232.6180115 -77.4831238
v -795.6073608 -232.6180115 -70.4831238
v -795.6073608 -232.6180115 -63.4831238
v -795.6073608 -232.6180115 -56.4831238
v -795.6073608 -232.6180115 -49.4831238
v -795.6073608 -232.6180115 -42.4831238
v -795.6073608 -232.6180115 -35.4831238
v -795.6073608 -232.6180115 -28.4831238
v -795.6073608 -232.6180115 -21.4831238
v -795.3234863 -232.4501343 -77.4831238
v -795.3234863 -232.4501343 -70.4831238
v -795.3234863 -232.4501343 -63.4831238
v -795.3234863 -232.4501343 -56.4831238
v -795.3234863 -232.4501343 -49.4831238
v -795.3234863 -232.4501343 -42.4831238
v -795.3234863 -232.4501343 -35.4831238
v -795.3234863 -232.4501343 -28.4831238
v -795.3234863 -232.4501343 -21.4831238
v -795.0507202 -232.2647400 -77.4831238
v -795.0507202 -232.2647400 -70.4831238
v -795.0507202 -232.2647400 -63.4831238
v -795.0507202 -232.2647400 -56.4831238
v -795.0507202 -232.2647400 -49.4831238
v -795.0507202 -232.2647400 -42.4831238
v -795.0507202 -232.2647400 -35.4831238
v -795.0507202 -232.2647400 -28.4831238
v -795.0507202 -232.2647400 -21.4831238
v -794.7901001 -232.0625916 -77.4831238
v -794.7901001 -232.0625916 -70.4831238
v -794.7901001 -232.0625916 -63.4831238
v -794.7901001 -232.0625916 -56.4831238
v -794.7901001 -232.0626068 -49.4831238
v -794.7901001 -232.0626068 -42.4831238
v -794.7901001 -232.0626068 -35.4831238
v -794.7901001 -232.0626068 -28.4831238
v -794.7901001 -232.0626068 -21.4831238
v -794.5426636 -231.8444824 -77.4831238
v -794.5426636 -231.8444824 -70.4831238
v -794.5426636 -231.8444824 -63.4831238
v -794.5426636 -231.8444824 -56.4831238
v -794.5426636 -231.8444977 -49.4831238
v -794.5426636 -231.8444977 -42.4831238
v -794.5426636 -231.8444977 -35.4831238
v -794.5426636 -231.8444977 -28.4831238
v -794.5426636 -231.8444977 -21.4831238
v -794.3095093 -231.6112671 -77.4831238
v -794.3095093 -231.6112671 -70.4831238
v -794.3095093 -231.6112671 -63.4831238
v -794.3095093 -231.6112671 -56.4831238
v -794.3095093 -231.6112823 -49.4831238
v -794.3095093 -231.6112823 -42.4831238
v -794.3095093 -231.6112823 -35.4831238
v -794.3095093 -231.6112823 -28.4831238
v -794.3095093 -231.6112823 -21.4831238
v -794.0913696 -231.3638763 -77.4831238
v -794.0913696 -231.3638763 -70.4831238
v -794.0913696 -231.3638763 -63.4831238
v -794.0913696 -231.3638763 -56.4831238
v -794.0913696 -231.3638916 -49.4831238
v -794.0913696 -231.3638916 -42.4831238
v -794.0913696 -231.3638916 -35.4831238
v -794.0913696 -231.3638916 -28.4831238
v -794.0913696 -231.3638916 -21.4831238
v -793.8892212 -231.1032715 -77.4831238
v -793.8892212 -231.1032715 -70.4831238
v -793.8892212 -231.1032715 -63.4831238
v -793.8892212 -231.1032715 -56.4831238
v -793.8892212 -231.1032867 -49.4831238
v -793.8892212 -231.1032867 -42.4831238
v -793.8892212 -231.1032867 -35.4831238
v -793.8892212 -231.1032867 -28.4831238
v -793.8892212 -231.1032867 -21.4831238
v -793.7038574 -230.8304901 -77.4831238
v -793.7038574 -230.8304901 -70.4831238
v -793.7038574 -230.8304901 -63.4831238
v -793.7038574 -230.8304901 -56.4831238
v -793.7038574 -230.8305054 -49.4831238
v -793.7038574 -230.8305054 -42.4831238
v -793.7038574 -230.8305054 -35.4831238
v -793.7038574 -230.8305054 -28.4831238
v -793.7038574 -230.8305054 -21.4831238
v -793.5359497 -230.5466156 -77.4831238
v -793.5359497 -230.5466156 -70.4831238
v -793.5359497 -230.5466156 -63.4831238
v -793.5359497 -230.5466156 -56.4831238
v -793.5359497 -230.5466156 -49.4831238
v -793.5359497 -230.5466156 -42.4831238
v -793.5359497 -230.5466156 -35.4831238
v -793.5359497 -230.5466156 -28.4831238
v -793.5359497 -230.5466156 -21.4831238
v -793.3862305 -230.2527466 -77.4831238
v -793.3862305 -230.2527466 -70.4831238
v -793.3862305 -230.2527466 -63.4831238
v -793.3862305 -230.2527466 -56.4831238
v -793.3862305 -230.2527466 -49.4831238
v -793.3862305 -230.2527466 -42.4831238
v -793.3862305 -230.2527466 -35.4831238
v -793.3862305 -230.2527466 -28.4831238
v -793.3862305 -230.2527466 -21.4831238
v -793.2552490 -229.9500580 -77.4831238
v -793.2552490 -229.9500580 -70.4831238
v -793.2552490 -229.9500580 -63.4831238
v -793.2552490 -229.9500580 -56.4831238
v -793.2552490 -229.9500580 -49.4831238
v -793.2552490 -229.9500580 -42.4831238
v -793.2552490 -229.9500580 -35.4831238
v -793.2552490 -229.9500580 -28.4831238
v -793.2552490 -229.9500580 -21.4831238
v -793.1434937 -229.6397400 -77.4831238
v -793.1434937 -229.6397400 -70.4831238
v -793.1434937 -229.6397400 -63.4831238
v -793.1434937 -229.6397400 -56.4831238
v -793.1434937 -229.6397400 -49.4831238
v -793.1434937 -229.6397400 -42.4831238
v -793.1434937 -229.6397400 -35.4831238
v -793.1434937 -229.6397400 -28.4831238
v -793.1434937 -229.6397400 -21.4831238
v -793.0515137 -229.3230286 -77.4831238
v -793.0515137 -229.3230286 -70.4831238
v -793.0515137 -229.3230286 -63.4831238
v -793.0515137 -229.3230286 -56.4831238
v -793.0515137 -229.3230286 -49.4831238
v -793.0515137 -229.3230286 -42.4831238
v -793.0515137 -229.3230286 -35.4831238
v -793.0515137 -229.3230286 -28.4831238
v -793.0515137 -229.3230286 -21.4831238
v -792.9795532 -229.0011597 -77.4831238
v -792.9795532 -229.0011597 -70.4831238
v -792.9795532 -229.0011597 -63.4831238
v -792.9795532 -229.0011597 -56.4831238
v -792.9795532 -229.0011597 -49.4831238
v -792.9795532 -229.0011597 -42.4831238
v -792.9795532 -229.0011597 -35.4831238
v -792.9795532 -229.0011597 -28.4831238
v -792.9795532 -229.0011597 -21.4831238
v -792.9279785 -228.6753998 -77.4831238
v -792.9279785 -228.6753998 -70.4831238
v -792.9279785 -228.6753998 -63.4831238
v -792.9279785 -228.6753998 -56.4831238
v -792.9279785 -228.6754150 -49.4831238
v -792.9279785 -228.6754150 -42.4831238
v -792.9279785 -228.6754150 -35.4831238
v -792.9279785 -228.6754150 -28.4831238
v -792.9279785 -228.6754150 -21.4831238
v -792.8969116 -228.3470459 -77.4831238
v -792.8969116 -228.3470459 -70.4831238
v -792.8969116 -228.3470459 -63.4831238
v -792.8969116 -228.3470459 -56.4831238
v -792.8969116 -228.3470612 -49.4831238
v -792.8969116 -228.3470612 -42.4831238
v -792.8969116 -228.3470612 -35.4831238
v -792.8969116 -228.3470612 -28.4831238
v -792.8969116 -228.3470612 -21.4831238
v -792.8865356 -228.0173950 -77.4831238
v -792.8865356 -228.0173950 -70.4831238
v -792.8865356 -228.0173950 -63.4831238
v -792.8865356 -228.0173950 -56.4831238
v -792.8865356 -228.0174103 -49.4831238
v -792.8865356 -228.0174103 -42.4831238
v -792.8865356 -228.0174103 -35.4831238
v -792.8865356 -228.0174103 -28.4831238
v -792.8865356 -228.0174103 -21.4831238
v -792.8969116 -227.6877441 -77.4831238
v -792.8969116 -227.6877441 -70.4831238
v -792.8969116 -227.6877441 -63.4831238
v -792.8969116 -227.6877441 -56.4831238
v -792.8969116 -227.6877594 -49.4831238
v -792.8969116 -227.6877594 -42.4831238
v -792.8969116 -227.6877594 -35.4831238
v -792.8969116 -227.6877594 -28.4831238
v -792.8969116 -227.6877594 -21.4831238
v -792.9279785 -227.3594055 -77.4831238
v -792.9279785 -227.3594055 -70.4831238
v -792.9279785 -227.3594055 -63.4831238
v -792.9279785 -227.3594055 -56.4831238
v -792.9279785 -227.3594055 -49.4831238
v -792.9279785 -227.3594055 -42.4831238
v -792.9279785 -227.3594055 -35.4831238
v -792.9279785 -227.3594055 -28.4831238
v -792.9279785 -227.3594055 -21.4831238
v -792.9795532 -227.0336609 -77.4831238
v -792.9795532 -227.0336609 -70.4831238
v -792.9795532 -227.0336609 -63.4831238
v -792.9795532 -227.0336609 -56.4831238
v -792.9795532 -227.0336609 -49.4831238
v -792.9795532 -227.0336609 -42.4831238
v -792.9795532 -227.0336609 -35.4831238
v -792.9795532 -227.0336609 -28.4831238
v -792.9795532 -227.0336609 -21.4831238
v -793.0515137 -226.7117920 -77.4831238
v -793.0515137 -226.7117920 -70.4831238
v -793.0515137 -226.7117920 -63.4831238
v -793.0515137 -226.7117920 -56.4831238
v -793.0515137 -226.7117920 -49.4831238
v -793.0515137 -226.7117920 -42.4831238
v -793.0515137 -226.7117920 -35.4831238
v -793.0515137 -226.7117920 -28.4831238
v -793.0515137 -226.7117920 -21.4831238
v -793.1434937 -226.3950653 -77.4831238
v -793.1434937 -226.3950653 -70.4831238
v -793.1434937 -226.3950653 -63.4831238
v -793.1434937 -226.3950653 -56.4831238
v -793.1434937 -226.3950653 -49.4831238
v -793.1434937 -226.3950653 -42.4831238
v -793.1434937 -226.3950653 -35.4831238
v -793.1434937 -226.3950653 -28.4831238
v -793.1434937 -226.3950653 -21.4831238
v -793.2552490 -226.0847473 -77.4831238
v -793.2552490 -226.0847473 -70.4831238
v -793.2552490 -226.0847473 -63.4831238
v -793.2552490 -226.0847473 -56.4831238
v -793.2552490 -226.0847473 -49.4831238
v -793.2552490 -226.0847473 -42.4831238
v -793.2552490 -226.0847473 -35.4831238
v -793.2552490 -226.0847473 -28.4831238
v -793.2552490 -226.0847473 -21.4831238
v -793.3862305 -225.7820587 -77.4831238
v -793.3862305 -225.7820587 -70.4831238
v -793.3862305 -225.7820587 -63.4831238
v -793.3862305 -225.7820587 -56.4831238
v -793.3862305 -225.7820740 -49.4831238
v -793.3862305 -225.7820740 -42.4831238
v -793.3862305 -225.7820740 -35.4831238
v -793.3862305 -225.7820740 -28.4831238
v -793.3862305 -225.7820740 -21.4831238
v -793.5359497 -225.4881897 -77.4831238
v -793.5359497 -225.4881897 -70.4831238
v -793.5359497 -225.4881897 -63.4831238
v -793.5359497 -225.4881897 -56.4831238
v -793.5359497 -225.4882050 -49.4831238
v -793.5359497 -225.4882050 -42.4831238
v -793.5359497 -225.4882050 -35.4831238
v -793.5359497 -225.4882050 -28.4831238
v -793.5359497 -225.4882050 -21.4831238
v -793.7038574 -225.2043152 -77.4831238
v -793.7038574 -225.2043152 -70.4831238
v -793.7038574 -225.2043152 -63.4831238
v -793.7038574 -225.2043152 -56.4831238
v -793.7038574 -225.2043152 -49.4831238
v -793.7038574 -225.2043152 -42.4831238
v -793.7038574 -225.2043152 -35.4831238
v -793.7038574 -225.2043152 -28.4831238
v -793.7038574 -225.2043152 -21.4831238
v -793.8892212 -224.9315338 -77.4831238
v -793.8892212 -224.9315338 -70.4831238
v -793.8892212 -224.9315338 -63.4831238
v -793.8892212 -224.9315338 -56.4831238
v -793.8892212 -224.9315338 -49.4831238
v -793.8892212 -224.9315338 -42.4831238
v -793.8892212 -224.9315338 -35.4831238
v -793.8892212 -224.9315338 -28.4831238
v -793.8892212 -224.9315338 -21.4831238
v -794.0913696 -224.6709290 -77.4831238
v -794.0913696 -224.6709290 -70.4831238
v -794.0913696 -224.6709290 -63.4831238
v -794.0913696 -224.6709290 -56.4831238
v -794.0913696 -224.6709290 -49.4831238
v -794.0913696 -224.6709290 -42.4831238
v -794.0913696 -224.6709290 -35.4831238
v -794.0913696 -224.6709290 -28.4831238
v -794.0913696 -224.6709290 -21.4831238
v -794.3095093 -224.4235229 -77.4831238
v -794.3095093 -224.4235229 -70.4831238
v -794.3095093 -224.4235229 -63.4831238
v -794.3095093 -224.4235229 -56.4831238
v -794.3095093 -224.4235382 -49.4831238
v -794.3095093 -224.4235382 -42.4831238
v -794.3095093 -224.4235382 -35.4831238
v -794.3095093 -224.4235382 -28.4831238
v -794.3095093 -224.4235382 -21.4831238
v -794.5426636 -224.1903229 -77.4831238
v -794.5426636 -224.1903229 -70.4831238
v -794.5426636 -224.1903229 -63.4831238
v -794.5426636 -224.1903229 -56.4831238
v -794.5426636 -224.1903229 -49.4831238
v -794.5426636 -224.1903229 -42.4831238
v -794.5426636 -224.1903229 -35.4831238
v -794.5426636 -224.1903229 -28.4831238
v -794.5426636 -224.1903229 -21.4831238
v -794.7901001 -223.9722137 -77.4831238
v -794.7901001 -223.9722137 -70.4831238
v -794.7901001 -223.9722137 -63.4831238
v -794.7901001 -223.9722137 -56.4831238
v -794.7901001 -223.9722137 -49.4831238
v -794.7901001 -223.9722137 -42.4831238
v -794.7901001 -223.9722137 -35.4831238
v -794.7901001 -223.9722137 -28.4831238
v -794.7901001 -223.9722137 -21.4831238
v -795.0507202 -223.7700653 -77.4831238
v -795.0507202 -223.7700653 -70.4831238
v -795.0507202 -223.7700653 -63.4831238
v -795.0507202 -223.7700653 -56.4831238
v -795.0507202 -223.7700653 -49.4831238
v -795.0507202 -223.7700653 -42.4831238
v -795.0507202 -223.7700653 -35.4831238
v -795.0507202 -223.7700653 -28.4831238
v -795.0507202 -223.7700653 -21.4831238
v -795.3234863 -223.5846863 -77.4831238
v -795.3234863 -223.5846863 -70.4831238
v -795.3234863 -223.5846863 -63.4831238
v -795.3234863 -223.5846863 -56.4831238
v -795.3234863 -223.5846863 -49.4831238
v -795.3234863 -223.5846863 -42.4831238
v -795.3234863 -223.5846863 -35.4831238
v -795.3234863 -223.5846863 -28.4831238
v -795.3234863 -223.5846863 -21.4831238
v -795.6073608 -223.4167938 -77.4831238
v -795.6073608 -223.4167938 -70.4831238
v -795.6073608 -223.4167938 -63.4831238
v -795.6073608 -223.4167938 -56.4831238
v -795.6073608 -223.4167938 -49.4831238
v -795.6073608 -223.4167938 -42.4831238
v -795.6073608 -223.4167938 -35.4831238
v -795.6073608 -223.4167938 -28.4831238
v -795.6073608 -223.4167938 -21.4831238
v -795.9012451 -223.2670593 -77.4831238
v -795.9012451 -223.2670593 -70.4831238
v -795.9012451 -223.2670593 -63.4831238
v -795.9012451 -223.2670593 -56.4831238
v -795.9012451 -223.2670593 -49.4831238
v -795.9012451 -223.2670593 -42.4831238
v -795.9012451 -223.2670593 -35.4831238
v -795.9012451 -223.2670593 -28.4831238
v -795.9012451 -223.2670593 -21.4831238
v -796.2039185 -223.1360779 -77.4831238
v -796.2039185 -223.1360779 -70.4831238
v -796.2039185 -223.1360779 -63.4831238
v -796.2039185 -223.1360779 -56.4831238
v -796.2039185 -223.1360779 -49.4831238
v -796.2039185 -223.1360779 -42.4831238
v -796.2039185 -223.1360779 -35.4831238
v -796.2039185 -223.1360779 -28.4831238
v -796.2039185 -223.1360779 -21.4831238
v -796.5142212 -223.0243530 -77.4831238
v -796.5142212 -223.0243530 -70.4831238
v -796.5142212 -223.0243530 -63.4831238
v -796.5142212 -223.0243530 -56.4831238
v -796.5142212 -223.0243530 -49.4831238
v -796.5142212 -223.0243530 -42.4831238
v -796.5142212 -223.0243530 -35.4831238
v -796.5142212 -223.0243530 -28.4831238
v -796.5142212 -223.0243530 -21.4831238
v -796.8309326 -222.9323425 -77.4831238
v -796.8309326 -222.9323425 -70.4831238
v -796.8309326 -222.9323425 -63.4831238
v -796.8309326 -222.9323425 -56.4831238
v -796.8309326 -222.9323425 -49.4831238
v -796.8309326 -222.9323425 -42.4831238
v -796.8309937 -222.9323425 -35.4831238
v -796.8309937 -222.9323425 -28.4831238
v -796.8309937 -222.9323425 -21.4831238
v -797.1528320 -222.8603973 -77.4831238
v -797.1528320 -222.8603973 -70.4831238
v -797.1528320 -222.8603973 -63.4831238
v -797.1528320 -222.8603973 -56.4831238
v -797.1528320 -222.8603973 -49.4831238
v -797.1528320 -222.8603973 -42.4831238
v -797.1528320 -222.8603973 -35.4831238
v -797.1528320 -222.8603973 -28.4831238
v -797.1528320 -222.8603973 -21.4831238
v -797.4785767 -222.8088074 -77.4831238
v -797.4785767 -222.8088074 -70.4831238
v -797.4785767 -222.8088074 -63.4831238
v -797.4785767 -222.8088074 -56.4831238
v -797.4785767 -222.8088074 -49.4831238
v -797.4785767 -222.8088074 -42.4831238
v -797.4785767 -222.8088074 -35.4831238
v -797.4785767 -222.8088074 -28.4831238
v -797.4785767 -222.8088074 -21.4831238
v -797.8069458 -222.7777710 -77.4831238
v -797.8069458 -222.7777710 -70.4831238
v -797.8069458 -222.7777710 -63.4831238
v -797.8069458 -222.7777710 -56.4831238
v -797.8069458 -222.7777710 -49.4831238
v -797.8069458 -222.7777710 -42.4831238
v -797.8069458 -222.7777710 -35.4831238
v -797.8069458 -222.7777710 -28.4831238
v -797.8069458 -222.7777710 -21.4831238
v -798.1365356 -222.7673950 -77.4831238
v -798.1365356 -222.7673950 -70.4831238
v -798.1365356 -222.7673950 -63.4831238
v -798.1365356 -222.7673950 -56.4831238
v -798.1365356 -222.7674103 -49.4831238
v -798.1365356 -222.7674103 -42.4831238
v -798.1365356 -222.7674103 -35.4831238
v -798.1365356 -222.7674103 -28.4831238
v -798.1365356 -222.7674103 -21.4831238
v -798.4662476 -222.7777710 -77.4831238
v -798.4662476 -222.7777710 -70.4831238
v -798.4662476 -222.7777710 -63.4831238
v -798.4662476 -222.7777710 -56.4831238
v -798.4662476 -222.7777710 -49.4831238
v -798.4662476 -222.7777710 -42.4831238
v -798.4662476 -222.7777710 -35.4831238
v -798.4662476 -222.7777710 -28.4831238
v -798.4662476 -222.7777710 -21.4831238
v -798.7945557 -222.8088074 -77.4831238
v -798.7945557 -222.8088074 -70.4831238
v -798.7945557 -222.8088074 -63.4831238
v -798.7945557 -222.8088074 -56.4831238
v -798.7945557 -222.8088074 -49.4831238
v -798.7945557 -222.8088074 -42.4831238
v -798.7945557 -222.8088074 -35.4831238
v -798.7946167 -222.8088074 -28.4831238
v -798.7946167 -222.8088074 -21.4831238
v -799.1203003 -222.8603973 -77.4831238
v -799.1203003 -222.8603973 -70.4831238
v -799.1203003 -222.8603973 -63.4831238
v -799.1203003 -222.8603973 -56.4831238
v -799.1203003 -222.8603973 -49.4831238
v -799.1203003 -222.8603973 -42.4831238
v -799.1203003 -222.8603973 -35.4831238
v -799.1203003 -222.8603973 -28.4831238
v -799.1203003 -222.8603973 -21.4831238
v -799.4421997 -222.9323425 -77.4831238
v -799.4421997 -222.9323425 -70.4831238
v -799.4421997 -222.9323425 -63.4831238
v -799.4421997 -222.9323425 -56.4831238
v -799.4421997 -222.9323425 -49.4831238
v -799.4421997 -222.9323425 -42.4831238
v -799.4421997 -222.9323425 -35.4831238
v -799.4421997 -222.9323425 -28.4831238
v -799.4421997 -222.9323425 -21.4831238
v -799.7589111 -223.0243530 -77.4831238
v -799.7589111 -223.0243530 -70.4831238
v -799.7589111 -223.0243530 -63.4831238
v -799.7589111 -223.0243530 -56.4831238
v -799.7589111 -223.0243530 -49.4831238
v -799.7589111 -223.0243530 -42.4831238
v -799.7589111 -223.0243530 -35.4831238
v -799.7589111 -223.0243530 -28.4831238
v -799.7589111 -223.0243530 -21.4831238
v -800.0692139 -223.1360779 -77.4831238
v -800.0692139 -223.1360779 -70.4831238
v -800.0692139 -223.1360779 -63.4831238
v -800.0692139 -223.1360779 -56.4831238
v -800.0692139 -223.1360779 -49.4831238
v -800.0692139 -223.1360779 -42.4831238
v -800.0692139 -223.1360779 -35.4831238
v -800.0692139 -223.1360779 -28.4831238
v -800.0692139 -223.1360779 -21.4831238
v -800.3718872 -223.2670593 -77.4831238
v -800.3718872 -223.2670593 -70.4831238
v -800.3718872 -223.2670593 -63.4831238
v -800.3718872 -223.2670593 -56.4831238
v -800.3718872 -223.2670593 -49.4831238
v -800.3718872 -223.2670593 -42.4831238
v -800.3718872 -223.2670593 -35.4831238
v -800.3718872 -223.2670593 -28.4831238
v -800.3718872 -223.2670593 -21.4831238
v -800.6657715 -223.4167938 -77.4831238
v -800.6657715 -223.4167938 -70.4831238
v -800.6657715 -223.4167938 -63.4831238
v -800.6657715 -223.4167938 -56.4831238
v -800.6657715 -223.4167938 -49.4831238
v -800.6657715 -223.4167938 -42.4831238
v -800.6657715 -223.4167938 -35.4831238
v -800.6657715 -223.4167938 -28.4831238
v -800.6657715 -223.4167938 -21.4831238
v -800.9496460 -223.5846863 -77.4831238
v -800.9496460 -223.5846863 -70.4831238
v -800.9496460 -223.5846863 -63.4831238
v -800.9496460 -223.5846863 -56.4831238
v -800.9496460 -223.5846863 -49.4831238
v -800.9496460 -223.5846863 -42.4831238
v -800.9496460 -223.5846863 -35.4831238
v -800.9496460 -223.5846863 -28.4831238
v -800.9496460 -223.5846863 -21.4831238
v -801.2224731 -223.7700653 -77.4831238
v -801.2224731 -223.7700653 -70.4831238
v -801.2224731 -223.7700653 -63.4831238
v -801.2224731 -223.7700653 -56.4831238
v -801.2224731 -223.7700653 -49.4831238
v -801.2224731 -223.7700653 -42.4831238
v -801.2224731 -223.7700653 -35.4831238
v -801.2224731 -223.7700653 -28.4831238
v -801.2224731 -223.7700653 -21.4831238
v -801.4830322 -223.9722137 -77.4831238
v -801.4830322 -223.9722137 -70.4831238
v -801.4830322 -223.9722137 -63.4831238
v -801.4830322 -223.9722137 -56.4831238
v -801.4830322 -223.9722137 -49.4831238
v -801.4830322 -223.9722137 -42.4831238
v -801.4830322 -223.9722137 -35.4831238
v -801.4830322 -223.9722137 -28.4831238
v -801.4830322 -223.9722137 -21.4831238
v -801.7304077 -224.1903229 -77.4831238
v -801.7304077 -224.1903229 -70.4831238
v -801.7304077 -224.1903229 -63.4831238
v -801.7304077 -224.1903229 -56.4831238
v -801.7304077 -224.1903229 -49.4831238
v -801.7304077 -224.1903229 -42.4831238
v -801.7304077 -224.1903229 -35.4831238
v -801.7304077 -224.1903229 -28.4831238
v -801.7304077 -224.1903229 -21.4831238
v -801.9636841 -224.4235229 -77.4831238
v -801.9636841 -224.4235229 -70.4831238
v -801.9636841 -224.4235229 -63.4831238
v -801.9636841 -224.4235229 -56.4831238
v -801.9636841 -224.4235382 -49.4831238
v -801.9636841 -224.4235382 -42.4831238
v -801.9636841 -224.4235382 -35.4831238
v -801.9636841 -224.4235382 -28.4831238
v -801.9636841 -224.4235382 -21.4831238
v -802.1817627 -224.6709290 -77.4831238
v -802.1817627 -224.6709290 -70.4831238
v -802.1817627 -224.6709290 -63.4831238
v -802.1817627 -224.6709290 -56.4831238
v -802.1817627 -224.6709290 -49.4831238
v -802.1817627 -224.6709290 -42.4831238
v -802.1817627 -224.6709290 -35.4831238
v -802.1817627 -224.6709290 -28.4831238
v -802.1817627 -224.6709290 -21.4831238
v -802.3839111 -224.9315338 -77.4831238
v -802.3839111 -224.9315338 -70.4831238
v -802.3839111 -224.9315338 -63.4831238
v -802.3839111 -224.9315338 -56.4831238
v -802.3839111 -224.9315338 -49.4831238
v -802.3839111 -224.9315338 -42.4831238
v -802.3839111 -224.9315338 -35.4831238
v -802.3839111 -224.9315338 -28.4831238
v -802.3839111 -224.9315338 -21.4831238
v -802.5692749 -225.2043152 -77.4831238
v -802.5692749 -225.2043152 -70.4831238
v -802.5692749 -225.2043152 -63.4831238
v -802.5692749 -225.2043152 -56.4831238
v -802.5692749 -225.2043152 -49.4831238
v -802.5692749 -225.2043152 -42.4831238
v -802.5692749 -225.2043152 -35.4831238
v -802.5692749 -225.2043152 -28.4831238
v -802.5692749 -225.2043152 -21.4831238
v -802.7371826 -225.4881897 -77.4831238
v -802.7371826 -225.4881897 -70.4831238
v -802.7371826 -225.4881897 -63.4831238
v -802.7371826 -225.4881897 -56.4831238
v -802.7371826 -225.4882050 -49.4831238
v -802.7371826 -225.4882050 -42.4831238
v -802.7371826 -225.4882050 -35.4831238
v -802.7371826 -225.4882050 -28.4831238
v -802.7371826 -225.4882050 -21.4831238
v -802.8869019 -225.7820587 -77.4831238
v -802.8869019 -225.7820587 -70.4831238
v -802.8869019 -225.7820587 -63.4831238
v -802.8869019 -225.7820587 -56.4831238
v -802.8869019 -225.7820740 -49.4831238
v -802.8869019 -225.7820740 -42.4831238
v -802.8869019 -225.7820740 -35.4831238
v -802.8869019 -225.7820740 -28.4831238
v -802.8869019 -225.7820740 -21.4831238
v -803.0178833 -226.0847473 -77.4831238
v -803.0178833 -226.0847473 -70.4831238
v -803.0178833 -226.0847473 -63.4831238
v -803.0178833 -226.0847473 -56.4831238
v -803.0178833 -226.0847473 -49.4831238
v -803.0178833 -226.0847473 -42.4831238
v -803.0178833 -226.0847473 -35.4831238
v -803.0178833 -226.0847473 -28.4831238
v -803.0178833 -226.0847473 -21.4831238
v -803.1296387 -226.3950653 -77.4831238
v -803.1296387 -226.3950653 -70.4831238
v -803.1296387 -226.3950653 -63.4831238
v -803.1296387 -226.3950653 -56.4831238
v -803.1296387 -226.3950653 -49.4831238
v -803.1296387 -226.3950653 -42.4831238
v -803.1296387 -226.3950653 -35.4831238
v -803.1296387 -226.3950653 -28.4831238
v -803.1296387 -226.3950653 -21.4831238
v -803.2216187 -226.7117920 -77.4831238
v -803.2216187 -226.7117920 -70.4831238
v -803.2216187 -226.7117920 -63.4831238
v -803.2216187 -226.7117920 -56.4831238
v -803.2216187 -226.7117920 -49.4831238
v -803.2216187 -226.7117920 -42.4831238
v -803.2216187 -226.7117920 -35.4831238
v -803.2216187 -226.7117920 -28.4831238
v -803.2216187 -226.7117920 -21.4831238
v -803.2935791 -227.0336609 -77.4831238
v -803.2935791 -227.0336609 -70.4831238
v -803.2935791 -227.0336609 -63.4831238
v -803.2935791 -227.0336609 -56.4831238
v -803.2935791 -227.0336609 -49.4831238
v -803.2935791 -227.0336609 -42.4831238
v -803.2935791 -227.0336609 -35.4831238
v -803.2935791 -227.0336609 -28.4831238
v -803.2935791 -227.0336609 -21.4831238
v -803.3451538 -227.3594055 -77.4831238
v -803.3451538 -227.3594055 -70.4831238
v -803.3451538 -227.3594055 -63.4831238
v -803.3451538 -227.3594055 -56.4831238
v -803.3451538 -227.3594055 -49.4831238
v -803.3451538 -227.3594055 -42.4831238
v -803.3451538 -227.3594055 -35.4831238
v -803.3451538 -227.3594055 -28.4831238
v -803.3451538 -227.3594055 -21.4831238
v -803.3762207 -227.6877441 -77.4831238
v -803.3762207 -227.6877441 -70.4831238
v -803.3762207 -227.6877441 -63.4831238
v -803.3762207 -227.6877441 -56.4831238
v -803.3762207 -227.6877594 -49.4831238
v -803.3762207 -227.6877594 -42.4831238
v -803.3762207 -227.6877594 -35.4831238
v -803.3762207 -227.6877594 -28.4831238
v -803.3762207 -227.6877594 -21.4831238
v -801.0785522 -228.0173950 -101.1031189
v -801.0682373 -228.2635803 -101.1031189
v -801.0373535 -228.5080414 -101.1031189
v -800.9861450 -228.7490540 -101.1031189
v -800.9149170 -228.9849243 -101.1031189
v -800.8242188 -229.2140198 -101.1031189
v -800.7146606 -229.4347229 -101.1031189
v -800.5870361 -229.6454773 -101.1031189
v -800.4421997 -229.8448181 -101.1031189
v -800.2811890 -230.0313416 -101.1031189
v -800.1051636 -230.2037354 -101.1031189
v -799.9152832 -230.3607941 -101.1031189
v -799.7129517 -230.5014191 -101.1031189
v -799.4995728 -230.6246185 -101.1031189
v -799.2766724 -230.7295227 -101.1031189
v -799.0457153 -230.8154144 -101.1031189
v -798.8084106 -230.8816681 -101.1031189
v -798.5663452 -230.9278412 -101.1031189
v -798.3212891 -230.9535980 -101.1031189
v -798.0749512 -230.9587555 -101.1031189
v -797.8290405 -230.9432831 -101.1031189
v -797.5852661 -230.9072876 -101.1031189
v -797.3453979 -230.8510284 -101.1031189
v -797.1110840 -230.7748871 -101.1031189
v -796.8839111 -230.6794128 -101.1031189
v -796.6655884 -230.5652466 -101.1031189
v -796.4575195 -230.4332275 -101.1031189
v -796.2612915 -230.2842560 -101.1031189
v -796.0781860 -230.1193848 -101.1031189
v -795.9094849 -229.9397583 -101.1031189
v -795.7564087 -229.7466736 -101.1031189
v -795.6200562 -229.5414429 -101.1031189
v -795.5014038 -229.3255157 -101.1031189
v -795.4011841 -229.1004333 -101.1031189
v -795.3201294 -228.8677368 -101.1031189
v -795.2588501 -228.6290894 -101.1031189
v -795.2177734 -228.3861389 -101.1031189
v -795.1971436 -228.1405945 -101.1031189
v -795.1971436 -227.8941956 -101.1031189
v -795.2177734 -227.6486816 -101.1031189
v -795.2588501 -227.4057312 -101.1031189
v -795.3201294 -227.1670685 -101.1031189
v -795.4011841 -226.9343872 -101.1031189
v -795.5014038 -226.7092896 -101.1031189
v -795.6200562 -226.4933777 -101.1031189
v -795.7564087 -226.2881470 -101.1031189
v -795.9094849 -226.0950317 -101.1031189
v -796.0781860 -225.9154358 -101.1031189
v -796.2612915 -225.7505493 -101.1031189
v -796.4575195 -225.6015930 -101.1031189
v -796.6655884 -225.4695587 -101.1031189
v -796.8839111 -225.3554077 -101.1031189
v -797.1110840 -225.2599182 -101.1031189
v -797.3453979 -225.1837769 -101.1031189
v -797.5852661 -225.1275177 -101.1031189
v -797.8290405 -225.0915222 -101.1031189
v -798.0749512 -225.0760498 -101.1031189
v -798.3212891 -225.0812073 -101.1031189
v -798.5663452 -225.1069641 -101.1031189
v -798.8084106 -225.1531372 -101.1031189
v -799.0457153 -225.2193909 -101.1031189
v -799.2766724 -225.3052826 -101.1031189
v -799.4995728 -225.4101868 -101.1031189
v -799.7129517 -225.5333862 -101.1031189
v -799.9152832 -225.6740112 -101.1031189
v -800.1051636 -225.8310699 -101.1031189
v -800.2811890 -226.0034637 -101.1031189
v -800.4421997 -226.1899872 -101.1031189
v -800.5870361 -226.3893280 -101.1031189
v -800.7146606 -226.6000824 -101.1031189
v -800.8242188 -226.8207855 -101.1031189
v -800.9149170 -227.0498810 -101.1031189
v -800.9861450 -227.2857666 -101.1031189
v -801.0373535 -227.5267639 -101.1031189
v -801.0682373 -227.7712250 -101.1031189
v -801.0785522 -228.0173950 -94.9031372
v -801.0682373 -227.7712250 -94.9031372
v -801.0373535 -227.5267639 -94.9031372
v -800.9861450 -227.2857666 -94.9031372
v -800.9149170 -227.0498810 -94.9031372
v -800.8242188 -226.8207855 -94.9031372
v -800.7146606 -226.6000824 -94.9031372
v -800.5870361 -226.3893280 -94.9031372
v -800.4421997 -226.1899872 -94.9031372
v -800.2811890 -226.0034637 -94.9031372
v -800.1051636 -225.8310699 -94.9031372
v -799.9152832 -225.6740112 -94.9031372
v -799.7129517 -225.5333862 -94.9031372
v -799.4995728 -225.4101868 -94.9031372
v -799.2766724 -225.3052826 -94.9031372
v -799.0457153 -225.2193909 -94.9031372
v -798.8084106 -225.1531372 -94.9031372
v -798.5663452 -225.1069641 -94.9031372
v -798.3212891 -225.0812073 -94.9031372
v -798.0749512 -225.0760498 -94.9031372
v -797.8290405 -225.0915222 -94.9031372
v -797.5852661 -225.1275177 -94.9031372
v -797.3453979 -225.1837769 -94.9031372
v -797.1110840 -225.2599182 -94.9031372
v -796.8839111 -225.3554077 -94.9031372
v -796.6655884 -225.4695587 -94.9031372
v -796.4575195 -225.6015930 -94.9031372
v -796.2612915 -225.7505493 -94.9031372
v -796.0781860 -225.9154358 -94.9031372
v -795.9094849 -226.0950317 -94.9031372
v -795.7564087 -226.2881470 -94.9031372
v -795.6200562 -226.4933777 -94.9031372
v -795.5014038 -226.7092896 -94.9031372
v -795.4011841 -226.9343872 -94.9031372
v -795.3201294 -227.1670685 -94.9031372
v -795.2588501 -227.4057312 -94.9031372
v -795.2177734 -227.6486816 -94.9031372
v -795.1971436 -227.8941956 -94.9031372
v -795.1971436 -228.1405945 -94.9031372
v -795.2177734 -228.3861389 -94.9031372
v -795.2588501 -228.6290894 -94.9031372
v -795.3201294 -228.8677368 -94.9031372
v -795.4011841 -229.1004333 -94.9031372
v -795.5014038 -229.3255157 -94.9031372
v -795.6200562 -229.5414429 -94.9031372
v -795.7564087 -229.7466736 -94.9031372
v -795.9094849 -229.9397583 -94.9031372
v -796.0781860 -230.1193848 -94.9031372
v -796.2612915 -230.2842560 -94.9031372
v -796.4575195 -230.4332275 -94.9031372
v -796.6655884 -230.5652466 -94.9031372
v -796.8839111 -230.6794128 -94.9031372
v -797.1110840 -230.7748871 -94.9031372
v -797.3453979 -230.8510284 -94.9031372
v -797.5852661 -230.9072876 -94.9031372
v -797.8290405 -230.9432831 -94.9031372
v -798.0749512 -230.9587555 -94.9031372
v -798.3212891 -230.9535980 -94.9031372
v -798.5663452 -230.9278412 -94.9031372
v -798.8084106 -230.8816681 -94.9031372
v -799.0457153 -230.8154144 -94.9031372
v -799.2766724 -230.7295227 -94.9031372
v -799.4995728 -230.6246185 -94.9031372
v -799.7129517 -230.5014191 -94.9031372
v -799.9152832 -230.3607941 -94.9031372
v -800.1051636 -230.2037354 -94.9031372
v -800.2811890 -230.0313416 -94.9031372
v -800.4421997 -229.8448181 -94.9031372
v -800.5870361 -229.6454773 -94.9031372
v -800.7146606 -229.4347229 -94.9031372
v -800.8242188 -229.2140198 -94.9031372
v -800.9149170 -228.9849243 -94.9031372
v -800.9861450 -228.7490540 -94.9031372
v -801.0373535 -228.5080414 -94.9031372
v -801.0682373 -228.2635803 -94.9031372
v -801.0785522 -228.0173950 -98.0031128
v -801.0682373 -228.2635803 -98.0031128
v -801.0373535 -228.5080414 -98.0031128
v -800.9861450 -228.7490540 -98.0031128
v -800.9149170 -228.9849243 -98.0031128
v -800.8242188 -229.2140198 -98.0031128
v -800.7146606 -229.4347229 -98.0031128
v -800.5870361 -229.6454773 -98.0031128
v -800.4421997 -229.8448181 -98.0031128
v -800.2811890 -230.0313416 -98.0031128
v -800.1051636 -230.2037354 -98.0031128
v -799.9152832 -230.3607941 -98.0031128
v -799.7129517 -230.5014191 -98.0031128
v -799.4995728 -230.6246185 -98.0031128
v -799.2766724 -230.7295227 -98.0031128
v -799.0457153 -230.8154144 -98.0031128
v -798.8084106 -230.8816681 -98.0031128
v -798.5663452 -230.9278412 -98.0031128
v -798.3212891 -230.9535980 -98.0031128
v -798.0749512 -230.9587555 -98.0031128
v -797.8290405 -230.9432831 -98.0031128
v -797.5852661 -230.9072876 -98.0031128
v -797.3453979 -230.8510284 -98.0031128
v -797.1110840 -230.7748871 -98.0031128
v -796.8839111 -230.6794128 -98.0031128
v -796.6655884 -230.5652466 -98.0031128
v -796.4575195 -230.4332275 -98.0031128
v -796.2612915 -230.2842560 -98.0031128
v -796.0781860 -230.1193848 -98.0031128
v -795.9094849 -229.9397583 -98.0031128
v -795.7564087 -229.7466736 -98.0031128
v -795.6200562 -229.5414429 -98.0031128
v -795.5014038 -229.3255157 -98.0031128
v -795.4011841 -229.1004333 -98.0031128
v -795.3201294 -228.8677368 -98.0031128
v -795.2588501 -228.6290894 -98.0031128
v -795.2177734 -228.3861389 -98.0031128
v -795.1971436 -228.1405945 -98.0031128
v -795.1971436 -227.8941956 -98.0031128
v -795.2177734 -227.6486816 -98.0031128
v -795.2588501 -227.4057312 -98.0031128
v -795.3201294 -227.1670685 -98.0031128
v -795.4011841 -226.9343872 -98.0031128
v -795.5014038 -226.7092896 -98.0031128
v -795.6200562 -226.4933777 -98.0031128
v -795.7564087 -226.2881470 -98.0031128
v -795.9094849 -226.0950317 -98.0031128
v -796.0781860 -225.9154358 -98.0031128
v -796.2612915 -225.7505493 -98.0031128
v -796.4575195 -225.6015930 -98.0031128
v -796.6655884 -225.4695587 -98.0031128
v -796.8839111 -225.3554077 -98.0031128
v -797.1110840 -225.2599182 -98.0031128
v -797.3453979 -225.1837769 -98.0031128
v -797.5852661 -225.1275177 -98.0031128
v -797.8290405 -225.0915222 -98.0031128
v -798.0749512 -225.0760498 -98.0031128
v -798.3212891 -225.0812073 -98.0031128
v -798.5663452 -225.1069641 -98.0031128
v -798.8084106 -225.1531372 -98.0031128
v -799.0457153 -225.2193909 -98.0031128
v -799.2766724 -225.3052826 -98.0031128
v -799.4995728 -225.4101868 -98.0031128
v -799.7129517 -225.5333862 -98.0031128
v -799.9152832 -225.6740112 -98.0031128
v -800.1051636 -225.8310699 -98.0031128
v -800.2811890 -226.0034637 -98.0031128
v -800.4421997 -226.1899872 -98.0031128
v -800.5870361 -226.3893280 -98.0031128
v -800.7146606 -226.6000824 -98.0031128
v -800.8242188 -226.8207855 -98.0031128
v -800.9149170 -227.0498810 -98.0031128
v -800.9861450 -227.2857666 -98.0031128
v -801.0373535 -227.5267639 -98.0031128
v -801.0682373 -227.7712250 -98.0031128
v -794.8865356 -228.0173950 -84.4831238
v -794.8968506 -228.2756195 -84.4831238
v -794.9276123 -228.5321960 -84.4831238
v -794.9786377 -228.7855225 -84.4831238
v -795.0496216 -229.0339966 -84.4831238
v -795.1401978 -229.2760315 -84.4831238
v -795.2496338 -229.5101166 -84.4831238
v -795.3773804 -229.7347717 -84.4831238
v -795.5225220 -229.9485626 -84.4831238
v -795.6842651 -230.1501465 -84.4831238
v -795.8614502 -230.3382263 -84.4831238
v -796.0530396 -230.5116577 -84.4831238
v -796.2577515 -230.6693115 -84.4831238
v -796.4744263 -230.8101959 -84.4831238
v -796.7015381 -230.9334259 -84.4831238
v -796.9378052 -231.0382233 -84.4831238
v -797.1815796 -231.1239166 -84.4831238
v -797.4313965 -231.1899719 -84.4831238
v -797.6856689 -231.2359772 -84.4831238
v -797.9428101 -231.2616272 -84.4831238
v -798.2011719 -231.2667542 -84.4831238
v -798.4591675 -231.2513580 -84.4831238
v -798.7150269 -231.2154999 -84.4831238
v -798.9673462 -231.1594238 -84.4831238
v -799.2142944 -231.0834961 -84.4831238
v -799.4545288 -230.9881744 -84.4831238
v -799.6864014 -230.8740692 -84.4831238
v -799.9084473 -230.7419128 -84.4831238
v -800.1193237 -230.5925293 -84.4831238
v -800.3176270 -230.4268494 -84.4831238
v -800.5021362 -230.2459412 -84.4831238
v -800.6717529 -230.0509644 -84.4831238
v -800.8253174 -229.8431091 -84.4831238
v -800.9618530 -229.6237183 -84.4831238
v -801.0805664 -229.3941650 -84.4831238
v -801.1806030 -229.1559143 -84.4831238
v -801.2614746 -228.9104614 -84.4831238
v -801.3225708 -228.6593628 -84.4831238
v -801.3634644 -228.4042053 -84.4831238
v -801.3839722 -228.1466064 -84.4831238
v -801.3839722 -227.8881989 -84.4831238
v -801.3634644 -227.6305847 -84.4831238
v -801.3225708 -227.3754425 -84.4831238
v -801.2614746 -227.1243439 -84.4831238
v -801.1806030 -226.8788910 -84.4831238
v -801.0805664 -226.6406403 -84.4831238
v -800.9618530 -226.4111023 -84.4831238
v -800.8253174 -226.1917114 -84.4831238
v -800.6717529 -225.9838562 -84.4831238
v -800.5021362 -225.7888641 -84.4831238
v -800.3176270 -225.6079559 -84.4831238
v -800.1193237 -225.4422913 -84.4831238
v -799.9084473 -225.2929077 -84.4831238
v -799.6864014 -225.1607361 -84.4831238
v -799.4545288 -225.0466309 -84.4831238
v -799.2142944 -224.9513092 -84.4831238
v -798.9673462 -224.8753662 -84.4831238
v -798.7150269 -224.8193054 -84.4831238
v -798.4591675 -224.7834473 -84.4831238
v -798.2011719 -224.7680511 -84.4831238
v -797.9428101 -224.7731934 -84.4831238
v -797.6856689 -224.7988281 -84.4831238
v -797.4313965 -224.8448334 -84.4831238
v -797.1815796 -224.9108887 -84.4831238
v -796.9378052 -224.9965820 -84.4831238
v -796.7015381 -225.1013794 -84.4831238
v -796.4744263 -225.2246094 -84.4831238
v -796.2577515 -225.3654938 -84.4831238
v -796.0530396 -225.5231476 -84.4831238
v -795.8614502 -225.6965637 -84.4831238
v -795.6842651 -225.8846741 -84.4831238
v -795.5225220 -226.0862427 -84.4831238
v -795.3773804 -226.3000488 -84.4831238
v -795.2496338 -226.5246887 -84.4831238
v -795.1401978 -226.7587738 -84.4831238
v -795.0496216 -227.0008240 -84.4831238
v -794.9786377 -227.2492828 -84.4831238
v -794.9276123 -227.5026093 -84.4831238
v -794.8968506 -227.7591858 -84.4831238
v -794.8865356 -228.0173950 -88.3531189
v -794.8968506 -227.7591858 -88.3531189
v -794.9276123 -227.5026093 -88.3531189
v -794.9786377 -227.2492828 -88.3531189
v -795.0496216 -227.0008240 -88.3531189
v -795.1401978 -226.7587738 -88.3531189
v -795.2496338 -226.5246887 -88.3531189
v -795.3773804 -226.3000488 -88.3531189
v -795.5225220 -226.0862427 -88.3531189
v -795.6842651 -225.8846741 -88.3531189
v -795.8614502 -225.6965637 -88.3531189
v -796.0530396 -225.5231476 -88.3531189
v -796.2577515 -225.3654938 -88.3531189
v -796.4744263 -225.2246094 -88.3531189
v -796.7015381 -225.1013794 -88.3531189
v -796.9377441 -224.9965820 -88.3531189
v -797.1815796 -224.9108887 -88.3531189
v -797.4313965 -224.8448334 -88.3531189
v -797.6856689 -224.7988281 -88.3531189
v -797.9428101 -224.7731934 -88.3531189
v -798.2011719 -224.7680511 -88.3531189
v -798.4591675 -224.7834473 -88.3531189
v -798.7150269 -224.8193054 -88.3531189
v -798.9673462 -224.8753662 -88.3531189
v -799.2142944 -224.9513092 -88.3531189
v -799.4545288 -225.0466309 -88.3531189
v -799.6864014 -225.1607361 -88.3531189
v -799.9084473 -225.2929077 -88.3531189
v -800.1193237 -225.4422913 -88.3531189
v -800.3176270 -225.6079559 -88.3531189
v -800.5021362 -225.7888641 -88.3531189
v -800.6717529 -225.9838562 -88.3531189
v -800.8253174 -226.1917114 -88.3531189
v -800.9618530 -226.4111023 -88.3531189
v -801.0805664 -226.6406403 -88.3531189
v -801.1806030 -226.8788910 -88.3531189
v -801.2614746 -227.1243439 -88.3531189
v -801.3225708 -227.3754425 -88.3531189
v -801.3634644 -227.6305847 -88.3531189
v -801.3839722 -227.8881989 -88.3531189
v -801.3839722 -228.1466064 -88.3531189
v -801.3634644 -228.4042053 -88.3531189
v -801.3225708 -228.6593628 -88.3531189
v -801.2614746 -228.9104614 -88.3531189
v -801.1806030 -229.1559143 -88.3531189
v -801.0805664 -229.3941650 -88.3531189
v -800.9618530 -229.6237183 -88.3531189
v -800.8253174 -229.8431091 -88.3531189
v -800.6717529 -230.0509644 -88.3531189
v -800.5021362 -230.2459412 -88.3531189
v -800.3176270 -230.4268494 -88.3531189
v -800.1193237 -230.5925293 -88.3531189
v -799.9084473 -230.7419128 -88.3531189
v -799.6864014 -230.8740692 -88.3531189
v -799.4545288 -230.9881744 -88.3531189
v -799.2142944 -231.0834961 -88.3531189
v -798.9673462 -231.1594238 -88.3531189
v -798.7150269 -231.2154999 -88.3531189
v -798.4591675 -231.2513580 -88.3531189
v -798.2011719 -231.2667542 -88.3531189
v -797.9428101 -231.2616272 -88.3531189
v -797.6856689 -231.2359772 -88.3531189
v -797.4313965 -231.1899719 -88.3531189
v -797.1815796 -231.1239166 -88.3531189
v -796.9377441 -231.0382233 -88.3531189
v -796.7015381 -230.9334259 -88.3531189
v -796.4744263 -230.8101959 -88.3531189
v -796.2577515 -230.6693115 -88.3531189
v -796.0530396 -230.5116577 -88.3531189
v -795.8614502 -230.3382263 -88.3531189
v -795.6842651 -230.1501465 -88.3531189
v -795.5225220 -229.9485626 -88.3531189
v -795.3773804 -229.7347717 -88.3531189
v -795.2496338 -229.5101166 -88.3531189
v -795.1401978 -229.2760315 -88.3531189
v -795.0496216 -229.0339966 -88.3531189
v -794.9786377 -228.7855225 -88.3531189
v -794.9276123 -228.5321960 -88.3531189
v -794.8968506 -228.2756195 -88.3531189
v -803.6165771 -228.0173950 -88.3531189
v -803.6061401 -227.6800537 -88.3531189
v -803.5750122 -227.3439789 -88.3531189
v -803.5232544 -227.0104523 -88.3531189
v -803.4510498 -226.6807556 -88.3531189
v -803.3587036 -226.3561249 -88.3531189
v -803.2465210 -226.0377960 -88.3531189
v -803.1149292 -225.7269897 -88.3531189
v -802.9645386 -225.4248505 -88.3531189
v -802.7957764 -225.1325531 -88.3531189
v -802.6093140 -224.8511963 -88.3531189
v -802.4059448 -224.5818634 -88.3531189
v -802.1863403 -224.3255615 -88.3531189
v -801.9513550 -224.0832520 -88.3531189
v -801.7019653 -223.8558655 -88.3531189
v -801.4390259 -223.6442719 -88.3531189
v -801.1635132 -223.4492645 -88.3531189
v -800.8765869 -223.2715759 -88.3531189
v -800.5792236 -223.1119080 -88.3531189
v -800.2725830 -222.9708405 -88.3531189
v -799.9578857 -222.8489075 -88.3531189
v -799.6362305 -222.7465973 -88.3531189
v -799.3088989 -222.6642761 -88.3531189
v -798.9771729 -222.6022644 -88.3531189
v -798.6422119 -222.5607910 -88.3531189
v -798.3053589 -222.5400085 -88.3531189
v -797.9678345 -222.5400085 -88.3531189
v -797.6309204 -222.5607910 -88.3531189
v -797.2959595 -222.6022644 -88.3531189
v -796.9642334 -222.6642761 -88.3531189
v -796.6369019 -222.7465973 -88.3531189
v -796.3152466 -222.8489075 -88.3531189
v -796.0005493 -222.9708405 -88.3531189
v -795.6939087 -223.1119080 -88.3531189
v -795.3965454 -223.2715759 -88.3531189
v -795.1096191 -223.4492645 -88.3531189
v -794.8341675 -223.6442719 -88.3531189
v -794.5711670 -223.8558655 -88.3531189
v -794.3217163 -224.0832520 -88.3531189
v -794.0867920 -224.3255615 -88.3531189
v -793.8672485 -224.5818634 -88.3531189
v -793.6638184 -224.8511963 -88.3531189
v -793.4773560 -225.1325531 -88.3531189
v -793.3086548 -225.4248505 -88.3531189
v -793.1581421 -225.7269897 -88.3531189
v -793.0266113 -226.0377960 -88.3531189
v -792.9144287 -226.3561249 -88.3531189
v -792.8220825 -226.6807556 -88.3531189
v -792.7498779 -227.0104523 -88.3531189
v -792.6981201 -227.3439789 -88.3531189
v -792.6669312 -227.6800537 -88.3531189
v -792.6565552 -228.0173950 -88.3531189
v -792.6669312 -228.3547668 -88.3531189
v -792.6981201 -228.6908264 -88.3531189
v -792.7498779 -229.0243530 -88.3531189
v -792.8220825 -229.3540497 -88.3531189
v -792.9144287 -229.6786804 -88.3531189
v -793.0266113 -229.9970093 -88.3531189
v -793.1581421 -230.3078308 -88.3531189
v -793.3086548 -230.6099548 -88.3531189
v -793.4773560 -230.9022522 -88.3531189
v -793.6638184 -231.1836090 -88.3531189
v -793.8672485 -231.4529419 -88.3531189
v -794.0867920 -231.7092590 -88.3531189
v -794.3217163 -231.9515686 -88.3531189
v -794.5711670 -232.1789398 -88.3531189
v -794.8341675 -232.3905334 -88.3531189
v -795.1096191 -232.5855408 -88.3531189
v -795.3965454 -232.7632141 -88.3531189
v -795.6939087 -232.9228973 -88.3531189
v -796.0005493 -233.0639648 -88.3531189
v -796.3152466 -233.1858826 -88.3531189
v -796.6369019 -233.2882080 -88.3531189
v -796.9642334 -233.3705292 -88.3531189
v -797.2959595 -233.4325562 -88.3531189
v -797.6309204 -233.4740295 -88.3531189
v -797.9678345 -233.4948120 -88.3531189
v -798.3053589 -233.4948120 -88.3531189
v -798.6422119 -233.4740295 -88.3531189
v -798.9771729 -233.4325562 -88.3531189
v -799.3088989 -233.3705292 -88.3531189
v -799.6362305 -233.2882080 -88.3531189
v -799.9578857 -233.1858826 -88.3531189
v -800.2725830 -233.0639648 -88.3531189
v -800.5792236 -232.9228973 -88.3531189
v -800.8765869 -232.7632141 -88.3531189
v -801.1635132 -232.5855408 -88.3531189
v -801.4390259 -232.3905334 -88.3531189
v -801.7019653 -232.1789398 -88.3531189
v -801.9513550 -231.9515686 -88.3531189
v -802.1863403 -231.7092590 -88.3531189
v -802.4059448 -231.4529419 -88.3531189
v -802.6093140 -231.1836090 -88.3531189
v -802.7957764 -230.9022522 -88.3531189
v -802.9645386 -230.6099548 -88.3531189
v -803.1149292 -230.3078308 -88.3531189
v -803.2465210 -229.9970093 -88.3531189
v -803.3587036 -229.6786804 -88.3531189
v -803.4510498 -229.3540497 -88.3531189
v -803.5232544 -229.0243530 -88.3531189
v -803.5750122 -228.6908264 -88.3531189
v -803.6061401 -228.3547668 -88.3531189
v -803.6165771 -228.0173950 -94.9031372
v -803.6061401 -228.3547668 -94.9031372
v -803.5750122 -228.6908264 -94.9031372
v -803.5232544 -229.0243530 -94.9031372
v -803.4510498 -229.3540497 -94.9031372
v -803.3587036 -229.6786804 -94.9031372
v -803.2465210 -229.9970093 -94.9031372
v -803.1149292 -230.3078308 -94.9031372
v -802.9645386 -230.6099548 -94.9031372
v -802.7957764 -230.9022522 -94.9031372
v -802.6093140 -231.1836090 -94.9031372
v -802.4059448 -231.4529419 -94.9031372
v -802.1863403 -231.7092590 -94.9031372
v -801.9513550 -231.9515686 -94.9031372
v -801.7019653 -232.1789398 -94.9031372
v -801.4390259 -232.3905334 -94.9031372
v -801.1635132 -232.5855408 -94.9031372
v -800.8765869 -232.7632141 -94.9031372
v -800.5792236 -232.9228973 -94.9031372
v -800.2725830 -233.0639648 -94.9031372
v -799.9578857 -233.1858826 -94.9031372
v -799.6362305 -233.2882080 -94.9031372
v -799.3088989 -233.3705292 -94.9031372
v -798.9771729 -233.4325562 -94.9031372
v -798.6422119 -233.4740295 -94.9031372
v -798.3053589 -233.4948120 -94.9031372
v -797.9678345 -233.4948120 -94.9031372
v -797.6309204 -233.4740295 -94.9031372
v -797.2959595 -233.4325562 -94.9031372
v -796.9642334 -233.3705292 -94.9031372
v -796.6369019 -233.2882080 -94.9031372
v -796.3152466 -233.1858826 -94.9031372
v -796.0005493 -233.0639648 -94.9031372
v -795.6939087 -232.9228973 -94.9031372
v -795.3965454 -232.7632141 -94.9031372
v -795.1096191 -232.5855408 -94.9031372
v -794.8341675 -232.3905334 -94.9031372
v -794.5711670 -232.1789398 -94.9031372
v -794.3217163 -231.9515686 -94.9031372
v -794.0867920 -231.7092590 -94.9031372
v -793.8672485 -231.4529419 -94.9031372
v -793.6638184 -231.1836090 -94.9031372
v -793.4773560 -230.9022522 -94.9031372
v -793.3086548 -230.6099548 -94.9031372
v -793.1581421 -230.3078308 -94.9031372
v -793.0266113 -229.9970093 -94.9031372
v -792.9144287 -229.6786804 -94.9031372
v -792.8220825 -229.3540497 -94.9031372
v -792.7498779 -229.0243530 -94.9031372
v -792.6981201 -228.6908264 -94.9031372
v -792.6669312 -228.3547668 -94.9031372
v -792.6565552 -228.0173950 -94.9031372
v -792.6669312 -227.6800537 -94.9031372
v -792.6981201 -227.3439789 -94.9031372
v -792.7498779 -227.0104523 -94.9031372
v -792.8220825 -226.6807556 -94.9031372
v -792.9144287 -226.3561249 -94.9031372
v -793.0266113 -226.0377960 -94.9031372
v -793.1581421 -225.7269897 -94.9031372
v -793.3086548 -225.4248505 -94.9031372
v -793.4773560 -225.1325531 -94.9031372
v -793.6638184 -224.8511963 -94.9031372
v -793.8672485 -224.5818634 -94.9031372
v -794.0867920 -224.3255615 -94.9031372
v -794.3217163 -224.0832520 -94.9031372
v -794.5711670 -223.8558655 -94.9031372
v -794.8341675 -223.6442719 -94.9031372
v -795.1096191 -223.4492645 -94.9031372
v -795.3965454 -223.2715759 -94.9031372
v -795.6939087 -223.1119080 -94.9031372
v -796.0005493 -222.9708405 -94.9031372
v -796.3152466 -222.8489075 -94.9031372
v -796.6369019 -222.7465973 -94.9031372
v -796.9642334 -222.6642761 -94.9031372
v -797.2959595 -222.6022644 -94.9031372
v -797.6309204 -222.5607910 -94.9031372
v -797.9678345 -222.5400085 -94.9031372
v -798.3053589 -222.5400085 -94.9031372
v -798.6422119 -222.5607910 -94.9031372
v -798.9771729 -222.6022644 -94.9031372
v -799.3088989 -222.6642761 -94.9031372
v -799.6362305 -222.7465973 -94.9031372
v -799.9578857 -222.8489075 -94.9031372
v -800.2725830 -222.9708405 -94.9031372
v -800.5792236 -223.1119080 -94.9031372
v -800.8765869 -223.2715759 -94.9031372
v -801.1635132 -223.4492645 -94.9031372
v -801.4390259 -223.6442719 -94.9031372
v -801.7019653 -223.8558655 -94.9031372
v -801.9513550 -224.0832520 -94.9031372
v -802.1863403 -224.3255615 -94.9031372
v -802.4059448 -224.5818634 -94.9031372
v -802.6093140 -224.8511963 -94.9031372
v -802.7957764 -225.1325531 -94.9031372
v -802.9645386 -225.4248505 -94.9031372
v -803.1149292 -225.7269897 -94.9031372
v -803.2465210 -226.0377960 -94.9031372
v -803.3587036 -226.3561249 -94.9031372
v -803.4510498 -226.6807556 -94.9031372
v -803.5232544 -227.0104523 -94.9031372
v -803.5750122 -227.3439789 -94.9031372
v -803.6061401 -227.6800537 -94.9031372
v -831.5515747 -240.5974121 -63.6981201
v -831.5620117 -240.5974121 -63.5157471
v -831.5931396 -240.5974121 -63.3357239
v -831.6445923 -240.5974121 -63.1604614
v -831.7157593 -240.5974121 -62.9921875
v -831.8056030 -240.5974121 -62.8330994
v -831.9129639 -240.5974121 -62.6853027
v -832.0364380 -240.5974121 -62.5507202
v -832.1744995 -240.5974121 -62.4310913
v -832.3253174 -240.5974121 -62.3279724
v -832.4868774 -240.5974121 -62.2427063
v -832.6571655 -240.5974121 -62.1764526
v -832.8338013 -240.5974121 -62.1300049
v -833.0146484 -240.5974121 -62.1040039
v -833.1972656 -240.5974121 -62.0987854
v -833.3792725 -240.5974121 -62.1144104
v -833.5582886 -240.5974121 -62.1506958
v -833.7320557 -240.5974121 -62.2071533
v -833.8982544 -240.5974121 -62.2830200
v -834.0546875 -240.5974121 -62.3773804
v -834.1993408 -240.5974121 -62.4889221
v -834.3303833 -240.5974121 -62.6162415
v -834.4459839 -240.5974121 -62.7576599
v -834.5447388 -240.5974121 -62.9113464
v -834.6253662 -240.5974121 -63.0752869
v -834.6867676 -240.5974121 -63.2473450
v -834.7281494 -240.5974121 -63.4252930
v -834.7489624 -240.5974121 -63.6067810
v -834.7489624 -240.5974121 -63.7894592
v -834.7281494 -240.5974121 -63.9709473
v -834.6867676 -240.5974121 -64.1488953
v -834.6253662 -240.5974121 -64.3209534
v -834.5447388 -240.5974121 -64.4848938
v -834.4459839 -240.5974121 -64.6385803
v -834.3303833 -240.5974121 -64.7799988
v -834.1993408 -240.5974121 -64.9073181
v -834.0546875 -240.5974121 -65.0188599
v -833.8982544 -240.5974121 -65.1132202
v -833.7320557 -240.5974121 -65.1890869
v -833.5582886 -240.5974121 -65.2455444
v -833.3792725 -240.5974121 -65.2818298
v -833.1972656 -240.5974121 -65.2974854
v -833.0146484 -240.5974121 -65.2922363
v -832.8338013 -240.5974121 -65.2662354
v -832.6571655 -240.5974121 -65.2198181
v -832.4868774 -240.5974121 -65.1535339
v -832.3253174 -240.5974121 -65.0682983
v -832.1744995 -240.5974121 -64.9651489
v -832.0364380 -240.5974121 -64.8455200
v -831.9129639 -240.5974121 -64.7109375
v -831.8056030 -240.5974121 -64.5631409
v -831.7157593 -240.5974121 -64.4040833
v -831.6445923 -240.5974121 -64.2358093
v -831.5931396 -240.5974121 -64.0605164
v -831.5620117 -240.5974121 -63.8804932
v -831.5515747 -237.5974121 -63.6981201
v -831.5620117 -237.5974121 -63.8804932
v -831.5931396 -237.5974121 -64.0605164
v -831.6445923 -237.5974121 -64.2358093
v -831.7157593 -237.5974121 -64.4040833
v -831.8056030 -237.5974121 -64.5631409
v -831.9129639 -237.5974121 -64.7109375
v -832.0364380 -237.5974121 -64.8455200
v -832.1744995 -237.5974121 -64.9651489
v -832.3253174 -237.5974121 -65.0682983
v -832.4868774 -237.5974121 -65.1535339
v -832.6571655 -237.5974121 -65.2198181
v -832.8338013 -237.5974121 -65.2662354
v -833.0146484 -237.5974121 -65.2922363
v -833.1972656 -237.5974121 -65.2974854
v -833.3792725 -237.5974121 -65.2818298
v -833.5582886 -237.5974121 -65.2455444
v -833.7320557 -237.5974121 -65.1890869
v -833.8982544 -237.5974121 -65.1132202
v -834.0546875 -237.5974121 -65.0188599
v -834.1993408 -237.5974121 -64.9073181
v -834.3303833 -237.5974121 -64.7799988
v -834.4459839 -237.5974121 -64.6385803
v -834.5447388 -237.5974121 -64.4848938
v -834.6253662 -237.5974121 -64.3209534
v -834.6867676 -237.5974121 -64.1488953
v -834.7281494 -237.5974121 -63.9709473
v -834.7489624 -237.5974121 -63.7894592
v -834.7489624 -237.5974121 -63.6067810
v -834.7281494 -237.5974121 -63.4252930
v -834.6867676 -237.5974121 -63.2473450
v -834.6253662 -237.5974121 -63.0752869
v -834.5447388 -237.5974121 -62.9113464
v -834.4459839 -237.5974121 -62.7576599
v -834.3303833 -237.5974121 -62.6162415
v -834.1993408 -237.5974121 -62.4889221
v -834.0546875 -237.5974121 -62.3773804
v -833.8982544 -237.5974121 -62.2830200
v -833.7320557 -237.5974121 -62.2071533
v -833.5582886 -237.5974121 -62.1506958
v -833.3792725 -237.5974121 -62.1144104
v -833.1972656 -237.5974121 -62.0987854
v -833.0146484 -237.5974121 -62.1040039
v -832.8338013 -237.5974121 -62.1300049
v -832.6571655 -237.5974121 -62.1764526
v -832.4868774 -237.5974121 -62.2427063
v -832.3253174 -237.5974121 -62.3279724
v -832.1744995 -237.5974121 -62.4310913
v -832.0364380 -237.5974121 -62.5507202
v -831.9129639 -237.5974121 -62.6853027
v -831.8056030 -237.5974121 -62.8330994
v -831.7157593 -237.5974121 -62.9921875
v -831.6445923 -237.5974121 -63.1604614
v -831.5931396 -237.5974121 -63.3357239
v -831.5620117 -237.5974121 -63.5157471
v -831.5515747 -240.5974121 -58.5681152
v -831.5620117 -240.5974121 -58.3857422
v -831.5931396 -240.5974121 -58.2057190
v -831.6445923 -240.5974121 -58.0304565
v -831.7157593 -240.5974121 -57.8621826
v -831.8056030 -240.5974121 -57.7030945
v -831.9129639 -240.5974121 -57.5552979
v -832.0364380 -240.5974121 -57.4207153
v -832.1744995 -240.5974121 -57.3010864
v -832.3253174 -240.5974121 -57.1979675
v -832.4868774 -240.5974121 -57.1127319
v -832.6571655 -240.5974121 -57.0464478
v -832.8338013 -240.5974121 -57.0000000
v -833.0146484 -240.5974121 -56.9739990
v -833.1972656 -240.5974121 -56.9687805
v -833.3792725 -240.5974121 -56.9844055
v -833.5582886 -240.5974121 -57.0206909
v -833.7320557 -240.5974121 -57.0771484
v -833.8982544 -240.5974121 -57.1530151
v -834.0546875 -240.5974121 -57.2473755
v -834.1993408 -240.5974121 -57.3589172
v -834.3303833 -240.5974121 -57.4862366
v -834.4459839 -240.5974121 -57.6276855
v -834.5447388 -240.5974121 -57.7813416
v -834.6253662 -240.5974121 -57.9452820
v -834.6867676 -240.5974121 -58.1173706
v -834.7281494 -240.5974121 -58.2952881
v -834.7489624 -240.5974121 -58.4767761
v -834.7489624 -240.5974121 -58.6594543
v -834.7281494 -240.5974121 -58.8409424
v -834.6867676 -240.5974121 -59.0188904
v -834.6253662 -240.5974121 -59.1909485
v -834.5447388 -240.5974121 -59.3548889
v -834.4459839 -240.5974121 -59.5085754
v -834.3303833 -240.5974121 -59.6499939
v -834.1993408 -240.5974121 -59.7773132
v -834.0546875 -240.5974121 -59.8888855
v -833.8982544 -240.5974121 -59.9832153
v -833.7320557 -240.5974121 -60.0591125
v -833.5582886 -240.5974121 -60.1155396
v -833.3792725 -240.5974121 -60.1518555
v -833.1972656 -240.5974121 -60.1674805
v -833.0146484 -240.5974121 -60.1622620
v -832.8338013 -240.5974121 -60.1362610
v -832.6571655 -240.5974121 -60.0898132
v -832.4868774 -240.5974121 -60.0235291
v -832.3253174 -240.5974121 -59.9382935
v -832.1744995 -240.5974121 -59.8351746
v -832.0364380 -240.5974121 -59.7155151
v -831.9129639 -240.5974121 -59.5809326
v -831.8056030 -240.5974121 -59.4331665
v -831.7157593 -240.5974121 -59.2740784
v -831.6445923 -240.5974121 -59.1058044
v -831.5931396 -240.5974121 -58.9305115
v -831.5620117 -240.5974121 -58.7505188
v -831.5515747 -237.5974121 -58.5681152
v -831.5620117 -237.5974121 -58.7505188
v -831.5931396 -237.5974121 -58.9305115
v -831.6445923 -237.5974121 -59.1058044
v -831.7157593 -237.5974121 -59.2740784
v -831.8056030 -237.5974121 -59.4331665
v -831.9129639 -237.5974121 -59.5809326
v -832.0364380 -237.5974121 -59.7155151
v -832.1744995 -237.5974121 -59.8351746
v -832.3253174 -237.5974121 -59.9382935
v -832.4868774 -237.5974121 -60.0235291
v -832.6571655 -237.5974121 -60.0898132
v -832.8338013 -237.5974121 -60.1362610
v -833.0146484 -237.5974121 -60.1622620
v -833.1972656 -237.5974121 -60.1674805
v -833.3792725 -237.5974121 -60.1518555
v -833.5582886 -237.5974121 -60.1155396
v -833.7320557 -237.5974121 -60.0591125
v -833.8982544 -237.5974121 -59.9832153
v -834.0546875 -237.5974121 -59.8888855
v -834.1993408 -237.5974121 -59.7773132
v -834.3303833 -237.5974121 -59.6499939
v -834.4459839 -237.5974121 -59.5085754
v -834.5447388 -237.5974121 -59.3548889
v -834.6253662 -237.5974121 -59.1909485
v -834.6867676 -237.5974121 -59.0188904
v -834.7281494 -237.5974121 -58.8409424
v -834.7489624 -237.5974121 -58.6594543
v -834.7489624 -237.5974121 -58.4767761
v -834.7281494 -237.5974121 -58.2952881
v -834.6867676 -237.5974121 -58.1173706
v -834.6253662 -237.5974121 -57.9452820
v -834.5447388 -237.5974121 -57.7813416
v -834.4459839 -237.5974121 -57.6276855
v -834.3303833 -237.5974121 -57.4862366
v -834.1993408 -237.5974121 -57.3589172
v -834.0546875 -237.5974121 -57.2473755
v -833.8982544 -237.5974121 -57.1530151
v -833.7320557 -237.5974121 -57.0771484
v -833.5582886 -237.5974121 -57.0206909
v -833.3792725 -237.5974121 -56.9844055
v -833.1972656 -237.5974121 -56.9687805
v -833.0146484 -237.5974121 -56.9739990
v -832.8338013 -237.5974121 -57.0000000
v -832.6571655 -237.5974121 -57.0464478
v -832.4868774 -237.5974121 -57.1127319
v -832.3253174 -237.5974121 -57.1979675
v -832.1744995 -237.5974121 -57.3010864
v -832.0364380 -237.5974121 -57.4207153
v -831.9129639 -237.5974121 -57.5552979
v -831.8056030 -237.5974121 -57.7030945
v -831.7157593 -237.5974121 -57.8621826
v -831.6445923 -237.5974121 -58.0304565
v -831.5931396 -237.5974121 -58.2057190
v -831.5620117 -237.5974121 -58.3857422
v -789.2865601 -240.5974121 4.0168762
v -789.2969971 -240.5974121 4.1992645
v -789.3281860 -240.5974121 4.3792725
v -789.3796387 -240.5974121 4.5545654
v -789.4507446 -240.5974121 4.7228394
v -789.5405884 -240.5974121 4.8818970
v -789.6479492 -240.5974121 5.0296936
v -789.7714844 -240.5974121 5.1642914
v -789.9095459 -240.5974121 5.2839355
v -790.0603638 -240.5974121 5.3870392
v -790.2219238 -240.5974121 5.4722900
v -790.3921509 -240.5974121 5.5385742
v -790.5688477 -240.5974121 5.5850220
v -790.7496948 -240.5974121 5.6110229
v -790.9322510 -240.5974121 5.6162262
v -791.1143188 -240.5974121 5.6005859
v -791.2933350 -240.5974121 5.5643158
v -791.4671021 -240.5974121 5.5078735
v -791.6332397 -240.5974121 5.4319763
v -791.7896729 -240.5974121 5.3376465
v -791.9343872 -240.5974121 5.2260742
v -792.0653687 -240.5974121 5.0987549
v -792.1809692 -240.5974121 4.9573364
v -792.2797852 -240.5974121 4.8036499
v -792.3604126 -240.5974121 4.6397095
v -792.4217529 -240.5974121 4.4676514
v -792.4631348 -240.5974121 4.2897186
v -792.4839478 -240.5974121 4.1082153
v -792.4839478 -240.5974121 3.9255371
v -792.4631348 -240.5974121 3.7440491
v -792.4217529 -240.5974121 3.5661011
v -792.3604126 -240.5974121 3.3940430
v -792.2797852 -240.5974121 3.2301025
v -792.1809692 -240.5974121 3.0764160
v -792.0653687 -240.5974121 2.9349976
v -791.9343872 -240.5974121 2.8076782
v -791.7896729 -240.5974121 2.6961365
v -791.6332397 -240.5974121 2.6018066
v -791.4671021 -240.5974121 2.5259094
v -791.2933350 -240.5974121 2.4694519
v -791.1143188 -240.5974121 2.4331665
v -790.9322510 -240.5974121 2.4175415
v -790.7496948 -240.5974121 2.4227600
v -790.5688477 -240.5974121 2.4487305
v -790.3921509 -240.5974121 2.4951782
v -790.2219238 -240.5974121 2.5614624
v -790.0603638 -240.5974121 2.6467285
v -789.9095459 -240.5974121 2.7498474
v -789.7714844 -240.5974121 2.8694763
v -789.6479492 -240.5974121 3.0040588
v -789.5405884 -240.5974121 3.1518555
v -789.4507446 -240.5974121 3.3109131
v -789.3796387 -240.5974121 3.4791870
v -789.3281860 -240.5974121 3.6544800
v -789.2969971 -240.5974121 3.8345032
v -789.2865601 -237.5974121 4.0168762
v -789.2969971 -237.5974121 3.8345032
v -789.3281860 -237.5974121 3.6544800
v -789.3796387 -237.5974121 3.4791870
v -789.4507446 -237.5974121 3.3109131
v -789.5405884 -237.5974121 3.1518555
v -789.6479492 -237.5974121 3.0040588
v -789.7714844 -237.5974121 2.8694763
v -789.9095459 -237.5974121 2.7498474
v -790.0603638 -237.5974121 2.6467285
v -790.2219238 -237.5974121 2.5614624
v -790.3921509 -237.5974121 2.4951782
v -790.5688477 -237.5974121 2.4487305
v -790.7496948 -237.5974121 2.4227600
v -790.9322510 -237.5974121 2.4175415
v -791.1143188 -237.5974121 2.4331665
v -791.2933350 -237.5974121 2.4694519
v -791.4671021 -237.5974121 2.5259094
v -791.6332397 -237.5974121 2.6018066
v -791.7896729 -237.5974121 2.6961365
v -791.9343872 -237.5974121 2.8076782
v -792.0653687 -237.5974121 2.9349976
v -792.1809692 -237.5974121 3.0764160
v -792.2797852 -237.5974121 3.2301025
v -792.3604126 -237.5974121 3.3940430
v -792.4217529 -237.5974121 3.5661011
v -792.4631348 -237.5974121 3.7440491
v -792.4839478 -237.5974121 3.9255371
v -792.4839478 -237.5974121 4.1082153
v -792.4631348 -237.5974121 4.2897186
v -792.4217529 -237.5974121 4.4676514
v -792.3604126 -237.5974121 4.6397095
v -792.2797852 -237.5974121 4.8036499
v -792.1809692 -237.5974121 4.9573364
v -792.0653687 -237.5974121 5.0987549
v -791.9343872 -237.5974121 5.2260742
v -791.7896729 -237.5974121 5.3376465
v -791.6332397 -237.5974121 5.4319763
v -791.4671021 -237.5974121 5.5078735
v -791.2933350 -237.5974121 5.5643158
v -791.1143188 -237.5974121 5.6005859
v -790.9322510 -237.5974121 5.6162262
v -790.7496948 -237.5974121 5.6110229
v -790.5688477 -237.5974121 5.5850220
v -790.3921509 -237.5974121 5.5385742
v -790.2219238 -237.5974121 5.4722900
v -790.0603638 -237.5974121 5.3870392
v -789.9095459 -237.5974121 5.2839355
v -789.7714844 -237.5974121 5.1642914
v -789.6479492 -237.5974121 5.0296936
v -789.5405884 -237.5974121 4.8818970
v -789.4507446 -237.5974121 4.7228394
v -789.3796387 -237.5974121 4.5545654
v -789.3281860 -237.5974121 4.3792725
v -789.2969971 -237.5974121 4.1992645
v -803.7865601 -240.5974121 -8.9049377
v -803.7969971 -240.5974121 -8.7225647
v -803.8281860 -240.5974121 -8.5425415
v -803.8796387 -240.5974121 -8.3672485
v -803.9507446 -240.5974121 -8.1989746
v -804.0405884 -240.5974121 -8.0399170
v -804.1479492 -240.5974121 -7.8921204
v -804.2714844 -240.5974121 -7.7575378
v -804.4095459 -240.5974121 -7.6379089
v -804.5603638 -240.5974121 -7.5347900
v -804.7219238 -240.5974121 -7.4495239
v -804.8921509 -240.5974121 -7.3832397
v -805.0688477 -240.5974121 -7.3367920
v -805.2496948 -240.5974121 -7.3108215
v -805.4322510 -240.5974121 -7.3056030
v -805.6143188 -240.5974121 -7.3212280
v -805.7933350 -240.5974121 -7.3575134
v -805.9671021 -240.5974121 -7.4139709
v -806.1332397 -240.5974121 -7.4898682
v -806.2896729 -240.5974121 -7.5841980
v -806.4343872 -240.5974121 -7.6957397
v -806.5653687 -240.5974121 -7.8230591
v -806.6809692 -240.5974121 -7.9644775
v -806.7797852 -240.5974121 -8.1181641
v -806.8604126 -240.5974121 -8.2821045
v -806.9217529 -240.5974121 -8.4541626
v -806.9631348 -240.5974121 -8.6321106
v -806.9839478 -240.5974121 -8.8135986
v -806.9839478 -240.5974121 -8.9962769
v -806.9631348 -240.5974121 -9.1777954
v -806.9217529 -240.5974121 -9.3557129
v -806.8604126 -240.5974121 -9.5277710
v -806.7797852 -240.5974121 -9.6917114
v -806.6809692 -240.5974121 -9.8453979
v -806.5653687 -240.5974121 -9.9868164
v -806.4343872 -240.5974121 -10.1141357
v -806.2896729 -240.5974121 -10.2257080
v -806.1332397 -240.5974121 -10.3200378
v -805.9671021 -240.5974121 -10.3959351
v -805.7933350 -240.5974121 -10.4523926
v -805.6143188 -240.5974121 -10.4886475
v -805.4322510 -240.5974121 -10.5042725
v -805.2496948 -240.5974121 -10.4990845
v -805.0688477 -240.5974121 -10.4730835
v -804.8921509 -240.5974121 -10.4266357
v -804.7219238 -240.5974121 -10.3603516
v -804.5603638 -240.5974121 -10.2750854
v -804.4095459 -240.5974121 -10.1719971
v -804.2714844 -240.5974121 -10.0523682
v -804.1479492 -240.5974121 -9.9177551
v -804.0405884 -240.5974121 -9.7699585
v -803.9507446 -240.5974121 -9.6109009
v -803.8796387 -240.5974121 -9.4426270
v -803.8281860 -240.5974121 -9.2673340
v -803.7969971 -240.5974121 -9.0873413
v -803.7865601 -237.5974121 -8.9049377
v -803.7969971 -237.5974121 -9.0873413
v -803.8281860 -237.5974121 -9.2673340
v -803.8796387 -237.5974121 -9.4426270
v -803.9507446 -237.5974121 -9.6109009
v -804.0405884 -237.5974121 -9.7699585
v -804.1479492 -237.5974121 -9.9177551
v -804.2714844 -237.5974121 -10.0523682
v -804.4095459 -237.5974121 -10.1719971
v -804.5603638 -237.5974121 -10.2750854
v -804.7219238 -237.5974121 -10.3603516
v -804.8921509 -237.5974121 -10.4266357
v -805.0688477 -237.5974121 -10.4730835
v -805.2496948 -237.5974121 -10.4990845
v -805.4322510 -237.5974121 -10.5042725
v -805.6143188 -237.5974121 -10.4886475
v -805.7933350 -237.5974121 -10.4523926
v -805.9671021 -237.5974121 -10.3959351
v -806.1332397 -237.5974121 -10.3200378
v -806.2896729 -237.5974121 -10.2257080
v -806.4343872 -237.5974121 -10.1141357
v -806.5653687 -237.5974121 -9.9868164
v -806.6809692 -237.5974121 -9.8453979
v -806.7797852 -237.5974121 -9.6917114
v -806.8604126 -237.5974121 -9.5277710
v -806.9217529 -237.5974121 -9.3557129
v -806.9631348 -237.5974121 -9.1777954
v -806.9839478 -237.5974121 -8.9962769
v -806.9839478 -237.5974121 -8.8135986
v -806.9631348 -237.5974121 -8.6321106
v -806.9217529 -237.5974121 -8.4541626
v -806.8604126 -237.5974121 -8.2821045
v -806.7797852 -237.5974121 -8.1181641
v -806.6809692 -237.5974121 -7.9644775
v -806.5653687 -237.5974121 -7.8230591
v -806.4343872 -237.5974121 -7.6957397
v -806.2896729 -237.5974121 -7.5841980
v -806.1332397 -237.5974121 -7.4898682
v -805.9671021 -237.5974121 -7.4139709
v -805.7933350 -237.5974121 -7.3575134
v -805.6143188 -237.5974121 -7.3212280
v -805.4322510 -237.5974121 -7.3056030
v -805.2496948 -237.5974121 -7.3108215
v -805.0688477 -237.5974121 -7.3367920
v -804.8921509 -237.5974121 -7.3832397
v -804.7219238 -237.5974121 -7.4495239
v -804.5603638 -237.5974121 -7.5347900
v -804.4095459 -237.5974121 -7.6379089
v -804.2714844 -237.5974121 -7.7575378
v -804.1479492 -237.5974121 -7.8921204
v -804.0405884 -237.5974121 -8.0399170
v -803.9507446 -237.5974121 -8.1989746
v -803.8796387 -237.5974121 -8.3672485
v -803.8281860 -237.5974121 -8.5425415
v -803.7969971 -237.5974121 -8.7225647
v -789.2865601 -240.5974121 -8.9049377
v -789.2969971 -240.5974121 -8.7225647
v -789.3281860 -240.5974121 -8.5425415
v -789.3796387 -240.5974121 -8.3672485
v -789.4507446 -240.5974121 -8.1989746
v -789.5405884 -240.5974121 -8.0399170
v -789.6479492 -240.5974121 -7.8921204
v -789.7714844 -240.5974121 -7.7575378
v -789.9095459 -240.5974121 -7.6379089
v -790.0603638 -240.5974121 -7.5347900
v -790.2219238 -240.5974121 -7.4495239
v -790.3921509 -240.5974121 -7.3832397
v -790.5688477 -240.5974121 -7.3367920
v -790.7496948 -240.5974121 -7.3108215
v -790.9322510 -240.5974121 -7.3056030
v -791.1143188 -240.5974121 -7.3212280
v -791.2933350 -240.5974121 -7.3575134
v -791.4671021 -240.5974121 -7.4139709
v -791.6332397 -240.5974121 -7.4898682
v -791.7896729 -240.5974121 -7.5841980
v -791.9343872 -240.5974121 -7.6957397
v -792.0653687 -240.5974121 -7.8230591
v -792.1809692 -240.5974121 -7.9644775
v -792.2797852 -240.5974121 -8.1181641
v -792.3604126 -240.5974121 -8.2821045
v -792.4217529 -240.5974121 -8.4541626
v -792.4631348 -240.5974121 -8.6321106
v -792.4839478 -240.5974121 -8.8135986
v -792.4839478 -240.5974121 -8.9962769
v -792.4631348 -240.5974121 -9.1777954
v -792.4217529 -240.5974121 -9.3557129
v -792.3604126 -240.5974121 -9.5277710
v -792.2797852 -240.5974121 -9.6917114
v -792.1809692 -240.5974121 -9.8453979
v -792.0653687 -240.5974121 -9.9868164
v -791.9343872 -240.5974121 -10.1141357
v -791.7896729 -240.5974121 -10.2257080
v -791.6332397 -240.5974121 -10.3200378
v -791.4671021 -240.5974121 -10.3959351
v -791.2933350 -240.5974121 -10.4523926
v -791.1143188 -240.5974121 -10.4886475
v -790.9322510 -240.5974121 -10.5042725
v -790.7496948 -240.5974121 -10.4990845
v -790.5688477 -240.5974121 -10.4730835
v -790.3921509 -240.5974121 -10.4266357
v -790.2219238 -240.5974121 -10.3603516
v -790.0603638 -240.5974121 -10.2750854
v -789.9095459 -240.5974121 -10.1719971
v -789.7714844 -240.5974121 -10.0523682
v -789.6479492 -240.5974121 -9.9177551
v -789.5405884 -240.5974121 -9.7699585
v -789.4507446 -240.5974121 -9.6109009
v -789.3796387 -240.5974121 -9.4426270
v -789.3281860 -240.5974121 -9.2673340
v -789.2969971 -240.5974121 -9.0873413
v -789.2865601 -237.5974121 -8.9049377
v -789.2969971 -237.5974121 -9.0873413
v -789.3281860 -237.5974121 -9.2673340
v -789.3796387 -237.5974121 -9.4426270
v -789.4507446 -237.5974121 -9.6109009
v -789.5405884 -237.5974121 -9.7699585
v -789.6479492 -237.5974121 -9.9177551
v -789.7714844 -237.5974121 -10.0523682
v -789.9095459 -237.5974121 -10.1719971
v -790.0603638 -237.5974121 -10.2750854
v -790.2219238 -237.5974121 -10.3603516
v -790.3921509 -237.5974121 -10.4266357
v -790.5688477 -237.5974121 -10.4730835
v -790.7496948 -237.5974121 -10.4990845
v -790.9322510 -237.5974121 -10.5042725
v -791.1143188 -237.5974121 -10.4886475
v -791.2933350 -237.5974121 -10.4523926
v -791.4671021 -237.5974121 -10.3959351
v -791.6332397 -237.5974121 -10.3200378
v -791.7896729 -237.5974121 -10.2257080
v -791.9343872 -237.5974121 -10.1141357
v -792.0653687 -237.5974121 -9.9868164
v -792.1809692 -237.5974121 -9.8453979
v -792.2797852 -237.5974121 -9.6917114
v -792.3604126 -237.5974121 -9.5277710
v -792.4217529 -237.5974121 -9.3557129
v -792.4631348 -237.5974121 -9.1777954
v -792.4839478 -237.5974121 -8.9962769
v -792.4839478 -237.5974121 -8.8135986
v -792.4631348 -237.5974121 -8.6321106
v -792.4217529 -237.5974121 -8.4541626
v -792.3604126 -237.5974121 -8.2821045
v -792.2797852 -237.5974121 -8.1181641
v -792.1809692 -237.5974121 -7.9644775
v -792.0653687 -237.5974121 -7.8230591
v -791.9343872 -237.5974121 -7.6957397
v -791.7896729 -237.5974121 -7.5841980
v -791.6332397 -237.5974121 -7.4898682
v -791.4671021 -237.5974121 -7.4139709
v -791.2933350 -237.5974121 -7.3575134
v -791.1143188 -237.5974121 -7.3212280
v -790.9322510 -237.5974121 -7.3056030
v -790.7496948 -237.5974121 -7.3108215
v -790.5688477 -237.5974121 -7.3367920
v -790.3921509 -237.5974121 -7.3832397
v -790.2219238 -237.5974121 -7.4495239
v -790.0603638 -237.5974121 -7.5347900
v -789.9095459 -237.5974121 -7.6379089
v -789.7714844 -237.5974121 -7.7575378
v -789.6479492 -237.5974121 -7.8921204
v -789.5405884 -237.5974121 -8.0399170
v -789.4507446 -237.5974121 -8.1989746
v -789.3796387 -237.5974121 -8.3672485
v -789.3281860 -237.5974121 -8.5425415
v -789.2969971 -237.5974121 -8.7225647
v -812.5215454 -240.5974121 -58.5681152
v -812.5319824 -240.5974121 -58.3857422
v -812.5631714 -240.5974121 -58.2057190
v -812.6146240 -240.5974121 -58.0304565
v -812.6857300 -240.5974121 -57.8621826
v -812.7755737 -240.5974121 -57.7030945
v -812.8829346 -240.5974121 -57.5552979
v -813.0064697 -240.5974121 -57.4207153
v -813.1445312 -240.5974121 -57.3010864
v -813.2953491 -240.5974121 -57.1979675
v -813.4569092 -240.5974121 -57.1127319
v -813.6271362 -240.5974121 -57.0464478
v -813.8038330 -240.5974121 -57.0000000
v -813.9846802 -240.5974121 -56.9739990
v -814.1672974 -240.5974121 -56.9687805
v -814.3493042 -240.5974121 -56.9844055
v -814.5283203 -240.5974121 -57.0206909
v -814.7020874 -240.5974121 -57.0771484
v -814.8682251 -240.5974121 -57.1530151
v -815.0247192 -240.5974121 -57.2473755
v -815.1693726 -240.5974121 -57.3589172
v -815.3003540 -240.5974121 -57.4862366
v -815.4160156 -240.5974121 -57.6276855
v -815.5147705 -240.5974121 -57.7813416
v -815.5953979 -240.5974121 -57.9452820
v -815.6567993 -240.5974121 -58.1173401
v -815.6981201 -240.5974121 -58.2952881
v -815.7189331 -240.5974121 -58.4767761
v -815.7189331 -240.5974121 -58.6594543
v -815.6981201 -240.5974121 -58.8409424
v -815.6567993 -240.5974121 -59.0188904
v -815.5953979 -240.5974121 -59.1909485
v -815.5147705 -240.5974121 -59.3548889
v -815.4160156 -240.5974121 -59.5085754
v -815.3003540 -240.5974121 -59.6499939
v -815.1693726 -240.5974121 -59.7773132
v -815.0247192 -240.5974121 -59.8888855
v -814.8682251 -240.5974121 -59.9832153
v -814.7020874 -240.5974121 -60.0591125
v -814.5283203 -240.5974121 -60.1155396
v -814.3493042 -240.5974121 -60.1518250
v -814.1672974 -240.5974121 -60.1674805
v -813.9846802 -240.5974121 -60.1622620
v -813.8038330 -240.5974121 -60.1362610
v -813.6271362 -240.5974121 -60.0898132
v -813.4569092 -240.5974121 -60.0235291
v -813.2953491 -240.5974121 -59.9382935
v -813.1445312 -240.5974121 -59.8351746
v -813.0064697 -240.5974121 -59.7155151
v -812.8829346 -240.5974121 -59.5809326
v -812.7755737 -240.5974121 -59.4331360
v -812.6857300 -240.5974121 -59.2740784
v -812.6146240 -240.5974121 -59.1058044
v -812.5631714 -240.5974121 -58.9305115
v -812.5319824 -240.5974121 -58.7504883
v -812.5215454 -237.5974121 -58.5681152
v -812.5319824 -237.5974121 -58.7504883
v -812.5631714 -237.5974121 -58.9305115
v -812.6146240 -237.5974121 -59.1058044
v -812.6857300 -237.5974121 -59.2740784
v -812.7755737 -237.5974121 -59.4331360
v -812.8829346 -237.5974121 -59.5809326
v -813.0064697 -237.5974121 -59.7155151
v -813.1445312 -237.5974121 -59.8351746
v -813.2953491 -237.5974121 -59.9382935
v -813.4569092 -237.5974121 -60.0235291
v -813.6271362 -237.5974121 -60.0898132
v -813.8038330 -237.5974121 -60.1362610
v -813.9846802 -237.5974121 -60.1622620
v -814.1672974 -237.5974121 -60.1674805
v -814.3493042 -237.5974121 -60.1518250
v -814.5283203 -237.5974121 -60.1155396
v -814.7020874 -237.5974121 -60.0591125
v -814.8682251 -237.5974121 -59.9832153
v -815.0247192 -237.5974121 -59.8888855
v -815.1693726 -237.5974121 -59.7773132
v -815.3003540 -237.5974121 -59.6499939
v -815.4160156 -237.5974121 -59.5085754
v -815.5147705 -237.5974121 -59.3548889
v -815.5953979 -237.5974121 -59.1909485
v -815.6567993 -237.5974121 -59.0188904
v -815.6981201 -237.5974121 -58.8409424
v -815.7189331 -237.5974121 -58.6594543
v -815.7189331 -237.5974121 -58.4767761
v -815.6981201 -237.5974121 -58.2952881
v -815.6567993 -237.5974121 -58.1173401
v -815.5953979 -237.5974121 -57.9452820
v -815.5147705 -237.5974121 -57.7813416
v -815.4160156 -237.5974121 -57.6276855
v -815.3003540 -237.5974121 -57.4862366
v -815.1693726 -237.5974121 -57.3589172
v -815.0247192 -237.5974121 -57.2473755
v -814.8682251 -237.5974121 -57.1530151
v -814.7020874 -237.5974121 -57.0771484
v -814.5283203 -237.5974121 -57.0206909
v -814.3493042 -237.5974121 -56.9844055
v -814.1672974 -237.5974121 -56.9687805
v -813.9846802 -237.5974121 -56.9739990
v -813.8038330 -237.5974121 -57.0000000
v -813.6271362 -237.5974121 -57.0464478
v -813.4569092 -237.5974121 -57.1127319
v -813.2953491 -237.5974121 -57.1979675
v -813.1445312 -237.5974121 -57.3010864
v -813.0064697 -237.5974121 -57.4207153
v -812.8829346 -237.5974121 -57.5552979
v -812.7755737 -237.5974121 -57.7030945
v -812.6857300 -237.5974121 -57.8621826
v -812.6146240 -237.5974121 -58.0304565
v -812.5631714 -237.5974121 -58.2057190
v -812.5319824 -237.5974121 -58.3857422
v -812.5215454 -240.5974121 -63.6981201
v -812.5319824 -240.5974121 -63.5157471
v -812.5631714 -240.5974121 -63.3357239
v -812.6146240 -240.5974121 -63.1604614
v -812.6857300 -240.5974121 -62.9921570
v -812.7755737 -240.5974121 -62.8330994
v -812.8829346 -240.5974121 -62.6853027
v -813.0064697 -240.5974121 -62.5507202
v -813.1445312 -240.5974121 -62.4310913
v -813.2953491 -240.5974121 -62.3279724
v -813.4569092 -240.5974121 -62.2427063
v -813.6271362 -240.5974121 -62.1764221
v -813.8038330 -240.5974121 -62.1300049
v -813.9846802 -240.5974121 -62.1040039
v -814.1672974 -240.5974121 -62.0987549
v -814.3493042 -240.5974121 -62.1144104
v -814.5283203 -240.5974121 -62.1506958
v -814.7020874 -240.5974121 -62.2071533
v -814.8682251 -240.5974121 -62.2830200
v -815.0247192 -240.5974121 -62.3773804
v -815.1693726 -240.5974121 -62.4889221
v -815.3003540 -240.5974121 -62.6162415
v -815.4160156 -240.5974121 -62.7576599
v -815.5147705 -240.5974121 -62.9113464
v -815.5953979 -240.5974121 -63.0752869
v -815.6567993 -240.5974121 -63.2473450
v -815.6981201 -240.5974121 -63.4252930
v -815.7189331 -240.5974121 -63.6067810
v -815.7189331 -240.5974121 -63.7894592
v -815.6981201 -240.5974121 -63.9709473
v -815.6567993 -240.5974121 -64.1488953
v -815.5953979 -240.5974121 -64.3209534
v -815.5147705 -240.5974121 -64.4848938
v -815.4160156 -240.5974121 -64.6385803
v -815.3003540 -240.5974121 -64.7799988
v -815.1693726 -240.5974121 -64.9073181
v -815.0247192 -240.5974121 -65.0188599
v -814.8682251 -240.5974121 -65.1132202
v -814.7020874 -240.5974121 -65.1890869
v -814.5283203 -240.5974121 -65.2455444
v -814.3493042 -240.5974121 -65.2818298
v -814.1672974 -240.5974121 -65.2974854
v -813.9846802 -240.5974121 -65.2922363
v -813.8038330 -240.5974121 -65.2662354
v -813.6271362 -240.5974121 -65.2198181
v -813.4569092 -240.5974121 -65.1535339
v -813.2953491 -240.5974121 -65.0682983
v -813.1445312 -240.5974121 -64.9651489
v -813.0064697 -240.5974121 -64.8455200
v -812.8829346 -240.5974121 -64.7109375
v -812.7755737 -240.5974121 -64.5631409
v -812.6857300 -240.5974121 -64.4040833
v -812.6146240 -240.5974121 -64.2358093
v -812.5631714 -240.5974121 -64.0605164
v -812.5319824 -240.5974121 -63.8804932
v -812.5215454 -237.5974121 -63.6981201
v -812.5319824 -237.5974121 -63.8804932
v -812.5631714 -237.5974121 -64.0605164
v -812.6146240 -237.5974121 -64.2358093
v -812.6857300 -237.5974121 -64.4040833
v -812.7755737 -237.5974121 -64.5631409
v -812.8829346 -237.5974121 -64.7109375
v -813.0064697 -237.5974121 -64.8455200
v -813.1445312 -237.5974121 -64.9651489
v -813.2953491 -237.5974121 -65.0682983
v -813.4569092 -237.5974121 -65.1535339
v -813.6271362 -237.5974121 -65.2198181
v -813.8038330 -237.5974121 -65.2662354
v -813.9846802 -237.5974121 -65.2922363
v -814.1672974 -237.5974121 -65.2974854
v -814.3493042 -237.5974121 -65.2818298
v -814.5283203 -237.5974121 -65.2455444
v -814.7020874 -237.5974121 -65.1890869
v -814.8682251 -237.5974121 -65.1132202
v -815.0247192 -237.5974121 -65.0188599
v -815.1693726 -237.5974121 -64.9073181
v -815.3003540 -237.5974121 -64.7799988
v -815.4160156 -237.5974121 -64.6385803
v -815.5147705 -237.5974121 -64.4848938
v -815.5953979 -237.5974121 -64.3209534
v -815.6567993 -237.5974121 -64.1488953
v -815.6981201 -237.5974121 -63.9709473
v -815.7189331 -237.5974121 -63.7894592
v -815.7189331 -237.5974121 -63.6067810
v -815.6981201 -237.5974121 -63.4252930
v -815.6567993 -237.5974121 -63.2473450
v -815.5953979 -237.5974121 -63.0752869
v -815.5147705 -237.5974121 -62.9113464
v -815.4160156 -237.5974121 -62.7576599
v -815.3003540 -237.5974121 -62.6162415
v -815.1693726 -237.5974121 -62.4889221
v -815.0247192 -237.5974121 -62.3773804
v -814.8682251 -237.5974121 -62.2830200
v -814.7020874 -237.5974121 -62.2071533
v -814.5283203 -237.5974121 -62.1506958
v -814.3493042 -237.5974121 -62.1144104
v -814.1672974 -237.5974121 -62.0987549
v -813.9846802 -237.5974121 -62.1040039
v -813.8038330 -237.5974121 -62.1300049
v -813.6271362 -237.5974121 -62.1764221
v -813.4569092 -237.5974121 -62.2427063
v -813.2953491 -237.5974121 -62.3279724
v -813.1445312 -237.5974121 -62.4310913
v -813.0064697 -237.5974121 -62.5507202
v -812.8829346 -237.5974121 -62.6853027
v -812.7755737 -237.5974121 -62.8330994
v -812.6857300 -237.5974121 -62.9921570
v -812.6146240 -237.5974121 -63.1604614
v -812.5631714 -237.5974121 -63.3357239
v -812.5319824 -237.5974121 -63.5157471
v -822.0365601 -240.5974121 -61.1331177
v -822.0469971 -240.5974121 -60.9507446
v -822.0781860 -240.5974121 -60.7707214
v -822.1296387 -240.5974121 -60.5954590
v -822.2007446 -240.5974121 -60.4271851
v -822.2905884 -240.5974121 -60.2680969
v -822.3979492 -240.5974121 -60.1203003
v -822.5214844 -240.5974121 -59.9857178
v -822.6595459 -240.5974121 -59.8660889
v -822.8103638 -240.5974121 -59.7629700
v -822.9719238 -240.5974121 -59.6777039
v -823.1421509 -240.5974121 -59.6114502
v -823.3188477 -240.5974121 -59.5650024
v -823.4996338 -240.5974121 -59.5390015
v -823.6822510 -240.5974121 -59.5337830
v -823.8642578 -240.5974121 -59.5494080
v -824.0433350 -240.5974121 -59.5856934
v -824.2171021 -240.5974121 -59.6421509
v -824.3832397 -240.5974121 -59.7180176
v -824.5396729 -240.5974121 -59.8123779
v -824.6843872 -240.5974121 -59.9239197
v -824.8153687 -240.5974121 -60.0512390
v -824.9309692 -240.5974121 -60.1926575
v -825.0297852 -240.5974121 -60.3463440
v -825.1103516 -240.5974121 -60.5102844
v -825.1717529 -240.5974121 -60.6823425
v -825.2131348 -240.5974121 -60.8602905
v -825.2339478 -240.5974121 -61.0417786
v -825.2339478 -240.5974121 -61.2244568
v -825.2131348 -240.5974121 -61.4059448
v -825.1717529 -240.5974121 -61.5838928
v -825.1103516 -240.5974121 -61.7559509
v -825.0297852 -240.5974121 -61.9198914
v -824.9309692 -240.5974121 -62.0735779
v -824.8153687 -240.5974121 -62.2149963
v -824.6843872 -240.5974121 -62.3423157
v -824.5396729 -240.5974121 -62.4538879
v -824.3832397 -240.5974121 -62.5482178
v -824.2171021 -240.5974121 -62.6241150
v -824.0433350 -240.5974121 -62.6805420
v -823.8642578 -240.5974121 -62.7168274
v -823.6822510 -240.5974121 -62.7324829
v -823.4996338 -240.5974121 -62.7272339
v -823.3188477 -240.5974121 -62.7012634
v -823.1421509 -240.5974121 -62.6548157
v -822.9719238 -240.5974121 -62.5885315
v -822.8103638 -240.5974121 -62.5032959
v -822.6595459 -240.5974121 -62.4001770
v -822.5214844 -240.5974121 -62.2805176
v -822.3979492 -240.5974121 -62.1459351
v -822.2905884 -240.5974121 -61.9981384
v -822.2007446 -240.5974121 -61.8390808
v -822.1296387 -240.5974121 -61.6708069
v -822.0781860 -240.5974121 -61.4955139
v -822.0469971 -240.5974121 -61.3154907
v -822.0365601 -237.5974121 -61.1331177
v -822.0469971 -237.5974121 -61.3154907
v -822.0781860 -237.5974121 -61.4955139
v -822.1296387 -237.5974121 -61.6708069
v -822.2007446 -237.5974121 -61.8390808
v -822.2905884 -237.5974121 -61.9981384
v -822.3979492 -237.5974121 -62.1459351
v -822.5214844 -237.5974121 -62.2805176
v -822.6595459 -237.5974121 -62.4001770
v -822.8103638 -237.5974121 -62.5032959
v -822.9719238 -237.5974121 -62.5885315
v -823.1421509 -237.5974121 -62.6548157
v -823.3188477 -237.5974121 -62.7012634
v -823.4996338 -237.5974121 -62.7272339
v -823.6822510 -237.5974121 -62.7324829
v -823.8642578 -237.5974121 -62.7168274
v -824.0433350 -237.5974121 -62.6805420
v -824.2171021 -237.5974121 -62.6241150
v -824.3832397 -237.5974121 -62.5482178
v -824.5396729 -237.5974121 -62.4538879
v -824.6843872 -237.5974121 -62.3423157
v -824.8153687 -237.5974121 -62.2149963
v -824.9309692 -237.5974121 -62.0735779
v -825.0297852 -237.5974121 -61.9198914
v -825.1103516 -237.5974121 -61.7559509
v -825.1717529 -237.5974121 -61.5838928
v -825.2131348 -237.5974121 -61.4059448
v -825.2339478 -237.5974121 -61.2244568
v -825.2339478 -237.5974121 -61.0417786
v -825.2131348 -237.5974121 -60.8602905
v -825.1717529 -237.5974121 -60.6823425
v -825.1103516 -237.5974121 -60.5102844
v -825.0297852 -237.5974121 -60.3463440
v -824.9309692 -237.5974121 -60.1926575
v -824.8153687 -237.5974121 -60.0512390
v -824.6843872 -237.5974121 -59.9239197
v -824.5396729 -237.5974121 -59.8123779
v -824.3832397 -237.5974121 -59.7180176
v -824.2171021 -237.5974121 -59.6421509
v -824.0433350 -237.5974121 -59.5856934
v -823.8642578 -237.5974121 -59.5494080
v -823.6822510 -237.5974121 -59.5337830
v -823.4996338 -237.5974121 -59.5390015
v -823.3188477 -237.5974121 -59.5650024
v -823.1421509 -237.5974121 -59.6114502
v -822.9719238 -237.5974121 -59.6777039
v -822.8103638 -237.5974121 -59.7629700
v -822.6595459 -237.5974121 -59.8660889
v -822.5214844 -237.5974121 -59.9857178
v -822.3979492 -237.5974121 -60.1203003
v -822.2905884 -237.5974121 -60.2680969
v -822.2007446 -237.5974121 -60.4271851
v -822.1296387 -237.5974121 -60.5954590
v -822.0781860 -237.5974121 -60.7707214
v -822.0469971 -237.5974121 -60.9507446
v -803.7865601 -240.5974121 4.0168762
v -803.7969971 -240.5974121 4.1992645
v -803.8281860 -240.5974121 4.3792725
v -803.8796387 -240.5974121 4.5545654
v -803.9507446 -240.5974121 4.7228394
v -804.0405884 -240.5974121 4.8818970
v -804.1479492 -240.5974121 5.0296936
v -804.2714844 -240.5974121 5.1642914
v -804.4095459 -240.5974121 5.2839355
v -804.5603638 -240.5974121 5.3870392
v -804.7219238 -240.5974121 5.4722900
v -804.8921509 -240.5974121 5.5385742
v -805.0688477 -240.5974121 5.5850220
v -805.2496948 -240.5974121 5.6110229
v -805.4322510 -240.5974121 5.6162262
v -805.6143188 -240.5974121 5.6005859
v -805.7933350 -240.5974121 5.5643158
v -805.9671021 -240.5974121 5.5078735
v -806.1332397 -240.5974121 5.4319763
v -806.2896729 -240.5974121 5.3376465
v -806.4343872 -240.5974121 5.2260742
v -806.5653687 -240.5974121 5.0987549
v -806.6809692 -240.5974121 4.9573364
v -806.7797852 -240.5974121 4.8036499
v -806.8604126 -240.5974121 4.6397095
v -806.9217529 -240.5974121 4.4676514
v -806.9631348 -240.5974121 4.2897186
v -806.9839478 -240.5974121 4.1082153
v -806.9839478 -240.5974121 3.9255371
v -806.9631348 -240.5974121 3.7440491
v -806.9217529 -240.5974121 3.5661011
v -806.8604126 -240.5974121 3.3940430
v -806.7797852 -240.5974121 3.2301025
v -806.6809692 -240.5974121 3.0764160
v -806.5653687 -240.5974121 2.9349976
v -806.4343872 -240.5974121 2.8076782
v -806.2896729 -240.5974121 2.6961365
v -806.1332397 -240.5974121 2.6018066
v -805.9671021 -240.5974121 2.5259094
v -805.7933350 -240.5974121 2.4694519
v -805.6143188 -240.5974121 2.4331665
v -805.4322510 -240.5974121 2.4175415
v -805.2496948 -240.5974121 2.4227600
v -805.0688477 -240.5974121 2.4487305
v -804.8921509 -240.5974121 2.4951782
v -804.7219238 -240.5974121 2.5614624
v -804.5603638 -240.5974121 2.6467285
v -804.4095459 -240.5974121 2.7498474
v -804.2714844 -240.5974121 2.8694763
v -804.1479492 -240.5974121 3.0040588
v -804.0405884 -240.5974121 3.1518555
v -803.9507446 -240.5974121 3.3109131
v -803.8796387 -240.5974121 3.4791870
v -803.8281860 -240.5974121 3.6544800
v -803.7969971 -240.5974121 3.8345032
v -803.7865601 -237.5974121 4.0168762
v -803.7969971 -237.5974121 3.8345032
v -803.8281860 -237.5974121 3.6544800
v -803.8796387 -237.5974121 3.4791870
v -803.9507446 -237.5974121 3.3109131
v -804.0405884 -237.5974121 3.1518555
v -804.1479492 -237.5974121 3.0040588
v -804.2714844 -237.5974121 2.8694763
v -804.4095459 -237.5974121 2.7498474
v -804.5603638 -237.5974121 2.6467285
v -804.7219238 -237.5974121 2.5614624
v -804.8921509 -237.5974121 2.4951782
v -805.0688477 -237.5974121 2.4487305
v -805.2496948 -237.5974121 2.4227600
v -805.4322510 -237.5974121 2.4175415
v -805.6143188 -237.5974121 2.4331665
v -805.7933350 -237.5974121 2.4694519
v -805.9671021 -237.5974121 2.5259094
v -806.1332397 -237.5974121 2.6018066
v -806.2896729 -237.5974121 2.6961365
v -806.4343872 -237.5974121 2.8076782
v -806.5653687 -237.5974121 2.9349976
v -806.6809692 -237.5974121 3.0764160
v -806.7797852 -237.5974121 3.2301025
v -806.8604126 -237.5974121 3.3940430
v -806.9217529 -237.5974121 3.5661011
v -806.9631348 -237.5974121 3.7440491
v -806.9839478 -237.5974121 3.9255371
v -806.9839478 -237.5974121 4.1082153
v -806.9631348 -237.5974121 4.2897186
v -806.9217529 -237.5974121 4.4676514
v -806.8604126 -237.5974121 4.6397095
v -806.7797852 -237.5974121 4.8036499
v -806.6809692 -237.5974121 4.9573364
v -806.5653687 -237.5974121 5.0987549
v -806.4343872 -237.5974121 5.2260742
v -806.2896729 -237.5974121 5.3376465
v -806.1332397 -237.5974121 5.4319763
v -805.9671021 -237.5974121 5.5078735
v -805.7933350 -237.5974121 5.5643158
v -805.6143188 -237.5974121 5.6005859
v -805.4322510 -237.5974121 5.6162262
v -805.2496948 -237.5974121 5.6110229
v -805.0688477 -237.5974121 5.5850220
v -804.8921509 -237.5974121 5.5385742
v -804.7219238 -237.5974121 5.4722900
v -804.5603638 -237.5974121 5.3870392
v -804.4095459 -237.5974121 5.2839355
v -804.2714844 -237.5974121 5.1642914
v -804.1479492 -237.5974121 5.0296936
v -804.0405884 -237.5974121 4.8818970
v -803.9507446 -237.5974121 4.7228394
v -803.8796387 -237.5974121 4.5545654
v -803.8281860 -237.5974121 4.3792725
v -803.7969971 -237.5974121 4.1992645
v -815.6365967 -237.5974121 -14.4831238
v -815.6263428 -237.5974121 -14.2353821
v -815.5956421 -237.5974121 -13.9893188
v -815.5447388 -237.5974121 -13.7466736
v -815.4740601 -237.5974121 -13.5090332
v -815.3839111 -237.5974121 -13.2780151
v -815.2749634 -237.5974121 -13.0552673
v -815.1480713 -237.5974121 -12.8422852
v -815.0039673 -237.5974121 -12.6404724
v -814.8437500 -237.5974121 -12.4512634
v -814.6683960 -237.5974121 -12.2759399
v -814.4791870 -237.5974121 -12.1156921
v -814.2774048 -237.5974121 -11.9716187
v -814.0643921 -237.5974121 -11.8446960
v -813.8416748 -237.5974121 -11.7358093
v -813.6106567 -237.5974121 -11.6456604
v -813.3730469 -237.5974121 -11.5749207
v -813.1303711 -237.5974121 -11.5240479
v -812.8843384 -237.5974121 -11.4933472
v -812.6365967 -237.5974121 -11.4831238
v -812.6365967 -240.5974121 -11.4831238
v -812.8843384 -240.5974121 -11.4933472
v -813.1303711 -240.5974121 -11.5240479
v -813.3730469 -240.5974121 -11.5749207
v -813.6106567 -240.5974121 -11.6456604
v -813.8416748 -240.5974121 -11.7358093
v -814.0643921 -240.5974121 -11.8446960
v -814.2774048 -240.5974121 -11.9716187
v -814.4791870 -240.5974121 -12.1156921
v -814.6683960 -240.5974121 -12.2759399
v -814.8437500 -240.5974121 -12.4512634
v -815.0039673 -240.5974121 -12.6404724
v -815.1480713 -240.5974121 -12.8422852
v -815.2749634 -240.5974121 -13.0552673
v -815.3839111 -240.5974121 -13.2780151
v -815.4740601 -240.5974121 -13.5090332
v -815.5447388 -240.5974121 -13.7466736
v -815.5956421 -240.5974121 -13.9893188
v -815.6263428 -240.5974121 -14.2353821
v -815.6365967 -240.5974121 -14.4831238
v -815.6365356 -237.5974121 -54.5681152
v -815.6365356 -240.5974121 -54.5681152
v -814.6365356 -237.5974121 -55.5681152
v -814.7788696 -237.5974121 -55.5579529
v -814.9182739 -237.5974121 -55.5276184
v -815.0520020 -237.5974121 -55.4777527
v -815.1771851 -237.5974121 -55.4093628
v -815.2914429 -237.5974121 -55.3238525
v -815.3923340 -237.5974121 -55.2229919
v -815.4778442 -237.5974121 -55.1087646
v -815.5462036 -237.5974121 -54.9835205
v -815.5960693 -237.5974121 -54.8498535
v -815.6264038 -237.5974121 -54.7104492
v -815.6264038 -240.5974121 -54.7104492
v -815.5960693 -240.5974121 -54.8498535
v -815.5462036 -240.5974121 -54.9835205
v -815.4778442 -240.5974121 -55.1087646
v -815.3923340 -240.5974121 -55.2229919
v -815.2914429 -240.5974121 -55.3238525
v -815.1771851 -240.5974121 -55.4093628
v -815.0520020 -240.5974121 -55.4777527
v -814.9182739 -240.5974121 -55.5276184
v -814.7788696 -240.5974121 -55.5579529
v -814.6365356 -240.5974121 -55.5681152
v -814.1215820 -237.5974121 -55.5681152
v -814.1215820 -240.5974121 -55.5681152
v -811.1215820 -237.5974121 -58.5681152
v -811.1318359 -237.5974121 -58.3203735
v -811.1624756 -237.5974121 -58.0743408
v -811.2133789 -237.5974121 -57.8316650
v -811.2841187 -237.5974121 -57.5940247
v -811.3742676 -237.5974121 -57.3630371
v -811.4831543 -237.5974121 -57.1402893
v -811.6100464 -237.5974121 -56.9272766
v -811.7541504 -237.5974121 -56.7254639
v -811.9143677 -237.5974121 -56.5362854
v -812.0897217 -237.5974121 -56.3609619
v -812.2789307 -237.5974121 -56.2006836
v -812.4807129 -237.5974121 -56.0566406
v -812.6937256 -237.5974121 -55.9296875
v -812.9165039 -237.5974121 -55.8208008
v -813.1474609 -237.5974121 -55.7306519
v -813.3851318 -237.5974121 -55.6599121
v -813.6278076 -237.5974121 -55.6090393
v -813.8738403 -237.5974121 -55.5783691
v -813.8738403 -240.5974121 -55.5783691
v -813.6278076 -240.5974121 -55.6090393
v -813.3851318 -240.5974121 -55.6599121
v -813.1474609 -240.5974121 -55.7306519
v -812.9165039 -240.5974121 -55.8208008
v -812.6937256 -240.5974121 -55.9296875
v -812.4807129 -240.5974121 -56.0566406
v -812.2789307 -240.5974121 -56.2006836
v -812.0897217 -240.5974121 -56.3609619
v -811.9143677 -240.5974121 -56.5362854
v -811.7541504 -240.5974121 -56.7254639
v -811.6100464 -240.5974121 -56.9272766
v -811.4831543 -240.5974121 -57.1402893
v -811.3742676 -240.5974121 -57.3630371
v -811.2841187 -240.5974121 -57.5940247
v -811.2133789 -240.5974121 -57.8316650
v -811.1624756 -240.5974121 -58.0743408
v -811.1318359 -240.5974121 -58.3203735
v -811.1215820 -240.5974121 -58.5681152
v -811.1215820 -237.5974121 -63.6981201
v -811.1215820 -240.5974121 -63.6981201
v -814.1215820 -237.5974121 -66.6981201
v -813.8738403 -237.5974121 -66.6878662
v -813.6278076 -237.5974121 -66.6571960
v -813.3851318 -237.5974121 -66.6063232
v -813.1474609 -237.5974121 -66.5355835
v -812.9165039 -237.5974121 -66.4454346
v -812.6937256 -237.5974121 -66.3365479
v -812.4807129 -237.5974121 -66.2096252
v -812.2789307 -237.5974121 -66.0655518
v -812.0897217 -237.5974121 -65.9052734
v -811.9143677 -237.5974121 -65.7299805
v -811.7541504 -237.5974121 -65.5407715
v -811.6100464 -237.5974121 -65.3389587
v -811.4831543 -237.5974121 -65.1259766
v -811.3742676 -237.5974121 -64.9031982
v -811.2841187 -237.5974121 -64.6722107
v -811.2133789 -237.5974121 -64.4345703
v -811.1624756 -237.5974121 -64.1918945
v -811.1318359 -237.5974121 -63.9458618
v -811.1318359 -240.5974121 -63.9458618
v -811.1624756 -240.5974121 -64.1918945
v -811.2133789 -240.5974121 -64.4345703
v -811.2841187 -240.5974121 -64.6722107
v -811.3742676 -240.5974121 -64.9031982
v -811.4831543 -240.5974121 -65.1259766
v -811.6100464 -240.5974121 -65.3389587
v -811.7541504 -240.5974121 -65.5407715
v -811.9143677 -240.5974121 -65.7299805
v -812.0897217 -240.5974121 -65.9052734
v -812.2789307 -240.5974121 -66.0655518
v -812.4807129 -240.5974121 -66.2096252
v -812.6937256 -240.5974121 -66.3365479
v -812.9165039 -240.5974121 -66.4454346
v -813.1474609 -240.5974121 -66.5355835
v -813.3851318 -240.5974121 -66.6063232
v -813.6278076 -240.5974121 -66.6571960
v -813.8738403 -240.5974121 -66.6878662
v -814.1215820 -240.5974121 -66.6981201
v -833.1515503 -237.5974121 -66.6981201
v -833.1515503 -240.5974121 -66.6981201
v -836.1515503 -237.5974121 -63.6981201
v -836.1412964 -237.5974121 -63.9458618
v -836.1106567 -237.5974121 -64.1918945
v -836.0597534 -237.5974121 -64.4345703
v -835.9890137 -237.5974121 -64.6722107
v -835.8988647 -237.5974121 -64.9031982
v -835.7899780 -237.5974121 -65.1259766
v -835.6630859 -237.5974121 -65.3389587
v -835.5189819 -237.5974121 -65.5407715
v -835.3587646 -237.5974121 -65.7299805
v -835.1834106 -237.5974121 -65.9053040
v -834.9942017 -237.5974121 -66.0655518
v -834.7924194 -237.5974121 -66.2096252
v -834.5794067 -237.5974121 -66.3365479
v -834.3566284 -237.5974121 -66.4454346
v -834.1256714 -237.5974121 -66.5355835
v -833.8880005 -237.5974121 -66.6063232
v -833.6453247 -237.5974121 -66.6572266
v -833.3992920 -237.5974121 -66.6878662
v -833.3992920 -240.5974121 -66.6878662
v -833.6453247 -240.5974121 -66.6572266
v -833.8880005 -240.5974121 -66.6063232
v -834.1256714 -240.5974121 -66.5355835
v -834.3566284 -240.5974121 -66.4454346
v -834.5794067 -240.5974121 -66.3365479
v -834.7924194 -240.5974121 -66.2096252
v -834.9942017 -240.5974121 -66.0655518
v -835.1834106 -240.5974121 -65.9053040
v -835.3587646 -240.5974121 -65.7299805
v -835.5189819 -240.5974121 -65.5407715
v -835.6630859 -240.5974121 -65.3389587
v -835.7899780 -240.5974121 -65.1259766
v -835.8988647 -240.5974121 -64.9031982
v -835.9890137 -240.5974121 -64.6722107
v -836.0597534 -240.5974121 -64.4345703
v -836.1106567 -240.5974121 -64.1918945
v -836.1412964 -240.5974121 -63.9458618
v -836.1515503 -240.5974121 -63.6981201
v -836.1515503 -237.5974121 -58.5681152
v -836.1515503 -240.5974121 -58.5681152
v -833.1515503 -237.5974121 -55.5681152
v -833.3992920 -237.5974121 -55.5783691
v -833.6453247 -237.5974121 -55.6090393
v -833.8880005 -237.5974121 -55.6599121
v -834.1256714 -237.5974121 -55.7306519
v -834.3566284 -237.5974121 -55.8208008
v -834.5794067 -237.5974121 -55.9296875
v -834.7924194 -237.5974121 -56.0566406
v -834.9942017 -237.5974121 -56.2006836
v -835.1834106 -237.5974121 -56.3609619
v -835.3587646 -237.5974121 -56.5362854
v -835.5189819 -237.5974121 -56.7254639
v -835.6630859 -237.5974121 -56.9272766
v -835.7899780 -237.5974121 -57.1402893
v -835.8988647 -237.5974121 -57.3630371
v -835.9890137 -237.5974121 -57.5940247
v -836.0597534 -237.5974121 -57.8316650
v -836.1106567 -237.5974121 -58.0743408
v -836.1412964 -237.5974121 -58.3203735
v -836.1412964 -240.5974121 -58.3203735
v -836.1106567 -240.5974121 -58.0743408
v -836.0597534 -240.5974121 -57.8316650
v -835.9890137 -240.5974121 -57.5940247
v -835.8988647 -240.5974121 -57.3630371
v -835.7899780 -240.5974121 -57.1402893
v -835.6630859 -240.5974121 -56.9272766
v -835.5189819 -240.5974121 -56.7254639
v -835.3587646 -240.5974121 -56.5362854
v -835.1834106 -240.5974121 -56.3609619
v -834.9942017 -240.5974121 -56.2006836
v -834.7924194 -240.5974121 -56.0566406
v -834.5794067 -240.5974121 -55.9296875
v -834.3566284 -240.5974121 -55.8208008
v -834.1256714 -240.5974121 -55.7306519
v -833.8880005 -240.5974121 -55.6599121
v -833.6453247 -240.5974121 -55.6090393
v -833.3992920 -240.5974121 -55.5783691
v -833.1515503 -240.5974121 -55.5681152
v -832.6365356 -237.5974121 -55.5681152
v -832.6365356 -240.5974121 -55.5681152
v -831.6365356 -237.5974121 -54.5681152
v -831.6467896 -237.5974121 -54.7104492
v -831.6770630 -237.5974121 -54.8498535
v -831.7269287 -237.5974121 -54.9835205
v -831.7953491 -237.5974121 -55.1087646
v -831.8807983 -237.5974121 -55.2229919
v -831.9817505 -237.5974121 -55.3238525
v -832.0959473 -237.5974121 -55.4093628
v -832.2211304 -237.5974121 -55.4777527
v -832.3548584 -237.5974121 -55.5276184
v -832.4942627 -237.5974121 -55.5579529
v -832.4942627 -240.5974121 -55.5579529
v -832.3548584 -240.5974121 -55.5276184
v -832.2211304 -240.5974121 -55.4777527
v -832.0959473 -240.5974121 -55.4093628
v -831.9817505 -240.5974121 -55.3238525
v -831.8807983 -240.5974121 -55.2229919
v -831.7953491 -240.5974121 -55.1087646
v -831.7269287 -240.5974121 -54.9835205
v -831.6770630 -240.5974121 -54.8498535
v -831.6467896 -240.5974121 -54.7104492
v -831.6365356 -240.5974121 -54.5681152
v -831.6365967 -237.5974121 4.0168762
v -831.6365967 -240.5974121 4.0168762
v -828.6365967 -237.5974121 7.0168762
v -828.8843384 -237.5974121 7.0066223
v -829.1303711 -237.5974121 6.9759521
v -829.3730469 -237.5974121 6.9250793
v -829.6106567 -237.5974121 6.8543243
v -829.8416748 -237.5974121 6.7641907
v -830.0643921 -237.5974121 6.6553040
v -830.2774048 -237.5974121 6.5283813
v -830.4791870 -237.5974121 6.3842926
v -830.6683960 -237.5974121 6.2240448
v -830.8437500 -237.5974121 6.0487213
v -831.0039673 -237.5974121 5.8595123
v -831.1480713 -237.5974121 5.6577148
v -831.2749634 -237.5974121 5.4447174
v -831.3839111 -237.5974121 5.2219543
v -831.4740601 -237.5974121 4.9909668
v -831.5447388 -237.5974121 4.7533264
v -831.5956421 -237.5974121 4.5106506
v -831.6263428 -237.5974121 4.2646179
v -831.6263428 -240.5974121 4.2646179
v -831.5956421 -240.5974121 4.5106506
v -831.5447388 -240.5974121 4.7533264
v -831.4740601 -240.5974121 4.9909668
v -831.3839111 -240.5974121 5.2219543
v -831.2749634 -240.5974121 5.4447174
v -831.1480713 -240.5974121 5.6577148
v -831.0039673 -240.5974121 5.8595123
v -830.8437500 -240.5974121 6.0487213
v -830.6683960 -240.5974121 6.2240448
v -830.4791870 -240.5974121 6.3842926
v -830.2774048 -240.5974121 6.5283813
v -830.0643921 -240.5974121 6.6553040
v -829.8416748 -240.5974121 6.7641907
v -829.6106567 -240.5974121 6.8543243
v -829.3730469 -240.5974121 6.9250793
v -829.1303711 -240.5974121 6.9759521
v -828.8843384 -240.5974121 7.0066223
v -828.6365967 -240.5974121 7.0168762
v -790.8865967 -237.5974121 7.0168762
v -790.8865967 -240.5974121 7.0168762
v -787.8865967 -237.5974121 4.0168762
v -787.8967896 -237.5974121 4.2646179
v -787.9274902 -237.5974121 4.5106659
v -787.9783936 -237.5974121 4.7533264
v -788.0491333 -237.5974121 4.9909821
v -788.1392212 -237.5974121 5.2219696
v -788.2481689 -237.5974121 5.4447327
v -788.3750610 -237.5974121 5.6577148
v -788.5191650 -237.5974121 5.8595276
v -788.6793823 -237.5974121 6.0487366
v -788.8547363 -237.5974121 6.2240601
v -789.0439453 -237.5974121 6.3843079
v -789.2457275 -237.5974121 6.5283813
v -789.4587402 -237.5974121 6.6553040
v -789.6814575 -237.5974121 6.7641907
v -789.9124756 -237.5974121 6.8543396
v -790.1500854 -237.5974121 6.9250793
v -790.3927612 -237.5974121 6.9759674
v -790.6388550 -237.5974121 7.0066376
v -790.6388550 -240.5974121 7.0066376
v -790.3927612 -240.5974121 6.9759674
v -790.1500854 -240.5974121 6.9250793
v -789.9124756 -240.5974121 6.8543396
v -789.6814575 -240.5974121 6.7641907
v -789.4587402 -240.5974121 6.6553040
v -789.2457275 -240.5974121 6.5283813
v -789.0439453 -240.5974121 6.3843079
v -788.8547363 -240.5974121 6.2240601
v -788.6793823 -240.5974121 6.0487366
v -788.5191650 -240.5974121 5.8595276
v -788.3750610 -240.5974121 5.6577148
v -788.2481689 -240.5974121 5.4447327
v -788.1392212 -240.5974121 5.2219696
v -788.0491333 -240.5974121 4.9909821
v -787.9783936 -240.5974121 4.7533264
v -787.9274902 -240.5974121 4.5106659
v -787.8967896 -240.5974121 4.2646179
v -787.8865967 -240.5974121 4.0168762
v -787.8865356 -237.5974121 -8.4831238
v -787.8865356 -240.5974121 -8.4831238
v -790.8865356 -237.5974121 -11.4831238
v -790.6388550 -237.5974121 -11.4728699
v -790.3927612 -237.5974121 -11.4421997
v -790.1500854 -237.5974121 -11.3913269
v -789.9124756 -237.5974121 -11.3205566
v -789.6814575 -237.5974121 -11.2304382
v -789.4587402 -237.5974121 -11.1215210
v -789.2457275 -237.5974121 -10.9946289
v -789.0439453 -237.5974121 -10.8505249
v -788.8547363 -237.5974121 -10.6903076
v -788.6793823 -237.5974121 -10.5149536
v -788.5191650 -237.5974121 -10.3257446
v -788.3750610 -237.5974121 -10.1239624
v -788.2481689 -237.5974121 -9.9109497
v -788.1392212 -237.5974121 -9.6882019
v -788.0491333 -237.5974121 -9.4572144
v -787.9783936 -237.5974121 -9.2195740
v -787.9274902 -237.5974121 -8.9768982
v -787.8967896 -237.5974121 -8.7308655
v -787.8967896 -240.5974121 -8.7308655
v -787.9274902 -240.5974121 -8.9768982
v -787.9783936 -240.5974121 -9.2195740
v -788.0491333 -240.5974121 -9.4572144
v -788.1392212 -240.5974121 -9.6882019
v -788.2481689 -240.5974121 -9.9109497
v -788.3750610 -240.5974121 -10.1239624
v -788.5191650 -240.5974121 -10.3257446
v -788.6793823 -240.5974121 -10.5149536
v -788.8547363 -240.5974121 -10.6903076
v -789.0439453 -240.5974121 -10.8505249
v -789.2457275 -240.5974121 -10.9946289
v -789.4587402 -240.5974121 -11.1215210
v -789.6814575 -240.5974121 -11.2304382
v -789.9124756 -240.5974121 -11.3205566
v -790.1500854 -240.5974121 -11.3913269
v -790.3927612 -240.5974121 -11.4421997
v -790.6388550 -240.5974121 -11.4728699
v -790.8865356 -240.5974121 -11.4831238
v -794.4365845 -223.7674103 -5.4831238
v -794.4365845 -227.7284088 -5.4831238
v -794.4365845 -227.7284088 -3.6831055
v -794.4365845 -223.7674103 -3.6831055
v -794.4478760 -227.7284088 -5.4831238
v -794.4478760 -227.7284088 -3.6831055
v -794.4365845 -228.0054474 -5.4831238
v -794.4461060 -228.2825470 -5.4831238
v -794.4763184 -228.5581512 -5.4831238
v -794.5270386 -228.8307343 -5.4831238
v -794.5980835 -229.0987396 -5.4831238
v -794.6890259 -229.3606873 -5.4831238
v -794.7992554 -229.6150665 -5.4831238
v -794.9282837 -229.8605042 -5.4831238
v -795.0753174 -230.0955658 -5.4831238
v -795.2395630 -230.3189697 -5.4831238
v -795.4200439 -230.5294495 -5.4831238
v -795.6157837 -230.7258148 -5.4831238
v -795.8256226 -230.9069824 -5.4831238
v -796.0485229 -231.0719299 -5.4831238
v -796.2831421 -231.2197113 -5.4831238
v -796.5281372 -231.3495026 -5.4831238
v -796.7821655 -231.4606018 -5.4831238
v -797.0438232 -231.5523529 -5.4831238
v -797.3115845 -231.6242676 -5.4831238
v -797.5839844 -231.6759033 -5.4831238
v -797.8594971 -231.7070160 -5.4831238
v -798.1365967 -231.7174072 -5.4831238
v -798.4136353 -231.7070160 -5.4831238
v -798.6891479 -231.6759033 -5.4831238
v -798.9616089 -231.6242676 -5.4831238
v -799.2293091 -231.5523529 -5.4831238
v -799.4910278 -231.4606018 -5.4831238
v -799.7450562 -231.3495026 -5.4831238
v -799.9900513 -231.2197113 -5.4831238
v -800.2246094 -231.0719299 -5.4831238
v -800.4475098 -230.9069824 -5.4831238
v -800.6574097 -230.7258148 -5.4831238
v -800.8530884 -230.5294495 -5.4831238
v -801.0336304 -230.3189697 -5.4831238
v -801.1978149 -230.0955658 -5.4831238
v -801.3448486 -229.8605042 -5.4831238
v -801.4738770 -229.6150665 -5.4831238
v -801.5841675 -229.3606873 -5.4831238
v -801.6750488 -229.0987396 -5.4831238
v -801.7460938 -228.8307343 -5.4831238
v -801.7968140 -228.5581512 -5.4831238
v -801.8270874 -228.2825470 -5.4831238
v -801.8365479 -228.0054474 -5.4831238
v -801.8252563 -227.7284088 -5.4831238
v -801.8252563 -227.7284088 -3.6831055
v -801.8365479 -228.0054474 -3.6831055
v -801.8270874 -228.2825470 -3.6831055
v -801.7968140 -228.5581512 -3.6831055
v -801.7460938 -228.8307343 -3.6831055
v -801.6750488 -229.0987396 -3.6831055
v -801.5841675 -229.3606873 -3.6831055
v -801.4738770 -229.6150665 -3.6831055
v -801.3448486 -229.8605042 -3.6831055
v -801.1978149 -230.0955658 -3.6831055
v -801.0336304 -230.3189697 -3.6831055
v -800.8530884 -230.5294495 -3.6831055
v -800.6574097 -230.7258148 -3.6831055
v -800.4475098 -230.9069824 -3.6831055
v -800.2246094 -231.0719299 -3.6831055
v -799.9900513 -231.2197113 -3.6831055
v -799.7450562 -231.3495026 -3.6831055
v -799.4910278 -231.4606018 -3.6831055
v -799.2293091 -231.5523529 -3.6831055
v -798.9616089 -231.6242676 -3.6831055
v -798.6891479 -231.6759033 -3.6831055
v -798.4136353 -231.7070160 -3.6831055
v -798.1365967 -231.7174072 -3.6831055
v -797.8594971 -231.7070160 -3.6831055
v -797.5839844 -231.6759033 -3.6831055
v -797.3115845 -231.6242676 -3.6831055
v -797.0438232 -231.5523529 -3.6831055
v -796.7821655 -231.4606018 -3.6831055
v -796.5281372 -231.3495026 -3.6831055
v -796.2831421 -231.2197113 -3.6831055
v -796.0485229 -231.0719299 -3.6831055
v -795.8256226 -230.9069824 -3.6831055
v -795.6157837 -230.7258148 -3.6831055
v -795.4200439 -230.5294495 -3.6831055
v -795.2395630 -230.3189697 -3.6831055
v -795.0753174 -230.0955658 -3.6831055
v -794.9282837 -229.8605042 -3.6831055
v -794.7992554 -229.6150665 -3.6831055
v -794.6890259 -229.3606873 -3.6831055
v -794.5980835 -229.0987396 -3.6831055
v -794.5270386 -228.8307343 -3.6831055
v -794.4763184 -228.5581512 -3.6831055
v -794.4461060 -228.2825470 -3.6831055
v -794.4365845 -228.0054474 -3.6831055
v -801.8366089 -227.7284088 -5.4831238
v -801.8366089 -227.7284088 -3.6831055
v -801.8366089 -223.7674103 -5.4831238
v -801.8366089 -223.7674103 -3.6831055
v -787.8865356 -223.7674103 -5.4831238
v -791.6865845 -223.7674103 -3.6831055
v -791.6865845 -223.7674103 -1.7831116
v -804.5866089 -223.7674103 -1.7831116
v -804.5866089 -223.7674103 -3.6831055
v -808.3865967 -223.7674103 -5.4831238
v -808.3865967 -223.7674103 -0.7831116
v -808.3763428 -223.7674103 -0.5353699
v -808.3456421 -223.7674103 -0.2893372
v -808.2947388 -223.7674103 -0.0466614
v -808.2240601 -223.7674103 0.1909790
v -808.1339111 -223.7674103 0.4219666
v -808.0249634 -223.7674103 0.6447144
v -807.8980713 -223.7674103 0.8577271
v -807.7539673 -223.7674103 1.0595093
v -807.5937500 -223.7674103 1.2487183
v -807.4183960 -223.7674103 1.4240417
v -807.2291870 -223.7674103 1.5842896
v -807.0274048 -223.7674103 1.7283936
v -806.8143921 -223.7674103 1.8552856
v -806.5916748 -223.7674103 1.9642029
v -806.3606567 -223.7674103 2.0543213
v -806.1230469 -223.7674103 2.1250916
v -805.8803711 -223.7674103 2.1759644
v -805.6343384 -223.7674103 2.2066345
v -805.3865967 -223.7674103 2.2168884
v -790.8865967 -223.7674103 2.2168884
v -790.6388550 -223.7674103 2.2066345
v -790.3927612 -223.7674103 2.1759644
v -790.1500854 -223.7674103 2.1250916
v -789.9124756 -223.7674103 2.0543213
v -789.6814575 -223.7674103 1.9642029
v -789.4587402 -223.7674103 1.8552856
v -789.2457275 -223.7674103 1.7283936
v -789.0439453 -223.7674103 1.5842896
v -788.8547363 -223.7674103 1.4240417
v -788.6793823 -223.7674103 1.2487183
v -788.5191650 -223.7674103 1.0595093
v -788.3750610 -223.7674103 0.8577271
v -788.2481689 -223.7674103 0.6447144
v -788.1392212 -223.7674103 0.4219666
v -788.0491333 -223.7674103 0.1909790
v -787.9783936 -223.7674103 -0.0466614
v -787.9274902 -223.7674103 -0.2893372
v -787.8967896 -223.7674103 -0.5353699
v -787.8865967 -223.7674103 -0.7831116
v -804.5866089 -227.7284088 -1.7831116
v -804.5866089 -227.7284088 -3.6831055
v -791.6865845 -227.7284088 -1.7831116
v -791.6930542 -227.7284088 -1.7831116
v -791.6870728 -228.0939484 -1.7831116
v -791.7017212 -228.4592438 -1.7831116
v -791.7371216 -228.8231201 -1.7831116
v -791.7930298 -229.1844025 -1.7831116
v -791.8693237 -229.5419464 -1.7831116
v -791.9657593 -229.8945923 -1.7831116
v -792.0820923 -230.2411957 -1.7831116
v -792.2177734 -230.5806580 -1.7831116
v -792.3724976 -230.9118958 -1.7831116
v -792.5457764 -231.2338257 -1.7831116
v -792.7369995 -231.5454102 -1.7831116
v -792.9455566 -231.8456726 -1.7831116
v -793.1707764 -232.1336365 -1.7831116
v -793.4119873 -232.4083862 -1.7831116
v -793.6683350 -232.6690216 -1.7831116
v -793.9390869 -232.9147034 -1.7831116
v -794.2233276 -233.1446533 -1.7831116
v -794.5200806 -233.3581390 -1.7831116
v -794.8284912 -233.5544739 -1.7831116
v -795.1475220 -233.7330017 -1.7831116
v -795.4761353 -233.8931732 -1.7831116
v -795.8133545 -234.0344696 -1.7831116
v -796.1580200 -234.1564331 -1.7831116
v -796.5089722 -234.2586823 -1.7831116
v -796.8652344 -234.3408661 -1.7831116
v -797.2255249 -234.4027405 -1.7831116
v -797.5888062 -234.4441071 -1.7831116
v -797.9537964 -234.4648132 -1.7831116
v -798.3193970 -234.4648132 -1.7831116
v -798.6843872 -234.4441071 -1.7831116
v -799.0476074 -234.4027405 -1.7831116
v -799.4078979 -234.3408661 -1.7831116
v -799.7641602 -234.2586823 -1.7831116
v -800.1151733 -234.1564331 -1.7831116
v -800.4598389 -234.0344696 -1.7831116
v -800.7969971 -233.8931732 -1.7831116
v -801.1256714 -233.7330017 -1.7831116
v -801.4446411 -233.5544739 -1.7831116
v -801.7531128 -233.3581390 -1.7831116
v -802.0498657 -233.1446533 -1.7831116
v -802.3340454 -232.9147034 -1.7831116
v -802.6047974 -232.6690216 -1.7831116
v -802.8611450 -232.4083862 -1.7831116
v -803.1023560 -232.1336365 -1.7831116
v -803.3275757 -231.8456726 -1.7831116
v -803.5361938 -231.5454102 -1.7831116
v -803.7273560 -231.2338257 -1.7831116
v -803.9006348 -230.9118958 -1.7831116
v -804.0553589 -230.5806580 -1.7831116
v -804.1911011 -230.2411957 -1.7831116
v -804.3073730 -229.8945923 -1.7831116
v -804.4038086 -229.5419464 -1.7831116
v -804.4801636 -229.1844025 -1.7831116
v -804.5360718 -228.8231201 -1.7831116
v -804.5714111 -228.4592438 -1.7831116
v -804.5861206 -228.0939484 -1.7831116
v -804.5801392 -227.7284088 -1.7831116
v -796.8865967 -228.0174103 -1.7831116
v -796.8968506 -227.8575592 -1.7831116
v -796.9274292 -227.7003479 -1.7831116
v -796.9779663 -227.5483246 -1.7831116
v -797.0474243 -227.4040070 -1.7831116
v -797.1348267 -227.2697754 -1.7831116
v -797.2386475 -227.1477966 -1.7831116
v -797.3572388 -227.0401154 -1.7831116
v -797.4885864 -226.9484863 -1.7831116
v -797.6306152 -226.8743896 -1.7831116
v -797.7809448 -226.8190765 -1.7831116
v -797.9370728 -226.7834320 -1.7831116
v -798.0964966 -226.7680511 -1.7831116
v -798.2565918 -226.7731781 -1.7831116
v -798.4147339 -226.7987518 -1.7831116
v -798.5682983 -226.8443298 -1.7831116
v -798.7147827 -226.9091644 -1.7831116
v -798.8517456 -226.9921875 -1.7831116
v -798.9769897 -227.0920563 -1.7831116
v -799.0883789 -227.2071228 -1.7831116
v -799.1842041 -227.3354950 -1.7831116
v -799.2627563 -227.4750519 -1.7831116
v -799.3229370 -227.6235199 -1.7831116
v -799.3635254 -227.7784576 -1.7831116
v -799.3839722 -227.9373169 -1.7831116
v -799.3839722 -228.0975037 -1.7831116
v -799.3635254 -228.2563629 -1.7831116
v -799.3229370 -228.4112854 -1.7831116
v -799.2627563 -228.5597687 -1.7831116
v -799.1842041 -228.6993256 -1.7831116
v -799.0883789 -228.8276978 -1.7831116
v -798.9769897 -228.9427490 -1.7831116
v -798.8517456 -229.0426178 -1.7831116
v -798.7147827 -229.1256561 -1.7831116
v -798.5682983 -229.1904907 -1.7831116
v -798.4147339 -229.2360687 -1.7831116
v -798.2565918 -229.2616272 -1.7831116
v -798.0964966 -229.2667694 -1.7831116
v -797.9370728 -229.2513885 -1.7831116
v -797.7809448 -229.2157440 -1.7831116
v -797.6306152 -229.1604309 -1.7831116
v -797.4885864 -229.0863342 -1.7831116
v -797.3572388 -228.9946899 -1.7831116
v -797.2386475 -228.8870087 -1.7831116
v -797.1348267 -228.7650452 -1.7831116
v -797.0474243 -228.6307983 -1.7831116
v -796.9779663 -228.4864960 -1.7831116
v -796.9274292 -228.3344727 -1.7831116
v -796.8968506 -228.1772461 -1.7831116
v -791.6865845 -227.7284088 -3.6831055
v -804.5801392 -227.7284088 -3.6831055
v -804.5861206 -228.0939484 -3.6831055
v -804.5714111 -228.4592438 -3.6831055
v -804.5360718 -228.8231201 -3.6831055
v -804.4801636 -229.1844025 -3.6831055
v -804.4038086 -229.5419464 -3.6831055
v -804.3073730 -229.8945923 -3.6831055
v -804.1911011 -230.2411957 -3.6831055
v -804.0553589 -230.5806580 -3.6831055
v -803.9006348 -230.9118958 -3.6831055
v -803.7273560 -231.2338257 -3.6831055
v -803.5361938 -231.5454102 -3.6831055
v -803.3275757 -231.8456726 -3.6831055
v -803.1023560 -232.1336365 -3.6831055
v -802.8611450 -232.4083862 -3.6831055
v -802.6047974 -232.6690216 -3.6831055
v -802.3340454 -232.9147034 -3.6831055
v -802.0498657 -233.1446533 -3.6831055
v -801.7531128 -233.3581390 -3.6831055
v -801.4446411 -233.5544739 -3.6831055
v -801.1256714 -233.7330017 -3.6831055
v -800.7969971 -233.8931732 -3.6831055
v -800.4598389 -234.0344696 -3.6831055
v -800.1151733 -234.1564331 -3.6831055
v -799.7641602 -234.2586823 -3.6831055
v -799.4078979 -234.3408661 -3.6831055
v -799.0476074 -234.4027405 -3.6831055
v -798.6843872 -234.4441071 -3.6831055
v -798.3193970 -234.4648132 -3.6831055
v -797.9537964 -234.4648132 -3.6831055
v -797.5888062 -234.4441071 -3.6831055
v -797.2255249 -234.4027405 -3.6831055
v -796.8652344 -234.3408661 -3.6831055
v -796.5089722 -234.2586823 -3.6831055
v -796.1580200 -234.1564331 -3.6831055
v -795.8133545 -234.0344696 -3.6831055
v -795.4761353 -233.8931732 -3.6831055
v -795.1475220 -233.7330017 -3.6831055
v -794.8284912 -233.5544739 -3.6831055
v -794.5200806 -233.3581390 -3.6831055
v -794.2233276 -233.1446533 -3.6831055
v -793.9390869 -232.9147034 -3.6831055
v -793.6683350 -232.6690216 -3.6831055
v -793.4119873 -232.4083862 -3.6831055
v -793.1707764 -232.1336365 -3.6831055
v -792.9455566 -231.8456726 -3.6831055
v -792.7369995 -231.5454102 -3.6831055
v -792.5457764 -231.2338257 -3.6831055
v -792.3724976 -230.9118958 -3.6831055
v -792.2177734 -230.5806580 -3.6831055
v -792.0820923 -230.2411957 -3.6831055
v -791.9657593 -229.8945923 -3.6831055
v -791.8693237 -229.5419464 -3.6831055
v -791.7930298 -229.1844025 -3.6831055
v -791.7371216 -228.8231201 -3.6831055
v -791.7017212 -228.4592438 -3.6831055
v -791.6870728 -228.0939484 -3.6831055
v -791.6930542 -227.7284088 -3.6831055
v -792.6185913 -232.5974121 -5.4831238
v -794.3506470 -232.5974121 -8.4831238
v -792.6185913 -232.5974121 -11.4831238
v -803.6545410 -232.5974121 -11.4831238
v -801.9224854 -232.5974121 -8.4831238
v -803.6545410 -232.5974121 -5.4831238
v -787.8865356 -235.5974121 -5.4831238
v -787.8865967 -230.7674103 -0.7831116
v -787.8865967 -230.7674103 4.0168762
v -787.8865967 -232.5974121 4.0168762
v -787.8865967 -232.5974121 1.0168762
v -787.8865967 -235.5974121 1.0168762
v -787.8865967 -235.5974121 4.0168762
v -787.8865967 -237.5974121 4.0168762
v -787.8865356 -237.5974121 -8.4831238
v -787.8865356 -235.5974121 -8.4831238
v -808.3865967 -230.7674103 -0.7831116
v -808.3763428 -230.7674103 -0.5353699
v -808.3456421 -230.7674103 -0.2893372
v -808.2947388 -230.7674103 -0.0466614
v -808.2240601 -230.7674103 0.1909790
v -808.1339111 -230.7674103 0.4219666
v -808.0249634 -230.7674103 0.6447144
v -807.8980713 -230.7674103 0.8577271
v -807.7539673 -230.7674103 1.0595093
v -807.5937500 -230.7674103 1.2487183
v -807.4183960 -230.7674103 1.4240417
v -807.2291870 -230.7674103 1.5842896
v -807.0274048 -230.7674103 1.7283936
v -806.8143921 -230.7674103 1.8552856
v -806.5916748 -230.7674103 1.9642029
v -806.3606567 -230.7674103 2.0543213
v -806.1230469 -230.7674103 2.1250916
v -805.8803711 -230.7674103 2.1759644
v -805.6343384 -230.7674103 2.2066345
v -805.3865967 -230.7674103 2.2168884
v -805.6343384 -227.2674103 2.2066345
v -805.8803711 -227.2674103 2.1759644
v -806.1230469 -227.2674103 2.1250916
v -806.3606567 -227.2674103 2.0543213
v -806.5916748 -227.2674103 1.9642029
v -806.8143921 -227.2674103 1.8552856
v -807.0274048 -227.2674103 1.7283936
v -807.2291870 -227.2674103 1.5842896
v -807.4183960 -227.2674103 1.4240417
v -807.5937500 -227.2674103 1.2487183
v -807.7539673 -227.2674103 1.0595093
v -807.8980713 -227.2674103 0.8577271
v -808.0249634 -227.2674103 0.6447144
v -808.1339111 -227.2674103 0.4219666
v -808.2240601 -227.2674103 0.1909790
v -808.2947388 -227.2674103 -0.0466614
v -808.3456421 -227.2674103 -0.2893372
v -808.3763428 -227.2674103 -0.5353699
v -799.3355103 -230.7674103 2.2168884
v -799.1056519 -230.8565979 2.2168884
v -798.8691406 -230.9265900 2.2168884
v -798.6277466 -230.9769287 2.2168884
v -798.3829956 -231.0072632 2.2168884
v -798.1365967 -231.0174103 2.2168884
v -797.8901978 -231.0072632 2.2168884
v -797.6454468 -230.9769287 2.2168884
v -797.4039917 -230.9265900 2.2168884
v -797.1675415 -230.8565979 2.2168884
v -796.9376221 -230.7674103 2.2168884
v -790.8865967 -230.7674103 2.2168884
v -796.8865967 -228.0174103 2.2168884
v -796.8968506 -228.1772461 2.2168884
v -796.9274292 -228.3344727 2.2168884
v -796.9779663 -228.4864960 2.2168884
v -797.0474243 -228.6307983 2.2168884
v -797.1348267 -228.7650452 2.2168884
v -797.2386475 -228.8870087 2.2168884
v -797.3572388 -228.9946899 2.2168884
v -797.4885864 -229.0863342 2.2168884
v -797.6306152 -229.1604309 2.2168884
v -797.7809448 -229.2157440 2.2168884
v -797.9370728 -229.2513885 2.2168884
v -798.0964966 -229.2667694 2.2168884
v -798.2565918 -229.2616272 2.2168884
v -798.4147339 -229.2360687 2.2168884
v -798.5682983 -229.1904907 2.2168884
v -798.7147827 -229.1256561 2.2168884
v -798.8517456 -229.0426178 2.2168884
v -798.9769897 -228.9427490 2.2168884
v -799.0883789 -228.8276978 2.2168884
v -799.1842041 -228.6993256 2.2168884
v -799.2627563 -228.5597687 2.2168884
v -799.3229370 -228.4112854 2.2168884
v -799.3635254 -228.2563629 2.2168884
v -799.3839722 -228.0975037 2.2168884
v -799.3839722 -227.9373169 2.2168884
v -799.3635254 -227.7784576 2.2168884
v -799.3229370 -227.6235199 2.2168884
v -799.2627563 -227.4750519 2.2168884
v -799.1842041 -227.3354950 2.2168884
v -799.0883789 -227.2071228 2.2168884
v -798.9769897 -227.0920563 2.2168884
v -798.8517456 -226.9921875 2.2168884
v -798.7147827 -226.9091644 2.2168884
v -798.5682983 -226.8443298 2.2168884
v -798.4147339 -226.7987518 2.2168884
v -798.2565918 -226.7731781 2.2168884
v -798.0964966 -226.7680511 2.2168884
v -797.9370728 -226.7834320 2.2168884
v -797.7809448 -226.8190765 2.2168884
v -797.6306152 -226.8743896 2.2168884
v -797.4885864 -226.9484863 2.2168884
v -797.3572388 -227.0401154 2.2168884
v -797.2386475 -227.1477966 2.2168884
v -797.1348267 -227.2697754 2.2168884
v -797.0474243 -227.4040070 2.2168884
v -796.9779663 -227.5483246 2.2168884
v -796.9274292 -227.7003479 2.2168884
v -796.8968506 -227.8575592 2.2168884
v -790.6388550 -230.7674103 2.2066345
v -790.3927612 -230.7674103 2.1759644
v -790.1500854 -230.7674103 2.1250916
v -789.9124756 -230.7674103 2.0543213
v -789.6814575 -230.7674103 1.9642029
v -789.4587402 -230.7674103 1.8552856
v -789.2457275 -230.7674103 1.7283936
v -789.0439453 -230.7674103 1.5842896
v -788.8547363 -230.7674103 1.4240417
v -788.6793823 -230.7674103 1.2487183
v -788.5191650 -230.7674103 1.0595093
v -788.3750610 -230.7674103 0.8577271
v -788.2481689 -230.7674103 0.6447144
v -788.1392212 -230.7674103 0.4219666
v -788.0491333 -230.7674103 0.1909790
v -787.9783936 -230.7674103 -0.0466614
v -787.9274902 -230.7674103 -0.2893372
v -787.8967896 -230.7674103 -0.5353699
v -787.8967896 -227.2674103 -0.5353699
v -787.9274902 -227.2674103 -0.2893372
v -787.9783936 -227.2674103 -0.0466614
v -788.0491333 -227.2674103 0.1909790
v -788.1392212 -227.2674103 0.4219666
v -788.2481689 -227.2674103 0.6447144
v -788.3750610 -227.2674103 0.8577271
v -788.5191650 -227.2674103 1.0595093
v -788.6793823 -227.2674103 1.2487183
v -788.8547363 -227.2674103 1.4240417
v -789.0439453 -227.2674103 1.5842896
v -789.2457275 -227.2674103 1.7283936
v -789.4587402 -227.2674103 1.8552856
v -789.6814575 -227.2674103 1.9642029
v -789.9124756 -227.2674103 2.0543213
v -790.1500854 -227.2674103 2.1250916
v -790.3927612 -227.2674103 2.1759644
v -790.6388550 -227.2674103 2.2066345
v -796.9376221 -230.7674103 7.0168762
v -799.3355103 -230.7674103 7.0168762
v -799.1056519 -230.8565979 7.0168762
v -798.8691406 -230.9265900 7.0168762
v -798.6277466 -230.9769287 7.0168762
v -798.3829956 -231.0072632 7.0168762
v -798.1365967 -231.0174103 7.0168762
v -797.8901978 -231.0072632 7.0168762
v -797.6454468 -230.9769287 7.0168762
v -797.4039917 -230.9265900 7.0168762
v -797.1675415 -230.8565979 7.0168762
v -805.3865967 -230.7674103 7.0168762
v -805.3865967 -232.5974121 7.0168762
v -803.6545410 -232.5974121 7.0168762
v -803.6545410 -235.5974121 7.0168762
v -805.3865967 -235.5974121 7.0168762
v -805.3865967 -237.5974121 7.0168762
v -790.8865967 -237.5974121 7.0168762
v -790.8865967 -235.5974121 7.0168762
v -792.6185913 -235.5974121 7.0168762
v -792.6185913 -232.5974121 7.0168762
v -790.8865967 -232.5974121 7.0168762
v -790.8865967 -230.7674103 7.0168762
v -808.3865967 -230.7674103 4.0168762
v -808.3763428 -230.7674103 4.2646179
v -808.3456421 -230.7674103 4.5106659
v -808.2947388 -230.7674103 4.7533264
v -808.2240601 -230.7674103 4.9909821
v -808.1339111 -230.7674103 5.2219696
v -808.0249634 -230.7674103 5.4447327
v -807.8980713 -230.7674103 5.6577148
v -807.7539673 -230.7674103 5.8595276
v -807.5937500 -230.7674103 6.0487366
v -807.4183960 -230.7674103 6.2240601
v -807.2291870 -230.7674103 6.3843079
v -807.0274048 -230.7674103 6.5283813
v -806.8143921 -230.7674103 6.6553040
v -806.5916748 -230.7674103 6.7641907
v -806.3606567 -230.7674103 6.8543396
v -806.1230469 -230.7674103 6.9250793
v -805.8803711 -230.7674103 6.9759674
v -805.6343384 -230.7674103 7.0066376
v -796.8865967 -228.0174103 0.2168884
v -796.8968506 -228.1772461 0.2168884
v -796.9274292 -228.3344727 0.2168884
v -796.9779663 -228.4864960 0.2168884
v -797.0474243 -228.6307983 0.2168884
v -797.1348267 -228.7650452 0.2168884
v -797.2386475 -228.8870087 0.2168884
v -797.3572388 -228.9946899 0.2168884
v -797.4885864 -229.0863342 0.2168884
v -797.6306152 -229.1604309 0.2168884
v -797.7809448 -229.2157440 0.2168884
v -797.9370728 -229.2513885 0.2168884
v -798.0964966 -229.2667694 0.2168884
v -798.2565918 -229.2616272 0.2168884
v -798.4147339 -229.2360687 0.2168884
v -798.5682983 -229.1904907 0.2168884
v -798.7147827 -229.1256561 0.2168884
v -798.8517456 -229.0426178 0.2168884
v -798.9769897 -228.9427490 0.2168884
v -799.0883789 -228.8276978 0.2168884
v -799.1842041 -228.6993256 0.2168884
v -799.2627563 -228.5597687 0.2168884
v -799.3229370 -228.4112854 0.2168884
v -799.3635254 -228.2563629 0.2168884
v -799.3839722 -228.0975037 0.2168884
v -799.3839722 -227.9373169 0.2168884
v -799.3635254 -227.7784576 0.2168884
v -799.3229370 -227.6235199 0.2168884
v -799.2627563 -227.4750519 0.2168884
v -799.1842041 -227.3354950 0.2168884
v -799.0883789 -227.2071228 0.2168884
v -798.9769897 -227.0920563 0.2168884
v -798.8517456 -226.9921875 0.2168884
v -798.7147827 -226.9091644 0.2168884
v -798.5682983 -226.8443298 0.2168884
v -798.4147339 -226.7987518 0.2168884
v -798.2565918 -226.7731781 0.2168884
v -798.0964966 -226.7680511 0.2168884
v -797.9370728 -226.7834320 0.2168884
v -797.7809448 -226.8190765 0.2168884
v -797.6306152 -226.8743896 0.2168884
v -797.4885864 -226.9484863 0.2168884
v -797.3572388 -227.0401154 0.2168884
v -797.2386475 -227.1477966 0.2168884
v -797.1348267 -227.2697754 0.2168884
v -797.0474243 -227.4040070 0.2168884
v -796.9779663 -227.5483246 0.2168884
v -796.9274292 -227.7003479 0.2168884
v -796.8968506 -227.8575592 0.2168884
v -790.6388550 -230.7674103 7.0066376
v -790.3927612 -230.7674103 6.9759674
v -790.1500854 -230.7674103 6.9250793
v -789.9124756 -230.7674103 6.8543396
v -789.6814575 -230.7674103 6.7641907
v -789.4587402 -230.7674103 6.6553040
v -789.2457275 -230.7674103 6.5283813
v -789.0439453 -230.7674103 6.3843079
v -788.8547363 -230.7674103 6.2240601
v -788.6793823 -230.7674103 6.0487366
v -788.5191650 -230.7674103 5.8595276
v -788.3750610 -230.7674103 5.6577148
v -788.2481689 -230.7674103 5.4447327
v -788.1392212 -230.7674103 5.2219696
v -788.0491333 -230.7674103 4.9909821
v -787.9783936 -230.7674103 4.7533264
v -787.9274902 -230.7674103 4.5106659
v -787.8967896 -230.7674103 4.2646179
v -790.6388550 -232.5974121 7.0066376
v -790.3927612 -232.5974121 6.9759674
v -790.1500854 -232.5974121 6.9250793
v -789.9124756 -232.5974121 6.8543396
v -789.6814575 -232.5974121 6.7641907
v -789.4587402 -232.5974121 6.6553040
v -789.2457275 -232.5974121 6.5283813
v -789.0439453 -232.5974121 6.3843079
v -788.8547363 -232.5974121 6.2240601
v -788.6793823 -232.5974121 6.0487366
v -788.5191650 -232.5974121 5.8595276
v -788.3750610 -232.5974121 5.6577148
v -788.2481689 -232.5974121 5.4447327
v -788.1392212 -232.5974121 5.2219696
v -788.0491333 -232.5974121 4.9909821
v -787.9783936 -232.5974121 4.7533264
v -787.9274902 -232.5974121 4.5106659
v -787.8967896 -232.5974121 4.2646179
v -808.3865967 -232.5974121 4.0168762
v -808.3763428 -232.5974121 4.2646179
v -808.3456421 -232.5974121 4.5106659
v -808.2947388 -232.5974121 4.7533264
v -808.2240601 -232.5974121 4.9909821
v -808.1339111 -232.5974121 5.2219696
v -808.0249634 -232.5974121 5.4447327
v -807.8980713 -232.5974121 5.6577148
v -807.7539673 -232.5974121 5.8595276
v -807.5937500 -232.5974121 6.0487366
v -807.4183960 -232.5974121 6.2240601
v -807.2291870 -232.5974121 6.3843079
v -807.0274048 -232.5974121 6.5283813
v -806.8143921 -232.5974121 6.6553040
v -806.5916748 -232.5974121 6.7641907
v -806.3606567 -232.5974121 6.8543396
v -806.1230469 -232.5974121 6.9250793
v -805.8803711 -232.5974121 6.9759674
v -805.6343384 -232.5974121 7.0066376
v -808.3865967 -235.5974121 -5.4831238
v -808.3865967 -235.5974121 -8.4831238
v -808.3865967 -237.5974121 -8.4831238
v -808.3865967 -237.5974121 4.0168762
v -808.3865967 -235.5974121 4.0168762
v -808.3865967 -235.5974121 1.0168762
v -808.3865967 -232.5974121 1.0168762
v -792.6185913 -235.5974121 -11.4831238
v -790.8865356 -235.5974121 -11.4831238
v -790.8865356 -237.5974121 -11.4831238
v -805.3865967 -237.5974121 -11.4831238
v -805.3865967 -235.5974121 -11.4831238
v -803.6545410 -235.5974121 -11.4831238
v -803.7865601 -235.5974121 4.0168762
v -803.7969971 -235.5974121 3.8345032
v -803.8281860 -235.5974121 3.6544800
v -803.8796387 -235.5974121 3.4791870
v -803.9507446 -235.5974121 3.3109131
v -804.0405884 -235.5974121 3.1518555
v -804.1479492 -235.5974121 3.0040588
v -804.2714844 -235.5974121 2.8694763
v -804.4095459 -235.5974121 2.7498474
v -804.5603638 -235.5974121 2.6467285
v -804.7219238 -235.5974121 2.5614624
v -804.8921509 -235.5974121 2.4951782
v -805.0688477 -235.5974121 2.4487305
v -805.2496948 -235.5974121 2.4227600
v -805.4322510 -235.5974121 2.4175415
v -805.6143188 -235.5974121 2.4331665
v -805.7933350 -235.5974121 2.4694519
v -805.9671021 -235.5974121 2.5259094
v -806.1332397 -235.5974121 2.6018066
v -806.2896729 -235.5974121 2.6961365
v -806.4343872 -235.5974121 2.8076782
v -806.5653687 -235.5974121 2.9349976
v -806.6809692 -235.5974121 3.0764160
v -806.7797852 -235.5974121 3.2301025
v -806.8604126 -235.5974121 3.3940430
v -806.9217529 -235.5974121 3.5661011
v -806.9631348 -235.5974121 3.7440491
v -806.9839478 -235.5974121 3.9255371
v -806.9839478 -235.5974121 4.1082153
v -806.9631348 -235.5974121 4.2897186
v -806.9217529 -235.5974121 4.4676514
v -806.8604126 -235.5974121 4.6397095
v -806.7797852 -235.5974121 4.8036499
v -806.6809692 -235.5974121 4.9573364
v -806.5653687 -235.5974121 5.0987549
v -806.4343872 -235.5974121 5.2260742
v -806.2896729 -235.5974121 5.3376465
v -806.1332397 -235.5974121 5.4319763
v -805.9671021 -235.5974121 5.5078735
v -805.7933350 -235.5974121 5.5643158
v -805.6143188 -235.5974121 5.6005859
v -805.4322510 -235.5974121 5.6162262
v -805.2496948 -235.5974121 5.6110229
v -805.0688477 -235.5974121 5.5850220
v -804.8921509 -235.5974121 5.5385742
v -804.7219238 -235.5974121 5.4722900
v -804.5603638 -235.5974121 5.3870392
v -804.4095459 -235.5974121 5.2839355
v -804.2714844 -235.5974121 5.1642914
v -804.1479492 -235.5974121 5.0296936
v -804.0405884 -235.5974121 4.8818970
v -803.9507446 -235.5974121 4.7228394
v -803.8796387 -235.5974121 4.5545654
v -803.8281860 -235.5974121 4.3792725
v -803.7969971 -235.5974121 4.1992645
v -803.7865601 -237.5974121 4.0168762
v -803.7969971 -237.5974121 4.1992645
v -803.8281860 -237.5974121 4.3792725
v -803.8796387 -237.5974121 4.5545654
v -803.9507446 -237.5974121 4.7228394
v -804.0405884 -237.5974121 4.8818970
v -804.1479492 -237.5974121 5.0296936
v -804.2714844 -237.5974121 5.1642914
v -804.4095459 -237.5974121 5.2839355
v -804.5603638 -237.5974121 5.3870392
v -804.7219238 -237.5974121 5.4722900
v -804.8921509 -237.5974121 5.5385742
v -805.0688477 -237.5974121 5.5850220
v -805.2496948 -237.5974121 5.6110229
v -805.4322510 -237.5974121 5.6162262
v -805.6143188 -237.5974121 5.6005859
v -805.7933350 -237.5974121 5.5643158
v -805.9671021 -237.5974121 5.5078735
v -806.1332397 -237.5974121 5.4319763
v -806.2896729 -237.5974121 5.3376465
v -806.4343872 -237.5974121 5.2260742
v -806.5653687 -237.5974121 5.0987549
v -806.6809692 -237.5974121 4.9573364
v -806.7797852 -237.5974121 4.8036499
v -806.8604126 -237.5974121 4.6397095
v -806.9217529 -237.5974121 4.4676514
v -806.9631348 -237.5974121 4.2897186
v -806.9839478 -237.5974121 4.1082153
v -806.9839478 -237.5974121 3.9255371
v -806.9631348 -237.5974121 3.7440491
v -806.9217529 -237.5974121 3.5661011
v -806.8604126 -237.5974121 3.3940430
v -806.7797852 -237.5974121 3.2301025
v -806.6809692 -237.5974121 3.0764160
v -806.5653687 -237.5974121 2.9349976
v -806.4343872 -237.5974121 2.8076782
v -806.2896729 -237.5974121 2.6961365
v -806.1332397 -237.5974121 2.6018066
v -805.9671021 -237.5974121 2.5259094
v -805.7933350 -237.5974121 2.4694519
v -805.6143188 -237.5974121 2.4331665
v -805.4322510 -237.5974121 2.4175415
v -805.2496948 -237.5974121 2.4227600
v -805.0688477 -237.5974121 2.4487305
v -804.8921509 -237.5974121 2.4951782
v -804.7219238 -237.5974121 2.5614624
v -804.5603638 -237.5974121 2.6467285
v -804.4095459 -237.5974121 2.7498474
v -804.2714844 -237.5974121 2.8694763
v -804.1479492 -237.5974121 3.0040588
v -804.0405884 -237.5974121 3.1518555
v -803.9507446 -237.5974121 3.3109131
v -803.8796387 -237.5974121 3.4791870
v -803.8281860 -237.5974121 3.6544800
v -803.7969971 -237.5974121 3.8345032
v -789.2865601 -235.5974121 4.0168762
v -789.2969971 -235.5974121 3.8345032
v -789.3281860 -235.5974121 3.6544800
v -789.3796387 -235.5974121 3.4791870
v -789.4507446 -235.5974121 3.3109131
v -789.5405884 -235.5974121 3.1518555
v -789.6479492 -235.5974121 3.0040588
v -789.7714844 -235.5974121 2.8694763
v -789.9095459 -235.5974121 2.7498474
v -790.0603638 -235.5974121 2.6467285
v -790.2219238 -235.5974121 2.5614624
v -790.3921509 -235.5974121 2.4951782
v -790.5688477 -235.5974121 2.4487305
v -790.7496948 -235.5974121 2.4227600
v -790.9322510 -235.5974121 2.4175415
v -791.1143188 -235.5974121 2.4331665
v -791.2933350 -235.5974121 2.4694519
v -791.4671021 -235.5974121 2.5259094
v -791.6332397 -235.5974121 2.6018066
v -791.7896729 -235.5974121 2.6961365
v -791.9343872 -235.5974121 2.8076782
v -792.0653687 -235.5974121 2.9349976
v -792.1809692 -235.5974121 3.0764160
v -792.2797852 -235.5974121 3.2301025
v -792.3604126 -235.5974121 3.3940430
v -792.4217529 -235.5974121 3.5661011
v -792.4631348 -235.5974121 3.7440491
v -792.4839478 -235.5974121 3.9255371
v -792.4839478 -235.5974121 4.1082153
v -792.4631348 -235.5974121 4.2897186
v -792.4217529 -235.5974121 4.4676514
v -792.3604126 -235.5974121 4.6397095
v -792.2797852 -235.5974121 4.8036499
v -792.1809692 -235.5974121 4.9573364
v -792.0653687 -235.5974121 5.0987549
v -791.9343872 -235.5974121 5.2260742
v -791.7896729 -235.5974121 5.3376465
v -791.6332397 -235.5974121 5.4319763
v -791.4671021 -235.5974121 5.5078735
v -791.2933350 -235.5974121 5.5643158
v -791.1143188 -235.5974121 5.6005859
v -790.9322510 -235.5974121 5.6162262
v -790.7496948 -235.5974121 5.6110229
v -790.5688477 -235.5974121 5.5850220
v -790.3921509 -235.5974121 5.5385742
v -790.2219238 -235.5974121 5.4722900
v -790.0603638 -235.5974121 5.3870392
v -789.9095459 -235.5974121 5.2839355
v -789.7714844 -235.5974121 5.1642914
v -789.6479492 -235.5974121 5.0296936
v -789.5405884 -235.5974121 4.8818970
v -789.4507446 -235.5974121 4.7228394
v -789.3796387 -235.5974121 4.5545654
v -789.3281860 -235.5974121 4.3792725
v -789.2969971 -235.5974121 4.1992645
v -789.2865601 -237.5974121 4.0168762
v -789.2969971 -237.5974121 4.1992645
v -789.3281860 -237.5974121 4.3792725
v -789.3796387 -237.5974121 4.5545654
v -789.4507446 -237.5974121 4.7228394
v -789.5405884 -237.5974121 4.8818970
v -789.6479492 -237.5974121 5.0296936
v -789.7714844 -237.5974121 5.1642914
v -789.9095459 -237.5974121 5.2839355
v -790.0603638 -237.5974121 5.3870392
v -790.2219238 -237.5974121 5.4722900
v -790.3921509 -237.5974121 5.5385742
v -790.5688477 -237.5974121 5.5850220
v -790.7496948 -237.5974121 5.6110229
v -790.9322510 -237.5974121 5.6162262
v -791.1143188 -237.5974121 5.6005859
v -791.2933350 -237.5974121 5.5643158
v -791.4671021 -237.5974121 5.5078735
v -791.6332397 -237.5974121 5.4319763
v -791.7896729 -237.5974121 5.3376465
v -791.9343872 -237.5974121 5.2260742
v -792.0653687 -237.5974121 5.0987549
v -792.1809692 -237.5974121 4.9573364
v -792.2797852 -237.5974121 4.8036499
v -792.3604126 -237.5974121 4.6397095
v -792.4217529 -237.5974121 4.4676514
v -792.4631348 -237.5974121 4.2897186
v -792.4839478 -237.5974121 4.1082153
v -792.4839478 -237.5974121 3.9255371
v -792.4631348 -237.5974121 3.7440491
v -792.4217529 -237.5974121 3.5661011
v -792.3604126 -237.5974121 3.3940430
v -792.2797852 -237.5974121 3.2301025
v -792.1809692 -237.5974121 3.0764160
v -792.0653687 -237.5974121 2.9349976
v -791.9343872 -237.5974121 2.8076782
v -791.7896729 -237.5974121 2.6961365
v -791.6332397 -237.5974121 2.6018066
v -791.4671021 -237.5974121 2.5259094
v -791.2933350 -237.5974121 2.4694519
v -791.1143188 -237.5974121 2.4331665
v -790.9322510 -237.5974121 2.4175415
v -790.7496948 -237.5974121 2.4227600
v -790.5688477 -237.5974121 2.4487305
v -790.3921509 -237.5974121 2.4951782
v -790.2219238 -237.5974121 2.5614624
v -790.0603638 -237.5974121 2.6467285
v -789.9095459 -237.5974121 2.7498474
v -789.7714844 -237.5974121 2.8694763
v -789.6479492 -237.5974121 3.0040588
v -789.5405884 -237.5974121 3.1518555
v -789.4507446 -237.5974121 3.3109131
v -789.3796387 -237.5974121 3.4791870
v -789.3281860 -237.5974121 3.6544800
v -789.2969971 -237.5974121 3.8345032
v -803.7865601 -235.5974121 -8.9049377
v -803.7969971 -235.5974121 -9.0873413
v -803.8281860 -235.5974121 -9.2673340
v -803.8796387 -235.5974121 -9.4426270
v -803.9507446 -235.5974121 -9.6109009
v -804.0405884 -235.5974121 -9.7699585
v -804.1479492 -235.5974121 -9.9177551
v -804.2714844 -235.5974121 -10.0523682
v -804.4095459 -235.5974121 -10.1719971
v -804.5603638 -235.5974121 -10.2750854
v -804.7219238 -235.5974121 -10.3603516
v -804.8921509 -235.5974121 -10.4266357
v -805.0688477 -235.5974121 -10.4730835
v -805.2496948 -235.5974121 -10.4990845
v -805.4322510 -235.5974121 -10.5042725
v -805.6143188 -235.5974121 -10.4886475
v -805.7933350 -235.5974121 -10.4523926
v -805.9671021 -235.5974121 -10.3959351
v -806.1332397 -235.5974121 -10.3200378
v -806.2896729 -235.5974121 -10.2257080
v -806.4343872 -235.5974121 -10.1141357
v -806.5653687 -235.5974121 -9.9868164
v -806.6809692 -235.5974121 -9.8453979
v -806.7797852 -235.5974121 -9.6917114
v -806.8604126 -235.5974121 -9.5277710
v -806.9217529 -235.5974121 -9.3557129
v -806.9631348 -235.5974121 -9.1777954
v -806.9839478 -235.5974121 -8.9962769
v -806.9839478 -235.5974121 -8.8135986
v -806.9631348 -235.5974121 -8.6321106
v -806.9217529 -235.5974121 -8.4541626
v -806.8604126 -235.5974121 -8.2821045
v -806.7797852 -235.5974121 -8.1181641
v -806.6809692 -235.5974121 -7.9644775
v -806.5653687 -235.5974121 -7.8230591
v -806.4343872 -235.5974121 -7.6957397
v -806.2896729 -235.5974121 -7.5841980
v -806.1332397 -235.5974121 -7.4898682
v -805.9671021 -235.5974121 -7.4139709
v -805.7933350 -235.5974121 -7.3575134
v -805.6143188 -235.5974121 -7.3212280
v -805.4322510 -235.5974121 -7.3056030
v -805.2496948 -235.5974121 -7.3108215
v -805.0688477 -235.5974121 -7.3367920
v -804.8921509 -235.5974121 -7.3832397
v -804.7219238 -235.5974121 -7.4495239
v -804.5603638 -235.5974121 -7.5347900
v -804.4095459 -235.5974121 -7.6379089
v -804.2714844 -235.5974121 -7.7575378
v -804.1479492 -235.5974121 -7.8921204
v -804.0405884 -235.5974121 -8.0399170
v -803.9507446 -235.5974121 -8.1989746
v -803.8796387 -235.5974121 -8.3672485
v -803.8281860 -235.5974121 -8.5425415
v -803.7969971 -235.5974121 -8.7225647
v -803.7865601 -237.5974121 -8.9049377
v -803.7969971 -237.5974121 -8.7225647
v -803.8281860 -237.5974121 -8.5425415
v -803.8796387 -237.5974121 -8.3672485
v -803.9507446 -237.5974121 -8.1989746
v -804.0405884 -237.5974121 -8.0399170
v -804.1479492 -237.5974121 -7.8921204
v -804.2714844 -237.5974121 -7.7575378
v -804.4095459 -237.5974121 -7.6379089
v -804.5603638 -237.5974121 -7.5347900
v -804.7219238 -237.5974121 -7.4495239
v -804.8921509 -237.5974121 -7.3832397
v -805.0688477 -237.5974121 -7.3367920
v -805.2496948 -237.5974121 -7.3108215
v -805.4322510 -237.5974121 -7.3056030
v -805.6143188 -237.5974121 -7.3212280
v -805.7933350 -237.5974121 -7.3575134
v -805.9671021 -237.5974121 -7.4139709
v -806.1332397 -237.5974121 -7.4898682
v -806.2896729 -237.5974121 -7.5841980
v -806.4343872 -237.5974121 -7.6957397
v -806.5653687 -237.5974121 -7.8230591
v -806.6809692 -237.5974121 -7.9644775
v -806.7797852 -237.5974121 -8.1181641
v -806.8604126 -237.5974121 -8.2821045
v -806.9217529 -237.5974121 -8.4541626
v -806.9631348 -237.5974121 -8.6321106
v -806.9839478 -237.5974121 -8.8135986
v -806.9839478 -237.5974121 -8.9962769
v -806.9631348 -237.5974121 -9.1777954
v -806.9217529 -237.5974121 -9.3557129
v -806.8604126 -237.5974121 -9.5277710
v -806.7797852 -237.5974121 -9.6917114
v -806.6809692 -237.5974121 -9.8453979
v -806.5653687 -237.5974121 -9.9868164
v -806.4343872 -237.5974121 -10.1141357
v -806.2896729 -237.5974121 -10.2257080
v -806.1332397 -237.5974121 -10.3200378
v -805.9671021 -237.5974121 -10.3959351
v -805.7933350 -237.5974121 -10.4523926
v -805.6143188 -237.5974121 -10.4886475
v -805.4322510 -237.5974121 -10.5042725
v -805.2496948 -237.5974121 -10.4990845
v -805.0688477 -237.5974121 -10.4730835
v -804.8921509 -237.5974121 -10.4266357
v -804.7219238 -237.5974121 -10.3603516
v -804.5603638 -237.5974121 -10.2750854
v -804.4095459 -237.5974121 -10.1719971
v -804.2714844 -237.5974121 -10.0523682
v -804.1479492 -237.5974121 -9.9177551
v -804.0405884 -237.5974121 -9.7699585
v -803.9507446 -237.5974121 -9.6109009
v -803.8796387 -237.5974121 -9.4426270
v -803.8281860 -237.5974121 -9.2673340
v -803.7969971 -237.5974121 -9.0873413
v -789.2865601 -235.5974121 -8.9049377
v -789.2969971 -235.5974121 -9.0873413
v -789.3281860 -235.5974121 -9.2673340
v -789.3796387 -235.5974121 -9.4426270
v -789.4507446 -235.5974121 -9.6109009
v -789.5405884 -235.5974121 -9.7699585
v -789.6479492 -235.5974121 -9.9177551
v -789.7714844 -235.5974121 -10.0523682
v -789.9095459 -235.5974121 -10.1719971
v -790.0603638 -235.5974121 -10.2750854
v -790.2219238 -235.5974121 -10.3603516
v -790.3921509 -235.5974121 -10.4266357
v -790.5688477 -235.5974121 -10.4730835
v -790.7496948 -235.5974121 -10.4990845
v -790.9322510 -235.5974121 -10.5042725
v -791.1143188 -235.5974121 -10.4886475
v -791.2933350 -235.5974121 -10.4523926
v -791.4671021 -235.5974121 -10.3959351
v -791.6332397 -235.5974121 -10.3200378
v -791.7896729 -235.5974121 -10.2257080
v -791.9343872 -235.5974121 -10.1141357
v -792.0653687 -235.5974121 -9.9868164
v -792.1809692 -235.5974121 -9.8453979
v -792.2797852 -235.5974121 -9.6917114
v -792.3604126 -235.5974121 -9.5277710
v -792.4217529 -235.5974121 -9.3557129
v -792.4631348 -235.5974121 -9.1777954
v -792.4839478 -235.5974121 -8.9962769
v -792.4839478 -235.5974121 -8.8135986
v -792.4631348 -235.5974121 -8.6321106
v -792.4217529 -235.5974121 -8.4541626
v -792.3604126 -235.5974121 -8.2821045
v -792.2797852 -235.5974121 -8.1181641
v -792.1809692 -235.5974121 -7.9644775
v -792.0653687 -235.5974121 -7.8230591
v -791.9343872 -235.5974121 -7.6957397
v -791.7896729 -235.5974121 -7.5841980
v -791.6332397 -235.5974121 -7.4898682
v -791.4671021 -235.5974121 -7.4139709
v -791.2933350 -235.5974121 -7.3575134
v -791.1143188 -235.5974121 -7.3212280
v -790.9322510 -235.5974121 -7.3056030
v -790.7496948 -235.5974121 -7.3108215
v -790.5688477 -235.5974121 -7.3367920
v -790.3921509 -235.5974121 -7.3832397
v -790.2219238 -235.5974121 -7.4495239
v -790.0603638 -235.5974121 -7.5347900
v -789.9095459 -235.5974121 -7.6379089
v -789.7714844 -235.5974121 -7.7575378
v -789.6479492 -235.5974121 -7.8921204
v -789.5405884 -235.5974121 -8.0399170
v -789.4507446 -235.5974121 -8.1989746
v -789.3796387 -235.5974121 -8.3672485
v -789.3281860 -235.5974121 -8.5425415
v -789.2969971 -235.5974121 -8.7225647
v -789.2865601 -237.5974121 -8.9049377
v -789.2969971 -237.5974121 -8.7225647
v -789.3281860 -237.5974121 -8.5425415
v -789.3796387 -237.5974121 -8.3672485
v -789.4507446 -237.5974121 -8.1989746
v -789.5405884 -237.5974121 -8.0399170
v -789.6479492 -237.5974121 -7.8921204
v -789.7714844 -237.5974121 -7.7575378
v -789.9095459 -237.5974121 -7.6379089
v -790.0603638 -237.5974121 -7.5347900
v -790.2219238 -237.5974121 -7.4495239
v -790.3921509 -237.5974121 -7.3832397
v -790.5688477 -237.5974121 -7.3367920
v -790.7496948 -237.5974121 -7.3108215
v -790.9322510 -237.5974121 -7.3056030
v -791.1143188 -237.5974121 -7.3212280
v -791.2933350 -237.5974121 -7.3575134
v -791.4671021 -237.5974121 -7.4139709
v -791.6332397 -237.5974121 -7.4898682
v -791.7896729 -237.5974121 -7.5841980
v -791.9343872 -237.5974121 -7.6957397
v -792.0653687 -237.5974121 -7.8230591
v -792.1809692 -237.5974121 -7.9644775
v -792.2797852 -237.5974121 -8.1181641
v -792.3604126 -237.5974121 -8.2821045
v -792.4217529 -237.5974121 -8.4541626
v -792.4631348 -237.5974121 -8.6321106
v -792.4839478 -237.5974121 -8.8135986
v -792.4839478 -237.5974121 -8.9962769
v -792.4631348 -237.5974121 -9.1777954
v -792.4217529 -237.5974121 -9.3557129
v -792.3604126 -237.5974121 -9.5277710
v -792.2797852 -237.5974121 -9.6917114
v -792.1809692 -237.5974121 -9.8453979
v -792.0653687 -237.5974121 -9.9868164
v -791.9343872 -237.5974121 -10.1141357
v -791.7896729 -237.5974121 -10.2257080
v -791.6332397 -237.5974121 -10.3200378
v -791.4671021 -237.5974121 -10.3959351
v -791.2933350 -237.5974121 -10.4523926
v -791.1143188 -237.5974121 -10.4886475
v -790.9322510 -237.5974121 -10.5042725
v -790.7496948 -237.5974121 -10.4990845
v -790.5688477 -237.5974121 -10.4730835
v -790.3921509 -237.5974121 -10.4266357
v -790.2219238 -237.5974121 -10.3603516
v -790.0603638 -237.5974121 -10.2750854
v -789.9095459 -237.5974121 -10.1719971
v -789.7714844 -237.5974121 -10.0523682
v -789.6479492 -237.5974121 -9.9177551
v -789.5405884 -237.5974121 -9.7699585
v -789.4507446 -237.5974121 -9.6109009
v -789.3796387 -237.5974121 -9.4426270
v -789.3281860 -237.5974121 -9.2673340
v -789.2969971 -237.5974121 -9.0873413
v -794.3506470 -235.5974121 4.0168762
v -794.3506470 -232.5974121 4.0168762
v -792.6185913 -235.5974121 1.0168762
v -792.6185913 -232.5974121 1.0168762
v -790.6388550 -235.5974121 7.0066376
v -790.3927612 -235.5974121 6.9759674
v -790.1500854 -235.5974121 6.9250793
v -789.9124756 -235.5974121 6.8543396
v -789.6814575 -235.5974121 6.7641907
v -789.4587402 -235.5974121 6.6553040
v -789.2457275 -235.5974121 6.5283813
v -789.0439453 -235.5974121 6.3843079
v -788.8547363 -235.5974121 6.2240601
v -788.6793823 -235.5974121 6.0487366
v -788.5191650 -235.5974121 5.8595276
v -788.3750610 -235.5974121 5.6577148
v -788.2481689 -235.5974121 5.4447327
v -788.1392212 -235.5974121 5.2219696
v -788.0491333 -235.5974121 4.9909821
v -787.9783936 -235.5974121 4.7533264
v -787.9274902 -235.5974121 4.5106659
v -787.8967896 -235.5974121 4.2646179
v -801.9224854 -235.5974121 -8.4831238
v -803.6545410 -235.5974121 -5.4831238
v -805.6343384 -235.5974121 -11.4728699
v -805.8803711 -235.5974121 -11.4421997
v -806.1230469 -235.5974121 -11.3913269
v -806.3606567 -235.5974121 -11.3205566
v -806.5916748 -235.5974121 -11.2304382
v -806.8143921 -235.5974121 -11.1215210
v -807.0274048 -235.5974121 -10.9946289
v -807.2291870 -235.5974121 -10.8505249
v -807.4183960 -235.5974121 -10.6903076
v -807.5937500 -235.5974121 -10.5149536
v -807.7539673 -235.5974121 -10.3257446
v -807.8980713 -235.5974121 -10.1239624
v -808.0249634 -235.5974121 -9.9109497
v -808.1339111 -235.5974121 -9.6882019
v -808.2240601 -235.5974121 -9.4572144
v -808.2947388 -235.5974121 -9.2195740
v -808.3456421 -235.5974121 -8.9768982
v -808.3763428 -235.5974121 -8.7308655
v -792.6185913 -235.5974121 -5.4831238
v -794.3506470 -235.5974121 -8.4831238
v -787.8967896 -235.5974121 -8.7308655
v -787.9274902 -235.5974121 -8.9768982
v -787.9783936 -235.5974121 -9.2195740
v -788.0491333 -235.5974121 -9.4572144
v -788.1392212 -235.5974121 -9.6882019
v -788.2481689 -235.5974121 -9.9109497
v -788.3750610 -235.5974121 -10.1239624
v -788.5191650 -235.5974121 -10.3257446
v -788.6793823 -235.5974121 -10.5149536
v -788.8547363 -235.5974121 -10.6903076
v -789.0439453 -235.5974121 -10.8505249
v -789.2457275 -235.5974121 -10.9946289
v -789.4587402 -235.5974121 -11.1215210
v -789.6814575 -235.5974121 -11.2304382
v -789.9124756 -235.5974121 -11.3205566
v -790.1500854 -235.5974121 -11.3913269
v -790.3927612 -235.5974121 -11.4421997
v -790.6388550 -235.5974121 -11.4728699
v -803.6545410 -235.5974121 1.0168762
v -803.6545410 -232.5974121 1.0168762
v -801.9224854 -235.5974121 4.0168762
v -801.9224854 -232.5974121 4.0168762
v -808.3763428 -235.5974121 4.2646179
v -808.3456421 -235.5974121 4.5106659
v -808.2947388 -235.5974121 4.7533264
v -808.2240601 -235.5974121 4.9909821
v -808.1339111 -235.5974121 5.2219696
v -808.0249634 -235.5974121 5.4447327
v -807.8980713 -235.5974121 5.6577148
v -807.7539673 -235.5974121 5.8595276
v -807.5937500 -235.5974121 6.0487366
v -807.4183960 -235.5974121 6.2240601
v -807.2291870 -235.5974121 6.3843079
v -807.0274048 -235.5974121 6.5283813
v -806.8143921 -235.5974121 6.6553040
v -806.5916748 -235.5974121 6.7641907
v -806.3606567 -235.5974121 6.8543396
v -806.1230469 -235.5974121 6.9250793
v -805.8803711 -235.5974121 6.9759674
v -805.6343384 -235.5974121 7.0066376
v -805.6343384 -237.5974121 -11.4728699
v -805.8803711 -237.5974121 -11.4421997
v -806.1230469 -237.5974121 -11.3913269
v -806.3606567 -237.5974121 -11.3205566
v -806.5916748 -237.5974121 -11.2304382
v -806.8143921 -237.5974121 -11.1215210
v -807.0274048 -237.5974121 -10.9946289
v -807.2291870 -237.5974121 -10.8505249
v -807.4183960 -237.5974121 -10.6903076
v -807.5937500 -237.5974121 -10.5149536
v -807.7539673 -237.5974121 -10.3257446
v -807.8980713 -237.5974121 -10.1239624
v -808.0249634 -237.5974121 -9.9109497
v -808.1339111 -237.5974121 -9.6882019
v -808.2240601 -237.5974121 -9.4572144
v -808.2947388 -237.5974121 -9.2195740
v -808.3456421 -237.5974121 -8.9768982
v -808.3763428 -237.5974121 -8.7308655
v -790.6388550 -237.5974121 -11.4728699
v -790.3927612 -237.5974121 -11.4421997
v -790.1500854 -237.5974121 -11.3913269
v -789.9124756 -237.5974121 -11.3205566
v -789.6814575 -237.5974121 -11.2304382
v -789.4587402 -237.5974121 -11.1215210
v -789.2457275 -237.5974121 -10.9946289
v -789.0439453 -237.5974121 -10.8505249
v -788.8547363 -237.5974121 -10.6903076
v -788.6793823 -237.5974121 -10.5149536
v -788.5191650 -237.5974121 -10.3257446
v -788.3750610 -237.5974121 -10.1239624
v -788.2481689 -237.5974121 -9.9109497
v -788.1392212 -237.5974121 -9.6882019
v -788.0491333 -237.5974121 -9.4572144
v -787.9783936 -237.5974121 -9.2195740
v -787.9274902 -237.5974121 -8.9768982
v -787.8967896 -237.5974121 -8.7308655
v -787.8967896 -237.5974121 4.2646179
v -787.9274902 -237.5974121 4.5106659
v -787.9783936 -237.5974121 4.7533264
v -788.0491333 -237.5974121 4.9909821
v -788.1392212 -237.5974121 5.2219696
v -788.2481689 -237.5974121 5.4447327
v -788.3750610 -237.5974121 5.6577148
v -788.5191650 -237.5974121 5.8595276
v -788.6793823 -237.5974121 6.0487366
v -788.8547363 -237.5974121 6.2240601
v -789.0439453 -237.5974121 6.3843079
v -789.2457275 -237.5974121 6.5283813
v -789.4587402 -237.5974121 6.6553040
v -789.6814575 -237.5974121 6.7641907
v -789.9124756 -237.5974121 6.8543396
v -790.1500854 -237.5974121 6.9250793
v -790.3927612 -237.5974121 6.9759674
v -790.6388550 -237.5974121 7.0066376
v -805.6343384 -237.5974121 7.0066376
v -805.8803711 -237.5974121 6.9759674
v -806.1230469 -237.5974121 6.9250793
v -806.3606567 -237.5974121 6.8543396
v -806.5916748 -237.5974121 6.7641907
v -806.8143921 -237.5974121 6.6553040
v -807.0274048 -237.5974121 6.5283813
v -807.2291870 -237.5974121 6.3843079
v -807.4183960 -237.5974121 6.2240601
v -807.5937500 -237.5974121 6.0487366
v -807.7539673 -237.5974121 5.8595276
v -807.8980713 -237.5974121 5.6577148
v -808.0249634 -237.5974121 5.4447327
v -808.1339111 -237.5974121 5.2219696
v -808.2240601 -237.5974121 4.9909821
v -808.2947388 -237.5974121 4.7533264
v -808.3456421 -237.5974121 4.5106659
v -808.3763428 -237.5974121 4.2646179
v -815.1365356 -237.5974121 -50.5549316
v -815.3189697 -237.5974121 -50.5653687
v -815.4989624 -237.5974121 -50.5965271
v -815.6742554 -237.5974121 -50.6480103
v -815.8425293 -237.5974121 -50.7191162
v -816.0015869 -237.5974121 -50.8089600
v -816.1494141 -237.5974121 -50.9163208
v -816.2839966 -237.5974121 -51.0398560
v -816.4036255 -237.5974121 -51.1779175
v -816.5067139 -237.5974121 -51.3287048
v -816.5919800 -237.5974121 -51.4902954
v -816.6582642 -237.5974121 -51.6605225
v -816.7047119 -237.5974121 -51.8372192
v -816.7307129 -237.5974121 -52.0180359
v -816.7359009 -237.5974121 -52.2006226
v -816.7202759 -237.5974121 -52.3826599
v -816.6840210 -237.5974121 -52.5617065
v -816.6275635 -237.5974121 -52.7354431
v -816.5516968 -237.5974121 -52.9016113
v -816.4573364 -237.5974121 -53.0580444
v -816.3457642 -237.5974121 -53.2027283
v -816.2184448 -237.5974121 -53.3337402
v -816.0770264 -237.5974121 -53.4493713
v -815.9233398 -237.5974121 -53.5481567
v -815.7593994 -237.5974121 -53.6287537
v -815.5873413 -237.5974121 -53.6901245
v -815.4094238 -237.5974121 -53.7315063
v -815.2279053 -237.5974121 -53.7523193
v -815.0452271 -237.5974121 -53.7523193
v -814.8637085 -237.5974121 -53.7315063
v -814.6857910 -237.5974121 -53.6901245
v -814.5137329 -237.5974121 -53.6287537
v -814.3497925 -237.5974121 -53.5481567
v -814.1961060 -237.5974121 -53.4493713
v -814.0546875 -237.5974121 -53.3337402
v -813.9273682 -237.5974121 -53.2027283
v -813.8158569 -237.5974121 -53.0580444
v -813.7214966 -237.5974121 -52.9016113
v -813.6455688 -237.5974121 -52.7354431
v -813.5891724 -237.5974121 -52.5617065
v -813.5528564 -237.5974121 -52.3826599
v -813.5372314 -237.5974121 -52.2006226
v -813.5424194 -237.5974121 -52.0180359
v -813.5684204 -237.5974121 -51.8372192
v -813.6148682 -237.5974121 -51.6605225
v -813.6811523 -237.5974121 -51.4902954
v -813.7664185 -237.5974121 -51.3287048
v -813.8695679 -237.5974121 -51.1779175
v -813.9891968 -237.5974121 -51.0398560
v -814.1237183 -237.5974121 -50.9163208
v -814.2715454 -237.5974121 -50.8089600
v -814.4306030 -237.5974121 -50.7191162
v -814.5988770 -237.5974121 -50.6480103
v -814.7741699 -237.5974121 -50.5965271
v -814.9541626 -237.5974121 -50.5653687
v -815.1365356 -223.1974030 -50.5549316
v -814.9541626 -223.1974030 -50.5653687
v -814.7741699 -223.1974030 -50.5965271
v -814.5988770 -223.1974030 -50.6480103
v -814.4306030 -223.1974030 -50.7191162
v -814.2715454 -223.1974030 -50.8089600
v -814.1237183 -223.1974030 -50.9163208
v -813.9891968 -223.1974030 -51.0398560
v -813.8695679 -223.1974030 -51.1779175
v -813.7664185 -223.1974030 -51.3287048
v -813.6811523 -223.1974030 -51.4902954
v -813.6148682 -223.1974030 -51.6605225
v -813.5684204 -223.1974030 -51.8372192
v -813.5424194 -223.1974030 -52.0180359
v -813.5372314 -223.1974030 -52.2006226
v -813.5528564 -223.1974030 -52.3826599
v -813.5891724 -223.1974030 -52.5617065
v -813.6455688 -223.1974030 -52.7354431
v -813.7214966 -223.1974030 -52.9016113
v -813.8158569 -223.1974030 -53.0580444
v -813.9273682 -223.1974030 -53.2027283
v -814.0546875 -223.1974030 -53.3337402
v -814.1961060 -223.1974030 -53.4493713
v -814.3497925 -223.1974030 -53.5481567
v -814.5137329 -223.1974030 -53.6287537
v -814.6857910 -223.1974030 -53.6901245
v -814.8637085 -223.1974030 -53.7315063
v -815.0452271 -223.1974030 -53.7523193
v -815.2279053 -223.1974030 -53.7523193
v -815.4094238 -223.1974030 -53.7315063
v -815.5873413 -223.1974030 -53.6901245
v -815.7593994 -223.1974030 -53.6287537
v -815.9233398 -223.1974030 -53.5481567
v -816.0770264 -223.1974030 -53.4493713
v -816.2184448 -223.1974030 -53.3337402
v -816.3457642 -223.1974030 -53.2027283
v -816.4573364 -223.1974030 -53.0580444
v -816.5516968 -223.1974030 -52.9016113
v -816.6275635 -223.1974030 -52.7354431
v -816.6840210 -223.1974030 -52.5617065
v -816.7202759 -223.1974030 -52.3826599
v -816.7359009 -223.1974030 -52.2006226
v -816.7307129 -223.1974030 -52.0180359
v -816.7047119 -223.1974030 -51.8372192
v -816.6582642 -223.1974030 -51.6605225
v -816.5919800 -223.1974030 -51.4902954
v -816.5067139 -223.1974030 -51.3287048
v -816.4036255 -223.1974030 -51.1779175
v -816.2839966 -223.1974030 -51.0398560
v -816.1494141 -223.1974030 -50.9163208
v -816.0015869 -223.1974030 -50.8089600
v -815.8425293 -223.1974030 -50.7191162
v -815.6742554 -223.1974030 -50.6480103
v -815.4989624 -223.1974030 -50.5965271
v -815.3189697 -223.1974030 -50.5653687
v -815.1365356 -233.9974060 -50.5549316
v -815.1365356 -230.3973999 -50.5549316
v -815.1365356 -226.7974091 -50.5549316
v -815.3189697 -233.9974060 -50.5653687
v -815.3189697 -230.3973999 -50.5653687
v -815.3189697 -226.7974091 -50.5653687
v -815.4989624 -233.9974060 -50.5965271
v -815.4989624 -230.3973999 -50.5965271
v -815.4989624 -226.7974091 -50.5965271
v -815.6742554 -233.9974060 -50.6480103
v -815.6742554 -230.3973999 -50.6480103
v -815.6742554 -226.7974091 -50.6480103
v -815.8425293 -233.9974060 -50.7191162
v -815.8425293 -230.3973999 -50.7191162
v -815.8425293 -226.7974091 -50.7191162
v -816.0015869 -233.9974060 -50.8089600
v -816.0015869 -230.3973999 -50.8089600
v -816.0015869 -226.7974091 -50.8089600
v -816.1494141 -233.9974060 -50.9163208
v -816.1494141 -230.3973999 -50.9163208
v -816.1494141 -226.7974091 -50.9163208
v -816.2839966 -233.9974060 -51.0398560
v -816.2839966 -230.3973999 -51.0398560
v -816.2839966 -226.7974091 -51.0398560
v -816.4036255 -233.9974060 -51.1779175
v -816.4036255 -230.3973999 -51.1779175
v -816.4036255 -226.7974091 -51.1779175
v -816.5067139 -233.9974060 -51.3287048
v -816.5067139 -230.3973999 -51.3287048
v -816.5067139 -226.7974091 -51.3287048
v -816.5919800 -233.9974060 -51.4902954
v -816.5919800 -230.3973999 -51.4902954
v -816.5919800 -226.7974091 -51.4902954
v -816.6582642 -233.9974060 -51.6605225
v -816.6582642 -230.3973999 -51.6605225
v -816.6582642 -226.7974091 -51.6605225
v -816.7047119 -233.9974060 -51.8372192
v -816.7047119 -230.3973999 -51.8372192
v -816.7047119 -226.7974091 -51.8372192
v -816.7307129 -233.9974060 -52.0180359
v -816.7307129 -230.3973999 -52.0180359
v -816.7307129 -226.7974091 -52.0180359
v -816.7359009 -233.9974060 -52.2006226
v -816.7359009 -230.3973999 -52.2006226
v -816.7359009 -226.7974091 -52.2006226
v -816.7202759 -233.9974060 -52.3826599
v -816.7202759 -230.3973999 -52.3826599
v -816.7202759 -226.7974091 -52.3826599
v -816.6840210 -233.9974060 -52.5617065
v -816.6840210 -230.3973999 -52.5617065
v -816.6840210 -226.7974091 -52.5617065
v -816.6275635 -233.9974060 -52.7354431
v -816.6275635 -230.3973999 -52.7354431
v -816.6275635 -226.7974091 -52.7354431
v -816.5516968 -233.9974060 -52.9016113
v -816.5516968 -230.3973999 -52.9016113
v -816.5516968 -226.7974091 -52.9016113
v -816.4573364 -233.9974060 -53.0580444
v -816.4573364 -230.3973999 -53.0580444
v -816.4573364 -226.7974091 -53.0580444
v -816.3457642 -233.9974060 -53.2027283
v -816.3457642 -230.3973999 -53.2027283
v -816.3457642 -226.7974091 -53.2027283
v -816.2184448 -233.9974060 -53.3337402
v -816.2184448 -230.3973999 -53.3337402
v -816.2184448 -226.7974091 -53.3337402
v -816.0770264 -233.9974060 -53.4493713
v -816.0770264 -230.3973999 -53.4493713
v -816.0770264 -226.7974091 -53.4493713
v -815.9233398 -233.9974060 -53.5481567
v -815.9233398 -230.3973999 -53.5481567
v -815.9233398 -226.7974091 -53.5481567
v -815.7593994 -233.9974060 -53.6287537
v -815.7593994 -230.3973999 -53.6287537
v -815.7593994 -226.7974091 -53.6287537
v -815.5873413 -233.9974060 -53.6901245
v -815.5873413 -230.3973999 -53.6901245
v -815.5873413 -226.7974091 -53.6901245
v -815.4094238 -233.9974060 -53.7315063
v -815.4094238 -230.3973999 -53.7315063
v -815.4094238 -226.7974091 -53.7315063
v -815.2279053 -233.9974060 -53.7523193
v -815.2279053 -230.3973999 -53.7523193
v -815.2279053 -226.7974091 -53.7523193
v -815.0452271 -233.9974060 -53.7523193
v -815.0452271 -230.3973999 -53.7523193
v -815.0452271 -226.7974091 -53.7523193
v -814.8637085 -233.9974060 -53.7315063
v -814.8637085 -230.3973999 -53.7315063
v -814.8637085 -226.7974091 -53.7315063
v -814.6857910 -233.9974060 -53.6901245
v -814.6857910 -230.3973999 -53.6901245
v -814.6857910 -226.7974091 -53.6901245
v -814.5137329 -233.9974060 -53.6287537
v -814.5137329 -230.3973999 -53.6287537
v -814.5137329 -226.7974091 -53.6287537
v -814.3497925 -233.9974060 -53.5481567
v -814.3497925 -230.3973999 -53.5481567
v -814.3497925 -226.7974091 -53.5481567
v -814.1961060 -233.9974060 -53.4493713
v -814.1961060 -230.3973999 -53.4493713
v -814.1961060 -226.7974091 -53.4493713
v -814.0546875 -233.9974060 -53.3337402
v -814.0546875 -230.3973999 -53.3337402
v -814.0546875 -226.7974091 -53.3337402
v -813.9273682 -233.9974060 -53.2027283
v -813.9273682 -230.3973999 -53.2027283
v -813.9273682 -226.7974091 -53.2027283
v -813.8158569 -233.9974060 -53.0580444
v -813.8158569 -230.3973999 -53.0580444
v -813.8158569 -226.7974091 -53.0580444
v -813.7214966 -233.9974060 -52.9016113
v -813.7214966 -230.3973999 -52.9016113
v -813.7214966 -226.7974091 -52.9016113
v -813.6455688 -233.9974060 -52.7354431
v -813.6455688 -230.3973999 -52.7354431
v -813.6455688 -226.7974091 -52.7354431
v -813.5891724 -233.9974060 -52.5617065
v -813.5891724 -230.3973999 -52.5617065
v -813.5891724 -226.7974091 -52.5617065
v -813.5528564 -233.9974060 -52.3826599
v -813.5528564 -230.3973999 -52.3826599
v -813.5528564 -226.7974091 -52.3826599
v -813.5372314 -233.9974060 -52.2006226
v -813.5372314 -230.3973999 -52.2006226
v -813.5372314 -226.7974091 -52.2006226
v -813.5424194 -233.9974060 -52.0180359
v -813.5424194 -230.3973999 -52.0180359
v -813.5424194 -226.7974091 -52.0180359
v -813.5684204 -233.9974060 -51.8372192
v -813.5684204 -230.3973999 -51.8372192
v -813.5684204 -226.7974091 -51.8372192
v -813.6148682 -233.9974060 -51.6605225
v -813.6148682 -230.3973999 -51.6605225
v -813.6148682 -226.7974091 -51.6605225
v -813.6811523 -233.9974060 -51.4902954
v -813.6811523 -230.3973999 -51.4902954
v -813.6811523 -226.7974091 -51.4902954
v -813.7664185 -233.9974060 -51.3287048
v -813.7664185 -230.3973999 -51.3287048
v -813.7664185 -226.7974091 -51.3287048
v -813.8695679 -233.9974060 -51.1779175
v -813.8695679 -230.3973999 -51.1779175
v -813.8695679 -226.7974091 -51.1779175
v -813.9891968 -233.9974060 -51.0398560
v -813.9891968 -230.3973999 -51.0398560
v -813.9891968 -226.7974091 -51.0398560
v -814.1237183 -233.9974060 -50.9163208
v -814.1237183 -230.3973999 -50.9163208
v -814.1237183 -226.7974091 -50.9163208
v -814.2715454 -233.9974060 -50.8089600
v -814.2715454 -230.3973999 -50.8089600
v -814.2715454 -226.7974091 -50.8089600
v -814.4306030 -233.9974060 -50.7191162
v -814.4306030 -230.3973999 -50.7191162
v -814.4306030 -226.7974091 -50.7191162
v -814.5988770 -233.9974060 -50.6480103
v -814.5988770 -230.3973999 -50.6480103
v -814.5988770 -226.7974091 -50.6480103
v -814.7741699 -233.9974060 -50.5965271
v -814.7741699 -230.3973999 -50.5965271
v -814.7741699 -226.7974091 -50.5965271
v -814.9541626 -233.9974060 -50.5653687
v -814.9541626 -230.3973999 -50.5653687
v -814.9541626 -226.7974091 -50.5653687
v -815.1365356 -237.5974121 -70.5549316
v -815.3189697 -237.5974121 -70.5653687
v -815.4989624 -237.5974121 -70.5965271
v -815.6742554 -237.5974121 -70.6480103
v -815.8425293 -237.5974121 -70.7191162
v -816.0015869 -237.5974121 -70.8089294
v -816.1493530 -237.5974121 -70.9163208
v -816.2839966 -237.5974121 -71.0398560
v -816.4036255 -237.5974121 -71.1779175
v -816.5067139 -237.5974121 -71.3287048
v -816.5919800 -237.5974121 -71.4902954
v -816.6582642 -237.5974121 -71.6605225
v -816.7047119 -237.5974121 -71.8372192
v -816.7307129 -237.5974121 -72.0180054
v -816.7359009 -237.5974121 -72.2006226
v -816.7202759 -237.5974121 -72.3826294
v -816.6840210 -237.5974121 -72.5617065
v -816.6275635 -237.5974121 -72.7354431
v -816.5516968 -237.5974121 -72.9016113
v -816.4573364 -237.5974121 -73.0580444
v -816.3457642 -237.5974121 -73.2027283
v -816.2184448 -237.5974121 -73.3337402
v -816.0770264 -237.5974121 -73.4493713
v -815.9233398 -237.5974121 -73.5481567
v -815.7593994 -237.5974121 -73.6287231
v -815.5873413 -237.5974121 -73.6901245
v -815.4094238 -237.5974121 -73.7315063
v -815.2279053 -237.5974121 -73.7523193
v -815.0452271 -237.5974121 -73.7523193
v -814.8637085 -237.5974121 -73.7315063
v -814.6857910 -237.5974121 -73.6901245
v -814.5137329 -237.5974121 -73.6287231
v -814.3497925 -237.5974121 -73.5481567
v -814.1961060 -237.5974121 -73.4493713
v -814.0546875 -237.5974121 -73.3337402
v -813.9273682 -237.5974121 -73.2027283
v -813.8157959 -237.5974121 -73.0580444
v -813.7214966 -237.5974121 -72.9016113
v -813.6455688 -237.5974121 -72.7354431
v -813.5891724 -237.5974121 -72.5617065
v -813.5528564 -237.5974121 -72.3826294
v -813.5372314 -237.5974121 -72.2006226
v -813.5424194 -237.5974121 -72.0180054
v -813.5684204 -237.5974121 -71.8372192
v -813.6148682 -237.5974121 -71.6605225
v -813.6811523 -237.5974121 -71.4902954
v -813.7664185 -237.5974121 -71.3287048
v -813.8695679 -237.5974121 -71.1779175
v -813.9891968 -237.5974121 -71.0398560
v -814.1237183 -237.5974121 -70.9163208
v -814.2715454 -237.5974121 -70.8089294
v -814.4306030 -237.5974121 -70.7191162
v -814.5988770 -237.5974121 -70.6480103
v -814.7741699 -237.5974121 -70.5965271
v -814.9541626 -237.5974121 -70.5653687
v -815.1365356 -223.1974030 -70.5549316
v -814.9541626 -223.1974030 -70.5653687
v -814.7741699 -223.1974030 -70.5965271
v -814.5988770 -223.1974030 -70.6480103
v -814.4306030 -223.1974030 -70.7191162
v -814.2715454 -223.1974030 -70.8089294
v -814.1237183 -223.1974030 -70.9163208
v -813.9891968 -223.1974030 -71.0398560
v -813.8695679 -223.1974030 -71.1779175
v -813.7664185 -223.1974030 -71.3287048
v -813.6811523 -223.1974030 -71.4902954
v -813.6148682 -223.1974030 -71.6605225
v -813.5684204 -223.1974030 -71.8372192
v -813.5424194 -223.1974030 -72.0180054
v -813.5372314 -223.1974030 -72.2006226
v -813.5528564 -223.1974030 -72.3826294
v -813.5891724 -223.1974030 -72.5617065
v -813.6455688 -223.1974030 -72.7354431
v -813.7214966 -223.1974030 -72.9016113
v -813.8157959 -223.1974030 -73.0580444
v -813.9273682 -223.1974030 -73.2027283
v -814.0546875 -223.1974030 -73.3337402
v -814.1961060 -223.1974030 -73.4493713
v -814.3497925 -223.1974030 -73.5481567
v -814.5137329 -223.1974030 -73.6287231
v -814.6857910 -223.1974030 -73.6901245
v -814.8637085 -223.1974030 -73.7315063
v -815.0452271 -223.1974030 -73.7523193
v -815.2279053 -223.1974030 -73.7523193
v -815.4094238 -223.1974030 -73.7315063
v -815.5873413 -223.1974030 -73.6901245
v -815.7593994 -223.1974030 -73.6287231
v -815.9233398 -223.1974030 -73.5481567
v -816.0770264 -223.1974030 -73.4493713
v -816.2184448 -223.1974030 -73.3337402
v -816.3457642 -223.1974030 -73.2027283
v -816.4573364 -223.1974030 -73.0580444
v -816.5516968 -223.1974030 -72.9016113
v -816.6275635 -223.1974030 -72.7354431
v -816.6840210 -223.1974030 -72.5617065
v -816.7202759 -223.1974030 -72.3826294
v -816.7359009 -223.1974030 -72.2006226
v -816.7307129 -223.1974030 -72.0180054
v -816.7047119 -223.1974030 -71.8372192
v -816.6582642 -223.1974030 -71.6605225
v -816.5919800 -223.1974030 -71.4902954
v -816.5067139 -223.1974030 -71.3287048
v -816.4036255 -223.1974030 -71.1779175
v -816.2839966 -223.1974030 -71.0398560
v -816.1493530 -223.1974030 -70.9163208
v -816.0015869 -223.1974030 -70.8089294
v -815.8425293 -223.1974030 -70.7191162
v -815.6742554 -223.1974030 -70.6480103
v -815.4989624 -223.1974030 -70.5965271
v -815.3189697 -223.1974030 -70.5653687
v -815.1365356 -233.9974060 -70.5549316
v -815.1365356 -230.3973999 -70.5549316
v -815.1365356 -226.7973938 -70.5549316
v -815.3189697 -233.9974060 -70.5653687
v -815.3189697 -230.3973999 -70.5653687
v -815.3189697 -226.7973938 -70.5653687
v -815.4989624 -233.9974060 -70.5965271
v -815.4989624 -230.3973999 -70.5965271
v -815.4989624 -226.7973938 -70.5965271
v -815.6742554 -233.9974060 -70.6480103
v -815.6742554 -230.3973999 -70.6480103
v -815.6742554 -226.7973938 -70.6480103
v -815.8425293 -233.9974060 -70.7191162
v -815.8425293 -230.3973999 -70.7191162
v -815.8425293 -226.7973938 -70.7191162
v -816.0015869 -233.9974060 -70.8089294
v -816.0015869 -230.3973999 -70.8089294
v -816.0015869 -226.7973938 -70.8089294
v -816.1493530 -233.9974060 -70.9163208
v -816.1493530 -230.3973999 -70.9163208
v -816.1493530 -226.7973938 -70.9163208
v -816.2839966 -233.9974060 -71.0398560
v -816.2839966 -230.3973999 -71.0398560
v -816.2839966 -226.7973938 -71.0398560
v -816.4036255 -233.9974060 -71.1779175
v -816.4036255 -230.3973999 -71.1779175
v -816.4036255 -226.7973938 -71.1779175
v -816.5067139 -233.9974060 -71.3287048
v -816.5067139 -230.3973999 -71.3287048
v -816.5067139 -226.7973938 -71.3287048
v -816.5919800 -233.9974060 -71.4902954
v -816.5919800 -230.3973999 -71.4902954
v -816.5919800 -226.7973938 -71.4902954
v -816.6582642 -233.9974060 -71.6605225
v -816.6582642 -230.3973999 -71.6605225
v -816.6582642 -226.7973938 -71.6605225
v -816.7047119 -233.9974060 -71.8372192
v -816.7047119 -230.3973999 -71.8372192
v -816.7047119 -226.7973938 -71.8372192
v -816.7307129 -233.9974060 -72.0180054
v -816.7307129 -230.3973999 -72.0180054
v -816.7307129 -226.7973938 -72.0180054
v -816.7359009 -233.9974060 -72.2006226
v -816.7359009 -230.3973999 -72.2006226
v -816.7359009 -226.7973938 -72.2006226
v -816.7202759 -233.9974060 -72.3826294
v -816.7202759 -230.3973999 -72.3826294
v -816.7202759 -226.7973938 -72.3826294
v -816.6840210 -233.9974060 -72.5617065
v -816.6840210 -230.3973999 -72.5617065
v -816.6840210 -226.7973938 -72.5617065
v -816.6275635 -233.9974060 -72.7354431
v -816.6275635 -230.3973999 -72.7354431
v -816.6275635 -226.7973938 -72.7354431
v -816.5516968 -233.9974060 -72.9016113
v -816.5516968 -230.3973999 -72.9016113
v -816.5516968 -226.7973938 -72.9016113
v -816.4573364 -233.9974060 -73.0580444
v -816.4573364 -230.3973999 -73.0580444
v -816.4573364 -226.7973938 -73.0580444
v -816.3457642 -233.9974060 -73.2027283
v -816.3457642 -230.3973999 -73.2027283
v -816.3457642 -226.7973938 -73.2027283
v -816.2184448 -233.9974060 -73.3337402
v -816.2184448 -230.3973999 -73.3337402
v -816.2184448 -226.7973938 -73.3337402
v -816.0770264 -233.9974060 -73.4493713
v -816.0770264 -230.3973999 -73.4493713
v -816.0770264 -226.7973938 -73.4493713
v -815.9233398 -233.9974060 -73.5481567
v -815.9233398 -230.3973999 -73.5481567
v -815.9233398 -226.7973938 -73.5481567
v -815.7593994 -233.9974060 -73.6287231
v -815.7593994 -230.3973999 -73.6287231
v -815.7593994 -226.7973938 -73.6287231
v -815.5873413 -233.9974060 -73.6901245
v -815.5873413 -230.3973999 -73.6901245
v -815.5873413 -226.7973938 -73.6901245
v -815.4094238 -233.9974060 -73.7315063
v -815.4094238 -230.3973999 -73.7315063
v -815.4094238 -226.7973938 -73.7315063
v -815.2279053 -233.9974060 -73.7523193
v -815.2279053 -230.3973999 -73.7523193
v -815.2279053 -226.7973938 -73.7523193
v -815.0452271 -233.9974060 -73.7523193
v -815.0452271 -230.3973999 -73.7523193
v -815.0452271 -226.7973938 -73.7523193
v -814.8637085 -233.9974060 -73.7315063
v -814.8637085 -230.3973999 -73.7315063
v -814.8637085 -226.7973938 -73.7315063
v -814.6857910 -233.9974060 -73.6901245
v -814.6857910 -230.3973999 -73.6901245
v -814.6857910 -226.7973938 -73.6901245
v -814.5137329 -233.9974060 -73.6287231
v -814.5137329 -230.3973999 -73.6287231
v -814.5137329 -226.7973938 -73.6287231
v -814.3497925 -233.9974060 -73.5481567
v -814.3497925 -230.3973999 -73.5481567
v -814.3497925 -226.7973938 -73.5481567
v -814.1961060 -233.9974060 -73.4493713
v -814.1961060 -230.3973999 -73.4493713
v -814.1961060 -226.7973938 -73.4493713
v -814.0546875 -233.9974060 -73.3337402
v -814.0546875 -230.3973999 -73.3337402
v -814.0546875 -226.7973938 -73.3337402
v -813.9273682 -233.9974060 -73.2027283
v -813.9273682 -230.3973999 -73.2027283
v -813.9273682 -226.7973938 -73.2027283
v -813.8157959 -233.9974060 -73.0580444
v -813.8157959 -230.3973999 -73.0580444
v -813.8157959 -226.7973938 -73.0580444
v -813.7214966 -233.9974060 -72.9016113
v -813.7214966 -230.3973999 -72.9016113
v -813.7214966 -226.7973938 -72.9016113
v -813.6455688 -233.9974060 -72.7354431
v -813.6455688 -230.3973999 -72.7354431
v -813.6455688 -226.7973938 -72.7354431
v -813.5891724 -233.9974060 -72.5617065
v -813.5891724 -230.3973999 -72.5617065
v -813.5891724 -226.7973938 -72.5617065
v -813.5528564 -233.9974060 -72.3826294
v -813.5528564 -230.3973999 -72.3826294
v -813.5528564 -226.7973938 -72.3826294
v -813.5372314 -233.9974060 -72.2006226
v -813.5372314 -230.3973999 -72.2006226
v -813.5372314 -226.7973938 -72.2006226
v -813.5424194 -233.9974060 -72.0180054
v -813.5424194 -230.3973999 -72.0180054
v -813.5424194 -226.7973938 -72.0180054
v -813.5684204 -233.9974060 -71.8372192
v -813.5684204 -230.3973999 -71.8372192
v -813.5684204 -226.7973938 -71.8372192
v -813.6148682 -233.9974060 -71.6605225
v -813.6148682 -230.3973999 -71.6605225
v -813.6148682 -226.7973938 -71.6605225
v -813.6811523 -233.9974060 -71.4902954
v -813.6811523 -230.3973999 -71.4902954
v -813.6811523 -226.7973938 -71.4902954
v -813.7664185 -233.9974060 -71.3287048
v -813.7664185 -230.3973999 -71.3287048
v -813.7664185 -226.7973938 -71.3287048
v -813.8695679 -233.9974060 -71.1779175
v -813.8695679 -230.3973999 -71.1779175
v -813.8695679 -226.7973938 -71.1779175
v -813.9891968 -233.9974060 -71.0398560
v -813.9891968 -230.3973999 -71.0398560
v -813.9891968 -226.7973938 -71.0398560
v -814.1237183 -233.9974060 -70.9163208
v -814.1237183 -230.3973999 -70.9163208
v -814.1237183 -226.7973938 -70.9163208
v -814.2715454 -233.9974060 -70.8089294
v -814.2715454 -230.3973999 -70.8089294
v -814.2715454 -226.7973938 -70.8089294
v -814.4306030 -233.9974060 -70.7191162
v -814.4306030 -230.3973999 -70.7191162
v -814.4306030 -226.7973938 -70.7191162
v -814.5988770 -233.9974060 -70.6480103
v -814.5988770 -230.3973999 -70.6480103
v -814.5988770 -226.7973938 -70.6480103
v -814.7741699 -233.9974060 -70.5965271
v -814.7741699 -230.3973999 -70.5965271
v -814.7741699 -226.7973938 -70.5965271
v -814.9541626 -233.9974060 -70.5653687
v -814.9541626 -230.3973999 -70.5653687
v -814.9541626 -226.7973938 -70.5653687
v -835.1365356 -237.5974121 -50.5549316
v -835.3189697 -237.5974121 -50.5653687
v -835.4989624 -237.5974121 -50.5965271
v -835.6742554 -237.5974121 -50.6480103
v -835.8425293 -237.5974121 -50.7191162
v -836.0015869 -237.5974121 -50.8089600
v -836.1494141 -237.5974121 -50.9163208
v -836.2839966 -237.5974121 -51.0398560
v -836.4036255 -237.5974121 -51.1779175
v -836.5067139 -237.5974121 -51.3287048
v -836.5919800 -237.5974121 -51.4902954
v -836.6582642 -237.5974121 -51.6605225
v -836.7047119 -237.5974121 -51.8372192
v -836.7307129 -237.5974121 -52.0180359
v -836.7359009 -237.5974121 -52.2006226
v -836.7202759 -237.5974121 -52.3826599
v -836.6840210 -237.5974121 -52.5617065
v -836.6275635 -237.5974121 -52.7354431
v -836.5516968 -237.5974121 -52.9016113
v -836.4573364 -237.5974121 -53.0580444
v -836.3457642 -237.5974121 -53.2027283
v -836.2184448 -237.5974121 -53.3337402
v -836.0770264 -237.5974121 -53.4493713
v -835.9233398 -237.5974121 -53.5481567
v -835.7593994 -237.5974121 -53.6287537
v -835.5873413 -237.5974121 -53.6901245
v -835.4094238 -237.5974121 -53.7315063
v -835.2279053 -237.5974121 -53.7523193
v -835.0452271 -237.5974121 -53.7523193
v -834.8637085 -237.5974121 -53.7315063
v -834.6857910 -237.5974121 -53.6901245
v -834.5137329 -237.5974121 -53.6287537
v -834.3497925 -237.5974121 -53.5481567
v -834.1961060 -237.5974121 -53.4493713
v -834.0546875 -237.5974121 -53.3337402
v -833.9273682 -237.5974121 -53.2027283
v -833.8158569 -237.5974121 -53.0580444
v -833.7214966 -237.5974121 -52.9016113
v -833.6455688 -237.5974121 -52.7354431
v -833.5891724 -237.5974121 -52.5617065
v -833.5528564 -237.5974121 -52.3826599
v -833.5372314 -237.5974121 -52.2006226
v -833.5424194 -237.5974121 -52.0180359
v -833.5684204 -237.5974121 -51.8372192
v -833.6148682 -237.5974121 -51.6605225
v -833.6811523 -237.5974121 -51.4902954
v -833.7664185 -237.5974121 -51.3287048
v -833.8695679 -237.5974121 -51.1779175
v -833.9891968 -237.5974121 -51.0398560
v -834.1237183 -237.5974121 -50.9163208
v -834.2715454 -237.5974121 -50.8089600
v -834.4306030 -237.5974121 -50.7191162
v -834.5988770 -237.5974121 -50.6480103
v -834.7741699 -237.5974121 -50.5965271
v -834.9541626 -237.5974121 -50.5653687
v -835.1365356 -223.1974030 -50.5549316
v -834.9541626 -223.1974030 -50.5653687
v -834.7741699 -223.1974030 -50.5965271
v -834.5988770 -223.1974030 -50.6480103
v -834.4306030 -223.1974030 -50.7191162
v -834.2715454 -223.1974030 -50.8089600
v -834.1237183 -223.1974030 -50.9163208
v -833.9891968 -223.1974030 -51.0398560
v -833.8695679 -223.1974030 -51.1779175
v -833.7664185 -223.1974030 -51.3287048
v -833.6811523 -223.1974030 -51.4902954
v -833.6148682 -223.1974030 -51.6605225
v -833.5684204 -223.1974030 -51.8372192
v -833.5424194 -223.1974030 -52.0180359
v -833.5372314 -223.1974030 -52.2006226
v -833.5528564 -223.1974030 -52.3826599
v -833.5891724 -223.1974030 -52.5617065
v -833.6455688 -223.1974030 -52.7354431
v -833.7214966 -223.1974030 -52.9016113
v -833.8158569 -223.1974030 -53.0580444
v -833.9273682 -223.1974030 -53.2027283
v -834.0546875 -223.1974030 -53.3337402
v -834.1961060 -223.1974030 -53.4493713
v -834.3497925 -223.1974030 -53.5481567
v -834.5137329 -223.1974030 -53.6287537
v -834.6857910 -223.1974030 -53.6901245
v -834.8637085 -223.1974030 -53.7315063
v -835.0452271 -223.1974030 -53.7523193
v -835.2279053 -223.1974030 -53.7523193
v -835.4094238 -223.1974030 -53.7315063
v -835.5873413 -223.1974030 -53.6901245
v -835.7593994 -223.1974030 -53.6287537
v -835.9233398 -223.1974030 -53.5481567
v -836.0770264 -223.1974030 -53.4493713
v -836.2184448 -223.1974030 -53.3337402
v -836.3457642 -223.1974030 -53.2027283
v -836.4573364 -223.1974030 -53.0580444
v -836.5516968 -223.1974030 -52.9016113
v -836.6275635 -223.1974030 -52.7354431
v -836.6840210 -223.1974030 -52.5617065
v -836.7202759 -223.1974030 -52.3826599
v -836.7359009 -223.1974030 -52.2006226
v -836.7307129 -223.1974030 -52.0180359
v -836.7047119 -223.1974030 -51.8372192
v -836.6582642 -223.1974030 -51.6605225
v -836.5919800 -223.1974030 -51.4902954
v -836.5067139 -223.1974030 -51.3287048
v -836.4036255 -223.1974030 -51.1779175
v -836.2839966 -223.1974030 -51.0398560
v -836.1494141 -223.1974030 -50.9163208
v -836.0015869 -223.1974030 -50.8089600
v -835.8425293 -223.1974030 -50.7191162
v -835.6742554 -223.1974030 -50.6480103
v -835.4989624 -223.1974030 -50.5965271
v -835.3189697 -223.1974030 -50.5653687
v -835.1365356 -233.9974060 -50.5549316
v -835.1365356 -230.3973999 -50.5549316
v -835.1365356 -226.7974091 -50.5549316
v -835.3189697 -233.9974060 -50.5653687
v -835.3189697 -230.3973999 -50.5653687
v -835.3189697 -226.7974091 -50.5653687
v -835.4989624 -233.9974060 -50.5965271
v -835.4989624 -230.3973999 -50.5965271
v -835.4989624 -226.7974091 -50.5965271
v -835.6742554 -233.9974060 -50.6480103
v -835.6742554 -230.3973999 -50.6480103
v -835.6742554 -226.7974091 -50.6480103
v -835.8425293 -233.9974060 -50.7191162
v -835.8425293 -230.3973999 -50.7191162
v -835.8425293 -226.7974091 -50.7191162
v -836.0015869 -233.9974060 -50.8089600
v -836.0015869 -230.3973999 -50.8089600
v -836.0015869 -226.7974091 -50.8089600
v -836.1494141 -233.9974060 -50.9163208
v -836.1494141 -230.3973999 -50.9163208
v -836.1494141 -226.7974091 -50.9163208
v -836.2839966 -233.9974060 -51.0398560
v -836.2839966 -230.3973999 -51.0398560
v -836.2839966 -226.7974091 -51.0398560
v -836.4036255 -233.9974060 -51.1779175
v -836.4036255 -230.3973999 -51.1779175
v -836.4036255 -226.7974091 -51.1779175
v -836.5067139 -233.9974060 -51.3287048
v -836.5067139 -230.3973999 -51.3287048
v -836.5067139 -226.7974091 -51.3287048
v -836.5919800 -233.9974060 -51.4902954
v -836.5919800 -230.3973999 -51.4902954
v -836.5919800 -226.7974091 -51.4902954
v -836.6582642 -233.9974060 -51.6605225
v -836.6582642 -230.3973999 -51.6605225
v -836.6582642 -226.7974091 -51.6605225
v -836.7047119 -233.9974060 -51.8372192
v -836.7047119 -230.3973999 -51.8372192
v -836.7047119 -226.7974091 -51.8372192
v -836.7307129 -233.9974060 -52.0180359
v -836.7307129 -230.3973999 -52.0180359
v -836.7307129 -226.7974091 -52.0180359
v -836.7359009 -233.9974060 -52.2006226
v -836.7359009 -230.3973999 -52.2006226
v -836.7359009 -226.7974091 -52.2006226
v -836.7202759 -233.9974060 -52.3826599
v -836.7202759 -230.3973999 -52.3826599
v -836.7202759 -226.7974091 -52.3826599
v -836.6840210 -233.9974060 -52.5617065
v -836.6840210 -230.3973999 -52.5617065
v -836.6840210 -226.7974091 -52.5617065
v -836.6275635 -233.9974060 -52.7354431
v -836.6275635 -230.3973999 -52.7354431
v -836.6275635 -226.7974091 -52.7354431
v -836.5516968 -233.9974060 -52.9016113
v -836.5516968 -230.3973999 -52.9016113
v -836.5516968 -226.7974091 -52.9016113
v -836.4573364 -233.9974060 -53.0580444
v -836.4573364 -230.3973999 -53.0580444
v -836.4573364 -226.7974091 -53.0580444
v -836.3457642 -233.9974060 -53.2027283
v -836.3457642 -230.3973999 -53.2027283
v -836.3457642 -226.7974091 -53.2027283
v -836.2184448 -233.9974060 -53.3337402
v -836.2184448 -230.3973999 -53.3337402
v -836.2184448 -226.7974091 -53.3337402
v -836.0770264 -233.9974060 -53.4493713
v -836.0770264 -230.3973999 -53.4493713
v -836.0770264 -226.7974091 -53.4493713
v -835.9233398 -233.9974060 -53.5481567
v -835.9233398 -230.3973999 -53.5481567
v -835.9233398 -226.7974091 -53.5481567
v -835.7593994 -233.9974060 -53.6287537
v -835.7593994 -230.3973999 -53.6287537
v -835.7593994 -226.7974091 -53.6287537
v -835.5873413 -233.9974060 -53.6901245
v -835.5873413 -230.3973999 -53.6901245
v -835.5873413 -226.7974091 -53.6901245
v -835.4094238 -233.9974060 -53.7315063
v -835.4094238 -230.3973999 -53.7315063
v -835.4094238 -226.7974091 -53.7315063
v -835.2279053 -233.9974060 -53.7523193
v -835.2279053 -230.3973999 -53.7523193
v -835.2279053 -226.7974091 -53.7523193
v -835.0452271 -233.9974060 -53.7523193
v -835.0452271 -230.3973999 -53.7523193
v -835.0452271 -226.7974091 -53.7523193
v -834.8637085 -233.9974060 -53.7315063
v -834.8637085 -230.3973999 -53.7315063
v -834.8637085 -226.7974091 -53.7315063
v -834.6857910 -233.9974060 -53.6901245
v -834.6857910 -230.3973999 -53.6901245
v -834.6857910 -226.7974091 -53.6901245
v -834.5137329 -233.9974060 -53.6287537
v -834.5137329 -230.3973999 -53.6287537
v -834.5137329 -226.7974091 -53.6287537
v -834.3497925 -233.9974060 -53.5481567
v -834.3497925 -230.3973999 -53.5481567
v -834.3497925 -226.7974091 -53.5481567
v -834.1961060 -233.9974060 -53.4493713
v -834.1961060 -230.3973999 -53.4493713
v -834.1961060 -226.7974091 -53.4493713
v -834.0546875 -233.9974060 -53.3337402
v -834.0546875 -230.3973999 -53.3337402
v -834.0546875 -226.7974091 -53.3337402
v -833.9273682 -233.9974060 -53.2027283
v -833.9273682 -230.3973999 -53.2027283
v -833.9273682 -226.7974091 -53.2027283
v -833.8158569 -233.9974060 -53.0580444
v -833.8158569 -230.3973999 -53.0580444
v -833.8158569 -226.7974091 -53.0580444
v -833.7214966 -233.9974060 -52.9016113
v -833.7214966 -230.3973999 -52.9016113
v -833.7214966 -226.7974091 -52.9016113
v -833.6455688 -233.9974060 -52.7354431
v -833.6455688 -230.3973999 -52.7354431
v -833.6455688 -226.7974091 -52.7354431
v -833.5891724 -233.9974060 -52.5617065
v -833.5891724 -230.3973999 -52.5617065
v -833.5891724 -226.7974091 -52.5617065
v -833.5528564 -233.9974060 -52.3826599
v -833.5528564 -230.3973999 -52.3826599
v -833.5528564 -226.7974091 -52.3826599
v -833.5372314 -233.9974060 -52.2006226
v -833.5372314 -230.3973999 -52.2006226
v -833.5372314 -226.7974091 -52.2006226
v -833.5424194 -233.9974060 -52.0180359
v -833.5424194 -230.3973999 -52.0180359
v -833.5424194 -226.7974091 -52.0180359
v -833.5684204 -233.9974060 -51.8372192
v -833.5684204 -230.3973999 -51.8372192
v -833.5684204 -226.7974091 -51.8372192
v -833.6148682 -233.9974060 -51.6605225
v -833.6148682 -230.3973999 -51.6605225
v -833.6148682 -226.7974091 -51.6605225
v -833.6811523 -233.9974060 -51.4902954
v -833.6811523 -230.3973999 -51.4902954
v -833.6811523 -226.7974091 -51.4902954
v -833.7664185 -233.9974060 -51.3287048
v -833.7664185 -230.3973999 -51.3287048
v -833.7664185 -226.7974091 -51.3287048
v -833.8695679 -233.9974060 -51.1779175
v -833.8695679 -230.3973999 -51.1779175
v -833.8695679 -226.7974091 -51.1779175
v -833.9891968 -233.9974060 -51.0398560
v -833.9891968 -230.3973999 -51.0398560
v -833.9891968 -226.7974091 -51.0398560
v -834.1237183 -233.9974060 -50.9163208
v -834.1237183 -230.3973999 -50.9163208
v -834.1237183 -226.7974091 -50.9163208
v -834.2715454 -233.9974060 -50.8089600
v -834.2715454 -230.3973999 -50.8089600
v -834.2715454 -226.7974091 -50.8089600
v -834.4306030 -233.9974060 -50.7191162
v -834.4306030 -230.3973999 -50.7191162
v -834.4306030 -226.7974091 -50.7191162
v -834.5988770 -233.9974060 -50.6480103
v -834.5988770 -230.3973999 -50.6480103
v -834.5988770 -226.7974091 -50.6480103
v -834.7741699 -233.9974060 -50.5965271
v -834.7741699 -230.3973999 -50.5965271
v -834.7741699 -226.7974091 -50.5965271
v -834.9541626 -233.9974060 -50.5653687
v -834.9541626 -230.3973999 -50.5653687
v -834.9541626 -226.7974091 -50.5653687
v -835.1365356 -237.5974121 -70.5549316
v -835.3189697 -237.5974121 -70.5653687
v -835.4989624 -237.5974121 -70.5965271
v -835.6742554 -237.5974121 -70.6480103
v -835.8425293 -237.5974121 -70.7191162
v -836.0015869 -237.5974121 -70.8089600
v -836.1493530 -237.5974121 -70.9163208
v -836.2839966 -237.5974121 -71.0398560
v -836.4036255 -237.5974121 -71.1779175
v -836.5067139 -237.5974121 -71.3287048
v -836.5919800 -237.5974121 -71.4902954
v -836.6582642 -237.5974121 -71.6605225
v -836.7047119 -237.5974121 -71.8372192
v -836.7307129 -237.5974121 -72.0180359
v -836.7359009 -237.5974121 -72.2006226
v -836.7202759 -237.5974121 -72.3826599
v -836.6840210 -237.5974121 -72.5617065
v -836.6275635 -237.5974121 -72.7354431
v -836.5516968 -237.5974121 -72.9016113
v -836.4573364 -237.5974121 -73.0580444
v -836.3457642 -237.5974121 -73.2027283
v -836.2184448 -237.5974121 -73.3337402
v -836.0770264 -237.5974121 -73.4493713
v -835.9233398 -237.5974121 -73.5481567
v -835.7593994 -237.5974121 -73.6287537
v -835.5873413 -237.5974121 -73.6901245
v -835.4094238 -237.5974121 -73.7315063
v -835.2279053 -237.5974121 -73.7523193
v -835.0452271 -237.5974121 -73.7523193
v -834.8637085 -237.5974121 -73.7315063
v -834.6857910 -237.5974121 -73.6901245
v -834.5137329 -237.5974121 -73.6287537
v -834.3497925 -237.5974121 -73.5481567
v -834.1961060 -237.5974121 -73.4493713
v -834.0546875 -237.5974121 -73.3337402
v -833.9273682 -237.5974121 -73.2027283
v -833.8157959 -237.5974121 -73.0580444
v -833.7214966 -237.5974121 -72.9016113
v -833.6455688 -237.5974121 -72.7354431
v -833.5891724 -237.5974121 -72.5617065
v -833.5528564 -237.5974121 -72.3826599
v -833.5372314 -237.5974121 -72.2006226
v -833.5424194 -237.5974121 -72.0180359
v -833.5684204 -237.5974121 -71.8372192
v -833.6148682 -237.5974121 -71.6605225
v -833.6811523 -237.5974121 -71.4902954
v -833.7664185 -237.5974121 -71.3287048
v -833.8695068 -237.5974121 -71.1779175
v -833.9891968 -237.5974121 -71.0398560
v -834.1237183 -237.5974121 -70.9163208
v -834.2715454 -237.5974121 -70.8089600
v -834.4306030 -237.5974121 -70.7191162
v -834.5988770 -237.5974121 -70.6480103
v -834.7741699 -237.5974121 -70.5965271
v -834.9541626 -237.5974121 -70.5653687
v -835.1365356 -223.1974030 -70.5549316
v -834.9541626 -223.1974030 -70.5653687
v -834.7741699 -223.1974030 -70.5965271
v -834.5988770 -223.1974030 -70.6480103
v -834.4306030 -223.1974030 -70.7191162
v -834.2715454 -223.1974030 -70.8089600
v -834.1237183 -223.1974030 -70.9163208
v -833.9891968 -223.1974030 -71.0398560
v -833.8695068 -223.1974030 -71.1779175
v -833.7664185 -223.1974030 -71.3287048
v -833.6811523 -223.1974030 -71.4902954
v -833.6148682 -223.1974030 -71.6605225
v -833.5684204 -223.1974030 -71.8372192
v -833.5424194 -223.1974030 -72.0180359
v -833.5372314 -223.1974030 -72.2006226
v -833.5528564 -223.1974030 -72.3826599
v -833.5891724 -223.1974030 -72.5617065
v -833.6455688 -223.1974030 -72.7354431
v -833.7214966 -223.1974030 -72.9016113
v -833.8157959 -223.1974030 -73.0580444
v -833.9273682 -223.1974030 -73.2027283
v -834.0546875 -223.1974030 -73.3337402
v -834.1961060 -223.1974030 -73.4493713
v -834.3497925 -223.1974030 -73.5481567
v -834.5137329 -223.1974030 -73.6287537
v -834.6857910 -223.1974030 -73.6901245
v -834.8637085 -223.1974030 -73.7315063
v -835.0452271 -223.1974030 -73.7523193
v -835.2279053 -223.1974030 -73.7523193
v -835.4094238 -223.1974030 -73.7315063
v -835.5873413 -223.1974030 -73.6901245
v -835.7593994 -223.1974030 -73.6287537
v -835.9233398 -223.1974030 -73.5481567
v -836.0770264 -223.1974030 -73.4493713
v -836.2184448 -223.1974030 -73.3337402
v -836.3457642 -223.1974030 -73.2027283
v -836.4573364 -223.1974030 -73.0580444
v -836.5516968 -223.1974030 -72.9016113
v -836.6275635 -223.1974030 -72.7354431
v -836.6840210 -223.1974030 -72.5617065
v -836.7202759 -223.1974030 -72.3826599
v -836.7359009 -223.1974030 -72.2006226
v -836.7307129 -223.1974030 -72.0180359
v -836.7047119 -223.1974030 -71.8372192
v -836.6582642 -223.1974030 -71.6605225
v -836.5919800 -223.1974030 -71.4902954
v -836.5067139 -223.1974030 -71.3287048
v -836.4036255 -223.1974030 -71.1779175
v -836.2839966 -223.1974030 -71.0398560
v -836.1493530 -223.1974030 -70.9163208
v -836.0015869 -223.1974030 -70.8089600
v -835.8425293 -223.1974030 -70.7191162
v -835.6742554 -223.1974030 -70.6480103
v -835.4989624 -223.1974030 -70.5965271
v -835.3189697 -223.1974030 -70.5653687
v -835.1365356 -233.9974060 -70.5549316
v -835.1365356 -230.3973999 -70.5549316
v -835.1365356 -226.7973938 -70.5549316
v -835.3189697 -233.9974060 -70.5653687
v -835.3189697 -230.3973999 -70.5653687
v -835.3189697 -226.7973938 -70.5653687
v -835.4989624 -233.9974060 -70.5965271
v -835.4989624 -230.3973999 -70.5965271
v -835.4989624 -226.7973938 -70.5965271
v -835.6742554 -233.9974060 -70.6480103
v -835.6742554 -230.3973999 -70.6480103
v -835.6742554 -226.7973938 -70.6480103
v -835.8425293 -233.9974060 -70.7191162
v -835.8425293 -230.3973999 -70.7191162
v -835.8425293 -226.7973938 -70.7191162
v -836.0015869 -233.9974060 -70.8089600
v -836.0015869 -230.3973999 -70.8089600
v -836.0015869 -226.7973938 -70.8089600
v -836.1493530 -233.9974060 -70.9163208
v -836.1493530 -230.3973999 -70.9163208
v -836.1493530 -226.7973938 -70.9163208
v -836.2839966 -233.9974060 -71.0398560
v -836.2839966 -230.3973999 -71.0398560
v -836.2839966 -226.7973938 -71.0398560
v -836.4036255 -233.9974060 -71.1779175
v -836.4036255 -230.3973999 -71.1779175
v -836.4036255 -226.7973938 -71.1779175
v -836.5067139 -233.9974060 -71.3287048
v -836.5067139 -230.3973999 -71.3287048
v -836.5067139 -226.7973938 -71.3287048
v -836.5919800 -233.9974060 -71.4902954
v -836.5919800 -230.3973999 -71.4902954
v -836.5919800 -226.7973938 -71.4902954
v -836.6582642 -233.9974060 -71.6605225
v -836.6582642 -230.3973999 -71.6605225
v -836.6582642 -226.7973938 -71.6605225
v -836.7047119 -233.9974060 -71.8372192
v -836.7047119 -230.3973999 -71.8372192
v -836.7047119 -226.7973938 -71.8372192
v -836.7307129 -233.9974060 -72.0180359
v -836.7307129 -230.3973999 -72.0180359
v -836.7307129 -226.7973938 -72.0180359
v -836.7359009 -233.9974060 -72.2006226
v -836.7359009 -230.3973999 -72.2006226
v -836.7359009 -226.7973938 -72.2006226
v -836.7202759 -233.9974060 -72.3826599
v -836.7202759 -230.3973999 -72.3826599
v -836.7202759 -226.7973938 -72.3826599
v -836.6840210 -233.9974060 -72.5617065
v -836.6840210 -230.3973999 -72.5617065
v -836.6840210 -226.7973938 -72.5617065
v -836.6275635 -233.9974060 -72.7354431
v -836.6275635 -230.3973999 -72.7354431
v -836.6275635 -226.7973938 -72.7354431
v -836.5516968 -233.9974060 -72.9016113
v -836.5516968 -230.3973999 -72.9016113
v -836.5516968 -226.7973938 -72.9016113
v -836.4573364 -233.9974060 -73.0580444
v -836.4573364 -230.3973999 -73.0580444
v -836.4573364 -226.7973938 -73.0580444
v -836.3457642 -233.9974060 -73.2027283
v -836.3457642 -230.3973999 -73.2027283
v -836.3457642 -226.7973938 -73.2027283
v -836.2184448 -233.9974060 -73.3337402
v -836.2184448 -230.3973999 -73.3337402
v -836.2184448 -226.7973938 -73.3337402
v -836.0770264 -233.9974060 -73.4493713
v -836.0770264 -230.3973999 -73.4493713
v -836.0770264 -226.7973938 -73.4493713
v -835.9233398 -233.9974060 -73.5481567
v -835.9233398 -230.3973999 -73.5481567
v -835.9233398 -226.7973938 -73.5481567
v -835.7593994 -233.9974060 -73.6287537
v -835.7593994 -230.3973999 -73.6287537
v -835.7593994 -226.7973938 -73.6287537
v -835.5873413 -233.9974060 -73.6901245
v -835.5873413 -230.3973999 -73.6901245
v -835.5873413 -226.7973938 -73.6901245
v -835.4094238 -233.9974060 -73.7315063
v -835.4094238 -230.3973999 -73.7315063
v -835.4094238 -226.7973938 -73.7315063
v -835.2279053 -233.9974060 -73.7523193
v -835.2279053 -230.3973999 -73.7523193
v -835.2279053 -226.7973938 -73.7523193
v -835.0452271 -233.9974060 -73.7523193
v -835.0452271 -230.3973999 -73.7523193
v -835.0452271 -226.7973938 -73.7523193
v -834.8637085 -233.9974060 -73.7315063
v -834.8637085 -230.3973999 -73.7315063
v -834.8637085 -226.7973938 -73.7315063
v -834.6857910 -233.9974060 -73.6901245
v -834.6857910 -230.3973999 -73.6901245
v -834.6857910 -226.7973938 -73.6901245
v -834.5137329 -233.9974060 -73.6287537
v -834.5137329 -230.3973999 -73.6287537
v -834.5137329 -226.7973938 -73.6287537
v -834.3497925 -233.9974060 -73.5481567
v -834.3497925 -230.3973999 -73.5481567
v -834.3497925 -226.7973938 -73.5481567
v -834.1961060 -233.9974060 -73.4493713
v -834.1961060 -230.3973999 -73.4493713
v -834.1961060 -226.7973938 -73.4493713
v -834.0546875 -233.9974060 -73.3337402
v -834.0546875 -230.3973999 -73.3337402
v -834.0546875 -226.7973938 -73.3337402
v -833.9273682 -233.9974060 -73.2027283
v -833.9273682 -230.3973999 -73.2027283
v -833.9273682 -226.7973938 -73.2027283
v -833.8157959 -233.9974060 -73.0580444
v -833.8157959 -230.3973999 -73.0580444
v -833.8157959 -226.7973938 -73.0580444
v -833.7214966 -233.9974060 -72.9016113
v -833.7214966 -230.3973999 -72.9016113
v -833.7214966 -226.7973938 -72.9016113
v -833.6455688 -233.9974060 -72.7354431
v -833.6455688 -230.3973999 -72.7354431
v -833.6455688 -226.7973938 -72.7354431
v -833.5891724 -233.9974060 -72.5617065
v -833.5891724 -230.3973999 -72.5617065
v -833.5891724 -226.7973938 -72.5617065
v -833.5528564 -233.9974060 -72.3826599
v -833.5528564 -230.3973999 -72.3826599
v -833.5528564 -226.7973938 -72.3826599
v -833.5372314 -233.9974060 -72.2006226
v -833.5372314 -230.3973999 -72.2006226
v -833.5372314 -226.7973938 -72.2006226
v -833.5424194 -233.9974060 -72.0180359
v -833.5424194 -230.3973999 -72.0180359
v -833.5424194 -226.7973938 -72.0180359
v -833.5684204 -233.9974060 -71.8372192
v -833.5684204 -230.3973999 -71.8372192
v -833.5684204 -226.7973938 -71.8372192
v -833.6148682 -233.9974060 -71.6605225
v -833.6148682 -230.3973999 -71.6605225
v -833.6148682 -226.7973938 -71.6605225
v -833.6811523 -233.9974060 -71.4902954
v -833.6811523 -230.3973999 -71.4902954
v -833.6811523 -226.7973938 -71.4902954
v -833.7664185 -233.9974060 -71.3287048
v -833.7664185 -230.3973999 -71.3287048
v -833.7664185 -226.7973938 -71.3287048
v -833.8695068 -233.9974060 -71.1779175
v -833.8695068 -230.3973999 -71.1779175
v -833.8695068 -226.7973938 -71.1779175
v -833.9891968 -233.9974060 -71.0398560
v -833.9891968 -230.3973999 -71.0398560
v -833.9891968 -226.7973938 -71.0398560
v -834.1237183 -233.9974060 -70.9163208
v -834.1237183 -230.3973999 -70.9163208
v -834.1237183 -226.7973938 -70.9163208
v -834.2715454 -233.9974060 -70.8089600
v -834.2715454 -230.3973999 -70.8089600
v -834.2715454 -226.7973938 -70.8089600
v -834.4306030 -233.9974060 -70.7191162
v -834.4306030 -230.3973999 -70.7191162
v -834.4306030 -226.7973938 -70.7191162
v -834.5988770 -233.9974060 -70.6480103
v -834.5988770 -230.3973999 -70.6480103
v -834.5988770 -226.7973938 -70.6480103
v -834.7741699 -233.9974060 -70.5965271
v -834.7741699 -230.3973999 -70.5965271
v -834.7741699 -226.7973938 -70.5965271
v -834.9541626 -233.9974060 -70.5653687
v -834.9541626 -230.3973999 -70.5653687
v -834.9541626 -226.7973938 -70.5653687
v -810.4365845 -223.1974030 -77.9049377
v -810.4365845 -223.1974030 -45.9049377
v -810.4365845 -237.5974121 -45.9049377
v -810.4365845 -237.5974121 -77.9049377
v -840.4365845 -223.1974030 -77.9049683
v -840.4365845 -237.5974121 -77.9049683
v -840.4365845 -223.1974030 -45.9049377
v -840.4365845 -237.5974121 -45.9049377
v -834.4365845 -216.6974182 39.8958740
v -834.4365845 -216.6974182 44.8958740
v -834.4365845 -211.6974182 44.8958740
v -834.4365845 -211.6974182 39.8958740
v -816.4365845 -216.6974182 39.8958740
v -816.4365845 -211.6974182 39.8958740
v -816.4365845 -216.6974182 44.8958740
v -816.4365845 -211.6974182 44.8958740
v -811.4365845 -216.6974182 44.8958740
v -811.4365845 -244.6974182 44.8958740
v -811.4365845 -244.6974182 14.8958740
v -811.4365845 -216.6974030 14.8958740
v -839.4365845 -216.6974030 14.8958740
v -839.4365845 -216.6974182 44.8958740
v -839.4365845 -244.6974182 44.8958740
v -839.4365845 -244.6974182 14.8958740
v -816.4365845 -215.6974030 -60.0549316
v -816.2625732 -215.6974030 -60.1106262
v -816.0960693 -215.6974030 -60.1857910
v -815.9392090 -215.6974030 -60.2794495
v -815.7940674 -215.6974030 -60.3903809
v -815.6625366 -215.6974030 -60.5171204
v -815.5462646 -215.6974030 -60.6580200
v -815.4468384 -215.6974030 -60.8112793
v -815.3655396 -215.6974030 -60.9748535
v -815.3033447 -215.6974030 -61.1466675
v -815.2612305 -215.6974030 -61.3244019
v -815.2395630 -215.6974030 -61.5057983
v -815.2388306 -215.6974030 -61.6885071
v -815.2588501 -215.6974030 -61.8700867
v -815.2994385 -215.6974030 -62.0481873
v -815.3600464 -215.6974030 -62.2205200
v -815.4399414 -215.6974030 -62.3848267
v -815.5380249 -215.6974030 -62.5389404
v -815.6530762 -215.6974030 -62.6808472
v -815.7835083 -215.6974030 -62.8087463
v -815.9277344 -215.6974030 -62.9209290
v -816.0837402 -215.6974030 -63.0159302
v -816.2495728 -215.6974030 -63.0925598
v -816.4230957 -215.6974030 -63.1497803
v -816.6019897 -215.6974030 -63.1868286
v -816.7838745 -215.6974030 -63.2032471
v -816.9665527 -215.6974030 -63.1988525
v -817.1474609 -215.6974030 -63.1736145
v -817.3244019 -215.6974030 -63.1279602
v -817.4948730 -215.6974030 -63.0624084
v -817.6567993 -215.6974030 -62.9778748
v -817.8080444 -215.6974030 -62.8754272
v -817.9466553 -215.6974030 -62.7563782
v -818.0707397 -215.6974030 -62.6223145
v -818.1787720 -215.6974030 -62.4750061
v -818.2693481 -215.6974030 -62.3163452
v -818.3411865 -215.6974030 -62.1483765
v -818.3933716 -215.6974030 -61.9733276
v -818.4253540 -215.6974030 -61.7934265
v -818.4365845 -215.6974030 -61.6110840
v -818.4269409 -215.6974030 -61.4286499
v -818.3965454 -215.6974030 -61.2485352
v -818.3458862 -215.6974030 -61.0729980
v -818.2754517 -215.6974030 -60.9044189
v -818.1863403 -215.6974030 -60.7449646
v -818.0795898 -215.6974030 -60.5967102
v -817.9566650 -215.6974030 -60.4615784
v -817.8191528 -215.6974030 -60.3413696
v -817.6687622 -215.6974030 -60.2375793
v -817.5075684 -215.6974030 -60.1516113
v -817.3376465 -215.6974030 -60.0845947
v -817.1611328 -215.6974030 -60.0373840
v -816.9804077 -215.6974030 -60.0106201
v -816.7978516 -215.6974030 -60.0045776
v -816.6157837 -215.6974030 -60.0194092
v -834.4365845 -215.6974030 -63.1533203
v -834.6105347 -215.6974030 -63.0976257
v -834.7770386 -215.6974030 -63.0224609
v -834.9338989 -215.6974030 -62.9288025
v -835.0790405 -215.6974030 -62.8178711
v -835.2106323 -215.6974030 -62.6911316
v -835.3269043 -215.6974030 -62.5502319
v -835.4263306 -215.6974030 -62.3969727
v -835.5076294 -215.6974030 -62.2333679
v -835.5697632 -215.6974030 -62.0615845
v -835.6119385 -215.6974030 -61.8838196
v -835.6335449 -215.6974030 -61.7024231
v -835.6343384 -215.6974030 -61.5197449
v -835.6143188 -215.6974030 -61.3381653
v -835.5737305 -215.6974030 -61.1600342
v -835.5130615 -215.6974030 -60.9877319
v -835.4331665 -215.6974030 -60.8234253
v -835.3350830 -215.6974030 -60.6693115
v -835.2200317 -215.6974030 -60.5274048
v -835.0895996 -215.6974030 -60.3995056
v -834.9454346 -215.6974030 -60.2873230
v -834.7893677 -215.6974030 -60.1922913
v -834.6235962 -215.6974030 -60.1156921
v -834.4500732 -215.6974030 -60.0584717
v -834.2711792 -215.6974030 -60.0214233
v -834.0892334 -215.6974030 -60.0050049
v -833.9066162 -215.6974030 -60.0093994
v -833.7256470 -215.6974030 -60.0346069
v -833.5487671 -215.6974030 -60.0802917
v -833.3782349 -215.6974030 -60.1458130
v -833.2163086 -215.6974030 -60.2303772
v -833.0650635 -215.6974030 -60.3328247
v -832.9264526 -215.6974030 -60.4518433
v -832.8023682 -215.6974030 -60.5859070
v -832.6943359 -215.6974030 -60.7332458
v -832.6038208 -215.6974030 -60.8919067
v -832.5319824 -215.6974030 -61.0598755
v -832.4797363 -215.6974030 -61.2349243
v -832.4478149 -215.6974030 -61.4147949
v -832.4365845 -215.6974030 -61.5971375
v -832.4462280 -215.6974030 -61.7795715
v -832.4766235 -215.6974030 -61.9597168
v -832.5272827 -215.6974030 -62.1352234
v -832.5976562 -215.6974030 -62.3038025
v -832.6868286 -215.6974030 -62.4632568
v -832.7935181 -215.6974030 -62.6115417
v -832.9164429 -215.6974030 -62.7466431
v -833.0540161 -215.6974030 -62.8668823
v -833.2044067 -215.6974030 -62.9706726
v -833.3655396 -215.6974030 -63.0566406
v -833.5355225 -215.6974030 -63.1236572
v -833.7119751 -215.6974030 -63.1708374
v -833.8927002 -215.6974030 -63.1976318
v -834.0752563 -215.6974030 -63.2036743
v -834.2573853 -215.6974030 -63.1888123
v -834.4365845 -215.6974030 -8.0533142
v -834.6105347 -215.6974030 -7.9976196
v -834.7770386 -215.6974030 -7.9224548
v -834.9338989 -215.6974030 -7.8287964
v -835.0790405 -215.6974030 -7.7178955
v -835.2106323 -215.6974030 -7.5911255
v -835.3269043 -215.6974030 -7.4502258
v -835.4263306 -215.6974030 -7.2969666
v -835.5076294 -215.6974030 -7.1333618
v -835.5697632 -215.6974030 -6.9615784
v -835.6119385 -215.6974030 -6.7838135
v -835.6335449 -215.6974030 -6.6024170
v -835.6343384 -215.6974030 -6.4197388
v -835.6143188 -215.6974030 -6.2381592
v -835.5737305 -215.6974030 -6.0600586
v -835.5130615 -215.6974030 -5.8877258
v -835.4331665 -215.6974030 -5.7234497
v -835.3350830 -215.6974030 -5.5693359
v -835.2200317 -215.6974030 -5.4273987
v -835.0895996 -215.6974030 -5.2994995
v -834.9454346 -215.6974030 -5.1873169
v -834.7893677 -215.6974030 -5.0922852
v -834.6235962 -215.6974030 -5.0156860
v -834.4500732 -215.6974030 -4.9584961
v -834.2711792 -215.6974030 -4.9214172
v -834.0892334 -215.6974030 -4.9049988
v -833.9066162 -215.6974030 -4.9094238
v -833.7256470 -215.6974030 -4.9346313
v -833.5487671 -215.6974030 -4.9802856
v -833.3782349 -215.6974030 -5.0458374
v -833.2163086 -215.6974030 -5.1303711
v -833.0650635 -215.6974030 -5.2328491
v -832.9264526 -215.6974030 -5.3518677
v -832.8023682 -215.6974030 -5.4859009
v -832.6943359 -215.6974030 -5.6332397
v -832.6038208 -215.6974030 -5.7919312
v -832.5319824 -215.6974030 -5.9598999
v -832.4797363 -215.6974030 -6.1349487
v -832.4478149 -215.6974030 -6.3148193
v -832.4365845 -215.6974030 -6.4971619
v -832.4462280 -215.6974030 -6.6795654
v -832.4766235 -215.6974030 -6.8597412
v -832.5272827 -215.6974030 -7.0352173
v -832.5976562 -215.6974030 -7.2037964
v -832.6868286 -215.6974030 -7.3632812
v -832.7935181 -215.6974030 -7.5115356
v -832.9165039 -215.6974030 -7.6466675
v -833.0540161 -215.6974030 -7.7669067
v -833.2044067 -215.6974030 -7.8706665
v -833.3655396 -215.6974030 -7.9566345
v -833.5355225 -215.6974030 -8.0236511
v -833.7119751 -215.6974030 -8.0708618
v -833.8927002 -215.6974030 -8.0976562
v -834.0752563 -215.6974030 -8.1036682
v -834.2573853 -215.6974030 -8.0888062
v -818.4365845 -215.6974030 -6.5041199
v -818.4261475 -215.6974030 -6.3217163
v -818.3949585 -215.6974030 -6.1417236
v -818.3435669 -215.6974030 -5.9664307
v -818.2723999 -215.6974030 -5.7981567
v -818.1825562 -215.6974030 -5.6390991
v -818.0751953 -215.6974030 -5.4913025
v -817.9516602 -215.6974030 -5.3566895
v -817.8135986 -215.6974030 -5.2370605
v -817.6627808 -215.6974030 -5.1339722
v -817.5012207 -215.6974030 -5.0487061
v -817.3309937 -215.6974030 -4.9824219
v -817.1543579 -215.6974030 -4.9359741
v -816.9735107 -215.6974030 -4.9099731
v -816.7908936 -215.6974030 -4.9047852
v -816.6088867 -215.6974030 -4.9204102
v -816.4298096 -215.6974030 -4.9566650
v -816.2561035 -215.6974030 -5.0131226
v -816.0899048 -215.6974030 -5.0890198
v -815.9334717 -215.6974030 -5.1833496
v -815.7888184 -215.6974030 -5.2949219
v -815.6577759 -215.6974030 -5.4222412
v -815.5421753 -215.6974030 -5.5636597
v -815.4434204 -215.6974030 -5.7173462
v -815.3627930 -215.6974030 -5.8812866
v -815.3013916 -215.6974030 -6.0533447
v -815.2600098 -215.6974030 -6.2312927
v -815.2391968 -215.6974030 -6.4127808
v -815.2391968 -215.6974030 -6.5954590
v -815.2600098 -215.6974030 -6.7769470
v -815.3013916 -215.6974030 -6.9548950
v -815.3627930 -215.6974030 -7.1269531
v -815.4434204 -215.6974030 -7.2908936
v -815.5421753 -215.6974030 -7.4445801
v -815.6577759 -215.6974030 -7.5859985
v -815.7888184 -215.6974030 -7.7133179
v -815.9334717 -215.6974030 -7.8248901
v -816.0899048 -215.6974030 -7.9192200
v -816.2561035 -215.6974030 -7.9951172
v -816.4298096 -215.6974030 -8.0515442
v -816.6088867 -215.6974030 -8.0878296
v -816.7908936 -215.6974030 -8.1034546
v -816.9735107 -215.6974030 -8.0982666
v -817.1543579 -215.6974030 -8.0722656
v -817.3309937 -215.6974030 -8.0258179
v -817.5012207 -215.6974030 -7.9595337
v -817.6627808 -215.6974030 -7.8742676
v -817.8135986 -215.6974030 -7.7711792
v -817.9516602 -215.6974030 -7.6515198
v -818.0751953 -215.6974030 -7.5169373
v -818.1825562 -215.6974030 -7.3691406
v -818.2723999 -215.6974030 -7.2100830
v -818.3435669 -215.6974030 -7.0418091
v -818.3949585 -215.6974030 -6.8665161
v -818.4261475 -215.6974030 -6.6865234
v -812.4365845 -215.6974030 -76.4041138
v -812.4365845 -215.6974030 8.8958740
v -838.4365845 -215.6974030 8.8958740
v -838.4365845 -215.6974030 -76.4041138
v -816.8366089 -209.6974030 -4.9041138
v -816.6541748 -209.6974030 -4.9145508
v -816.4741821 -209.6974030 -4.9457092
v -816.2988892 -209.6974030 -4.9971619
v -816.1306152 -209.6974030 -5.0682983
v -815.9715576 -209.6974030 -5.1581116
v -815.8237915 -209.6974030 -5.2655029
v -815.6891479 -209.6974030 -5.3890076
v -815.5695190 -209.6974030 -5.5270996
v -815.4664307 -209.6974030 -5.6778870
v -815.3811646 -209.6974030 -5.8394470
v -815.3148804 -209.6974030 -6.0097046
v -815.2684326 -209.6974030 -6.1863708
v -815.2424316 -209.6974030 -6.3671875
v -815.2372437 -209.6974030 -6.5498047
v -815.2528687 -209.6974030 -6.7318115
v -815.2891235 -209.6974030 -6.9108582
v -815.3455811 -209.6974030 -7.0845947
v -815.4214478 -209.6974030 -7.2507935
v -815.5158081 -209.6974030 -7.4072266
v -815.6273804 -209.6974030 -7.5518799
v -815.7546997 -209.6974030 -7.6829224
v -815.8961182 -209.6974030 -7.7985535
v -816.0498047 -209.6974030 -7.8973083
v -816.2137451 -209.6974030 -7.9779053
v -816.3858032 -209.6974030 -8.0393066
v -816.5637207 -209.6974030 -8.0806885
v -816.7452393 -209.6974030 -8.1015015
v -816.9279175 -209.6974030 -8.1015015
v -817.1094360 -209.6974030 -8.0806885
v -817.2873535 -209.6974030 -8.0393066
v -817.4594116 -209.6974030 -7.9779053
v -817.6233521 -209.6974030 -7.8973083
v -817.7770386 -209.6974030 -7.7985535
v -817.9184570 -209.6974030 -7.6829224
v -818.0457764 -209.6974030 -7.5518799
v -818.1573486 -209.6974030 -7.4072266
v -818.2516479 -209.6974030 -7.2507935
v -818.3275757 -209.6974030 -7.0845947
v -818.3840332 -209.6974030 -6.9108582
v -818.4202881 -209.6974030 -6.7318115
v -818.4359131 -209.6974030 -6.5498047
v -818.4307251 -209.6974030 -6.3671875
v -818.4047241 -209.6974030 -6.1863708
v -818.3582764 -209.6974030 -6.0097046
v -818.2919922 -209.6974030 -5.8394470
v -818.2067261 -209.6974030 -5.6778870
v -818.1036377 -209.6974030 -5.5270996
v -817.9840088 -209.6974030 -5.3890076
v -817.8494263 -209.6974030 -5.2655029
v -817.7015991 -209.6974030 -5.1581116
v -817.5425415 -209.6974030 -5.0682983
v -817.3742676 -209.6974030 -4.9971619
v -817.1989746 -209.6974030 -4.9457092
v -817.0189819 -209.6974030 -4.9145508
v -816.8366089 -212.6974030 -4.9041138
v -818.4359131 -212.6974030 -6.5498047
v -818.4307251 -212.6974030 -6.3671875
v -818.4202881 -212.6974030 -6.7318115
v -818.3840332 -212.6974030 -6.9108582
v -818.3275757 -212.6974030 -7.0845947
v -818.2516479 -212.6974030 -7.2507935
v -818.1573486 -212.6974030 -7.4072266
v -818.0457764 -212.6974030 -7.5518799
v -817.9184570 -212.6974030 -7.6829224
v -817.7770386 -212.6974030 -7.7985535
v -817.6233521 -212.6974030 -7.8973083
v -817.4594116 -212.6974030 -7.9779053
v -817.2873535 -212.6974030 -8.0393066
v -817.1094360 -212.6974030 -8.0806885
v -816.9279175 -212.6974030 -8.1015015
v -816.7452393 -212.6974030 -8.1015015
v -816.5637207 -212.6974030 -8.0806885
v -816.3858032 -212.6974030 -8.0393066
v -816.2137451 -212.6974030 -7.9779053
v -816.0498047 -212.6974030 -7.8973083
v -815.8961182 -212.6974030 -7.7985535
v -815.7546997 -212.6974030 -7.6829224
v -815.6273804 -212.6974030 -7.5518799
v -815.5158081 -212.6974030 -7.4072266
v -815.4214478 -212.6974030 -7.2507935
v -815.3455811 -212.6974030 -7.0845947
v -815.2891235 -212.6974030 -6.9108582
v -815.2528687 -212.6974030 -6.7318115
v -815.2372437 -212.6974030 -6.5498047
v -815.2424316 -212.6974030 -6.3671875
v -815.2684326 -212.6974030 -6.1863708
v -815.3148804 -212.6974030 -6.0097046
v -815.3811646 -212.6974030 -5.8394470
v -815.4664307 -212.6974030 -5.6778870
v -815.5695190 -212.6974030 -5.5270996
v -815.6891479 -212.6974030 -5.3890076
v -815.8237915 -212.6974030 -5.2655029
v -815.9715576 -212.6974030 -5.1581116
v -816.1306152 -212.6974030 -5.0682983
v -816.2988892 -212.6974030 -4.9971619
v -816.4741821 -212.6974030 -4.9457092
v -816.6541748 -212.6974030 -4.9145508
v -817.0189819 -212.6974030 -4.9145508
v -817.1989746 -212.6974030 -4.9457092
v -817.3742676 -212.6974030 -4.9971619
v -817.5425415 -212.6974030 -5.0682983
v -817.7015991 -212.6974030 -5.1581116
v -817.8494263 -212.6974030 -5.2655029
v -817.9840088 -212.6974030 -5.3890076
v -818.1036377 -212.6974030 -5.5270996
v -818.2067261 -212.6974030 -5.6778870
v -818.2919922 -212.6974030 -5.8394470
v -818.3582764 -212.6974030 -6.0097046
v -818.4047241 -212.6974030 -6.1863708
v -834.0365601 -209.6974030 -60.0041199
v -833.8541870 -209.6974030 -60.0145569
v -833.6741943 -209.6974030 -60.0457153
v -833.4989014 -209.6974030 -60.0971680
v -833.3306274 -209.6974030 -60.1682739
v -833.1715698 -209.6974030 -60.2581177
v -833.0237427 -209.6974030 -60.3654785
v -832.8891602 -209.6974030 -60.4890137
v -832.7695312 -209.6974030 -60.6270752
v -832.6664429 -209.6974030 -60.7778931
v -832.5811768 -209.6974030 -60.9394531
v -832.5148926 -209.6974030 -61.1096802
v -832.4684448 -209.6974030 -61.2863770
v -832.4424438 -209.6974030 -61.4671936
v -832.4371948 -209.6974030 -61.6498108
v -832.4528198 -209.6974030 -61.8318176
v -832.4891357 -209.6974030 -62.0108643
v -832.5455933 -209.6974030 -62.1846313
v -832.6215210 -209.6974030 -62.3507996
v -832.7158203 -209.6974030 -62.5072327
v -832.8273926 -209.6974030 -62.6519165
v -832.9547119 -209.6974030 -62.7828979
v -833.0961304 -209.6974030 -62.8985596
v -833.2498169 -209.6974030 -62.9973145
v -833.4137573 -209.6974030 -63.0779114
v -833.5858154 -209.6974030 -63.1393127
v -833.7637329 -209.6974030 -63.1806946
v -833.9452515 -209.6974030 -63.2015076
v -834.1279297 -209.6974030 -63.2015076
v -834.3093872 -209.6974030 -63.1806946
v -834.4873657 -209.6974030 -63.1393127
v -834.6594238 -209.6974030 -63.0779114
v -834.8233643 -209.6974030 -62.9973145
v -834.9770508 -209.6974030 -62.8985596
v -835.1184692 -209.6974030 -62.7828979
v -835.2457886 -209.6974030 -62.6519165
v -835.3573608 -209.6974030 -62.5072327
v -835.4516602 -209.6974030 -62.3507996
v -835.5275269 -209.6974030 -62.1846313
v -835.5840454 -209.6974030 -62.0108643
v -835.6203003 -209.6974030 -61.8318176
v -835.6359253 -209.6974030 -61.6498108
v -835.6306763 -209.6974030 -61.4671936
v -835.6046753 -209.6974030 -61.2863770
v -835.5582886 -209.6974030 -61.1096802
v -835.4920044 -209.6974030 -60.9394531
v -835.4067383 -209.6974030 -60.7778931
v -835.3036499 -209.6974030 -60.6270752
v -835.1840210 -209.6974030 -60.4890137
v -835.0493774 -209.6974030 -60.3654785
v -834.9016113 -209.6974030 -60.2581177
v -834.7424927 -209.6974030 -60.1682739
v -834.5742798 -209.6974030 -60.0971680
v -834.3989868 -209.6974030 -60.0457153
v -834.2189331 -209.6974030 -60.0145569
v -834.0365601 -212.6974030 -60.0041199
v -834.3093872 -212.6974030 -63.1806946
v -834.4873657 -212.6974030 -63.1393127
v -834.1279297 -212.6974030 -63.2015076
v -833.9452515 -212.6974030 -63.2015076
v -833.7637329 -212.6974030 -63.1806946
v -833.5858154 -212.6974030 -63.1393127
v -833.4137573 -212.6974030 -63.0779114
v -833.2498169 -212.6974030 -62.9973145
v -833.0961304 -212.6974030 -62.8985596
v -832.9547119 -212.6974030 -62.7828979
v -832.8273926 -212.6974030 -62.6519165
v -832.7158203 -212.6974030 -62.5072327
v -832.6215210 -212.6974030 -62.3507996
v -832.5455933 -212.6974030 -62.1846313
v -832.4891357 -212.6974030 -62.0108643
v -832.4528198 -212.6974030 -61.8318176
v -832.4371948 -212.6974030 -61.6498108
v -832.4424438 -212.6974030 -61.4671936
v -832.4684448 -212.6974030 -61.2863770
v -832.5148926 -212.6974030 -61.1096802
v -832.5811768 -212.6974030 -60.9394531
v -832.6664429 -212.6974030 -60.7778931
v -832.7695312 -212.6974030 -60.6270752
v -832.8891602 -212.6974030 -60.4890137
v -833.0237427 -212.6974030 -60.3654785
v -833.1715698 -212.6974030 -60.2581177
v -833.3306274 -212.6974030 -60.1682739
v -833.4989014 -212.6974030 -60.0971680
v -833.6741943 -212.6974030 -60.0457153
v -833.8541870 -212.6974030 -60.0145569
v -834.2189331 -212.6974030 -60.0145569
v -834.3989868 -212.6974030 -60.0457153
v -834.5742798 -212.6974030 -60.0971680
v -834.7424927 -212.6974030 -60.1682739
v -834.9016113 -212.6974030 -60.2581177
v -835.0493774 -212.6974030 -60.3654785
v -835.1840210 -212.6974030 -60.4890137
v -835.3036499 -212.6974030 -60.6270752
v -835.4067383 -212.6974030 -60.7778931
v -835.4920044 -212.6974030 -60.9394531
v -835.5582886 -212.6974030 -61.1096802
v -835.6046753 -212.6974030 -61.2863770
v -835.6306763 -212.6974030 -61.4671936
v -835.6359253 -212.6974030 -61.6498108
v -835.6203003 -212.6974030 -61.8318176
v -835.5840454 -212.6974030 -62.0108643
v -835.5275269 -212.6974030 -62.1846313
v -835.4516602 -212.6974030 -62.3507996
v -835.3573608 -212.6974030 -62.5072327
v -835.2457886 -212.6974030 -62.6519165
v -835.1184692 -212.6974030 -62.7828979
v -834.9770508 -212.6974030 -62.8985596
v -834.8233643 -212.6974030 -62.9973145
v -834.6594238 -212.6974030 -63.0779114
v -834.0365601 -209.6974030 -4.9041138
v -833.8541870 -209.6974030 -4.9145508
v -833.6741943 -209.6974030 -4.9457092
v -833.4989014 -209.6974030 -4.9971924
v -833.3306274 -209.6974030 -5.0682983
v -833.1715698 -209.6974030 -5.1581116
v -833.0237427 -209.6974030 -5.2655029
v -832.8891602 -209.6974030 -5.3890381
v -832.7695312 -209.6974030 -5.5270996
v -832.6664429 -209.6974030 -5.6778870
v -832.5811768 -209.6974030 -5.8394775
v -832.5148926 -209.6974030 -6.0097046
v -832.4684448 -209.6974030 -6.1863708
v -832.4424438 -209.6974030 -6.3672180
v -832.4371948 -209.6974030 -6.5498047
v -832.4528809 -209.6974030 -6.7318420
v -832.4891357 -209.6974030 -6.9108887
v -832.5455933 -209.6974030 -7.0846252
v -832.6215210 -209.6974030 -7.2507935
v -832.7158203 -209.6974030 -7.4072266
v -832.8273926 -209.6974030 -7.5519104
v -832.9547119 -209.6974030 -7.6829224
v -833.0961304 -209.6974030 -7.7985535
v -833.2498169 -209.6974030 -7.8973389
v -833.4137573 -209.6974030 -7.9779358
v -833.5858154 -209.6974030 -8.0393066
v -833.7637329 -209.6974030 -8.0806885
v -833.9452515 -209.6974030 -8.1015015
v -834.1279297 -209.6974030 -8.1015015
v -834.3093872 -209.6974030 -8.0806885
v -834.4873657 -209.6974030 -8.0393066
v -834.6594238 -209.6974030 -7.9779358
v -834.8233643 -209.6974030 -7.8973389
v -834.9770508 -209.6974030 -7.7985535
v -835.1184692 -209.6974030 -7.6829224
v -835.2457886 -209.6974030 -7.5519104
v -835.3573608 -209.6974030 -7.4072266
v -835.4516602 -209.6974030 -7.2507935
v -835.5275269 -209.6974030 -7.0846252
v -835.5840454 -209.6974030 -6.9108887
v -835.6203003 -209.6974030 -6.7318420
v -835.6359253 -209.6974030 -6.5498047
v -835.6306763 -209.6974030 -6.3672180
v -835.6046753 -209.6974030 -6.1863708
v -835.5582886 -209.6974030 -6.0097046
v -835.4920044 -209.6974030 -5.8394775
v -835.4067383 -209.6974030 -5.6778870
v -835.3036499 -209.6974030 -5.5270996
v -835.1840210 -209.6974030 -5.3890381
v -835.0493774 -209.6974030 -5.2655029
v -834.9016113 -209.6974030 -5.1581116
v -834.7424927 -209.6974030 -5.0682983
v -834.5742798 -209.6974030 -4.9971924
v -834.3989868 -209.6974030 -4.9457092
v -834.2189331 -209.6974030 -4.9145508
v -834.0365601 -212.6974030 -4.9041138
v -834.3093872 -212.6974030 -8.0806885
v -834.4873657 -212.6974030 -8.0393066
v -834.1279297 -212.6974030 -8.1015015
v -833.9452515 -212.6974030 -8.1015015
v -833.7637329 -212.6974030 -8.0806885
v -833.5858154 -212.6974030 -8.0393066
v -833.4137573 -212.6974030 -7.9779358
v -833.2498169 -212.6974030 -7.8973389
v -833.0961304 -212.6974030 -7.7985535
v -832.9547119 -212.6974030 -7.6829224
v -832.8273926 -212.6974030 -7.5519104
v -832.7158203 -212.6974030 -7.4072266
v -832.6215210 -212.6974030 -7.2507935
v -832.5455933 -212.6974030 -7.0846252
v -832.4891357 -212.6974030 -6.9108887
v -832.4528809 -212.6974030 -6.7318420
v -832.4371948 -212.6974030 -6.5498047
v -832.4424438 -212.6974030 -6.3672180
v -832.4684448 -212.6974030 -6.1863708
v -832.5148926 -212.6974030 -6.0097046
v -832.5811768 -212.6974030 -5.8394775
v -832.6664429 -212.6974030 -5.6778870
v -832.7695312 -212.6974030 -5.5270996
v -832.8891602 -212.6974030 -5.3890381
v -833.0237427 -212.6974030 -5.2655029
v -833.1715698 -212.6974030 -5.1581116
v -833.3306274 -212.6974030 -5.0682983
v -833.4989014 -212.6974030 -4.9971924
v -833.6741943 -212.6974030 -4.9457092
v -833.8541870 -212.6974030 -4.9145508
v -834.2189331 -212.6974030 -4.9145508
v -834.3989868 -212.6974030 -4.9457092
v -834.5742798 -212.6974030 -4.9971924
v -834.7424927 -212.6974030 -5.0682983
v -834.9016113 -212.6974030 -5.1581116
v -835.0493774 -212.6974030 -5.2655029
v -835.1840210 -212.6974030 -5.3890381
v -835.3036499 -212.6974030 -5.5270996
v -835.4067383 -212.6974030 -5.6778870
v -835.4920044 -212.6974030 -5.8394775
v -835.5582886 -212.6974030 -6.0097046
v -835.6046753 -212.6974030 -6.1863708
v -835.6306763 -212.6974030 -6.3672180
v -835.6359253 -212.6974030 -6.5498047
v -835.6203003 -212.6974030 -6.7318420
v -835.5840454 -212.6974030 -6.9108887
v -835.5275269 -212.6974030 -7.0846252
v -835.4516602 -212.6974030 -7.2507935
v -835.3573608 -212.6974030 -7.4072266
v -835.2457886 -212.6974030 -7.5519104
v -835.1184692 -212.6974030 -7.6829224
v -834.9770508 -212.6974030 -7.7985535
v -834.8233643 -212.6974030 -7.8973389
v -834.6594238 -212.6974030 -7.9779358
v -816.8366089 -209.6974030 -60.0041199
v -816.6541748 -209.6974030 -60.0145569
v -816.4741821 -209.6974030 -60.0457153
v -816.2988892 -209.6974030 -60.0971680
v -816.1306152 -209.6974030 -60.1682739
v -815.9715576 -209.6974030 -60.2581177
v -815.8237305 -209.6974030 -60.3654785
v -815.6891479 -209.6974030 -60.4890137
v -815.5695190 -209.6974030 -60.6270752
v -815.4664307 -209.6974030 -60.7778931
v -815.3811646 -209.6974030 -60.9394531
v -815.3148804 -209.6974030 -61.1096802
v -815.2684326 -209.6974030 -61.2863770
v -815.2424316 -209.6974030 -61.4671936
v -815.2372437 -209.6974030 -61.6498108
v -815.2528687 -209.6974030 -61.8318176
v -815.2891235 -209.6974030 -62.0108643
v -815.3455811 -209.6974030 -62.1846313
v -815.4214478 -209.6974030 -62.3507690
v -815.5158081 -209.6974030 -62.5072327
v -815.6273804 -209.6974030 -62.6519165
v -815.7546997 -209.6974030 -62.7828979
v -815.8961182 -209.6974030 -62.8985596
v -816.0498047 -209.6974030 -62.9973145
v -816.2137451 -209.6974030 -63.0779114
v -816.3858032 -209.6974030 -63.1393127
v -816.5637207 -209.6974030 -63.1806946
v -816.7452393 -209.6974030 -63.2015076
v -816.9279175 -209.6974030 -63.2015076
v -817.1094360 -209.6974030 -63.1806946
v -817.2873535 -209.6974030 -63.1393127
v -817.4594116 -209.6974030 -63.0779114
v -817.6233521 -209.6974030 -62.9973145
v -817.7770386 -209.6974030 -62.8985596
v -817.9184570 -209.6974030 -62.7828979
v -818.0457764 -209.6974030 -62.6519165
v -818.1573486 -209.6974030 -62.5072327
v -818.2516479 -209.6974030 -62.3507996
v -818.3275757 -209.6974030 -62.1846313
v -818.3839722 -209.6974030 -62.0108643
v -818.4202881 -209.6974030 -61.8318176
v -818.4359131 -209.6974030 -61.6498108
v -818.4307251 -209.6974030 -61.4671936
v -818.4047241 -209.6974030 -61.2863770
v -818.3582764 -209.6974030 -61.1096802
v -818.2919922 -209.6974030 -60.9394531
v -818.2067261 -209.6974030 -60.7778931
v -818.1036377 -209.6974030 -60.6270752
v -817.9839478 -209.6974030 -60.4890137
v -817.8494263 -209.6974030 -60.3654785
v -817.7015991 -209.6974030 -60.2581177
v -817.5425415 -209.6974030 -60.1682739
v -817.3742676 -209.6974030 -60.0971680
v -817.1989746 -209.6974030 -60.0457153
v -817.0189819 -209.6974030 -60.0145569
v -816.8366089 -212.6974030 -60.0041199
v -816.4741821 -212.6974030 -60.0457153
v -816.2988892 -212.6974030 -60.0971680
v -816.6541748 -212.6974030 -60.0145569
v -817.0189819 -212.6974030 -60.0145569
v -817.1989746 -212.6974030 -60.0457153
v -817.3742676 -212.6974030 -60.0971680
v -817.5425415 -212.6974030 -60.1682739
v -817.7015991 -212.6974030 -60.2581177
v -817.8494263 -212.6974030 -60.3654785
v -817.9839478 -212.6974030 -60.4890137
v -818.1036377 -212.6974030 -60.6270752
v -818.2067261 -212.6974030 -60.7778931
v -818.2919922 -212.6974030 -60.9394531
v -818.3582764 -212.6974030 -61.1096802
v -818.4047241 -212.6974030 -61.2863770
v -818.4307251 -212.6974030 -61.4671936
v -818.4359131 -212.6974030 -61.6498108
v -818.4202881 -212.6974030 -61.8318176
v -818.3839722 -212.6974030 -62.0108643
v -818.3275757 -212.6974030 -62.1846313
v -818.2516479 -212.6974030 -62.3507996
v -818.1573486 -212.6974030 -62.5072327
v -818.0457764 -212.6974030 -62.6519165
v -817.9184570 -212.6974030 -62.7828979
v -817.7770386 -212.6974030 -62.8985596
v -817.6233521 -212.6974030 -62.9973145
v -817.4594116 -212.6974030 -63.0779114
v -817.2873535 -212.6974030 -63.1393127
v -817.1094360 -212.6974030 -63.1806946
v -816.9279175 -212.6974030 -63.2015076
v -816.7452393 -212.6974030 -63.2015076
v -816.5637207 -212.6974030 -63.1806946
v -816.3858032 -212.6974030 -63.1393127
v -816.2137451 -212.6974030 -63.0779114
v -816.0498047 -212.6974030 -62.9973145
v -815.8961182 -212.6974030 -62.8985596
v -815.7546997 -212.6974030 -62.7828979
v -815.6273804 -212.6974030 -62.6519165
v -815.5158081 -212.6974030 -62.5072327
v -815.4214478 -212.6974030 -62.3507690
v -815.3455811 -212.6974030 -62.1846313
v -815.2891235 -212.6974030 -62.0108643
v -815.2528687 -212.6974030 -61.8318176
v -815.2372437 -212.6974030 -61.6498108
v -815.2424316 -212.6974030 -61.4671936
v -815.2684326 -212.6974030 -61.2863770
v -815.3148804 -212.6974030 -61.1096802
v -815.3811646 -212.6974030 -60.9394531
v -815.4664307 -212.6974030 -60.7778931
v -815.5695190 -212.6974030 -60.6270752
v -815.6891479 -212.6974030 -60.4890137
v -815.8237305 -212.6974030 -60.3654785
v -815.9715576 -212.6974030 -60.2581177
v -816.1306152 -212.6974030 -60.1682739
v -840.4365845 -244.6974182 8.8958740
v -810.4365845 -244.6974182 8.8958740
v -810.4365845 -244.6974182 14.8958740
v -840.4365845 -244.6974182 14.8958740
v -838.4365845 -223.1974030 -76.4041138
v -838.4365845 -223.1974030 8.8958740
v -840.4365845 -223.1974030 8.8958740
v -840.4365845 -223.1974030 -76.4041138
v -812.4365845 -223.1974030 8.8958740
v -812.4365845 -223.1974030 -76.4041138
v -810.4365845 -223.1974030 -76.4041138
v -810.4365845 -223.1974030 8.8958740
v -810.4365845 -237.6974030 -76.4041138
v -810.4365845 -237.6974030 -82.4041138
v -810.4365845 -209.6974030 -82.4041138
v -810.4365845 -209.6974030 14.8958740
v -840.4365845 -237.6974030 -76.4041138
v -840.4365845 -237.6974030 -82.4041138
v -840.4365845 -209.6974030 -82.4041138
v -840.4365845 -209.6974030 14.8958740
v -787.8865356 -237.5974121 -71.4049377
v -787.8865356 -240.5974121 -71.4049377
v -791.9365845 -240.5974121 -71.4049377
v -791.9365845 -237.5974121 -71.4049377
v -787.8865967 -240.5974121 4.0168762
v -787.8967896 -240.5974121 4.2646179
v -787.9274902 -240.5974121 4.5106659
v -787.9783936 -240.5974121 4.7533264
v -788.0491333 -240.5974121 4.9909821
v -788.1392212 -240.5974121 5.2219696
v -788.2481689 -240.5974121 5.4447327
v -788.3750610 -240.5974121 5.6577148
v -788.5191650 -240.5974121 5.8595276
v -788.6793823 -240.5974121 6.0487366
v -788.8547363 -240.5974121 6.2240601
v -789.0439453 -240.5974121 6.3843079
v -789.2457275 -240.5974121 6.5283813
v -789.4587402 -240.5974121 6.6553040
v -789.6814575 -240.5974121 6.7641907
v -789.9124756 -240.5974121 6.8543396
v -790.1500854 -240.5974121 6.9250793
v -790.3927612 -240.5974121 6.9759674
v -790.6388550 -240.5974121 7.0066376
v -790.8865967 -240.5974121 7.0168762
v -805.3865967 -240.5974121 7.0168762
v -805.6343384 -240.5974121 7.0066376
v -805.8803711 -240.5974121 6.9759674
v -806.1230469 -240.5974121 6.9250793
v -806.3606567 -240.5974121 6.8543396
v -806.5916748 -240.5974121 6.7641907
v -806.8143921 -240.5974121 6.6553040
v -807.0274048 -240.5974121 6.5283813
v -807.2291870 -240.5974121 6.3843079
v -807.4183960 -240.5974121 6.2240601
v -807.5937500 -240.5974121 6.0487366
v -807.7539673 -240.5974121 5.8595276
v -807.8980713 -240.5974121 5.6577148
v -808.0249634 -240.5974121 5.4447327
v -808.1339111 -240.5974121 5.2219696
v -808.2240601 -240.5974121 4.9909821
v -808.2947388 -240.5974121 4.7533264
v -808.3456421 -240.5974121 4.5106659
v -808.3763428 -240.5974121 4.2646179
v -808.3865967 -240.5974121 4.0168762
v -808.3865356 -240.5974121 -44.9049377
v -808.3967896 -240.5974121 -45.0472412
v -808.4270630 -240.5974121 -45.1866760
v -808.4769287 -240.5974121 -45.3203735
v -808.5453491 -240.5974121 -45.4455872
v -808.6307983 -240.5974121 -45.5598145
v -808.7317505 -240.5974121 -45.6607056
v -808.8459473 -240.5974121 -45.7462158
v -808.9711304 -240.5974121 -45.8145752
v -809.1048584 -240.5974121 -45.8644409
v -809.2442627 -240.5974121 -45.8947754
v -809.3865356 -240.5974121 -45.9049377
v -839.4365845 -240.5974121 -45.9049377
v -839.5789185 -240.5974121 -45.9151306
v -839.7183228 -240.5974121 -45.9454346
v -839.8519897 -240.5974121 -45.9953003
v -839.9772339 -240.5974121 -46.0636902
v -840.0914307 -240.5974121 -46.1492004
v -840.1923218 -240.5974121 -46.2500916
v -840.2778320 -240.5974121 -46.3643188
v -840.3461914 -240.5974121 -46.4895325
v -840.3960571 -240.5974121 -46.6232300
v -840.4263916 -240.5974121 -46.7626343
v -840.4365845 -240.5974121 -46.9049377
v -840.4365845 -240.5974121 -76.9049683
v -840.4263916 -240.5974121 -77.0472717
v -840.3960571 -240.5974121 -77.1866760
v -840.3461914 -240.5974121 -77.3203735
v -840.2778320 -240.5974121 -77.4455872
v -840.1923218 -240.5974121 -77.5598145
v -840.0914307 -240.5974121 -77.6607056
v -839.9772339 -240.5974121 -77.7462158
v -839.8519897 -240.5974121 -77.8145752
v -839.7183228 -240.5974121 -77.8644409
v -839.5789185 -240.5974121 -77.8947754
v -839.4365845 -240.5974121 -77.9049683
v -793.9365845 -240.5974121 -77.9049377
v -793.7942505 -240.5974121 -77.8947754
v -793.6548462 -240.5974121 -77.8644409
v -793.5211792 -240.5974121 -77.8145752
v -793.3959351 -240.5974121 -77.7462158
v -793.2816772 -240.5974121 -77.6607056
v -793.1808472 -240.5974121 -77.5598145
v -793.0953369 -240.5974121 -77.4455872
v -793.0269165 -240.5974121 -77.3203735
v -792.9771118 -240.5974121 -77.1866760
v -792.9467163 -240.5974121 -77.0472412
v -792.9365845 -240.5974121 -76.9049377
v -792.9365845 -240.5974121 -72.4049377
v -792.9263916 -240.5974121 -72.2626343
v -792.8960571 -240.5974121 -72.1232300
v -792.8461914 -240.5974121 -71.9895325
v -792.7778320 -240.5974121 -71.8643188
v -792.6923218 -240.5974121 -71.7500916
v -792.5914307 -240.5974121 -71.6492004
v -792.4772339 -240.5974121 -71.5636902
v -792.3519897 -240.5974121 -71.4953003
v -792.2183228 -240.5974121 -71.4454346
v -792.0789185 -240.5974121 -71.4151306
v -792.4865723 -240.5974121 4.0168762
v -792.4761353 -240.5974121 4.1992645
v -792.4450073 -240.5974121 4.3792725
v -792.3934937 -240.5974121 4.5545654
v -792.3224487 -240.5974121 4.7228394
v -792.2326050 -240.5974121 4.8818970
v -792.1251831 -240.5974121 5.0296936
v -792.0016479 -240.5974121 5.1642914
v -791.8635864 -240.5974121 5.2839355
v -791.7128296 -240.5974121 5.3870392
v -791.5512085 -240.5974121 5.4722900
v -791.3810425 -240.5974121 5.5385742
v -791.2042847 -240.5974121 5.5850220
v -791.0234985 -240.5974121 5.6110229
v -790.8408813 -240.5974121 5.6162262
v -790.6588745 -240.5974121 5.6005859
v -790.4797974 -240.5974121 5.5643158
v -790.3060913 -240.5974121 5.5078735
v -790.1398926 -240.5974121 5.4319763
v -789.9834595 -240.5974121 5.3376465
v -789.8388062 -240.5974121 5.2260742
v -789.7078247 -240.5974121 5.0987549
v -789.5921631 -240.5974121 4.9573364
v -789.4933472 -240.5974121 4.8036499
v -789.4127808 -240.5974121 4.6397095
v -789.3513794 -240.5974121 4.4676514
v -789.3099976 -240.5974121 4.2897186
v -789.2891846 -240.5974121 4.1082153
v -789.2891846 -240.5974121 3.9255371
v -789.3099976 -240.5974121 3.7440491
v -789.3513794 -240.5974121 3.5661011
v -789.4127808 -240.5974121 3.3940430
v -789.4933472 -240.5974121 3.2301025
v -789.5921631 -240.5974121 3.0764160
v -789.7078247 -240.5974121 2.9349976
v -789.8388062 -240.5974121 2.8076782
v -789.9834595 -240.5974121 2.6961365
v -790.1398926 -240.5974121 2.6018066
v -790.3060913 -240.5974121 2.5259094
v -790.4797974 -240.5974121 2.4694519
v -790.6588745 -240.5974121 2.4331665
v -790.8408813 -240.5974121 2.4175415
v -791.0234985 -240.5974121 2.4227600
v -791.2042847 -240.5974121 2.4487305
v -791.3810425 -240.5974121 2.4951782
v -791.5512085 -240.5974121 2.5614624
v -791.7128296 -240.5974121 2.6467285
v -791.8635864 -240.5974121 2.7498474
v -792.0016479 -240.5974121 2.8694763
v -792.1251831 -240.5974121 3.0040588
v -792.2326050 -240.5974121 3.1518555
v -792.3224487 -240.5974121 3.3109131
v -792.3934937 -240.5974121 3.4791870
v -792.4450073 -240.5974121 3.6544800
v -792.4761353 -240.5974121 3.8345032
v -792.8865356 -240.5974121 -11.9049377
v -792.7442627 -240.5974121 -11.9151306
v -792.6048584 -240.5974121 -11.9454346
v -792.4711304 -240.5974121 -11.9953003
v -792.3459473 -240.5974121 -12.0636902
v -792.2317505 -240.5974121 -12.1492004
v -792.1307983 -240.5974121 -12.2500916
v -792.0453491 -240.5974121 -12.3643188
v -791.9769287 -240.5974121 -12.4895325
v -791.9270630 -240.5974121 -12.6232300
v -791.8967896 -240.5974121 -12.7626343
v -791.8865356 -240.5974121 -12.9049377
v -791.8865356 -240.5974121 -61.1978455
v -791.8952637 -240.5974121 -61.3084717
v -791.9212036 -240.5974121 -61.4163513
v -791.9636230 -240.5974121 -61.5188599
v -792.0216064 -240.5974121 -61.6134644
v -792.0936890 -240.5974121 -61.6978455
v -792.1780396 -240.5974121 -61.7698975
v -792.2726440 -240.5974121 -61.8278809
v -792.3751831 -240.5974121 -61.8703308
v -792.4830933 -240.5974121 -61.8962402
v -792.5936890 -240.5974121 -61.9049377
v -803.3865356 -240.5974121 -61.9049377
v -803.5288696 -240.5974121 -61.8947754
v -803.6682739 -240.5974121 -61.8644409
v -803.8020020 -240.5974121 -61.8145752
v -803.9271851 -240.5974121 -61.7462158
v -804.0414429 -240.5974121 -61.6607056
v -804.1423340 -240.5974121 -61.5598145
v -804.2278442 -240.5974121 -61.4455872
v -804.2962036 -240.5974121 -61.3203735
v -804.3460693 -240.5974121 -61.1866760
v -804.3764038 -240.5974121 -61.0472412
v -804.3865356 -240.5974121 -60.9049377
v -804.3865967 -240.5974121 -12.9049377
v -804.3764038 -240.5974121 -12.7626343
v -804.3460693 -240.5974121 -12.6232300
v -804.2962036 -240.5974121 -12.4895325
v -804.2278442 -240.5974121 -12.3643188
v -804.1423340 -240.5974121 -12.2500916
v -804.0414429 -240.5974121 -12.1492004
v -803.9271851 -240.5974121 -12.0636902
v -803.8020020 -240.5974121 -11.9953003
v -803.6682739 -240.5974121 -11.9454346
v -803.5288696 -240.5974121 -11.9151306
v -803.3865967 -240.5974121 -11.9049377
v -806.9865723 -240.5974121 -8.9049377
v -806.9761353 -240.5974121 -8.7225647
v -806.9450073 -240.5974121 -8.5425415
v -806.8934937 -240.5974121 -8.3672485
v -806.8224487 -240.5974121 -8.1989746
v -806.7326050 -240.5974121 -8.0399170
v -806.6251831 -240.5974121 -7.8921204
v -806.5016479 -240.5974121 -7.7575378
v -806.3635864 -240.5974121 -7.6379089
v -806.2128296 -240.5974121 -7.5347900
v -806.0512085 -240.5974121 -7.4495239
v -805.8810425 -240.5974121 -7.3832397
v -805.7042847 -240.5974121 -7.3367920
v -805.5234985 -240.5974121 -7.3108215
v -805.3408813 -240.5974121 -7.3056030
v -805.1588745 -240.5974121 -7.3212280
v -804.9797974 -240.5974121 -7.3575134
v -804.8060913 -240.5974121 -7.4139709
v -804.6398926 -240.5974121 -7.4898682
v -804.4834595 -240.5974121 -7.5841980
v -804.3388062 -240.5974121 -7.6957397
v -804.2078247 -240.5974121 -7.8230591
v -804.0921631 -240.5974121 -7.9644775
v -803.9933472 -240.5974121 -8.1181641
v -803.9127808 -240.5974121 -8.2821045
v -803.8513794 -240.5974121 -8.4541626
v -803.8099976 -240.5974121 -8.6321106
v -803.7891846 -240.5974121 -8.8135986
v -803.7891846 -240.5974121 -8.9962769
v -803.8099976 -240.5974121 -9.1777954
v -803.8513794 -240.5974121 -9.3557129
v -803.9127808 -240.5974121 -9.5277710
v -803.9933472 -240.5974121 -9.6917114
v -804.0921631 -240.5974121 -9.8453979
v -804.2078247 -240.5974121 -9.9868164
v -804.3388062 -240.5974121 -10.1141357
v -804.4834595 -240.5974121 -10.2257080
v -804.6398926 -240.5974121 -10.3200378
v -804.8060913 -240.5974121 -10.3959351
v -804.9797974 -240.5974121 -10.4523926
v -805.1588745 -240.5974121 -10.4886475
v -805.3408813 -240.5974121 -10.5042725
v -805.5234985 -240.5974121 -10.4990845
v -805.7042847 -240.5974121 -10.4730835
v -805.8810425 -240.5974121 -10.4266357
v -806.0512085 -240.5974121 -10.3603516
v -806.2128296 -240.5974121 -10.2750854
v -806.3635864 -240.5974121 -10.1719971
v -806.5016479 -240.5974121 -10.0523682
v -806.6251831 -240.5974121 -9.9177551
v -806.7326050 -240.5974121 -9.7699585
v -806.8224487 -240.5974121 -9.6109009
v -806.8934937 -240.5974121 -9.4426270
v -806.9450073 -240.5974121 -9.2673340
v -806.9761353 -240.5974121 -9.0873413
v -792.4865723 -240.5974121 -8.9049377
v -792.4761353 -240.5974121 -8.7225647
v -792.4450073 -240.5974121 -8.5425415
v -792.3934937 -240.5974121 -8.3672485
v -792.3224487 -240.5974121 -8.1989746
v -792.2326050 -240.5974121 -8.0399170
v -792.1251831 -240.5974121 -7.8921204
v -792.0016479 -240.5974121 -7.7575378
v -791.8635864 -240.5974121 -7.6379089
v -791.7128296 -240.5974121 -7.5347900
v -791.5512085 -240.5974121 -7.4495239
v -791.3810425 -240.5974121 -7.3832397
v -791.2042847 -240.5974121 -7.3367920
v -791.0234985 -240.5974121 -7.3108215
v -790.8408813 -240.5974121 -7.3056030
v -790.6588745 -240.5974121 -7.3212280
v -790.4797974 -240.5974121 -7.3575134
v -790.3060913 -240.5974121 -7.4139709
v -790.1398926 -240.5974121 -7.4898682
v -789.9834595 -240.5974121 -7.5841980
v -789.8388062 -240.5974121 -7.6957397
v -789.7078247 -240.5974121 -7.8230591
v -789.5921631 -240.5974121 -7.9644775
v -789.4933472 -240.5974121 -8.1181641
v -789.4127808 -240.5974121 -8.2821045
v -789.3513794 -240.5974121 -8.4541626
v -789.3099976 -240.5974121 -8.6321106
v -789.2891846 -240.5974121 -8.8135986
v -789.2891846 -240.5974121 -8.9962769
v -789.3099976 -240.5974121 -9.1777954
v -789.3513794 -240.5974121 -9.3557129
v -789.4127808 -240.5974121 -9.5277710
v -789.4933472 -240.5974121 -9.6917114
v -789.5921631 -240.5974121 -9.8453979
v -789.7078247 -240.5974121 -9.9868164
v -789.8388062 -240.5974121 -10.1141357
v -789.9834595 -240.5974121 -10.2257080
v -790.1398926 -240.5974121 -10.3200378
v -790.3060913 -240.5974121 -10.3959351
v -790.4797974 -240.5974121 -10.4523926
v -790.6588745 -240.5974121 -10.4886475
v -790.8408813 -240.5974121 -10.5042725
v -791.0234985 -240.5974121 -10.4990845
v -791.2042847 -240.5974121 -10.4730835
v -791.3810425 -240.5974121 -10.4266357
v -791.5512085 -240.5974121 -10.3603516
v -791.7128296 -240.5974121 -10.2750854
v -791.8635864 -240.5974121 -10.1719971
v -792.0016479 -240.5974121 -10.0523682
v -792.1251831 -240.5974121 -9.9177551
v -792.2326050 -240.5974121 -9.7699585
v -792.3224487 -240.5974121 -9.6109009
v -792.3934937 -240.5974121 -9.4426270
v -792.4450073 -240.5974121 -9.2673340
v -792.4761353 -240.5974121 -9.0873413
v -836.7365723 -240.5974121 -72.1549377
v -836.7261353 -240.5974121 -71.9725647
v -836.6950073 -240.5974121 -71.7925415
v -836.6434937 -240.5974121 -71.6172485
v -836.5723877 -240.5974121 -71.4489746
v -836.4826050 -240.5974121 -71.2899170
v -836.3751831 -240.5974121 -71.1421204
v -836.2516479 -240.5974121 -71.0075378
v -836.1135864 -240.5974121 -70.8879089
v -835.9628296 -240.5974121 -70.7847900
v -835.8012085 -240.5974121 -70.6995239
v -835.6309814 -240.5974121 -70.6332397
v -835.4542847 -240.5974121 -70.5868225
v -835.2734985 -240.5974121 -70.5608215
v -835.0908813 -240.5974121 -70.5556030
v -834.9088745 -240.5974121 -70.5712280
v -834.7297974 -240.5974121 -70.6075134
v -834.5560913 -240.5974121 -70.6639709
v -834.3898926 -240.5974121 -70.7398682
v -834.2334595 -240.5974121 -70.8341980
v -834.0888062 -240.5974121 -70.9457397
v -833.9578247 -240.5974121 -71.0730591
v -833.8421631 -240.5974121 -71.2144775
v -833.7433472 -240.5974121 -71.3681641
v -833.6627808 -240.5974121 -71.5321045
v -833.6013794 -240.5974121 -71.7041626
v -833.5599976 -240.5974121 -71.8821106
v -833.5391846 -240.5974121 -72.0635986
v -833.5391846 -240.5974121 -72.2462769
v -833.5599976 -240.5974121 -72.4277954
v -833.6013794 -240.5974121 -72.6057129
v -833.6627808 -240.5974121 -72.7777710
v -833.7433472 -240.5974121 -72.9417114
v -833.8421631 -240.5974121 -73.0953979
v -833.9578247 -240.5974121 -73.2368164
v -834.0888062 -240.5974121 -73.3641357
v -834.2334595 -240.5974121 -73.4757080
v -834.3898926 -240.5974121 -73.5700378
v -834.5560913 -240.5974121 -73.6459351
v -834.7297974 -240.5974121 -73.7023926
v -834.9088745 -240.5974121 -73.7386475
v -835.0908813 -240.5974121 -73.7543030
v -835.2734985 -240.5974121 -73.7490845
v -835.4542847 -240.5974121 -73.7230835
v -835.6309814 -240.5974121 -73.6766357
v -835.8012085 -240.5974121 -73.6103516
v -835.9628296 -240.5974121 -73.5251160
v -836.1135864 -240.5974121 -73.4219971
v -836.2516479 -240.5974121 -73.3023682
v -836.3751831 -240.5974121 -73.1677856
v -836.4826050 -240.5974121 -73.0199585
v -836.5723877 -240.5974121 -72.8609009
v -836.6434937 -240.5974121 -72.6926270
v -836.6950073 -240.5974121 -72.5173340
v -836.7261353 -240.5974121 -72.3373413
v -806.9865723 -240.5974121 4.0168762
v -806.9761353 -240.5974121 4.1992645
v -806.9450073 -240.5974121 4.3792725
v -806.8934937 -240.5974121 4.5545654
v -806.8224487 -240.5974121 4.7228394
v -806.7326050 -240.5974121 4.8818970
v -806.6251831 -240.5974121 5.0296936
v -806.5016479 -240.5974121 5.1642914
v -806.3635864 -240.5974121 5.2839355
v -806.2128296 -240.5974121 5.3870392
v -806.0512085 -240.5974121 5.4722900
v -805.8810425 -240.5974121 5.5385742
v -805.7042847 -240.5974121 5.5850220
v -805.5234985 -240.5974121 5.6110229
v -805.3408813 -240.5974121 5.6162262
v -805.1588745 -240.5974121 5.6005859
v -804.9797974 -240.5974121 5.5643158
v -804.8060913 -240.5974121 5.5078735
v -804.6398926 -240.5974121 5.4319763
v -804.4834595 -240.5974121 5.3376465
v -804.3388062 -240.5974121 5.2260742
v -804.2078247 -240.5974121 5.0987549
v -804.0921631 -240.5974121 4.9573364
v -803.9933472 -240.5974121 4.8036499
v -803.9127808 -240.5974121 4.6397095
v -803.8513794 -240.5974121 4.4676514
v -803.8099976 -240.5974121 4.2897186
v -803.7891846 -240.5974121 4.1082153
v -803.7891846 -240.5974121 3.9255371
v -803.8099976 -240.5974121 3.7440491
v -803.8513794 -240.5974121 3.5661011
v -803.9127808 -240.5974121 3.3940430
v -803.9933472 -240.5974121 3.2301025
v -804.0921631 -240.5974121 3.0764160
v -804.2078247 -240.5974121 2.9349976
v -804.3388062 -240.5974121 2.8076782
v -804.4834595 -240.5974121 2.6961365
v -804.6398926 -240.5974121 2.6018066
v -804.8060913 -240.5974121 2.5259094
v -804.9797974 -240.5974121 2.4694519
v -805.1588745 -240.5974121 2.4331665
v -805.3408813 -240.5974121 2.4175415
v -805.5234985 -240.5974121 2.4227600
v -805.7042847 -240.5974121 2.4487305
v -805.8810425 -240.5974121 2.4951782
v -806.0512085 -240.5974121 2.5614624
v -806.2128296 -240.5974121 2.6467285
v -806.3635864 -240.5974121 2.7498474
v -806.5016479 -240.5974121 2.8694763
v -806.6251831 -240.5974121 3.0040588
v -806.7326050 -240.5974121 3.1518555
v -806.8224487 -240.5974121 3.3109131
v -806.8934937 -240.5974121 3.4791870
v -806.9450073 -240.5974121 3.6544800
v -806.9761353 -240.5974121 3.8345032
v -816.7365723 -240.5974121 -72.1549377
v -816.7261353 -240.5974121 -71.9725647
v -816.6950073 -240.5974121 -71.7925415
v -816.6434937 -240.5974121 -71.6172485
v -816.5724487 -240.5974121 -71.4489746
v -816.4826050 -240.5974121 -71.2899170
v -816.3751831 -240.5974121 -71.1421204
v -816.2516479 -240.5974121 -71.0075378
v -816.1135864 -240.5974121 -70.8879089
v -815.9628296 -240.5974121 -70.7847900
v -815.8012085 -240.5974121 -70.6995239
v -815.6309814 -240.5974121 -70.6332397
v -815.4542847 -240.5974121 -70.5868225
v -815.2734985 -240.5974121 -70.5608215
v -815.0908813 -240.5974121 -70.5556030
v -814.9088745 -240.5974121 -70.5712280
v -814.7297974 -240.5974121 -70.6075134
v -814.5560913 -240.5974121 -70.6639709
v -814.3898926 -240.5974121 -70.7398682
v -814.2334595 -240.5974121 -70.8341980
v -814.0888062 -240.5974121 -70.9457397
v -813.9578247 -240.5974121 -71.0730591
v -813.8421631 -240.5974121 -71.2144775
v -813.7433472 -240.5974121 -71.3681641
v -813.6627808 -240.5974121 -71.5321045
v -813.6013794 -240.5974121 -71.7041626
v -813.5599976 -240.5974121 -71.8821106
v -813.5391846 -240.5974121 -72.0635986
v -813.5391846 -240.5974121 -72.2462769
v -813.5599976 -240.5974121 -72.4277954
v -813.6013794 -240.5974121 -72.6057129
v -813.6627808 -240.5974121 -72.7777710
v -813.7433472 -240.5974121 -72.9417114
v -813.8421631 -240.5974121 -73.0953979
v -813.9578247 -240.5974121 -73.2368164
v -814.0888062 -240.5974121 -73.3641357
v -814.2334595 -240.5974121 -73.4757080
v -814.3898926 -240.5974121 -73.5700378
v -814.5560913 -240.5974121 -73.6459351
v -814.7297974 -240.5974121 -73.7023926
v -814.9088745 -240.5974121 -73.7386475
v -815.0908813 -240.5974121 -73.7543030
v -815.2734985 -240.5974121 -73.7490845
v -815.4542847 -240.5974121 -73.7230835
v -815.6309814 -240.5974121 -73.6766357
v -815.8012085 -240.5974121 -73.6103516
v -815.9628296 -240.5974121 -73.5250854
v -816.1135864 -240.5974121 -73.4219971
v -816.2516479 -240.5974121 -73.3023682
v -816.3751831 -240.5974121 -73.1677551
v -816.4826050 -240.5974121 -73.0199585
v -816.5724487 -240.5974121 -72.8609009
v -816.6434937 -240.5974121 -72.6926270
v -816.6950073 -240.5974121 -72.5173340
v -816.7261353 -240.5974121 -72.3373413
v -816.7365723 -240.5974121 -52.1549377
v -816.7261353 -240.5974121 -51.9725647
v -816.6950073 -240.5974121 -51.7925415
v -816.6434937 -240.5974121 -51.6172485
v -816.5724487 -240.5974121 -51.4489746
v -816.4826050 -240.5974121 -51.2899170
v -816.3751831 -240.5974121 -51.1421204
v -816.2516479 -240.5974121 -51.0075378
v -816.1135864 -240.5974121 -50.8879089
v -815.9628296 -240.5974121 -50.7847900
v -815.8012085 -240.5974121 -50.6995239
v -815.6309814 -240.5974121 -50.6332397
v -815.4542847 -240.5974121 -50.5868225
v -815.2734985 -240.5974121 -50.5608215
v -815.0908813 -240.5974121 -50.5556030
v -814.9088745 -240.5974121 -50.5712280
v -814.7297974 -240.5974121 -50.6075134
v -814.5560913 -240.5974121 -50.6639709
v -814.3898926 -240.5974121 -50.7398682
v -814.2334595 -240.5974121 -50.8341980
v -814.0888062 -240.5974121 -50.9457397
v -813.9578247 -240.5974121 -51.0730591
v -813.8421631 -240.5974121 -51.2144775
v -813.7433472 -240.5974121 -51.3681641
v -813.6627808 -240.5974121 -51.5321045
v -813.6013794 -240.5974121 -51.7041626
v -813.5599976 -240.5974121 -51.8821106
v -813.5391846 -240.5974121 -52.0635986
v -813.5391846 -240.5974121 -52.2462769
v -813.5599976 -240.5974121 -52.4277954
v -813.6013794 -240.5974121 -52.6057129
v -813.6627808 -240.5974121 -52.7777710
v -813.7433472 -240.5974121 -52.9417114
v -813.8421631 -240.5974121 -53.0953979
v -813.9578247 -240.5974121 -53.2368164
v -814.0888062 -240.5974121 -53.3641357
v -814.2334595 -240.5974121 -53.4757080
v -814.3898926 -240.5974121 -53.5700378
v -814.5560913 -240.5974121 -53.6459351
v -814.7297974 -240.5974121 -53.7023926
v -814.9088745 -240.5974121 -53.7386475
v -815.0908813 -240.5974121 -53.7543030
v -815.2734985 -240.5974121 -53.7490845
v -815.4542847 -240.5974121 -53.7230835
v -815.6309814 -240.5974121 -53.6766357
v -815.8012085 -240.5974121 -53.6103516
v -815.9628296 -240.5974121 -53.5250854
v -816.1135864 -240.5974121 -53.4219971
v -816.2516479 -240.5974121 -53.3023682
v -816.3751831 -240.5974121 -53.1677856
v -816.4826050 -240.5974121 -53.0199585
v -816.5724487 -240.5974121 -52.8609009
v -816.6434937 -240.5974121 -52.6926270
v -816.6950073 -240.5974121 -52.5173340
v -816.7261353 -240.5974121 -52.3373413
v -836.7365723 -240.5974121 -52.1549377
v -836.7261353 -240.5974121 -51.9725647
v -836.6950073 -240.5974121 -51.7925415
v -836.6434937 -240.5974121 -51.6172485
v -836.5724487 -240.5974121 -51.4489746
v -836.4826050 -240.5974121 -51.2899170
v -836.3751831 -240.5974121 -51.1421204
v -836.2516479 -240.5974121 -51.0075378
v -836.1135864 -240.5974121 -50.8879089
v -835.9628296 -240.5974121 -50.7847900
v -835.8012085 -240.5974121 -50.6995239
v -835.6309814 -240.5974121 -50.6332397
v -835.4542847 -240.5974121 -50.5868225
v -835.2734985 -240.5974121 -50.5608215
v -835.0908813 -240.5974121 -50.5556030
v -834.9088745 -240.5974121 -50.5712280
v -834.7297974 -240.5974121 -50.6075134
v -834.5560913 -240.5974121 -50.6639709
v -834.3898926 -240.5974121 -50.7398682
v -834.2334595 -240.5974121 -50.8341980
v -834.0888062 -240.5974121 -50.9457397
v -833.9578247 -240.5974121 -51.0730591
v -833.8421631 -240.5974121 -51.2144775
v -833.7433472 -240.5974121 -51.3681641
v -833.6627808 -240.5974121 -51.5321045
v -833.6013794 -240.5974121 -51.7041626
v -833.5599976 -240.5974121 -51.8821106
v -833.5391846 -240.5974121 -52.0635986
v -833.5391846 -240.5974121 -52.2462769
v -833.5599976 -240.5974121 -52.4277954
v -833.6013794 -240.5974121 -52.6057129
v -833.6627808 -240.5974121 -52.7777710
v -833.7433472 -240.5974121 -52.9417114
v -833.8421631 -240.5974121 -53.0953979
v -833.9578247 -240.5974121 -53.2368164
v -834.0888062 -240.5974121 -53.3641357
v -834.2334595 -240.5974121 -53.4757080
v -834.3898926 -240.5974121 -53.5700378
v -834.5560913 -240.5974121 -53.6459351
v -834.7297974 -240.5974121 -53.7023926
v -834.9088745 -240.5974121 -53.7386475
v -835.0908813 -240.5974121 -53.7543030
v -835.2734985 -240.5974121 -53.7490845
v -835.4542847 -240.5974121 -53.7230835
v -835.6309814 -240.5974121 -53.6766357
v -835.8012085 -240.5974121 -53.6103516
v -835.9628296 -240.5974121 -53.5250854
v -836.1135864 -240.5974121 -53.4219971
v -836.2516479 -240.5974121 -53.3023682
v -836.3751831 -240.5974121 -53.1677856
v -836.4826050 -240.5974121 -53.0199585
v -836.5724487 -240.5974121 -52.8609009
v -836.6434937 -240.5974121 -52.6926270
v -836.6950073 -240.5974121 -52.5173340
v -836.7261353 -240.5974121 -52.3373413
v -792.4865723 -237.5974121 4.0168762
v -792.4761353 -237.5974121 4.1992645
v -792.4450073 -237.5974121 4.3792725
v -792.3934937 -237.5974121 4.5545654
v -792.3224487 -237.5974121 4.7228394
v -792.2326050 -237.5974121 4.8818970
v -792.1251831 -237.5974121 5.0296936
v -792.0016479 -237.5974121 5.1642914
v -791.8635864 -237.5974121 5.2839355
v -791.7128296 -237.5974121 5.3870392
v -791.5512085 -237.5974121 5.4722900
v -791.3810425 -237.5974121 5.5385742
v -791.2042847 -237.5974121 5.5850220
v -791.0234985 -237.5974121 5.6110229
v -790.8408813 -237.5974121 5.6162262
v -790.6588745 -237.5974121 5.6005859
v -790.4797974 -237.5974121 5.5643158
v -790.3060913 -237.5974121 5.5078735
v -790.1398926 -237.5974121 5.4319763
v -789.9834595 -237.5974121 5.3376465
v -789.8388062 -237.5974121 5.2260742
v -789.7078247 -237.5974121 5.0987549
v -789.5921631 -237.5974121 4.9573364
v -789.4933472 -237.5974121 4.8036499
v -789.4127808 -237.5974121 4.6397095
v -789.3513794 -237.5974121 4.4676514
v -789.3099976 -237.5974121 4.2897186
v -789.2891846 -237.5974121 4.1082153
v -789.2891846 -237.5974121 3.9255371
v -789.3099976 -237.5974121 3.7440491
v -789.3513794 -237.5974121 3.5661011
v -789.4127808 -237.5974121 3.3940430
v -789.4933472 -237.5974121 3.2301025
v -789.5921631 -237.5974121 3.0764160
v -789.7078247 -237.5974121 2.9349976
v -789.8388062 -237.5974121 2.8076782
v -789.9834595 -237.5974121 2.6961365
v -790.1398926 -237.5974121 2.6018066
v -790.3060913 -237.5974121 2.5259094
v -790.4797974 -237.5974121 2.4694519
v -790.6588745 -237.5974121 2.4331665
v -790.8408813 -237.5974121 2.4175415
v -791.0234985 -237.5974121 2.4227600
v -791.2042847 -237.5974121 2.4487305
v -791.3810425 -237.5974121 2.4951782
v -791.5512085 -237.5974121 2.5614624
v -791.7128296 -237.5974121 2.6467285
v -791.8635864 -237.5974121 2.7498474
v -792.0016479 -237.5974121 2.8694763
v -792.1251831 -237.5974121 3.0040588
v -792.2326050 -237.5974121 3.1518555
v -792.3224487 -237.5974121 3.3109131
v -792.3934937 -237.5974121 3.4791870
v -792.4450073 -237.5974121 3.6544800
v -792.4761353 -237.5974121 3.8345032
v -803.3865967 -237.5974121 -11.9049377
v -792.8865356 -237.5974121 -11.9049377
v -804.3865967 -237.5974121 -12.9049377
v -804.3764038 -237.5974121 -12.7626343
v -804.3460693 -237.5974121 -12.6232300
v -804.2962036 -237.5974121 -12.4895325
v -804.2278442 -237.5974121 -12.3643188
v -804.1423340 -237.5974121 -12.2500916
v -804.0414429 -237.5974121 -12.1492004
v -803.9271851 -237.5974121 -12.0636902
v -803.8020020 -237.5974121 -11.9953003
v -803.6682739 -237.5974121 -11.9454346
v -803.5288696 -237.5974121 -11.9151306
v -804.3865356 -237.5974121 -60.9049377
v -803.3865356 -237.5974121 -61.9049377
v -803.5288696 -237.5974121 -61.8947754
v -803.6682739 -237.5974121 -61.8644409
v -803.8020020 -237.5974121 -61.8145752
v -803.9271851 -237.5974121 -61.7462158
v -804.0414429 -237.5974121 -61.6607056
v -804.1423340 -237.5974121 -61.5598145
v -804.2278442 -237.5974121 -61.4455872
v -804.2962036 -237.5974121 -61.3203735
v -804.3460693 -237.5974121 -61.1866760
v -804.3764038 -237.5974121 -61.0472412
v -792.5936890 -237.5974121 -61.9049377
v -791.8865356 -237.5974121 -61.1978455
v -791.8952637 -237.5974121 -61.3084717
v -791.9212036 -237.5974121 -61.4163513
v -791.9636230 -237.5974121 -61.5188599
v -792.0216064 -237.5974121 -61.6134644
v -792.0936890 -237.5974121 -61.6978455
v -792.1780396 -237.5974121 -61.7698975
v -792.2726440 -237.5974121 -61.8278809
v -792.3751831 -237.5974121 -61.8703308
v -792.4830933 -237.5974121 -61.8962402
v -791.8952637 -239.0974121 -61.3084717
v -791.9212036 -239.0974121 -61.4163513
v -791.9636230 -239.0974121 -61.5188599
v -792.0216064 -239.0974121 -61.6134644
v -792.0936890 -239.0974121 -61.6978455
v -792.1780396 -239.0974121 -61.7698975
v -792.2726440 -239.0974121 -61.8278809
v -792.3751831 -239.0974121 -61.8703308
v -792.4830933 -239.0974121 -61.8962402
v -791.8865356 -237.5974121 -12.9049377
v -792.7442627 -237.5974121 -11.9151306
v -792.6048584 -237.5974121 -11.9454346
v -792.4711304 -237.5974121 -11.9953003
v -792.3459473 -237.5974121 -12.0636902
v -792.2317505 -237.5974121 -12.1492004
v -792.1307983 -237.5974121 -12.2500916
v -792.0453491 -237.5974121 -12.3643188
v -791.9769287 -237.5974121 -12.4895325
v -791.9270630 -237.5974121 -12.6232300
v -791.8967896 -237.5974121 -12.7626343
v -806.9865723 -237.5974121 -8.9049377
v -806.9761353 -237.5974121 -8.7225647
v -806.9450073 -237.5974121 -8.5425415
v -806.8934937 -237.5974121 -8.3672485
v -806.8224487 -237.5974121 -8.1989746
v -806.7326050 -237.5974121 -8.0399170
v -806.6251831 -237.5974121 -7.8921204
v -806.5016479 -237.5974121 -7.7575378
v -806.3635864 -237.5974121 -7.6379089
v -806.2128296 -237.5974121 -7.5347900
v -806.0512085 -237.5974121 -7.4495239
v -805.8810425 -237.5974121 -7.3832397
v -805.7042847 -237.5974121 -7.3367920
v -805.5234985 -237.5974121 -7.3108215
v -805.3408813 -237.5974121 -7.3056030
v -805.1588745 -237.5974121 -7.3212280
v -804.9797974 -237.5974121 -7.3575134
v -804.8060913 -237.5974121 -7.4139709
v -804.6398926 -237.5974121 -7.4898682
v -804.4834595 -237.5974121 -7.5841980
v -804.3388062 -237.5974121 -7.6957397
v -804.2078247 -237.5974121 -7.8230591
v -804.0921631 -237.5974121 -7.9644775
v -803.9933472 -237.5974121 -8.1181641
v -803.9127808 -237.5974121 -8.2821045
v -803.8513794 -237.5974121 -8.4541626
v -803.8099976 -237.5974121 -8.6321106
v -803.7891846 -237.5974121 -8.8135986
v -803.7891846 -237.5974121 -8.9962769
v -803.8099976 -237.5974121 -9.1777954
v -803.8513794 -237.5974121 -9.3557129
v -803.9127808 -237.5974121 -9.5277710
v -803.9933472 -237.5974121 -9.6917114
v -804.0921631 -237.5974121 -9.8453979
v -804.2078247 -237.5974121 -9.9868164
v -804.3388062 -237.5974121 -10.1141357
v -804.4834595 -237.5974121 -10.2257080
v -804.6398926 -237.5974121 -10.3200378
v -804.8060913 -237.5974121 -10.3959351
v -804.9797974 -237.5974121 -10.4523926
v -805.1588745 -237.5974121 -10.4886475
v -805.3408813 -237.5974121 -10.5042725
v -805.5234985 -237.5974121 -10.4990845
v -805.7042847 -237.5974121 -10.4730835
v -805.8810425 -237.5974121 -10.4266357
v -806.0512085 -237.5974121 -10.3603516
v -806.2128296 -237.5974121 -10.2750854
v -806.3635864 -237.5974121 -10.1719971
v -806.5016479 -237.5974121 -10.0523682
v -806.6251831 -237.5974121 -9.9177551
v -806.7326050 -237.5974121 -9.7699585
v -806.8224487 -237.5974121 -9.6109009
v -806.8934937 -237.5974121 -9.4426270
v -806.9450073 -237.5974121 -9.2673340
v -806.9761353 -237.5974121 -9.0873413
v -792.4865723 -237.5974121 -8.9049377
v -792.4761353 -237.5974121 -8.7225647
v -792.4450073 -237.5974121 -8.5425415
v -792.3934937 -237.5974121 -8.3672485
v -792.3224487 -237.5974121 -8.1989746
v -792.2326050 -237.5974121 -8.0399170
v -792.1251831 -237.5974121 -7.8921204
v -792.0016479 -237.5974121 -7.7575378
v -791.8635864 -237.5974121 -7.6379089
v -791.7128296 -237.5974121 -7.5347900
v -791.5512085 -237.5974121 -7.4495239
v -791.3810425 -237.5974121 -7.3832397
v -791.2042847 -237.5974121 -7.3367920
v -791.0234985 -237.5974121 -7.3108215
v -790.8408813 -237.5974121 -7.3056030
v -790.6588745 -237.5974121 -7.3212280
v -790.4797974 -237.5974121 -7.3575134
v -790.3060913 -237.5974121 -7.4139709
v -790.1398926 -237.5974121 -7.4898682
v -789.9834595 -237.5974121 -7.5841980
v -789.8388062 -237.5974121 -7.6957397
v -789.7078247 -237.5974121 -7.8230591
v -789.5921631 -237.5974121 -7.9644775
v -789.4933472 -237.5974121 -8.1181641
v -789.4127808 -237.5974121 -8.2821045
v -789.3513794 -237.5974121 -8.4541626
v -789.3099976 -237.5974121 -8.6321106
v -789.2891846 -237.5974121 -8.8135986
v -789.2891846 -237.5974121 -8.9962769
v -789.3099976 -237.5974121 -9.1777954
v -789.3513794 -237.5974121 -9.3557129
v -789.4127808 -237.5974121 -9.5277710
v -789.4933472 -237.5974121 -9.6917114
v -789.5921631 -237.5974121 -9.8453979
v -789.7078247 -237.5974121 -9.9868164
v -789.8388062 -237.5974121 -10.1141357
v -789.9834595 -237.5974121 -10.2257080
v -790.1398926 -237.5974121 -10.3200378
v -790.3060913 -237.5974121 -10.3959351
v -790.4797974 -237.5974121 -10.4523926
v -790.6588745 -237.5974121 -10.4886475
v -790.8408813 -237.5974121 -10.5042725
v -791.0234985 -237.5974121 -10.4990845
v -791.2042847 -237.5974121 -10.4730835
v -791.3810425 -237.5974121 -10.4266357
v -791.5512085 -237.5974121 -10.3603516
v -791.7128296 -237.5974121 -10.2750854
v -791.8635864 -237.5974121 -10.1719971
v -792.0016479 -237.5974121 -10.0523682
v -792.1251831 -237.5974121 -9.9177551
v -792.2326050 -237.5974121 -9.7699585
v -792.3224487 -237.5974121 -9.6109009
v -792.3934937 -237.5974121 -9.4426270
v -792.4450073 -237.5974121 -9.2673340
v -792.4761353 -237.5974121 -9.0873413
v -836.7365723 -237.5974121 -72.1549377
v -836.7261353 -237.5974121 -71.9725647
v -836.6950073 -237.5974121 -71.7925415
v -836.6434937 -237.5974121 -71.6172485
v -836.5723877 -237.5974121 -71.4489746
v -836.4826050 -237.5974121 -71.2899170
v -836.3751831 -237.5974121 -71.1421204
v -836.2516479 -237.5974121 -71.0075378
v -836.1135864 -237.5974121 -70.8879089
v -835.9628296 -237.5974121 -70.7847900
v -835.8012085 -237.5974121 -70.6995239
v -835.6309814 -237.5974121 -70.6332397
v -835.4542847 -237.5974121 -70.5868225
v -835.2734985 -237.5974121 -70.5608215
v -835.0908813 -237.5974121 -70.5556030
v -834.9088745 -237.5974121 -70.5712280
v -834.7297974 -237.5974121 -70.6075134
v -834.5560913 -237.5974121 -70.6639709
v -834.3898926 -237.5974121 -70.7398682
v -834.2334595 -237.5974121 -70.8341980
v -834.0888062 -237.5974121 -70.9457397
v -833.9578247 -237.5974121 -71.0730591
v -833.8421631 -237.5974121 -71.2144775
v -833.7433472 -237.5974121 -71.3681641
v -833.6627808 -237.5974121 -71.5321045
v -833.6013794 -237.5974121 -71.7041626
v -833.5599976 -237.5974121 -71.8821106
v -833.5391846 -237.5974121 -72.0635986
v -833.5391846 -237.5974121 -72.2462769
v -833.5599976 -237.5974121 -72.4277954
v -833.6013794 -237.5974121 -72.6057129
v -833.6627808 -237.5974121 -72.7777710
v -833.7433472 -237.5974121 -72.9417114
v -833.8421631 -237.5974121 -73.0953979
v -833.9578247 -237.5974121 -73.2368164
v -834.0888062 -237.5974121 -73.3641357
v -834.2334595 -237.5974121 -73.4757080
v -834.3898926 -237.5974121 -73.5700378
v -834.5560913 -237.5974121 -73.6459351
v -834.7297974 -237.5974121 -73.7023926
v -834.9088745 -237.5974121 -73.7386475
v -835.0908813 -237.5974121 -73.7543030
v -835.2734985 -237.5974121 -73.7490845
v -835.4542847 -237.5974121 -73.7230835
v -835.6309814 -237.5974121 -73.6766357
v -835.8012085 -237.5974121 -73.6103516
v -835.9628296 -237.5974121 -73.5251160
v -836.1135864 -237.5974121 -73.4219971
v -836.2516479 -237.5974121 -73.3023682
v -836.3751831 -237.5974121 -73.1677856
v -836.4826050 -237.5974121 -73.0199585
v -836.5723877 -237.5974121 -72.8609009
v -836.6434937 -237.5974121 -72.6926270
v -836.6950073 -237.5974121 -72.5173340
v -836.7261353 -237.5974121 -72.3373413
v -806.9865723 -237.5974121 4.0168762
v -806.9761353 -237.5974121 4.1992645
v -806.9450073 -237.5974121 4.3792725
v -806.8934937 -237.5974121 4.5545654
v -806.8224487 -237.5974121 4.7228394
v -806.7326050 -237.5974121 4.8818970
v -806.6251831 -237.5974121 5.0296936
v -806.5016479 -237.5974121 5.1642914
v -806.3635864 -237.5974121 5.2839355
v -806.2128296 -237.5974121 5.3870392
v -806.0512085 -237.5974121 5.4722900
v -805.8810425 -237.5974121 5.5385742
v -805.7042847 -237.5974121 5.5850220
v -805.5234985 -237.5974121 5.6110229
v -805.3408813 -237.5974121 5.6162262
v -805.1588745 -237.5974121 5.6005859
v -804.9797974 -237.5974121 5.5643158
v -804.8060913 -237.5974121 5.5078735
v -804.6398926 -237.5974121 5.4319763
v -804.4834595 -237.5974121 5.3376465
v -804.3388062 -237.5974121 5.2260742
v -804.2078247 -237.5974121 5.0987549
v -804.0921631 -237.5974121 4.9573364
v -803.9933472 -237.5974121 4.8036499
v -803.9127808 -237.5974121 4.6397095
v -803.8513794 -237.5974121 4.4676514
v -803.8099976 -237.5974121 4.2897186
v -803.7891846 -237.5974121 4.1082153
v -803.7891846 -237.5974121 3.9255371
v -803.8099976 -237.5974121 3.7440491
v -803.8513794 -237.5974121 3.5661011
v -803.9127808 -237.5974121 3.3940430
v -803.9933472 -237.5974121 3.2301025
v -804.0921631 -237.5974121 3.0764160
v -804.2078247 -237.5974121 2.9349976
v -804.3388062 -237.5974121 2.8076782
v -804.4834595 -237.5974121 2.6961365
v -804.6398926 -237.5974121 2.6018066
v -804.8060913 -237.5974121 2.5259094
v -804.9797974 -237.5974121 2.4694519
v -805.1588745 -237.5974121 2.4331665
v -805.3408813 -237.5974121 2.4175415
v -805.5234985 -237.5974121 2.4227600
v -805.7042847 -237.5974121 2.4487305
v -805.8810425 -237.5974121 2.4951782
v -806.0512085 -237.5974121 2.5614624
v -806.2128296 -237.5974121 2.6467285
v -806.3635864 -237.5974121 2.7498474
v -806.5016479 -237.5974121 2.8694763
v -806.6251831 -237.5974121 3.0040588
v -806.7326050 -237.5974121 3.1518555
v -806.8224487 -237.5974121 3.3109131
v -806.8934937 -237.5974121 3.4791870
v -806.9450073 -237.5974121 3.6544800
v -806.9761353 -237.5974121 3.8345032
v -816.7365723 -237.5974121 -72.1549377
v -816.7261353 -237.5974121 -71.9725647
v -816.6950073 -237.5974121 -71.7925415
v -816.6434937 -237.5974121 -71.6172485
v -816.5724487 -237.5974121 -71.4489746
v -816.4826050 -237.5974121 -71.2899170
v -816.3751831 -237.5974121 -71.1421204
v -816.2516479 -237.5974121 -71.0075378
v -816.1135864 -237.5974121 -70.8879089
v -815.9628296 -237.5974121 -70.7847900
v -815.8012085 -237.5974121 -70.6995239
v -815.6309814 -237.5974121 -70.6332397
v -815.4542847 -237.5974121 -70.5868225
v -815.2734985 -237.5974121 -70.5608215
v -815.0908813 -237.5974121 -70.5556030
v -814.9088745 -237.5974121 -70.5712280
v -814.7297974 -237.5974121 -70.6075134
v -814.5560913 -237.5974121 -70.6639709
v -814.3898926 -237.5974121 -70.7398682
v -814.2334595 -237.5974121 -70.8341980
v -814.0888062 -237.5974121 -70.9457397
v -813.9578247 -237.5974121 -71.0730591
v -813.8421631 -237.5974121 -71.2144775
v -813.7433472 -237.5974121 -71.3681641
v -813.6627808 -237.5974121 -71.5321045
v -813.6013794 -237.5974121 -71.7041626
v -813.5599976 -237.5974121 -71.8821106
v -813.5391846 -237.5974121 -72.0635986
v -813.5391846 -237.5974121 -72.2462769
v -813.5599976 -237.5974121 -72.4277954
v -813.6013794 -237.5974121 -72.6057129
v -813.6627808 -237.5974121 -72.7777710
v -813.7433472 -237.5974121 -72.9417114
v -813.8421631 -237.5974121 -73.0953979
v -813.9578247 -237.5974121 -73.2368164
v -814.0888062 -237.5974121 -73.3641357
v -814.2334595 -237.5974121 -73.4757080
v -814.3898926 -237.5974121 -73.5700378
v -814.5560913 -237.5974121 -73.6459351
v -814.7297974 -237.5974121 -73.7023926
v -814.9088745 -237.5974121 -73.7386475
v -815.0908813 -237.5974121 -73.7543030
v -815.2734985 -237.5974121 -73.7490845
v -815.4542847 -237.5974121 -73.7230835
v -815.6309814 -237.5974121 -73.6766357
v -815.8012085 -237.5974121 -73.6103516
v -815.9628296 -237.5974121 -73.5250854
v -816.1135864 -237.5974121 -73.4219971
v -816.2516479 -237.5974121 -73.3023682
v -816.3751831 -237.5974121 -73.1677551
v -816.4826050 -237.5974121 -73.0199585
v -816.5724487 -237.5974121 -72.8609009
v -816.6434937 -237.5974121 -72.6926270
v -816.6950073 -237.5974121 -72.5173340
v -816.7261353 -237.5974121 -72.3373413
v -816.7365723 -237.5974121 -52.1549377
v -816.7261353 -237.5974121 -51.9725647
v -816.6950073 -237.5974121 -51.7925415
v -816.6434937 -237.5974121 -51.6172485
v -816.5724487 -237.5974121 -51.4489746
v -816.4826050 -237.5974121 -51.2899170
v -816.3751831 -237.5974121 -51.1421204
v -816.2516479 -237.5974121 -51.0075378
v -816.1135864 -237.5974121 -50.8879089
v -815.9628296 -237.5974121 -50.7847900
v -815.8012085 -237.5974121 -50.6995239
v -815.6309814 -237.5974121 -50.6332397
v -815.4542847 -237.5974121 -50.5868225
v -815.2734985 -237.5974121 -50.5608215
v -815.0908813 -237.5974121 -50.5556030
v -814.9088745 -237.5974121 -50.5712280
v -814.7297974 -237.5974121 -50.6075134
v -814.5560913 -237.5974121 -50.6639709
v -814.3898926 -237.5974121 -50.7398682
v -814.2334595 -237.5974121 -50.8341980
v -814.0888062 -237.5974121 -50.9457397
v -813.9578247 -237.5974121 -51.0730591
v -813.8421631 -237.5974121 -51.2144775
v -813.7433472 -237.5974121 -51.3681641
v -813.6627808 -237.5974121 -51.5321045
v -813.6013794 -237.5974121 -51.7041626
v -813.5599976 -237.5974121 -51.8821106
v -813.5391846 -237.5974121 -52.0635986
v -813.5391846 -237.5974121 -52.2462769
v -813.5599976 -237.5974121 -52.4277954
v -813.6013794 -237.5974121 -52.6057129
v -813.6627808 -237.5974121 -52.7777710
v -813.7433472 -237.5974121 -52.9417114
v -813.8421631 -237.5974121 -53.0953979
v -813.9578247 -237.5974121 -53.2368164
v -814.0888062 -237.5974121 -53.3641357
v -814.2334595 -237.5974121 -53.4757080
v -814.3898926 -237.5974121 -53.5700378
v -814.5560913 -237.5974121 -53.6459351
v -814.7297974 -237.5974121 -53.7023926
v -814.9088745 -237.5974121 -53.7386475
v -815.0908813 -237.5974121 -53.7543030
v -815.2734985 -237.5974121 -53.7490845
v -815.4542847 -237.5974121 -53.7230835
v -815.6309814 -237.5974121 -53.6766357
v -815.8012085 -237.5974121 -53.6103516
v -815.9628296 -237.5974121 -53.5250854
v -816.1135864 -237.5974121 -53.4219971
v -816.2516479 -237.5974121 -53.3023682
v -816.3751831 -237.5974121 -53.1677856
v -816.4826050 -237.5974121 -53.0199585
v -816.5724487 -237.5974121 -52.8609009
v -816.6434937 -237.5974121 -52.6926270
v -816.6950073 -237.5974121 -52.5173340
v -816.7261353 -237.5974121 -52.3373413
v -836.7365723 -237.5974121 -52.1549377
v -836.7261353 -237.5974121 -51.9725647
v -836.6950073 -237.5974121 -51.7925415
v -836.6434937 -237.5974121 -51.6172485
v -836.5724487 -237.5974121 -51.4489746
v -836.4826050 -237.5974121 -51.2899170
v -836.3751831 -237.5974121 -51.1421204
v -836.2516479 -237.5974121 -51.0075378
v -836.1135864 -237.5974121 -50.8879089
v -835.9628296 -237.5974121 -50.7847900
v -835.8012085 -237.5974121 -50.6995239
v -835.6309814 -237.5974121 -50.6332397
v -835.4542847 -237.5974121 -50.5868225
v -835.2734985 -237.5974121 -50.5608215
v -835.0908813 -237.5974121 -50.5556030
v -834.9088745 -237.5974121 -50.5712280
v -834.7297974 -237.5974121 -50.6075134
v -834.5560913 -237.5974121 -50.6639709
v -834.3898926 -237.5974121 -50.7398682
v -834.2334595 -237.5974121 -50.8341980
v -834.0888062 -237.5974121 -50.9457397
v -833.9578247 -237.5974121 -51.0730591
v -833.8421631 -237.5974121 -51.2144775
v -833.7433472 -237.5974121 -51.3681641
v -833.6627808 -237.5974121 -51.5321045
v -833.6013794 -237.5974121 -51.7041626
v -833.5599976 -237.5974121 -51.8821106
v -833.5391846 -237.5974121 -52.0635986
v -833.5391846 -237.5974121 -52.2462769
v -833.5599976 -237.5974121 -52.4277954
v -833.6013794 -237.5974121 -52.6057129
v -833.6627808 -237.5974121 -52.7777710
v -833.7433472 -237.5974121 -52.9417114
v -833.8421631 -237.5974121 -53.0953979
v -833.9578247 -237.5974121 -53.2368164
v -834.0888062 -237.5974121 -53.3641357
v -834.2334595 -237.5974121 -53.4757080
v -834.3898926 -237.5974121 -53.5700378
v -834.5560913 -237.5974121 -53.6459351
v -834.7297974 -237.5974121 -53.7023926
v -834.9088745 -237.5974121 -53.7386475
v -835.0908813 -237.5974121 -53.7543030
v -835.2734985 -237.5974121 -53.7490845
v -835.4542847 -237.5974121 -53.7230835
v -835.6309814 -237.5974121 -53.6766357
v -835.8012085 -237.5974121 -53.6103516
v -835.9628296 -237.5974121 -53.5250854
v -836.1135864 -237.5974121 -53.4219971
v -836.2516479 -237.5974121 -53.3023682
v -836.3751831 -237.5974121 -53.1677856
v -836.4826050 -237.5974121 -53.0199585
v -836.5724487 -237.5974121 -52.8609009
v -836.6434937 -237.5974121 -52.6926270
v -836.6950073 -237.5974121 -52.5173340
v -836.7261353 -237.5974121 -52.3373413
v -792.9365845 -237.5974121 -72.4049377
v -792.9263916 -237.5974121 -72.2626343
v -792.8960571 -237.5974121 -72.1232300
v -792.8461914 -237.5974121 -71.9895325
v -792.7778320 -237.5974121 -71.8643188
v -792.6923218 -237.5974121 -71.7500916
v -792.5914307 -237.5974121 -71.6492004
v -792.4772339 -237.5974121 -71.5636902
v -792.3519897 -237.5974121 -71.4953003
v -792.2183228 -237.5974121 -71.4454346
v -792.0789185 -237.5974121 -71.4151306
v -792.9365845 -237.5974121 -76.9049377
v -793.9365845 -237.5974121 -77.9049377
v -793.7942505 -237.5974121 -77.8947754
v -793.6548462 -237.5974121 -77.8644409
v -793.5211792 -237.5974121 -77.8145752
v -793.3959351 -237.5974121 -77.7462158
v -793.2816772 -237.5974121 -77.6607056
v -793.1808472 -237.5974121 -77.5598145
v -793.0953369 -237.5974121 -77.4455872
v -793.0269165 -237.5974121 -77.3203735
v -792.9771118 -237.5974121 -77.1866760
v -792.9467163 -237.5974121 -77.0472412
v -839.4365845 -237.5974121 -77.9049683
v -840.4365845 -237.5974121 -76.9049683
v -840.4263916 -237.5974121 -77.0472717
v -840.3960571 -237.5974121 -77.1866760
v -840.3461914 -237.5974121 -77.3203735
v -840.2778320 -237.5974121 -77.4455872
v -840.1923218 -237.5974121 -77.5598145
v -840.0914307 -237.5974121 -77.6607056
v -839.9772339 -237.5974121 -77.7462158
v -839.8519897 -237.5974121 -77.8145752
v -839.7183228 -237.5974121 -77.8644409
v -839.5789185 -237.5974121 -77.8947754
v -840.4365845 -237.5974121 -46.9049377
v -839.4365845 -237.5974121 -45.9049377
v -839.5789185 -237.5974121 -45.9151306
v -839.7183228 -237.5974121 -45.9454346
v -839.8519897 -237.5974121 -45.9953003
v -839.9772339 -237.5974121 -46.0636902
v -840.0914307 -237.5974121 -46.1492004
v -840.1923218 -237.5974121 -46.2500916
v -840.2778320 -237.5974121 -46.3643188
v -840.3461914 -237.5974121 -46.4895325
v -840.3960571 -237.5974121 -46.6232300
v -840.4263916 -237.5974121 -46.7626343
v -809.3865356 -237.5974121 -45.9049377
v -808.3865356 -237.5974121 -44.9049377
v -808.3967896 -237.5974121 -45.0472412
v -808.4270630 -237.5974121 -45.1866760
v -808.4769287 -237.5974121 -45.3203735
v -808.5453491 -237.5974121 -45.4455872
v -808.6307983 -237.5974121 -45.5598145
v -808.7317505 -237.5974121 -45.6607056
v -808.8459473 -237.5974121 -45.7462158
v -808.9711304 -237.5974121 -45.8145752
v -809.1048584 -237.5974121 -45.8644409
v -809.2442627 -237.5974121 -45.8947754
v -808.3865967 -237.5974121 4.0168762
v -805.3865967 -237.5974121 7.0168762
v -805.6343384 -237.5974121 7.0066376
v -805.8803711 -237.5974121 6.9759674
v -806.1230469 -237.5974121 6.9250793
v -806.3606567 -237.5974121 6.8543396
v -806.5916748 -237.5974121 6.7641907
v -806.8143921 -237.5974121 6.6553040
v -807.0274048 -237.5974121 6.5283813
v -807.2291870 -237.5974121 6.3843079
v -807.4183960 -237.5974121 6.2240601
v -807.5937500 -237.5974121 6.0487366
v -807.7539673 -237.5974121 5.8595276
v -807.8980713 -237.5974121 5.6577148
v -808.0249634 -237.5974121 5.4447327
v -808.1339111 -237.5974121 5.2219696
v -808.2240601 -237.5974121 4.9909821
v -808.2947388 -237.5974121 4.7533264
v -808.3456421 -237.5974121 4.5106659
v -808.3763428 -237.5974121 4.2646179
v -790.8865967 -237.5974121 7.0168762
v -787.8865967 -237.5974121 4.0168762
v -787.8967896 -237.5974121 4.2646179
v -787.9274902 -237.5974121 4.5106659
v -787.9783936 -237.5974121 4.7533264
v -788.0491333 -237.5974121 4.9909821
v -788.1392212 -237.5974121 5.2219696
v -788.2481689 -237.5974121 5.4447327
v -788.3750610 -237.5974121 5.6577148
v -788.5191650 -237.5974121 5.8595276
v -788.6793823 -237.5974121 6.0487366
v -788.8547363 -237.5974121 6.2240601
v -789.0439453 -237.5974121 6.3843079
v -789.2457275 -237.5974121 6.5283813
v -789.4587402 -237.5974121 6.6553040
v -789.6814575 -237.5974121 6.7641907
v -789.9124756 -237.5974121 6.8543396
v -790.1500854 -237.5974121 6.9250793
v -790.3927612 -237.5974121 6.9759674
v -790.6388550 -237.5974121 7.0066376
v -803.6165771 -228.0173950 -94.9031372
v -803.6061401 -227.6800537 -94.9031372
v -803.5750122 -227.3439789 -94.9031372
v -803.5232544 -227.0104523 -94.9031372
v -803.4510498 -226.6807556 -94.9031372
v -803.3587036 -226.3561249 -94.9031372
v -803.2465210 -226.0377960 -94.9031372
v -803.1149292 -225.7269897 -94.9031372
v -802.9645386 -225.4248505 -94.9031372
v -802.7957764 -225.1325531 -94.9031372
v -802.6093140 -224.8511963 -94.9031372
v -802.4059448 -224.5818634 -94.9031372
v -802.1863403 -224.3255615 -94.9031372
v -801.9513550 -224.0832520 -94.9031372
v -801.7019653 -223.8558655 -94.9031372
v -801.4390259 -223.6442719 -94.9031372
v -801.1635132 -223.4492645 -94.9031372
v -800.8765869 -223.2715759 -94.9031372
v -800.5792236 -223.1119080 -94.9031372
v -800.2725830 -222.9708405 -94.9031372
v -799.9578857 -222.8489075 -94.9031372
v -799.6362305 -222.7465973 -94.9031372
v -799.3088989 -222.6642761 -94.9031372
v -798.9771729 -222.6022644 -94.9031372
v -798.6422119 -222.5607910 -94.9031372
v -798.3053589 -222.5400085 -94.9031372
v -797.9678345 -222.5400085 -94.9031372
v -797.6309204 -222.5607910 -94.9031372
v -797.2959595 -222.6022644 -94.9031372
v -796.9642334 -222.6642761 -94.9031372
v -796.6369019 -222.7465973 -94.9031372
v -796.3152466 -222.8489075 -94.9031372
v -796.0005493 -222.9708405 -94.9031372
v -795.6939087 -223.1119080 -94.9031372
v -795.3965454 -223.2715759 -94.9031372
v -795.1096191 -223.4492645 -94.9031372
v -794.8341675 -223.6442719 -94.9031372
v -794.5711670 -223.8558655 -94.9031372
v -794.3217163 -224.0832520 -94.9031372
v -794.0867920 -224.3255615 -94.9031372
v -793.8672485 -224.5818634 -94.9031372
v -793.6638184 -224.8511963 -94.9031372
v -793.4773560 -225.1325531 -94.9031372
v -793.3086548 -225.4248505 -94.9031372
v -793.1581421 -225.7269897 -94.9031372
v -793.0266113 -226.0377960 -94.9031372
v -792.9144287 -226.3561249 -94.9031372
v -792.8220825 -226.6807556 -94.9031372
v -792.7498779 -227.0104523 -94.9031372
v -792.6981201 -227.3439789 -94.9031372
v -792.6669312 -227.6800537 -94.9031372
v -792.6565552 -228.0173950 -94.9031372
v -792.6669312 -228.3547668 -94.9031372
v -792.6981201 -228.6908264 -94.9031372
v -792.7498779 -229.0243530 -94.9031372
v -792.8220825 -229.3540497 -94.9031372
v -792.9144287 -229.6786804 -94.9031372
v -793.0266113 -229.9970093 -94.9031372
v -793.1581421 -230.3078308 -94.9031372
v -793.3086548 -230.6099548 -94.9031372
v -793.4773560 -230.9022522 -94.9031372
v -793.6638184 -231.1836090 -94.9031372
v -793.8672485 -231.4529419 -94.9031372
v -794.0867920 -231.7092590 -94.9031372
v -794.3217163 -231.9515686 -94.9031372
v -794.5711670 -232.1789398 -94.9031372
v -794.8341675 -232.3905334 -94.9031372
v -795.1096191 -232.5855408 -94.9031372
v -795.3965454 -232.7632141 -94.9031372
v -795.6939087 -232.9228973 -94.9031372
v -796.0005493 -233.0639648 -94.9031372
v -796.3152466 -233.1858826 -94.9031372
v -796.6369019 -233.2882080 -94.9031372
v -796.9642334 -233.3705292 -94.9031372
v -797.2959595 -233.4325562 -94.9031372
v -797.6309204 -233.4740295 -94.9031372
v -797.9678345 -233.4948120 -94.9031372
v -798.3053589 -233.4948120 -94.9031372
v -798.6422119 -233.4740295 -94.9031372
v -798.9771729 -233.4325562 -94.9031372
v -799.3088989 -233.3705292 -94.9031372
v -799.6362305 -233.2882080 -94.9031372
v -799.9578857 -233.1858826 -94.9031372
v -800.2725830 -233.0639648 -94.9031372
v -800.5792236 -232.9228973 -94.9031372
v -800.8765869 -232.7632141 -94.9031372
v -801.1635132 -232.5855408 -94.9031372
v -801.4390259 -232.3905334 -94.9031372
v -801.7019653 -232.1789398 -94.9031372
v -801.9513550 -231.9515686 -94.9031372
v -802.1863403 -231.7092590 -94.9031372
v -802.4059448 -231.4529419 -94.9031372
v -802.6093140 -231.1836090 -94.9031372
v -802.7957764 -230.9022522 -94.9031372
v -802.9645386 -230.6099548 -94.9031372
v -803.1149292 -230.3078308 -94.9031372
v -803.2465210 -229.9970093 -94.9031372
v -803.3587036 -229.6786804 -94.9031372
v -803.4510498 -229.3540497 -94.9031372
v -803.5232544 -229.0243530 -94.9031372
v -803.5750122 -228.6908264 -94.9031372
v -803.6061401 -228.3547668 -94.9031372
v -798.1365356 -228.0173950 -109.9031372
v -794.4832153 -228.0173950 -99.9031372
v -796.3098755 -228.0173950 -104.9031372
v -801.7829590 -227.7925110 -99.9031372
v -799.9597778 -227.9049530 -104.9031372
v -799.9631958 -228.0173950 -104.9031372
v -801.7899170 -228.0173950 -99.9031372
v -801.7622070 -227.5684509 -99.9031372
v -799.9494019 -227.7929230 -104.9031372
v -801.7277222 -227.3460999 -99.9031372
v -799.9321289 -227.6817627 -104.9031372
v -801.6795654 -227.1263123 -99.9031372
v -799.9080811 -227.5718536 -104.9031372
v -801.6179810 -226.9098816 -99.9031372
v -799.8772583 -227.4636536 -104.9031372
v -801.5432129 -226.6976624 -99.9031372
v -799.8399048 -227.3575439 -104.9031372
v -801.4555054 -226.4904480 -99.9031372
v -799.7960205 -227.2539368 -104.9031372
v -801.3551636 -226.2890320 -99.9031372
v -799.7459106 -227.1532288 -104.9031372
v -801.2427368 -226.0941772 -99.9031372
v -799.6896362 -227.0557861 -104.9031372
v -801.1184082 -225.9066010 -99.9031372
v -799.6275024 -226.9620056 -104.9031372
v -800.9828491 -225.7270508 -99.9031372
v -799.5596924 -226.8722229 -104.9031372
v -800.8364258 -225.5561676 -99.9031372
v -799.4865112 -226.7867889 -104.9031372
v -800.6797485 -225.3946228 -99.9031372
v -799.4081421 -226.7060242 -104.9031372
v -800.5134888 -225.2430420 -99.9031372
v -799.3250122 -226.6302185 -104.9031372
v -800.3381958 -225.1019897 -99.9031372
v -799.2373657 -226.5596924 -104.9031372
v -800.1545410 -224.9719849 -99.9031372
v -799.1455688 -226.4946899 -104.9031372
v -799.9631958 -224.8535156 -99.9031372
v -799.0498657 -226.4354553 -104.9031372
v -799.7650146 -224.7470703 -99.9031372
v -798.9507446 -226.3822327 -104.9031372
v -799.5606079 -224.6530304 -99.9031372
v -798.8485718 -226.3352203 -104.9031372
v -799.3507690 -224.5717468 -99.9031372
v -798.7436523 -226.2945709 -104.9031372
v -799.1363525 -224.5035400 -99.9031372
v -798.6364746 -226.2604675 -104.9031372
v -798.9181519 -224.4486542 -99.9031372
v -798.5273438 -226.2330322 -104.9031372
v -798.6969604 -224.4073029 -99.9031372
v -798.4167480 -226.2123566 -104.9031372
v -798.4736938 -224.3796539 -99.9031372
v -798.3051147 -226.1985321 -104.9031372
v -798.2490845 -224.3658142 -99.9031372
v -798.1928101 -226.1916046 -104.9031372
v -798.0240479 -224.3658142 -99.9031372
v -798.0803223 -226.1916046 -104.9031372
v -797.7994995 -224.3796539 -99.9031372
v -797.9680176 -226.1985321 -104.9031372
v -797.5761719 -224.4073029 -99.9031372
v -797.8563843 -226.2123566 -104.9031372
v -797.3549805 -224.4486542 -99.9031372
v -797.7457886 -226.2330322 -104.9031372
v -797.1367798 -224.5035400 -99.9031372
v -797.6366577 -226.2604675 -104.9031372
v -796.9223633 -224.5717468 -99.9031372
v -797.5294800 -226.2945709 -104.9031372
v -796.7125854 -224.6530304 -99.9031372
v -797.4245605 -226.3352203 -104.9031372
v -796.5081177 -224.7470703 -99.9031372
v -797.3223267 -226.3822327 -104.9031372
v -796.3098755 -224.8535156 -99.9031372
v -797.2232056 -226.4354553 -104.9031372
v -796.1185913 -224.9719849 -99.9031372
v -797.1275635 -226.4946899 -104.9031372
v -795.9349365 -225.1019897 -99.9031372
v -797.0357666 -226.5596924 -104.9031372
v -795.7596436 -225.2430420 -99.9031372
v -796.9481201 -226.6302185 -104.9031372
v -795.5933228 -225.3946228 -99.9031372
v -796.8649292 -226.7060242 -104.9031372
v -795.4367065 -225.5561676 -99.9031372
v -796.7866821 -226.7867889 -104.9031372
v -795.2903442 -225.7270508 -99.9031372
v -796.7134399 -226.8722229 -104.9031372
v -795.1547241 -225.9066010 -99.9031372
v -796.6456909 -226.9620056 -104.9031372
v -795.0304565 -226.0941772 -99.9031372
v -796.5834961 -227.0557861 -104.9031372
v -794.9179077 -226.2890320 -99.9031372
v -796.5272827 -227.1532288 -104.9031372
v -794.8176270 -226.4904480 -99.9031372
v -796.4771118 -227.2539368 -104.9031372
v -794.7299194 -226.6976624 -99.9031372
v -796.4332886 -227.3575439 -104.9031372
v -794.6551514 -226.9098816 -99.9031372
v -796.3958740 -227.4636536 -104.9031372
v -794.5935669 -227.1263123 -99.9031372
v -796.3650513 -227.5718536 -104.9031372
v -794.5454712 -227.3460999 -99.9031372
v -796.3410034 -227.6817627 -104.9031372
v -794.5109253 -227.5684509 -99.9031372
v -796.3237305 -227.7929230 -104.9031372
v -794.4901733 -227.7925110 -99.9031372
v -796.3133545 -227.9049530 -104.9031372
v -794.4901733 -228.2423096 -99.9031372
v -796.3133545 -228.1298523 -104.9031372
v -794.5109253 -228.4663544 -99.9031372
v -796.3237305 -228.2418823 -104.9031372
v -794.5454712 -228.6887054 -99.9031372
v -796.3410034 -228.3530579 -104.9031372
v -794.5935669 -228.9085083 -99.9031372
v -796.3650513 -228.4629517 -104.9031372
v -794.6551514 -229.1249237 -99.9031372
v -796.3958740 -228.5711670 -104.9031372
v -794.7299194 -229.3371429 -99.9031372
v -796.4332886 -228.6772766 -104.9031372
v -794.8176270 -229.5443573 -99.9031372
v -796.4771118 -228.7808838 -104.9031372
v -794.9179077 -229.7457733 -99.9031372
v -796.5272827 -228.8815918 -104.9031372
v -795.0304565 -229.9406433 -99.9031372
v -796.5834961 -228.9790192 -104.9031372
v -795.1547241 -230.1282043 -99.9031372
v -796.6456909 -229.0727997 -104.9031372
v -795.2903442 -230.3077698 -99.9031372
v -796.7134399 -229.1625824 -104.9031372
v -795.4367065 -230.4786377 -99.9031372
v -796.7866821 -229.2480164 -104.9031372
v -795.5933228 -230.6401672 -99.9031372
v -796.8649292 -229.3287964 -104.9031372
v -795.7596436 -230.7917633 -99.9031372
v -796.9481201 -229.4045868 -104.9031372
v -795.9349365 -230.9328308 -99.9031372
v -797.0357666 -229.4751129 -104.9031372
v -796.1185913 -231.0628357 -99.9031372
v -797.1275635 -229.5401154 -104.9031372
v -796.3098755 -231.1812744 -99.9031372
v -797.2232056 -229.5993347 -104.9031372
v -796.5081177 -231.2877350 -99.9031372
v -797.3223267 -229.6525726 -104.9031372
v -796.7125854 -231.3817749 -99.9031372
v -797.4245605 -229.6995850 -104.9031372
v -796.9223633 -231.4630585 -99.9031372
v -797.5294800 -229.7402344 -104.9031372
v -797.1367798 -231.5312805 -99.9031372
v -797.6366577 -229.7743378 -104.9031372
v -797.3549805 -231.5861511 -99.9031372
v -797.7457886 -229.8017883 -104.9031372
v -797.5761719 -231.6275024 -99.9031372
v -797.8563843 -229.8224487 -104.9031372
v -797.7994995 -231.6551514 -99.9031372
v -797.9680176 -229.8362732 -104.9031372
v -798.0240479 -231.6690063 -99.9031372
v -798.0803223 -229.8432007 -104.9031372
v -798.2490845 -231.6690063 -99.9031372
v -798.1928101 -229.8432007 -104.9031372
v -798.4736938 -231.6551514 -99.9031372
v -798.3051147 -229.8362732 -104.9031372
v -798.6969604 -231.6275024 -99.9031372
v -798.4167480 -229.8224487 -104.9031372
v -798.9181519 -231.5861511 -99.9031372
v -798.5273438 -229.8017883 -104.9031372
v -799.1363525 -231.5312805 -99.9031372
v -798.6364746 -229.7743378 -104.9031372
v -799.3507690 -231.4630585 -99.9031372
v -798.7436523 -229.7402344 -104.9031372
v -799.5606079 -231.3817749 -99.9031372
v -798.8485718 -229.6995850 -104.9031372
v -799.7650146 -231.2877350 -99.9031372
v -798.9507446 -229.6525726 -104.9031372
v -799.9631958 -231.1812744 -99.9031372
v -799.0498657 -229.5993347 -104.9031372
v -800.1545410 -231.0628357 -99.9031372
v -799.1455688 -229.5401154 -104.9031372
v -800.3381958 -230.9328308 -99.9031372
v -799.2373657 -229.4751129 -104.9031372
v -800.5134888 -230.7917633 -99.9031372
v -799.3250122 -229.4045868 -104.9031372
v -800.6797485 -230.6401672 -99.9031372
v -799.4081421 -229.3287964 -104.9031372
v -800.8364258 -230.4786377 -99.9031372
v -799.4865112 -229.2480164 -104.9031372
v -800.9828491 -230.3077698 -99.9031372
v -799.5596924 -229.1625824 -104.9031372
v -801.1184082 -230.1282043 -99.9031372
v -799.6275024 -229.0727997 -104.9031372
v -801.2427368 -229.9406433 -99.9031372
v -799.6896362 -228.9790192 -104.9031372
v -801.3551636 -229.7457733 -99.9031372
v -799.7459106 -228.8815918 -104.9031372
v -801.4555054 -229.5443573 -99.9031372
v -799.7960205 -228.7808838 -104.9031372
v -801.5432129 -229.3371429 -99.9031372
v -799.8399048 -228.6772766 -104.9031372
v -801.6179810 -229.1249237 -99.9031372
v -799.8772583 -228.5711670 -104.9031372
v -801.6795654 -228.9085083 -99.9031372
v -799.9080811 -228.4629517 -104.9031372
v -801.7277222 -228.6887054 -99.9031372
v -799.9321289 -228.3530579 -104.9031372
v -801.7622070 -228.4663544 -99.9031372
v -799.9494019 -228.2418823 -104.9031372
v -801.7829590 -228.2423096 -99.9031372
v -799.9597778 -228.1298523 -104.9031372
# 9501 vertices, 0 vertices normals

f 109 1 110
f 110 1 2
f 110 2 191
f 191 2 3
f 191 3 190
f 190 3 4
f 190 4 189
f 189 4 5
f 189 5 6
f 189 6 188
f 188 6 7
f 188 7 187
f 187 7 8
f 187 8 186
f 186 8 9
f 186 9 10
f 186 10 185
f 185 10 11
f 185 11 184
f 184 11 12
f 184 12 183
f 183 12 13
f 183 13 14
f 183 14 182
f 182 14 15
f 182 15 181
f 181 15 16
f 181 16 180
f 180 16 17
f 180 17 18
f 180 18 179
f 179 18 19
f 179 19 178
f 178 19 20
f 178 20 177
f 177 20 21
f 177 21 22
f 177 22 176
f 176 22 23
f 176 23 175
f 175 23 24
f 175 24 174
f 174 24 25
f 174 25 26
f 174 26 173
f 173 26 27
f 173 27 172
f 172 27 28
f 172 28 29
f 29 30 172
f 172 30 31
f 172 31 32
f 32 33 172
f 172 33 34
f 172 34 35
f 35 36 172
f 172 36 37
f 172 37 38
f 38 39 172
f 172 39 40
f 172 40 41
f 41 42 172
f 172 42 43
f 172 43 44
f 44 45 172
f 172 45 171
f 171 45 170
f 170 45 169
f 169 45 168
f 168 45 167
f 167 45 166
f 166 45 165
f 165 45 164
f 164 45 163
f 163 45 162
f 162 45 161
f 161 45 160
f 160 45 159
f 159 45 46
f 159 46 158
f 158 46 47
f 158 47 157
f 157 47 48
f 157 48 156
f 156 48 49
f 156 49 50
f 156 50 155
f 155 50 51
f 155 51 154
f 154 51 52
f 154 52 153
f 153 52 53
f 153 53 54
f 153 54 152
f 152 54 55
f 152 55 151
f 151 55 56
f 151 56 150
f 150 56 57
f 150 57 149
f 149 57 58
f 149 58 59
f 149 59 148
f 148 59 60
f 148 60 147
f 147 60 61
f 147 61 146
f 146 61 62
f 146 62 63
f 146 63 145
f 145 63 64
f 145 64 144
f 144 64 65
f 144 65 143
f 143 65 66
f 143 66 142
f 142 66 141
f 141 66 140
f 140 66 139
f 139 66 138
f 138 66 137
f 137 66 136
f 136 66 135
f 135 66 134
f 134 66 133
f 133 66 132
f 132 66 131
f 131 66 67
f 131 67 68
f 68 69 131
f 131 69 70
f 131 70 71
f 71 72 131
f 131 72 73
f 131 73 74
f 74 75 131
f 131 75 76
f 131 76 77
f 78 88 77
f 77 88 89
f 77 89 131
f 131 89 130
f 130 89 129
f 129 89 128
f 128 89 127
f 127 89 126
f 126 89 125
f 125 89 90
f 125 90 91
f 88 78 87
f 87 78 79
f 87 79 86
f 86 79 80
f 86 80 85
f 85 80 81
f 85 81 84
f 84 81 82
f 84 82 83
f 125 91 124
f 124 91 92
f 124 92 123
f 123 92 93
f 123 93 122
f 122 93 94
f 122 94 95
f 122 95 121
f 121 95 96
f 121 96 120
f 120 96 97
f 120 97 119
f 119 97 98
f 119 98 99
f 119 99 118
f 118 99 100
f 118 100 117
f 117 100 101
f 117 101 116
f 116 101 102
f 116 102 103
f 116 103 115
f 115 103 104
f 115 104 114
f 114 104 105
f 114 105 113
f 113 105 106
f 113 106 107
f 113 107 112
f 112 107 108
f 112 108 111
f 111 108 109
f 111 109 110
f 193 2 192
f 192 2 1
f 192 1 300
f 300 1 109
f 300 109 299
f 299 109 108
f 299 108 298
f 298 108 107
f 298 107 297
f 297 107 106
f 297 106 296
f 296 106 105
f 296 105 295
f 295 105 104
f 295 104 294
f 294 104 103
f 294 103 293
f 293 103 102
f 293 102 292
f 292 102 101
f 292 101 291
f 291 101 100
f 291 100 290
f 290 100 99
f 290 99 289
f 289 99 98
f 289 98 288
f 288 98 97
f 288 97 287
f 287 97 96
f 287 96 286
f 286 96 95
f 286 95 285
f 285 95 94
f 285 94 284
f 284 94 93
f 284 93 283
f 283 93 92
f 283 92 282
f 282 92 91
f 282 91 281
f 281 91 90
f 281 90 280
f 280 90 89
f 280 89 279
f 279 89 88
f 279 88 278
f 278 88 87
f 278 87 277
f 277 87 86
f 277 86 276
f 276 86 85
f 276 85 275
f 275 85 84
f 275 84 274
f 274 84 83
f 274 83 273
f 273 83 82
f 273 82 272
f 272 82 81
f 272 81 271
f 271 81 80
f 271 80 270
f 270 80 79
f 270 79 269
f 269 79 78
f 269 78 268
f 268 78 77
f 268 77 267
f 267 77 76
f 267 76 266
f 266 76 75
f 266 75 265
f 265 75 74
f 265 74 264
f 264 74 73
f 264 73 263
f 263 73 72
f 263 72 262
f 262 72 71
f 262 71 261
f 261 71 70
f 261 70 260
f 260 70 69
f 260 69 259
f 259 69 68
f 259 68 258
f 258 68 67
f 258 67 257
f 257 67 66
f 257 66 256
f 256 66 65
f 256 65 255
f 255 65 64
f 255 64 254
f 254 64 63
f 254 63 253
f 253 63 62
f 253 62 252
f 252 62 61
f 252 61 251
f 251 61 60
f 251 60 250
f 250 60 59
f 250 59 249
f 249 59 58
f 249 58 248
f 248 58 57
f 248 57 247
f 247 57 56
f 247 56 246
f 246 56 55
f 246 55 245
f 245 55 54
f 245 54 244
f 244 54 53
f 244 53 243
f 243 53 52
f 243 52 242
f 242 52 51
f 242 51 241
f 241 51 50
f 241 50 240
f 240 50 49
f 240 49 239
f 239 49 48
f 239 48 238
f 238 48 47
f 238 47 237
f 237 47 46
f 237 46 236
f 236 46 45
f 236 45 235
f 235 45 44
f 235 44 234
f 234 44 43
f 234 43 233
f 233 43 42
f 233 42 232
f 232 42 41
f 232 41 231
f 231 41 40
f 231 40 230
f 230 40 39
f 230 39 229
f 229 39 38
f 229 38 228
f 228 38 37
f 228 37 227
f 227 37 36
f 227 36 226
f 226 36 35
f 226 35 225
f 225 35 34
f 225 34 224
f 224 34 33
f 224 33 223
f 223 33 32
f 223 32 222
f 222 32 31
f 222 31 221
f 221 31 30
f 221 30 220
f 220 30 29
f 220 29 219
f 219 29 28
f 219 28 218
f 218 28 27
f 218 27 217
f 217 27 26
f 217 26 216
f 216 26 25
f 216 25 215
f 215 25 24
f 215 24 214
f 214 24 23
f 214 23 213
f 213 23 22
f 213 22 212
f 212 22 21
f 212 21 211
f 211 21 20
f 211 20 210
f 210 20 19
f 210 19 209
f 209 19 18
f 209 18 208
f 208 18 17
f 208 17 207
f 207 17 16
f 207 16 206
f 206 16 15
f 206 15 205
f 205 15 14
f 205 14 204
f 204 14 13
f 204 13 203
f 203 13 12
f 203 12 202
f 202 12 11
f 202 11 201
f 201 11 10
f 201 10 200
f 200 10 9
f 200 9 199
f 199 9 8
f 199 8 198
f 198 8 7
f 198 7 197
f 197 7 6
f 197 6 196
f 196 6 5
f 196 5 195
f 195 5 4
f 195 4 194
f 194 4 3
f 194 3 193
f 193 3 2
f 300 247 192
f 192 247 246
f 192 246 193
f 193 246 245
f 193 245 194
f 194 245 244
f 194 244 195
f 195 244 243
f 195 243 196
f 196 243 242
f 196 242 197
f 197 242 241
f 197 241 198
f 198 241 199
f 199 241 200
f 200 241 201
f 201 241 202
f 202 241 203
f 203 241 204
f 204 241 205
f 205 241 206
f 206 241 207
f 207 241 208
f 208 241 209
f 209 241 210
f 210 241 211
f 211 241 212
f 212 241 213
f 213 241 214
f 214 241 215
f 215 241 216
f 216 241 217
f 217 241 218
f 218 241 219
f 219 241 220
f 220 241 221
f 221 241 222
f 222 241 223
f 223 241 224
f 224 241 225
f 225 241 226
f 226 241 227
f 227 241 228
f 228 241 229
f 229 241 230
f 230 241 231
f 231 241 232
f 232 241 233
f 233 241 234
f 234 241 235
f 235 241 236
f 236 241 237
f 237 241 238
f 238 241 239
f 239 241 240
f 247 300 248
f 248 300 299
f 248 299 249
f 249 299 298
f 249 298 250
f 250 298 297
f 250 297 251
f 251 297 296
f 251 296 252
f 252 296 295
f 252 295 253
f 253 295 294
f 253 294 254
f 254 294 293
f 254 293 255
f 255 293 292
f 255 292 256
f 256 292 291
f 256 291 257
f 257 291 290
f 257 290 258
f 258 290 289
f 258 289 259
f 259 289 288
f 259 288 260
f 260 288 287
f 260 287 261
f 261 287 286
f 261 286 262
f 262 286 285
f 262 285 263
f 263 285 284
f 263 284 264
f 264 284 283
f 264 283 265
f 265 283 282
f 265 282 266
f 266 282 281
f 266 281 267
f 267 281 280
f 267 280 268
f 268 280 279
f 268 279 269
f 269 279 278
f 269 278 270
f 270 278 277
f 270 277 271
f 271 277 276
f 271 276 272
f 272 276 275
f 272 275 273
f 273 275 274
f 382 301 383
f 383 301 302
f 383 302 396
f 396 302 303
f 396 303 409
f 409 303 304
f 409 304 422
f 422 304 305
f 422 305 435
f 435 305 306
f 435 306 448
f 448 306 307
f 448 307 461
f 461 307 308
f 461 308 474
f 474 308 309
f 474 309 487
f 487 309 310
f 487 310 500
f 500 310 311
f 500 311 513
f 513 311 312
f 513 312 526
f 526 312 313
f 526 313 539
f 539 313 314
f 539 314 552
f 552 314 315
f 552 315 565
f 565 315 316
f 565 316 578
f 578 316 317
f 578 317 591
f 591 317 318
f 591 318 604
f 604 318 319
f 604 319 617
f 617 319 320
f 617 320 630
f 630 320 321
f 630 321 643
f 643 321 322
f 643 322 656
f 656 322 323
f 656 323 669
f 669 323 324
f 669 324 682
f 682 324 325
f 682 325 695
f 695 325 326
f 695 326 708
f 708 326 327
f 708 327 721
f 721 327 328
f 721 328 734
f 734 328 329
f 734 329 747
f 747 329 330
f 747 330 760
f 760 330 331
f 760 331 773
f 773 331 332
f 773 332 786
f 786 332 333
f 786 333 799
f 799 333 334
f 799 334 812
f 812 334 335
f 812 335 825
f 825 335 336
f 825 336 838
f 838 336 337
f 838 337 851
f 851 337 338
f 851 338 864
f 864 338 339
f 864 339 877
f 877 339 340
f 877 340 890
f 890 340 341
f 890 341 903
f 903 341 342
f 903 342 916
f 916 342 343
f 916 343 929
f 929 343 344
f 929 344 942
f 942 344 345
f 942 345 955
f 955 345 346
f 955 346 968
f 968 346 347
f 968 347 981
f 981 347 348
f 981 348 994
f 994 348 349
f 994 349 1007
f 1007 349 350
f 1007 350 1020
f 1020 350 351
f 1020 351 1033
f 1033 351 352
f 1033 352 1046
f 1046 352 353
f 1046 353 1059
f 1059 353 354
f 1059 354 1072
f 1072 354 355
f 1072 355 1085
f 1085 355 356
f 1085 356 1098
f 1098 356 357
f 1098 357 1111
f 1111 357 358
f 1111 358 1124
f 1124 358 359
f 1124 359 1137
f 1137 359 360
f 1137 360 1150
f 1150 360 361
f 1150 361 1163
f 1163 361 362
f 1163 362 1176
f 1176 362 363
f 1176 363 1189
f 1189 363 364
f 1189 364 1202
f 1202 364 365
f 1202 365 1215
f 1215 365 366
f 1215 366 1228
f 1228 366 367
f 1228 367 1241
f 1241 367 368
f 1241 368 1254
f 1254 368 369
f 1254 369 1267
f 1267 369 370
f 1267 370 1280
f 1280 370 371
f 1280 371 1293
f 1293 371 372
f 1293 372 1306
f 1306 372 373
f 1306 373 1319
f 1319 373 374
f 1319 374 1332
f 1332 374 375
f 1332 375 1345
f 1345 375 376
f 1345 376 1358
f 1358 376 377
f 1358 377 1371
f 1371 377 378
f 1371 378 1384
f 1384 378 379
f 1384 379 1397
f 1397 379 380
f 1397 380 1410
f 1410 380 381
f 1410 381 1423
f 1423 381 382
f 1423 382 383
f 111 110 395
f 395 110 191
f 395 191 1435
f 1435 191 190
f 1435 190 1422
f 1422 190 189
f 1422 189 1409
f 1409 189 188
f 1409 188 1396
f 1396 188 187
f 1396 187 1383
f 1383 187 186
f 1383 186 1370
f 1370 186 185
f 1370 185 1357
f 1357 185 184
f 1357 184 1344
f 1344 184 183
f 1344 183 1331
f 1331 183 182
f 1331 182 1318
f 1318 182 181
f 1318 181 1305
f 1305 181 180
f 1305 180 1292
f 1292 180 179
f 1292 179 1279
f 1279 179 178
f 1279 178 1266
f 1266 178 177
f 1266 177 1253
f 1253 177 176
f 1253 176 1240
f 1240 176 175
f 1240 175 1227
f 1227 175 174
f 1227 174 1214
f 1214 174 173
f 1214 173 1201
f 1201 173 172
f 1201 172 1188
f 1188 172 171
f 1188 171 1175
f 1175 171 170
f 1175 170 1162
f 1162 170 169
f 1162 169 1149
f 1149 169 168
f 1149 168 1136
f 1136 168 167
f 1136 167 1123
f 1123 167 166
f 1123 166 1110
f 1110 166 165
f 1110 165 1097
f 1097 165 164
f 1097 164 1084
f 1084 164 163
f 1084 163 1071
f 1071 163 162
f 1071 162 1058
f 1058 162 161
f 1058 161 1045
f 1045 161 160
f 1045 160 1032
f 1032 160 159
f 1032 159 1019
f 1019 159 158
f 1019 158 1006
f 1006 158 157
f 1006 157 993
f 993 157 156
f 993 156 980
f 980 156 155
f 980 155 967
f 967 155 154
f 967 154 954
f 954 154 153
f 954 153 941
f 941 153 152
f 941 152 928
f 928 152 151
f 928 151 915
f 915 151 150
f 915 150 902
f 902 150 149
f 902 149 889
f 889 149 148
f 889 148 876
f 876 148 147
f 876 147 863
f 863 147 146
f 863 146 850
f 850 146 145
f 850 145 837
f 837 145 144
f 837 144 824
f 824 144 143
f 824 143 811
f 811 143 142
f 811 142 798
f 798 142 141
f 798 141 785
f 785 141 140
f 785 140 772
f 772 140 139
f 772 139 759
f 759 139 138
f 759 138 746
f 746 138 137
f 746 137 733
f 733 137 136
f 733 136 720
f 720 136 135
f 720 135 707
f 707 135 134
f 707 134 694
f 694 134 133
f 694 133 681
f 681 133 132
f 681 132 668
f 668 132 131
f 668 131 655
f 655 131 130
f 655 130 642
f 642 130 129
f 642 129 629
f 629 129 128
f 629 128 616
f 616 128 127
f 616 127 603
f 603 127 126
f 603 126 590
f 590 126 125
f 590 125 577
f 577 125 124
f 577 124 564
f 564 124 123
f 564 123 551
f 551 123 122
f 551 122 538
f 538 122 121
f 538 121 525
f 525 121 120
f 525 120 512
f 512 120 119
f 512 119 499
f 499 119 118
f 499 118 486
f 486 118 117
f 486 117 473
f 473 117 116
f 473 116 460
f 460 116 115
f 460 115 447
f 447 115 114
f 447 114 434
f 434 114 113
f 434 113 421
f 421 113 112
f 421 112 408
f 408 112 111
f 408 111 395
f 383 384 1423
f 1423 384 1424
f 1423 1424 1410
f 1410 1424 1411
f 1410 1411 1397
f 1397 1411 1398
f 1397 1398 1384
f 1384 1398 1385
f 1384 1385 1371
f 1371 1385 1372
f 1371 1372 1358
f 1358 1372 1359
f 1358 1359 1345
f 1345 1359 1346
f 1345 1346 1332
f 1332 1346 1333
f 1332 1333 1319
f 1319 1333 1320
f 1319 1320 1306
f 1306 1320 1307
f 1306 1307 1293
f 1293 1307 1294
f 1293 1294 1280
f 1280 1294 1281
f 1280 1281 1267
f 1267 1281 1268
f 1267 1268 1254
f 1254 1268 1255
f 1254 1255 1241
f 1241 1255 1242
f 1241 1242 1228
f 1228 1242 1229
f 1228 1229 1215
f 1215 1229 1216
f 1215 1216 1202
f 1202 1216 1203
f 1202 1203 1189
f 1189 1203 1190
f 1189 1190 1176
f 1176 1190 1177
f 1176 1177 1163
f 1163 1177 1164
f 1163 1164 1150
f 1150 1164 1151
f 1150 1151 1137
f 1137 1151 1138
f 1137 1138 1124
f 1124 1138 1125
f 1124 1125 1111
f 1111 1125 1112
f 1111 1112 1098
f 1098 1112 1099
f 1098 1099 1085
f 1085 1099 1086
f 1085 1086 1072
f 1072 1086 1073
f 1072 1073 1059
f 1059 1073 1060
f 1059 1060 1046
f 1046 1060 1047
f 1046 1047 1033
f 1033 1047 1034
f 1033 1034 1020
f 1020 1034 1021
f 1020 1021 1007
f 1007 1021 1008
f 1007 1008 994
f 994 1008 995
f 994 995 981
f 981 995 982
f 981 982 968
f 968 982 969
f 968 969 955
f 955 969 956
f 955 956 942
f 942 956 943
f 942 943 929
f 929 943 930
f 929 930 916
f 916 930 917
f 916 917 903
f 903 917 904
f 903 904 890
f 890 904 891
f 890 891 877
f 877 891 878
f 877 878 864
f 864 878 865
f 864 865 851
f 851 865 852
f 851 852 838
f 838 852 839
f 838 839 825
f 825 839 826
f 825 826 812
f 812 826 813
f 812 813 799
f 799 813 800
f 799 800 786
f 786 800 787
f 786 787 773
f 773 787 774
f 773 774 760
f 760 774 761
f 760 761 747
f 747 761 748
f 747 748 734
f 734 748 735
f 734 735 721
f 721 735 722
f 721 722 708
f 708 722 709
f 708 709 695
f 695 709 696
f 695 696 682
f 682 696 683
f 682 683 669
f 669 683 670
f 669 670 656
f 656 670 657
f 656 657 643
f 643 657 644
f 643 644 630
f 630 644 631
f 630 631 617
f 617 631 618
f 617 618 604
f 604 618 605
f 604 605 591
f 591 605 592
f 591 592 578
f 578 592 579
f 578 579 565
f 565 579 566
f 565 566 552
f 552 566 553
f 552 553 539
f 539 553 540
f 539 540 526
f 526 540 527
f 526 527 513
f 513 527 514
f 513 514 500
f 500 514 501
f 500 501 487
f 487 501 488
f 487 488 474
f 474 488 475
f 474 475 461
f 461 475 462
f 461 462 448
f 448 462 449
f 448 449 435
f 435 449 436
f 435 436 422
f 422 436 423
f 422 423 409
f 409 423 410
f 409 410 396
f 396 410 397
f 396 397 383
f 383 397 384
f 384 385 1424
f 1424 385 1425
f 1424 1425 1411
f 1411 1425 1412
f 1411 1412 1398
f 1398 1412 1399
f 1398 1399 1385
f 1385 1399 1386
f 1385 1386 1372
f 1372 1386 1373
f 1372 1373 1359
f 1359 1373 1360
f 1359 1360 1346
f 1346 1360 1347
f 1346 1347 1333
f 1333 1347 1334
f 1333 1334 1320
f 1320 1334 1321
f 1320 1321 1307
f 1307 1321 1308
f 1307 1308 1294
f 1294 1308 1295
f 1294 1295 1281
f 1281 1295 1282
f 1281 1282 1268
f 1268 1282 1269
f 1268 1269 1255
f 1255 1269 1256
f 1255 1256 1242
f 1242 1256 1243
f 1242 1243 1229
f 1229 1243 1230
f 1229 1230 1216
f 1216 1230 1217
f 1216 1217 1203
f 1203 1217 1204
f 1203 1204 1190
f 1190 1204 1191
f 1190 1191 1177
f 1177 1191 1178
f 1177 1178 1164
f 1164 1178 1165
f 1164 1165 1151
f 1151 1165 1152
f 1151 1152 1138
f 1138 1152 1139
f 1138 1139 1125
f 1125 1139 1126
f 1125 1126 1112
f 1112 1126 1113
f 1112 1113 1099
f 1099 1113 1100
f 1099 1100 1086
f 1086 1100 1087
f 1086 1087 1073
f 1073 1087 1074
f 1073 1074 1060
f 1060 1074 1061
f 1060 1061 1047
f 1047 1061 1048
f 1047 1048 1034
f 1034 1048 1035
f 1034 1035 1021
f 1021 1035 1022
f 1021 1022 1008
f 1008 1022 1009
f 1008 1009 995
f 995 1009 996
f 995 996 982
f 982 996 983
f 982 983 969
f 969 983 970
f 969 970 956
f 956 970 957
f 956 957 943
f 943 957 944
f 943 944 930
f 930 944 931
f 930 931 917
f 917 931 918
f 917 918 904
f 904 918 905
f 904 905 891
f 891 905 892
f 891 892 878
f 878 892 879
f 878 879 865
f 865 879 866
f 865 866 852
f 852 866 853
f 852 853 839
f 839 853 840
f 839 840 826
f 826 840 827
f 826 827 813
f 813 827 814
f 813 814 800
f 800 814 801
f 800 801 787
f 787 801 788
f 787 788 774
f 774 788 775
f 774 775 761
f 761 775 762
f 761 762 748
f 748 762 749
f 748 749 735
f 735 749 736
f 735 736 722
f 722 736 723
f 722 723 709
f 709 723 710
f 709 710 696
f 696 710 697
f 696 697 683
f 683 697 684
f 683 684 670
f 670 684 671
f 670 671 657
f 657 671 658
f 657 658 644
f 644 658 645
f 644 645 631
f 631 645 632
f 631 632 618
f 618 632 619
f 618 619 605
f 605 619 606
f 605 606 592
f 592 606 593
f 592 593 579
f 579 593 580
f 579 580 566
f 566 580 567
f 566 567 553
f 553 567 554
f 553 554 540
f 540 554 541
f 540 541 527
f 527 541 528
f 527 528 514
f 514 528 515
f 514 515 501
f 501 515 502
f 501 502 488
f 488 502 489
f 488 489 475
f 475 489 476
f 475 476 462
f 462 476 463
f 462 463 449
f 449 463 450
f 449 450 436
f 436 450 437
f 436 437 423
f 423 437 424
f 423 424 410
f 410 424 411
f 410 411 397
f 397 411 398
f 397 398 384
f 384 398 385
f 385 386 1425
f 1425 386 1426
f 1425 1426 1412
f 1412 1426 1413
f 1412 1413 1399
f 1399 1413 1400
f 1399 1400 1386
f 1386 1400 1387
f 1386 1387 1373
f 1373 1387 1374
f 1373 1374 1360
f 1360 1374 1361
f 1360 1361 1347
f 1347 1361 1348
f 1347 1348 1334
f 1334 1348 1335
f 1334 1335 1321
f 1321 1335 1322
f 1321 1322 1308
f 1308 1322 1309
f 1308 1309 1295
f 1295 1309 1296
f 1295 1296 1282
f 1282 1296 1283
f 1282 1283 1269
f 1269 1283 1270
f 1269 1270 1256
f 1256 1270 1257
f 1256 1257 1243
f 1243 1257 1244
f 1243 1244 1230
f 1230 1244 1231
f 1230 1231 1217
f 1217 1231 1218
f 1217 1218 1204
f 1204 1218 1205
f 1204 1205 1191
f 1191 1205 1192
f 1191 1192 1178
f 1178 1192 1179
f 1178 1179 1165
f 1165 1179 1166
f 1165 1166 1152
f 1152 1166 1153
f 1152 1153 1139
f 1139 1153 1140
f 1139 1140 1126
f 1126 1140 1127
f 1126 1127 1113
f 1113 1127 1114
f 1113 1114 1100
f 1100 1114 1101
f 1100 1101 1087
f 1087 1101 1088
f 1087 1088 1074
f 1074 1088 1075
f 1074 1075 1061
f 1061 1075 1062
f 1061 1062 1048
f 1048 1062 1049
f 1048 1049 1035
f 1035 1049 1036
f 1035 1036 1022
f 1022 1036 1023
f 1022 1023 1009
f 1009 1023 1010
f 1009 1010 996
f 996 1010 997
f 996 997 983
f 983 997 984
f 983 984 970
f 970 984 971
f 970 971 957
f 957 971 958
f 957 958 944
f 944 958 945
f 944 945 931
f 931 945 932
f 931 932 918
f 918 932 919
f 918 919 905
f 905 919 906
f 905 906 892
f 892 906 893
f 892 893 879
f 879 893 880
f 879 880 866
f 866 880 867
f 866 867 853
f 853 867 854
f 853 854 840
f 840 854 841
f 840 841 827
f 827 841 828
f 827 828 814
f 814 828 815
f 814 815 801
f 801 815 802
f 801 802 788
f 788 802 789
f 788 789 775
f 775 789 776
f 775 776 762
f 762 776 763
f 762 763 749
f 749 763 750
f 749 750 736
f 736 750 737
f 736 737 723
f 723 737 724
f 723 724 710
f 710 724 711
f 710 711 697
f 697 711 698
f 697 698 684
f 684 698 685
f 684 685 671
f 671 685 672
f 671 672 658
f 658 672 659
f 658 659 645
f 645 659 646
f 645 646 632
f 632 646 633
f 632 633 619
f 619 633 620
f 619 620 606
f 606 620 607
f 606 607 593
f 593 607 594
f 593 594 580
f 580 594 581
f 580 581 567
f 567 581 568
f 567 568 554
f 554 568 555
f 554 555 541
f 541 555 542
f 541 542 528
f 528 542 529
f 528 529 515
f 515 529 516
f 515 516 502
f 502 516 503
f 502 503 489
f 489 503 490
f 489 490 476
f 476 490 477
f 476 477 463
f 463 477 464
f 463 464 450
f 450 464 451
f 450 451 437
f 437 451 438
f 437 438 424
f 424 438 425
f 424 425 411
f 411 425 412
f 411 412 398
f 398 412 399
f 398 399 385
f 385 399 386
f 386 387 1426
f 1426 387 1427
f 1426 1427 1413
f 1413 1427 1414
f 1413 1414 1400
f 1400 1414 1401
f 1400 1401 1387
f 1387 1401 1388
f 1387 1388 1374
f 1374 1388 1375
f 1374 1375 1361
f 1361 1375 1362
f 1361 1362 1348
f 1348 1362 1349
f 1348 1349 1335
f 1335 1349 1336
f 1335 1336 1322
f 1322 1336 1323
f 1322 1323 1309
f 1309 1323 1310
f 1309 1310 1296
f 1296 1310 1297
f 1296 1297 1283
f 1283 1297 1284
f 1283 1284 1270
f 1270 1284 1271
f 1270 1271 1257
f 1257 1271 1258
f 1257 1258 1244
f 1244 1258 1245
f 1244 1245 1231
f 1231 1245 1232
f 1231 1232 1218
f 1218 1232 1219
f 1218 1219 1205
f 1205 1219 1206
f 1205 1206 1192
f 1192 1206 1193
f 1192 1193 1179
f 1179 1193 1180
f 1179 1180 1166
f 1166 1180 1167
f 1166 1167 1153
f 1153 1167 1154
f 1153 1154 1140
f 1140 1154 1141
f 1140 1141 1127
f 1127 1141 1128
f 1127 1128 1114
f 1114 1128 1115
f 1114 1115 1101
f 1101 1115 1102
f 1101 1102 1088
f 1088 1102 1089
f 1088 1089 1075
f 1075 1089 1076
f 1075 1076 1062
f 1062 1076 1063
f 1062 1063 1049
f 1049 1063 1050
f 1049 1050 1036
f 1036 1050 1037
f 1036 1037 1023
f 1023 1037 1024
f 1023 1024 1010
f 1010 1024 1011
f 1010 1011 997
f 997 1011 998
f 997 998 984
f 984 998 985
f 984 985 971
f 971 985 972
f 971 972 958
f 958 972 959
f 958 959 945
f 945 959 946
f 945 946 932
f 932 946 933
f 932 933 919
f 919 933 920
f 919 920 906
f 906 920 907
f 906 907 893
f 893 907 894
f 893 894 880
f 880 894 881
f 880 881 867
f 867 881 868
f 867 868 854
f 854 868 855
f 854 855 841
f 841 855 842
f 841 842 828
f 828 842 829
f 828 829 815
f 815 829 816
f 815 816 802
f 802 816 803
f 802 803 789
f 789 803 790
f 789 790 776
f 776 790 777
f 776 777 763
f 763 777 764
f 763 764 750
f 750 764 751
f 750 751 737
f 737 751 738
f 737 738 724
f 724 738 725
f 724 725 711
f 711 725 712
f 711 712 698
f 698 712 699
f 698 699 685
f 685 699 686
f 685 686 672
f 672 686 673
f 672 673 659
f 659 673 660
f 659 660 646
f 646 660 647
f 646 647 633
f 633 647 634
f 633 634 620
f 620 634 621
f 620 621 607
f 607 621 608
f 607 608 594
f 594 608 595
f 594 595 581
f 581 595 582
f 581 582 568
f 568 582 569
f 568 569 555
f 555 569 556
f 555 556 542
f 542 556 543
f 542 543 529
f 529 543 530
f 529 530 516
f 516 530 517
f 516 517 503
f 503 517 504
f 503 504 490
f 490 504 491
f 490 491 477
f 477 491 478
f 477 478 464
f 464 478 465
f 464 465 451
f 451 465 452
f 451 452 438
f 438 452 439
f 438 439 425
f 425 439 426
f 425 426 412
f 412 426 413
f 412 413 399
f 399 413 400
f 399 400 386
f 386 400 387
f 387 388 1427
f 1427 388 1428
f 1427 1428 1414
f 1414 1428 1415
f 1414 1415 1401
f 1401 1415 1402
f 1401 1402 1388
f 1388 1402 1389
f 1388 1389 1375
f 1375 1389 1376
f 1375 1376 1362
f 1362 1376 1363
f 1362 1363 1349
f 1349 1363 1350
f 1349 1350 1336
f 1336 1350 1337
f 1336 1337 1323
f 1323 1337 1324
f 1323 1324 1310
f 1310 1324 1311
f 1310 1311 1297
f 1297 1311 1298
f 1297 1298 1284
f 1284 1298 1285
f 1284 1285 1271
f 1271 1285 1272
f 1271 1272 1258
f 1258 1272 1259
f 1258 1259 1245
f 1245 1259 1246
f 1245 1246 1232
f 1232 1246 1233
f 1232 1233 1219
f 1219 1233 1220
f 1219 1220 1206
f 1206 1220 1207
f 1206 1207 1193
f 1193 1207 1194
f 1193 1194 1180
f 1180 1194 1181
f 1180 1181 1167
f 1167 1181 1168
f 1167 1168 1154
f 1154 1168 1155
f 1154 1155 1141
f 1141 1155 1142
f 1141 1142 1128
f 1128 1142 1129
f 1128 1129 1115
f 1115 1129 1116
f 1115 1116 1102
f 1102 1116 1103
f 1102 1103 1089
f 1089 1103 1090
f 1089 1090 1076
f 1076 1090 1077
f 1076 1077 1063
f 1063 1077 1064
f 1063 1064 1050
f 1050 1064 1051
f 1050 1051 1037
f 1037 1051 1038
f 1037 1038 1024
f 1024 1038 1025
f 1024 1025 1011
f 1011 1025 1012
f 1011 1012 998
f 998 1012 999
f 998 999 985
f 985 999 986
f 985 986 972
f 972 986 973
f 972 973 959
f 959 973 960
f 959 960 946
f 946 960 947
f 946 947 933
f 933 947 934
f 933 934 920
f 920 934 921
f 920 921 907
f 907 921 908
f 907 908 894
f 894 908 895
f 894 895 881
f 881 895 882
f 881 882 868
f 868 882 869
f 868 869 855
f 855 869 856
f 855 856 842
f 842 856 843
f 842 843 829
f 829 843 830
f 829 830 816
f 816 830 817
f 816 817 803
f 803 817 804
f 803 804 790
f 790 804 791
f 790 791 777
f 777 791 778
f 777 778 764
f 764 778 765
f 764 765 751
f 751 765 752
f 751 752 738
f 738 752 739
f 738 739 725
f 725 739 726
f 725 726 712
f 712 726 713
f 712 713 699
f 699 713 700
f 699 700 686
f 686 700 687
f 686 687 673
f 673 687 674
f 673 674 660
f 660 674 661
f 660 661 647
f 647 661 648
f 647 648 634
f 634 648 635
f 634 635 621
f 621 635 622
f 621 622 608
f 608 622 609
f 608 609 595
f 595 609 596
f 595 596 582
f 582 596 583
f 582 583 569
f 569 583 570
f 569 570 556
f 556 570 557
f 556 557 543
f 543 557 544
f 543 544 530
f 530 544 531
f 530 531 517
f 517 531 518
f 517 518 504
f 504 518 505
f 504 505 491
f 491 505 492
f 491 492 478
f 478 492 479
f 478 479 465
f 465 479 466
f 465 466 452
f 452 466 453
f 452 453 439
f 439 453 440
f 439 440 426
f 426 440 427
f 426 427 413
f 413 427 414
f 413 414 400
f 400 414 401
f 400 401 387
f 387 401 388
f 388 389 1428
f 1428 389 1429
f 1428 1429 1415
f 1415 1429 1416
f 1415 1416 1402
f 1402 1416 1403
f 1402 1403 1389
f 1389 1403 1390
f 1389 1390 1376
f 1376 1390 1377
f 1376 1377 1363
f 1363 1377 1364
f 1363 1364 1350
f 1350 1364 1351
f 1350 1351 1337
f 1337 1351 1338
f 1337 1338 1324
f 1324 1338 1325
f 1324 1325 1311
f 1311 1325 1312
f 1311 1312 1298
f 1298 1312 1299
f 1298 1299 1285
f 1285 1299 1286
f 1285 1286 1272
f 1272 1286 1273
f 1272 1273 1259
f 1259 1273 1260
f 1259 1260 1246
f 1246 1260 1247
f 1246 1247 1233
f 1233 1247 1234
f 1233 1234 1220
f 1220 1234 1221
f 1220 1221 1207
f 1207 1221 1208
f 1207 1208 1194
f 1194 1208 1195
f 1194 1195 1181
f 1181 1195 1182
f 1181 1182 1168
f 1168 1182 1169
f 1168 1169 1155
f 1155 1169 1156
f 1155 1156 1142
f 1142 1156 1143
f 1142 1143 1129
f 1129 1143 1130
f 1129 1130 1116
f 1116 1130 1117
f 1116 1117 1103
f 1103 1117 1104
f 1103 1104 1090
f 1090 1104 1091
f 1090 1091 1077
f 1077 1091 1078
f 1077 1078 1064
f 1064 1078 1065
f 1064 1065 1051
f 1051 1065 1052
f 1051 1052 1038
f 1038 1052 1039
f 1038 1039 1025
f 1025 1039 1026
f 1025 1026 1012
f 1012 1026 1013
f 1012 1013 999
f 999 1013 1000
f 999 1000 986
f 986 1000 987
f 986 987 973
f 973 987 974
f 973 974 960
f 960 974 961
f 960 961 947
f 947 961 948
f 947 948 934
f 934 948 935
f 934 935 921
f 921 935 922
f 921 922 908
f 908 922 909
f 908 909 895
f 895 909 896
f 895 896 882
f 882 896 883
f 882 883 869
f 869 883 870
f 869 870 856
f 856 870 857
f 856 857 843
f 843 857 844
f 843 844 830
f 830 844 831
f 830 831 817
f 817 831 818
f 817 818 804
f 804 818 805
f 804 805 791
f 791 805 792
f 791 792 778
f 778 792 779
f 778 779 765
f 765 779 766
f 765 766 752
f 752 766 753
f 752 753 739
f 739 753 740
f 739 740 726
f 726 740 727
f 726 727 713
f 713 727 714
f 713 714 700
f 700 714 701
f 700 701 687
f 687 701 688
f 687 688 674
f 674 688 675
f 674 675 661
f 661 675 662
f 661 662 648
f 648 662 649
f 648 649 635
f 635 649 636
f 635 636 622
f 622 636 623
f 622 623 609
f 609 623 610
f 609 610 596
f 596 610 597
f 596 597 583
f 583 597 584
f 583 584 570
f 570 584 571
f 570 571 557
f 557 571 558
f 557 558 544
f 544 558 545
f 544 545 531
f 531 545 532
f 531 532 518
f 518 532 519
f 518 519 505
f 505 519 506
f 505 506 492
f 492 506 493
f 492 493 479
f 479 493 480
f 479 480 466
f 466 480 467
f 466 467 453
f 453 467 454
f 453 454 440
f 440 454 441
f 440 441 427
f 427 441 428
f 427 428 414
f 414 428 415
f 414 415 401
f 401 415 402
f 401 402 388
f 388 402 389
f 389 390 1429
f 1429 390 1430
f 1429 1430 1416
f 1416 1430 1417
f 1416 1417 1403
f 1403 1417 1404
f 1403 1404 1390
f 1390 1404 1391
f 1390 1391 1377
f 1377 1391 1378
f 1377 1378 1364
f 1364 1378 1365
f 1364 1365 1351
f 1351 1365 1352
f 1351 1352 1338
f 1338 1352 1339
f 1338 1339 1325
f 1325 1339 1326
f 1325 1326 1312
f 1312 1326 1313
f 1312 1313 1299
f 1299 1313 1300
f 1299 1300 1286
f 1286 1300 1287
f 1286 1287 1273
f 1273 1287 1274
f 1273 1274 1260
f 1260 1274 1261
f 1260 1261 1247
f 1247 1261 1248
f 1247 1248 1234
f 1234 1248 1235
f 1234 1235 1221
f 1221 1235 1222
f 1221 1222 1208
f 1208 1222 1209
f 1208 1209 1195
f 1195 1209 1196
f 1195 1196 1182
f 1182 1196 1183
f 1182 1183 1169
f 1169 1183 1170
f 1169 1170 1156
f 1156 1170 1157
f 1156 1157 1143
f 1143 1157 1144
f 1143 1144 1130
f 1130 1144 1131
f 1130 1131 1117
f 1117 1131 1118
f 1117 1118 1104
f 1104 1118 1105
f 1104 1105 1091
f 1091 1105 1092
f 1091 1092 1078
f 1078 1092 1079
f 1078 1079 1065
f 1065 1079 1066
f 1065 1066 1052
f 1052 1066 1053
f 1052 1053 1039
f 1039 1053 1040
f 1039 1040 1026
f 1026 1040 1027
f 1026 1027 1013
f 1013 1027 1014
f 1013 1014 1000
f 1000 1014 1001
f 1000 1001 987
f 987 1001 988
f 987 988 974
f 974 988 975
f 974 975 961
f 961 975 962
f 961 962 948
f 948 962 949
f 948 949 935
f 935 949 936
f 935 936 922
f 922 936 923
f 922 923 909
f 909 923 910
f 909 910 896
f 896 910 897
f 896 897 883
f 883 897 884
f 883 884 870
f 870 884 871
f 870 871 857
f 857 871 858
f 857 858 844
f 844 858 845
f 844 845 831
f 831 845 832
f 831 832 818
f 818 832 819
f 818 819 805
f 805 819 806
f 805 806 792
f 792 806 793
f 792 793 779
f 779 793 780
f 779 780 766
f 766 780 767
f 766 767 753
f 753 767 754
f 753 754 740
f 740 754 741
f 740 741 727
f 727 741 728
f 727 728 714
f 714 728 715
f 714 715 701
f 701 715 702
f 701 702 688
f 688 702 689
f 688 689 675
f 675 689 676
f 675 676 662
f 662 676 663
f 662 663 649
f 649 663 650
f 649 650 636
f 636 650 637
f 636 637 623
f 623 637 624
f 623 624 610
f 610 624 611
f 610 611 597
f 597 611 598
f 597 598 584
f 584 598 585
f 584 585 571
f 571 585 572
f 571 572 558
f 558 572 559
f 558 559 545
f 545 559 546
f 545 546 532
f 532 546 533
f 532 533 519
f 519 533 520
f 519 520 506
f 506 520 507
f 506 507 493
f 493 507 494
f 493 494 480
f 480 494 481
f 480 481 467
f 467 481 468
f 467 468 454
f 454 468 455
f 454 455 441
f 441 455 442
f 441 442 428
f 428 442 429
f 428 429 415
f 415 429 416
f 415 416 402
f 402 416 403
f 402 403 389
f 389 403 390
f 390 391 1430
f 1430 391 1431
f 1430 1431 1417
f 1417 1431 1418
f 1417 1418 1404
f 1404 1418 1405
f 1404 1405 1391
f 1391 1405 1392
f 1391 1392 1378
f 1378 1392 1379
f 1378 1379 1365
f 1365 1379 1366
f 1365 1366 1352
f 1352 1366 1353
f 1352 1353 1339
f 1339 1353 1340
f 1339 1340 1326
f 1326 1340 1327
f 1326 1327 1313
f 1313 1327 1314
f 1313 1314 1300
f 1300 1314 1301
f 1300 1301 1287
f 1287 1301 1288
f 1287 1288 1274
f 1274 1288 1275
f 1274 1275 1261
f 1261 1275 1262
f 1261 1262 1248
f 1248 1262 1249
f 1248 1249 1235
f 1235 1249 1236
f 1235 1236 1222
f 1222 1236 1223
f 1222 1223 1209
f 1209 1223 1210
f 1209 1210 1196
f 1196 1210 1197
f 1196 1197 1183
f 1183 1197 1184
f 1183 1184 1170
f 1170 1184 1171
f 1170 1171 1157
f 1157 1171 1158
f 1157 1158 1144
f 1144 1158 1145
f 1144 1145 1131
f 1131 1145 1132
f 1131 1132 1118
f 1118 1132 1119
f 1118 1119 1105
f 1105 1119 1106
f 1105 1106 1092
f 1092 1106 1093
f 1092 1093 1079
f 1079 1093 1080
f 1079 1080 1066
f 1066 1080 1067
f 1066 1067 1053
f 1053 1067 1054
f 1053 1054 1040
f 1040 1054 1041
f 1040 1041 1027
f 1027 1041 1028
f 1027 1028 1014
f 1014 1028 1015
f 1014 1015 1001
f 1001 1015 1002
f 1001 1002 988
f 988 1002 989
f 988 989 975
f 975 989 976
f 975 976 962
f 962 976 963
f 962 963 949
f 949 963 950
f 949 950 936
f 936 950 937
f 936 937 923
f 923 937 924
f 923 924 910
f 910 924 911
f 910 911 897
f 897 911 898
f 897 898 884
f 884 898 885
f 884 885 871
f 871 885 872
f 871 872 858
f 858 872 859
f 858 859 845
f 845 859 846
f 845 846 832
f 832 846 833
f 832 833 819
f 819 833 820
f 819 820 806
f 806 820 807
f 806 807 793
f 793 807 794
f 793 794 780
f 780 794 781
f 780 781 767
f 767 781 768
f 767 768 754
f 754 768 755
f 754 755 741
f 741 755 742
f 741 742 728
f 728 742 729
f 728 729 715
f 715 729 716
f 715 716 702
f 702 716 703
f 702 703 689
f 689 703 690
f 689 690 676
f 676 690 677
f 676 677 663
f 663 677 664
f 663 664 650
f 650 664 651
f 650 651 637
f 637 651 638
f 637 638 624
f 624 638 625
f 624 625 611
f 611 625 612
f 611 612 598
f 598 612 599
f 598 599 585
f 585 599 586
f 585 586 572
f 572 586 573
f 572 573 559
f 559 573 560
f 559 560 546
f 546 560 547
f 546 547 533
f 533 547 534
f 533 534 520
f 520 534 521
f 520 521 507
f 507 521 508
f 507 508 494
f 494 508 495
f 494 495 481
f 481 495 482
f 481 482 468
f 468 482 469
f 468 469 455
f 455 469 456
f 455 456 442
f 442 456 443
f 442 443 429
f 429 443 430
f 429 430 416
f 416 430 417
f 416 417 403
f 403 417 404
f 403 404 390
f 390 404 391
f 391 392 1431
f 1431 392 1432
f 1431 1432 1418
f 1418 1432 1419
f 1418 1419 1405
f 1405 1419 1406
f 1405 1406 1392
f 1392 1406 1393
f 1392 1393 1379
f 1379 1393 1380
f 1379 1380 1366
f 1366 1380 1367
f 1366 1367 1353
f 1353 1367 1354
f 1353 1354 1340
f 1340 1354 1341
f 1340 1341 1327
f 1327 1341 1328
f 1327 1328 1314
f 1314 1328 1315
f 1314 1315 1301
f 1301 1315 1302
f 1301 1302 1288
f 1288 1302 1289
f 1288 1289 1275
f 1275 1289 1276
f 1275 1276 1262
f 1262 1276 1263
f 1262 1263 1249
f 1249 1263 1250
f 1249 1250 1236
f 1236 1250 1237
f 1236 1237 1223
f 1223 1237 1224
f 1223 1224 1210
f 1210 1224 1211
f 1210 1211 1197
f 1197 1211 1198
f 1197 1198 1184
f 1184 1198 1185
f 1184 1185 1171
f 1171 1185 1172
f 1171 1172 1158
f 1158 1172 1159
f 1158 1159 1145
f 1145 1159 1146
f 1145 1146 1132
f 1132 1146 1133
f 1132 1133 1119
f 1119 1133 1120
f 1119 1120 1106
f 1106 1120 1107
f 1106 1107 1093
f 1093 1107 1094
f 1093 1094 1080
f 1080 1094 1081
f 1080 1081 1067
f 1067 1081 1068
f 1067 1068 1054
f 1054 1068 1055
f 1054 1055 1041
f 1041 1055 1042
f 1041 1042 1028
f 1028 1042 1029
f 1028 1029 1015
f 1015 1029 1016
f 1015 1016 1002
f 1002 1016 1003
f 1002 1003 989
f 989 1003 990
f 989 990 976
f 976 990 977
f 976 977 963
f 963 977 964
f 963 964 950
f 950 964 951
f 950 951 937
f 937 951 938
f 937 938 924
f 924 938 925
f 924 925 911
f 911 925 912
f 911 912 898
f 898 912 899
f 898 899 885
f 885 899 886
f 885 886 872
f 872 886 873
f 872 873 859
f 859 873 860
f 859 860 846
f 846 860 847
f 846 847 833
f 833 847 834
f 833 834 820
f 820 834 821
f 820 821 807
f 807 821 808
f 807 808 794
f 794 808 795
f 794 795 781
f 781 795 782
f 781 782 768
f 768 782 769
f 768 769 755
f 755 769 756
f 755 756 742
f 742 756 743
f 742 743 729
f 729 743 730
f 729 730 716
f 716 730 717
f 716 717 703
f 703 717 704
f 703 704 690
f 690 704 691
f 690 691 677
f 677 691 678
f 677 678 664
f 664 678 665
f 664 665 651
f 651 665 652
f 651 652 638
f 638 652 639
f 638 639 625
f 625 639 626
f 625 626 612
f 612 626 613
f 612 613 599
f 599 613 600
f 599 600 586
f 586 600 587
f 586 587 573
f 573 587 574
f 573 574 560
f 560 574 561
f 560 561 547
f 547 561 548
f 547 548 534
f 534 548 535
f 534 535 521
f 521 535 522
f 521 522 508
f 508 522 509
f 508 509 495
f 495 509 496
f 495 496 482
f 482 496 483
f 482 483 469
f 469 483 470
f 469 470 456
f 456 470 457
f 456 457 443
f 443 457 444
f 443 444 430
f 430 444 431
f 430 431 417
f 417 431 418
f 417 418 404
f 404 418 405
f 404 405 391
f 391 405 392
f 392 393 1432
f 1432 393 1433
f 1432 1433 1419
f 1419 1433 1420
f 1419 1420 1406
f 1406 1420 1407
f 1406 1407 1393
f 1393 1407 1394
f 1393 1394 1380
f 1380 1394 1381
f 1380 1381 1367
f 1367 1381 1368
f 1367 1368 1354
f 1354 1368 1355
f 1354 1355 1341
f 1341 1355 1342
f 1341 1342 1328
f 1328 1342 1329
f 1328 1329 1315
f 1315 1329 1316
f 1315 1316 1302
f 1302 1316 1303
f 1302 1303 1289
f 1289 1303 1290
f 1289 1290 1276
f 1276 1290 1277
f 1276 1277 1263
f 1263 1277 1264
f 1263 1264 1250
f 1250 1264 1251
f 1250 1251 1237
f 1237 1251 1238
f 1237 1238 1224
f 1224 1238 1225
f 1224 1225 1211
f 1211 1225 1212
f 1211 1212 1198
f 1198 1212 1199
f 1198 1199 1185
f 1185 1199 1186
f 1185 1186 1172
f 1172 1186 1173
f 1172 1173 1159
f 1159 1173 1160
f 1159 1160 1146
f 1146 1160 1147
f 1146 1147 1133
f 1133 1147 1134
f 1133 1134 1120
f 1120 1134 1121
f 1120 1121 1107
f 1107 1121 1108
f 1107 1108 1094
f 1094 1108 1095
f 1094 1095 1081
f 1081 1095 1082
f 1081 1082 1068
f 1068 1082 1069
f 1068 1069 1055
f 1055 1069 1056
f 1055 1056 1042
f 1042 1056 1043
f 1042 1043 1029
f 1029 1043 1030
f 1029 1030 1016
f 1016 1030 1017
f 1016 1017 1003
f 1003 1017 1004
f 1003 1004 990
f 990 1004 991
f 990 991 977
f 977 991 978
f 977 978 964
f 964 978 965
f 964 965 951
f 951 965 952
f 951 952 938
f 938 952 939
f 938 939 925
f 925 939 926
f 925 926 912
f 912 926 913
f 912 913 899
f 899 913 900
f 899 900 886
f 886 900 887
f 886 887 873
f 873 887 874
f 873 874 860
f 860 874 861
f 860 861 847
f 847 861 848
f 847 848 834
f 834 848 835
f 834 835 821
f 821 835 822
f 821 822 808
f 808 822 809
f 808 809 795
f 795 809 796
f 795 796 782
f 782 796 783
f 782 783 769
f 769 783 770
f 769 770 756
f 756 770 757
f 756 757 743
f 743 757 744
f 743 744 730
f 730 744 731
f 730 731 717
f 717 731 718
f 717 718 704
f 704 718 705
f 704 705 691
f 691 705 692
f 691 692 678
f 678 692 679
f 678 679 665
f 665 679 666
f 665 666 652
f 652 666 653
f 652 653 639
f 639 653 640
f 639 640 626
f 626 640 627
f 626 627 613
f 613 627 614
f 613 614 600
f 600 614 601
f 600 601 587
f 587 601 588
f 587 588 574
f 574 588 575
f 574 575 561
f 561 575 562
f 561 562 548
f 548 562 549
f 548 549 535
f 535 549 536
f 535 536 522
f 522 536 523
f 522 523 509
f 509 523 510
f 509 510 496
f 496 510 497
f 496 497 483
f 483 497 484
f 483 484 470
f 470 484 471
f 470 471 457
f 457 471 458
f 457 458 444
f 444 458 445
f 444 445 431
f 431 445 432
f 431 432 418
f 418 432 419
f 418 419 405
f 405 419 406
f 405 406 392
f 392 406 393
f 393 394 1433
f 1433 394 1434
f 1433 1434 1420
f 1420 1434 1421
f 1420 1421 1407
f 1407 1421 1408
f 1407 1408 1394
f 1394 1408 1395
f 1394 1395 1381
f 1381 1395 1382
f 1381 1382 1368
f 1368 1382 1369
f 1368 1369 1355
f 1355 1369 1356
f 1355 1356 1342
f 1342 1356 1343
f 1342 1343 1329
f 1329 1343 1330
f 1329 1330 1316
f 1316 1330 1317
f 1316 1317 1303
f 1303 1317 1304
f 1303 1304 1290
f 1290 1304 1291
f 1290 1291 1277
f 1277 1291 1278
f 1277 1278 1264
f 1264 1278 1265
f 1264 1265 1251
f 1251 1265 1252
f 1251 1252 1238
f 1238 1252 1239
f 1238 1239 1225
f 1225 1239 1226
f 1225 1226 1212
f 1212 1226 1213
f 1212 1213 1199
f 1199 1213 1200
f 1199 1200 1186
f 1186 1200 1187
f 1186 1187 1173
f 1173 1187 1174
f 1173 1174 1160
f 1160 1174 1161
f 1160 1161 1147
f 1147 1161 1148
f 1147 1148 1134
f 1134 1148 1135
f 1134 1135 1121
f 1121 1135 1122
f 1121 1122 1108
f 1108 1122 1109
f 1108 1109 1095
f 1095 1109 1096
f 1095 1096 1082
f 1082 1096 1083
f 1082 1083 1069
f 1069 1083 1070
f 1069 1070 1056
f 1056 1070 1057
f 1056 1057 1043
f 1043 1057 1044
f 1043 1044 1030
f 1030 1044 1031
f 1030 1031 1017
f 1017 1031 1018
f 1017 1018 1004
f 1004 1018 1005
f 1004 1005 991
f 991 1005 992
f 991 992 978
f 978 992 979
f 978 979 965
f 965 979 966
f 965 966 952
f 952 966 953
f 952 953 939
f 939 953 940
f 939 940 926
f 926 940 927
f 926 927 913
f 913 927 914
f 913 914 900
f 900 914 901
f 900 901 887
f 887 901 888
f 887 888 874
f 874 888 875
f 874 875 861
f 861 875 862
f 861 862 848
f 848 862 849
f 848 849 835
f 835 849 836
f 835 836 822
f 822 836 823
f 822 823 809
f 809 823 810
f 809 810 796
f 796 810 797
f 796 797 783
f 783 797 784
f 783 784 770
f 770 784 771
f 770 771 757
f 757 771 758
f 757 758 744
f 744 758 745
f 744 745 731
f 731 745 732
f 731 732 718
f 718 732 719
f 718 719 705
f 705 719 706
f 705 706 692
f 692 706 693
f 692 693 679
f 679 693 680
f 679 680 666
f 666 680 667
f 666 667 653
f 653 667 654
f 653 654 640
f 640 654 641
f 640 641 627
f 627 641 628
f 627 628 614
f 614 628 615
f 614 615 601
f 601 615 602
f 601 602 588
f 588 602 589
f 588 589 575
f 575 589 576
f 575 576 562
f 562 576 563
f 562 563 549
f 549 563 550
f 549 550 536
f 536 550 537
f 536 537 523
f 523 537 524
f 523 524 510
f 510 524 511
f 510 511 497
f 497 511 498
f 497 498 484
f 484 498 485
f 484 485 471
f 471 485 472
f 471 472 458
f 458 472 459
f 458 459 445
f 445 459 446
f 445 446 432
f 432 446 433
f 432 433 419
f 419 433 420
f 419 420 406
f 406 420 407
f 406 407 393
f 393 407 394
f 394 395 1434
f 1434 395 1435
f 1434 1435 1421
f 1421 1435 1422
f 1421 1422 1408
f 1408 1422 1409
f 1408 1409 1395
f 1395 1409 1396
f 1395 1396 1382
f 1382 1396 1383
f 1382 1383 1369
f 1369 1383 1370
f 1369 1370 1356
f 1356 1370 1357
f 1356 1357 1343
f 1343 1357 1344
f 1343 1344 1330
f 1330 1344 1331
f 1330 1331 1317
f 1317 1331 1318
f 1317 1318 1304
f 1304 1318 1305
f 1304 1305 1291
f 1291 1305 1292
f 1291 1292 1278
f 1278 1292 1279
f 1278 1279 1265
f 1265 1279 1266
f 1265 1266 1252
f 1252 1266 1253
f 1252 1253 1239
f 1239 1253 1240
f 1239 1240 1226
f 1226 1240 1227
f 1226 1227 1213
f 1213 1227 1214
f 1213 1214 1200
f 1200 1214 1201
f 1200 1201 1187
f 1187 1201 1188
f 1187 1188 1174
f 1174 1188 1175
f 1174 1175 1161
f 1161 1175 1162
f 1161 1162 1148
f 1148 1162 1149
f 1148 1149 1135
f 1135 1149 1136
f 1135 1136 1122
f 1122 1136 1123
f 1122 1123 1109
f 1109 1123 1110
f 1109 1110 1096
f 1096 1110 1097
f 1096 1097 1083
f 1083 1097 1084
f 1083 1084 1070
f 1070 1084 1071
f 1070 1071 1057
f 1057 1071 1058
f 1057 1058 1044
f 1044 1058 1045
f 1044 1045 1031
f 1031 1045 1032
f 1031 1032 1018
f 1018 1032 1019
f 1018 1019 1005
f 1005 1019 1006
f 1005 1006 992
f 992 1006 993
f 992 993 979
f 979 993 980
f 979 980 966
f 966 980 967
f 966 967 953
f 953 967 954
f 953 954 940
f 940 954 941
f 940 941 927
f 927 941 928
f 927 928 914
f 914 928 915
f 914 915 901
f 901 915 902
f 901 902 888
f 888 902 889
f 888 889 875
f 875 889 876
f 875 876 862
f 862 876 863
f 862 863 849
f 849 863 850
f 849 850 836
f 836 850 837
f 836 837 823
f 823 837 824
f 823 824 810
f 810 824 811
f 810 811 797
f 797 811 798
f 797 798 784
f 784 798 785
f 784 785 771
f 771 785 772
f 771 772 758
f 758 772 759
f 758 759 745
f 745 759 746
f 745 746 732
f 732 746 733
f 732 733 719
f 719 733 720
f 719 720 706
f 706 720 707
f 706 707 693
f 693 707 694
f 693 694 680
f 680 694 681
f 680 681 667
f 667 681 668
f 667 668 654
f 654 668 655
f 654 655 641
f 641 655 642
f 641 642 628
f 628 642 629
f 628 629 615
f 615 629 616
f 615 616 602
f 602 616 603
f 602 603 589
f 589 603 590
f 589 590 576
f 576 590 577
f 576 577 563
f 563 577 564
f 563 564 550
f 550 564 551
f 550 551 537
f 537 551 538
f 537 538 524
f 524 538 525
f 524 525 511
f 511 525 512
f 511 512 498
f 498 512 499
f 498 499 485
f 485 499 486
f 485 486 472
f 472 486 473
f 472 473 459
f 459 473 460
f 459 460 446
f 446 460 447
f 446 447 433
f 433 447 434
f 433 434 420
f 420 434 421
f 420 421 407
f 407 421 408
f 407 408 394
f 394 408 395
f 382 343 301
f 301 343 342
f 301 342 302
f 302 342 341
f 302 341 303
f 303 341 340
f 303 340 304
f 304 340 339
f 304 339 305
f 305 339 338
f 305 338 306
f 306 338 337
f 306 337 307
f 307 337 336
f 307 336 308
f 308 336 335
f 308 335 309
f 309 335 334
f 309 334 310
f 310 334 333
f 310 333 311
f 311 333 332
f 311 332 312
f 312 332 331
f 312 331 313
f 313 331 330
f 313 330 314
f 314 330 329
f 314 329 315
f 315 329 328
f 315 328 316
f 316 328 327
f 316 327 317
f 317 327 326
f 317 326 318
f 318 326 325
f 318 325 319
f 319 325 324
f 319 324 320
f 320 324 323
f 320 323 321
f 321 323 322
f 343 382 344
f 344 382 381
f 344 381 345
f 345 381 380
f 345 380 346
f 346 380 379
f 346 379 347
f 347 379 378
f 347 378 348
f 348 378 377
f 348 377 349
f 349 377 376
f 349 376 350
f 350 376 375
f 350 375 351
f 351 375 374
f 351 374 352
f 352 374 373
f 352 373 353
f 353 373 372
f 353 372 354
f 354 372 371
f 354 371 355
f 355 371 370
f 355 370 356
f 356 370 369
f 356 369 357
f 357 369 368
f 357 368 358
f 358 368 367
f 358 367 359
f 359 367 366
f 359 366 360
f 360 366 365
f 360 365 361
f 361 365 364
f 361 364 362
f 362 364 363
f 1489 1436 1544
f 1544 1436 1437
f 1544 1437 1546
f 1546 1437 1438
f 1546 1438 1548
f 1548 1438 1439
f 1548 1439 1550
f 1550 1439 1440
f 1550 1440 1552
f 1552 1440 1441
f 1552 1441 1554
f 1554 1441 1442
f 1554 1442 1556
f 1556 1442 1443
f 1556 1443 1558
f 1558 1443 1444
f 1558 1444 1560
f 1560 1444 1445
f 1560 1445 1562
f 1562 1445 1446
f 1562 1446 1564
f 1564 1446 1447
f 1564 1447 1566
f 1566 1447 1448
f 1566 1448 1568
f 1568 1448 1449
f 1568 1449 1570
f 1570 1449 1450
f 1570 1450 1572
f 1572 1450 1451
f 1572 1451 1574
f 1574 1451 1452
f 1574 1452 1576
f 1576 1452 1453
f 1576 1453 1578
f 1578 1453 1454
f 1578 1454 1580
f 1580 1454 1455
f 1580 1455 1582
f 1582 1455 1456
f 1582 1456 1584
f 1584 1456 1457
f 1584 1457 1586
f 1586 1457 1458
f 1586 1458 1588
f 1588 1458 1459
f 1588 1459 1590
f 1590 1459 1460
f 1590 1460 1592
f 1592 1460 1461
f 1592 1461 1594
f 1594 1461 1462
f 1594 1462 1596
f 1596 1462 1463
f 1596 1463 1598
f 1598 1463 1464
f 1598 1464 1600
f 1600 1464 1465
f 1600 1465 1602
f 1602 1465 1466
f 1602 1466 1604
f 1604 1466 1467
f 1604 1467 1606
f 1606 1467 1468
f 1606 1468 1608
f 1608 1468 1469
f 1608 1469 1610
f 1610 1469 1470
f 1610 1470 1612
f 1612 1470 1471
f 1612 1471 1614
f 1614 1471 1472
f 1614 1472 1616
f 1616 1472 1473
f 1616 1473 1618
f 1618 1473 1474
f 1618 1474 1620
f 1620 1474 1475
f 1620 1475 1622
f 1622 1475 1476
f 1622 1476 1624
f 1624 1476 1477
f 1624 1477 1626
f 1626 1477 1478
f 1626 1478 1628
f 1628 1478 1479
f 1628 1479 1630
f 1630 1479 1480
f 1630 1480 1632
f 1632 1480 1481
f 1632 1481 1634
f 1634 1481 1482
f 1634 1482 1636
f 1636 1482 1483
f 1636 1483 1638
f 1638 1483 1484
f 1638 1484 1640
f 1640 1484 1485
f 1640 1485 1642
f 1642 1485 1486
f 1642 1486 1644
f 1644 1486 1487
f 1644 1487 1646
f 1646 1487 1488
f 1646 1488 1648
f 1648 1488 1489
f 1648 1489 1544
f 1543 1490 1545
f 1545 1490 1491
f 1545 1491 1649
f 1649 1491 1492
f 1649 1492 1647
f 1647 1492 1493
f 1647 1493 1645
f 1645 1493 1494
f 1645 1494 1643
f 1643 1494 1495
f 1643 1495 1641
f 1641 1495 1496
f 1641 1496 1639
f 1639 1496 1497
f 1639 1497 1637
f 1637 1497 1498
f 1637 1498 1635
f 1635 1498 1499
f 1635 1499 1633
f 1633 1499 1500
f 1633 1500 1631
f 1631 1500 1501
f 1631 1501 1629
f 1629 1501 1502
f 1629 1502 1627
f 1627 1502 1503
f 1627 1503 1625
f 1625 1503 1504
f 1625 1504 1623
f 1623 1504 1505
f 1623 1505 1621
f 1621 1505 1506
f 1621 1506 1619
f 1619 1506 1507
f 1619 1507 1617
f 1617 1507 1508
f 1617 1508 1615
f 1615 1508 1509
f 1615 1509 1613
f 1613 1509 1510
f 1613 1510 1611
f 1611 1510 1511
f 1611 1511 1609
f 1609 1511 1512
f 1609 1512 1607
f 1607 1512 1513
f 1607 1513 1605
f 1605 1513 1514
f 1605 1514 1603
f 1603 1514 1515
f 1603 1515 1601
f 1601 1515 1516
f 1601 1516 1599
f 1599 1516 1517
f 1599 1517 1597
f 1597 1517 1518
f 1597 1518 1595
f 1595 1518 1519
f 1595 1519 1593
f 1593 1519 1520
f 1593 1520 1591
f 1591 1520 1521
f 1591 1521 1589
f 1589 1521 1522
f 1589 1522 1587
f 1587 1522 1523
f 1587 1523 1585
f 1585 1523 1524
f 1585 1524 1583
f 1583 1524 1525
f 1583 1525 1581
f 1581 1525 1526
f 1581 1526 1579
f 1579 1526 1527
f 1579 1527 1577
f 1577 1527 1528
f 1577 1528 1575
f 1575 1528 1529
f 1575 1529 1573
f 1573 1529 1530
f 1573 1530 1571
f 1571 1530 1531
f 1571 1531 1569
f 1569 1531 1532
f 1569 1532 1567
f 1567 1532 1533
f 1567 1533 1565
f 1565 1533 1534
f 1565 1534 1563
f 1563 1534 1535
f 1563 1535 1561
f 1561 1535 1536
f 1561 1536 1559
f 1559 1536 1537
f 1559 1537 1557
f 1557 1537 1538
f 1557 1538 1555
f 1555 1538 1539
f 1555 1539 1553
f 1553 1539 1540
f 1553 1540 1551
f 1551 1540 1541
f 1551 1541 1549
f 1549 1541 1542
f 1549 1542 1547
f 1547 1542 1543
f 1547 1543 1545
f 1544 1545 1648
f 1648 1545 1649
f 1648 1649 1646
f 1646 1649 1647
f 1646 1647 1644
f 1644 1647 1645
f 1644 1645 1642
f 1642 1645 1643
f 1642 1643 1640
f 1640 1643 1641
f 1640 1641 1638
f 1638 1641 1639
f 1638 1639 1636
f 1636 1639 1637
f 1636 1637 1634
f 1634 1637 1635
f 1634 1635 1632
f 1632 1635 1633
f 1632 1633 1630
f 1630 1633 1631
f 1630 1631 1628
f 1628 1631 1629
f 1628 1629 1626
f 1626 1629 1627
f 1626 1627 1624
f 1624 1627 1625
f 1624 1625 1622
f 1622 1625 1623
f 1622 1623 1620
f 1620 1623 1621
f 1620 1621 1618
f 1618 1621 1619
f 1618 1619 1616
f 1616 1619 1617
f 1616 1617 1614
f 1614 1617 1615
f 1614 1615 1612
f 1612 1615 1613
f 1612 1613 1610
f 1610 1613 1611
f 1610 1611 1608
f 1608 1611 1609
f 1608 1609 1606
f 1606 1609 1607
f 1606 1607 1604
f 1604 1607 1605
f 1604 1605 1602
f 1602 1605 1603
f 1602 1603 1600
f 1600 1603 1601
f 1600 1601 1598
f 1598 1601 1599
f 1598 1599 1596
f 1596 1599 1597
f 1596 1597 1594
f 1594 1597 1595
f 1594 1595 1592
f 1592 1595 1593
f 1592 1593 1590
f 1590 1593 1591
f 1590 1591 1588
f 1588 1591 1589
f 1588 1589 1586
f 1586 1589 1587
f 1586 1587 1584
f 1584 1587 1585
f 1584 1585 1582
f 1582 1585 1583
f 1582 1583 1580
f 1580 1583 1581
f 1580 1581 1578
f 1578 1581 1579
f 1578 1579 1576
f 1576 1579 1577
f 1576 1577 1574
f 1574 1577 1575
f 1574 1575 1572
f 1572 1575 1573
f 1572 1573 1570
f 1570 1573 1571
f 1570 1571 1568
f 1568 1571 1569
f 1568 1569 1566
f 1566 1569 1567
f 1566 1567 1564
f 1564 1567 1565
f 1564 1565 1562
f 1562 1565 1563
f 1562 1563 1560
f 1560 1563 1561
f 1560 1561 1558
f 1558 1561 1559
f 1558 1559 1556
f 1556 1559 1557
f 1556 1557 1554
f 1554 1557 1555
f 1554 1555 1552
f 1552 1555 1553
f 1552 1553 1550
f 1550 1553 1551
f 1550 1551 1548
f 1548 1551 1549
f 1548 1549 1546
f 1546 1549 1547
f 1546 1547 1544
f 1544 1547 1545
f 1489 1464 1436
f 1436 1464 1463
f 1436 1463 1437
f 1437 1463 1462
f 1437 1462 1438
f 1438 1462 1461
f 1438 1461 1439
f 1439 1461 1460
f 1439 1460 1440
f 1440 1460 1459
f 1440 1459 1441
f 1441 1459 1458
f 1441 1458 1442
f 1442 1458 1457
f 1442 1457 1443
f 1443 1457 1456
f 1443 1456 1444
f 1444 1456 1455
f 1444 1455 1445
f 1445 1455 1454
f 1445 1454 1446
f 1446 1454 1453
f 1446 1453 1447
f 1447 1453 1452
f 1447 1452 1448
f 1448 1452 1451
f 1448 1451 1449
f 1449 1451 1450
f 1464 1489 1465
f 1465 1489 1488
f 1465 1488 1466
f 1466 1488 1487
f 1466 1487 1467
f 1467 1487 1486
f 1467 1486 1468
f 1468 1486 1485
f 1468 1485 1469
f 1469 1485 1484
f 1469 1484 1470
f 1470 1484 1483
f 1470 1483 1471
f 1471 1483 1482
f 1471 1482 1472
f 1472 1482 1481
f 1472 1481 1473
f 1473 1481 1480
f 1473 1480 1474
f 1474 1480 1479
f 1474 1479 1475
f 1475 1479 1478
f 1475 1478 1476
f 1476 1478 1477
f 1793 1650 1819
f 1819 1650 1651
f 1819 1651 1818
f 1818 1651 1652
f 1818 1652 1653
f 1653 1654 1818
f 1818 1654 1655
f 1818 1655 1817
f 1817 1655 1656
f 1817 1656 1657
f 1657 1658 1817
f 1817 1658 1659
f 1817 1659 1660
f 1660 1661 1817
f 1817 1661 1662
f 1817 1662 1663
f 1663 1664 1817
f 1817 1664 1665
f 1817 1665 1666
f 1666 1667 1817
f 1817 1667 1668
f 1817 1668 1669
f 1669 1670 1817
f 1817 1670 1671
f 1817 1671 1672
f 1672 1673 1817
f 1817 1673 1816
f 1816 1673 1815
f 1815 1673 1814
f 1814 1673 1813
f 1813 1673 1812
f 1812 1673 1811
f 1811 1673 1810
f 1810 1673 1809
f 1809 1673 1808
f 1808 1673 1807
f 1807 1673 1806
f 1806 1673 1805
f 1805 1673 1804
f 1804 1673 1803
f 1803 1673 1674
f 1803 1674 1802
f 1802 1674 1675
f 1802 1675 1801
f 1801 1675 1676
f 1801 1676 1677
f 1801 1677 1800
f 1800 1677 1678
f 1800 1678 1799
f 1799 1678 1679
f 1799 1679 1680
f 1799 1680 1798
f 1798 1680 1681
f 1798 1681 1797
f 1797 1681 1682
f 1797 1682 1796
f 1796 1682 1683
f 1796 1683 1684
f 1796 1684 1795
f 1795 1684 1685
f 1795 1685 1794
f 1794 1685 1686
f 1794 1686 1687
f 1794 1687 1893
f 1893 1687 1688
f 1893 1688 1892
f 1892 1688 1689
f 1892 1689 1690
f 1892 1690 1891
f 1891 1690 1691
f 1891 1691 1890
f 1890 1691 1692
f 1890 1692 1889
f 1889 1692 1693
f 1889 1693 1694
f 1889 1694 1888
f 1888 1694 1695
f 1888 1695 1887
f 1887 1695 1696
f 1887 1696 1697
f 1887 1697 1886
f 1886 1697 1698
f 1886 1698 1885
f 1885 1698 1699
f 1885 1699 1700
f 1885 1700 1884
f 1884 1700 1701
f 1884 1701 1883
f 1883 1701 1702
f 1883 1702 1703
f 1883 1703 1882
f 1882 1703 1704
f 1882 1704 1881
f 1881 1704 1705
f 1881 1705 1880
f 1880 1705 1706
f 1880 1706 1707
f 1880 1707 1879
f 1879 1707 1708
f 1879 1708 1878
f 1878 1708 1709
f 1878 1709 1710
f 1878 1710 1877
f 1877 1710 1711
f 1877 1711 1876
f 1876 1711 1712
f 1876 1712 1713
f 1876 1713 1875
f 1875 1713 1714
f 1875 1714 1874
f 1874 1714 1715
f 1874 1715 1716
f 1874 1716 1873
f 1873 1716 1717
f 1873 1717 1872
f 1872 1717 1718
f 1872 1718 1871
f 1871 1718 1719
f 1871 1719 1720
f 1871 1720 1870
f 1870 1720 1721
f 1870 1721 1869
f 1869 1721 1722
f 1869 1722 1723
f 1723 1724 1869
f 1869 1724 1725
f 1869 1725 1726
f 1726 1727 1869
f 1869 1727 1728
f 1869 1728 1729
f 1729 1730 1869
f 1869 1730 1731
f 1869 1731 1732
f 1732 1733 1869
f 1869 1733 1734
f 1869 1734 1735
f 1735 1736 1869
f 1869 1736 1737
f 1869 1737 1738
f 1738 1739 1869
f 1869 1739 1740
f 1869 1740 1741
f 1741 1742 1869
f 1869 1742 1743
f 1869 1743 1744
f 1744 1745 1869
f 1869 1745 1746
f 1869 1746 1868
f 1868 1746 1867
f 1867 1746 1866
f 1866 1746 1865
f 1865 1746 1864
f 1864 1746 1863
f 1863 1746 1862
f 1862 1746 1861
f 1861 1746 1860
f 1860 1746 1859
f 1859 1746 1858
f 1858 1746 1857
f 1857 1746 1856
f 1856 1746 1855
f 1855 1746 1854
f 1854 1746 1853
f 1853 1746 1852
f 1852 1746 1747
f 1852 1747 1851
f 1851 1747 1748
f 1851 1748 1749
f 1851 1749 1850
f 1850 1749 1750
f 1850 1750 1849
f 1849 1750 1751
f 1849 1751 1752
f 1849 1752 1848
f 1848 1752 1753
f 1848 1753 1847
f 1847 1753 1754
f 1847 1754 1846
f 1846 1754 1755
f 1846 1755 1756
f 1846 1756 1845
f 1845 1756 1757
f 1845 1757 1844
f 1844 1757 1758
f 1844 1758 1759
f 1844 1759 1843
f 1843 1759 1760
f 1843 1760 1842
f 1842 1760 1761
f 1842 1761 1762
f 1842 1762 1841
f 1841 1762 1763
f 1841 1763 1840
f 1840 1763 1764
f 1840 1764 1839
f 1839 1764 1765
f 1839 1765 1766
f 1839 1766 1838
f 1838 1766 1767
f 1838 1767 1837
f 1837 1767 1768
f 1837 1768 1769
f 1837 1769 1836
f 1836 1769 1770
f 1836 1770 1835
f 1835 1770 1771
f 1835 1771 1772
f 1835 1772 1834
f 1834 1772 1773
f 1834 1773 1833
f 1833 1773 1774
f 1833 1774 1775
f 1833 1775 1832
f 1832 1775 1776
f 1832 1776 1831
f 1831 1776 1777
f 1831 1777 1830
f 1830 1777 1778
f 1830 1778 1779
f 1830 1779 1829
f 1829 1779 1780
f 1829 1780 1828
f 1828 1780 1781
f 1828 1781 1782
f 1828 1782 1827
f 1827 1782 1783
f 1827 1783 1826
f 1826 1783 1784
f 1826 1784 1785
f 1826 1785 1825
f 1825 1785 1786
f 1825 1786 1824
f 1824 1786 1787
f 1824 1787 1788
f 1824 1788 1823
f 1823 1788 1789
f 1823 1789 1822
f 1822 1789 1790
f 1822 1790 1821
f 1821 1790 1791
f 1821 1791 1792
f 1821 1792 1820
f 1820 1792 1793
f 1820 1793 1819
f 1793 1965 1650
f 1650 1965 1966
f 1650 1966 1651
f 1651 1966 1967
f 1651 1967 1652
f 1652 1967 1968
f 1652 1968 1653
f 1653 1968 1969
f 1653 1969 1654
f 1654 1969 1970
f 1654 1970 1655
f 1655 1970 1971
f 1655 1971 1656
f 1656 1971 1972
f 1656 1972 1657
f 1657 1972 1973
f 1657 1973 1658
f 1658 1973 1974
f 1658 1974 1659
f 1659 1974 1975
f 1659 1975 1660
f 1660 1975 1976
f 1660 1976 1661
f 1661 1976 1977
f 1661 1977 1662
f 1662 1977 1978
f 1662 1978 1663
f 1663 1978 1979
f 1663 1979 1664
f 1664 1979 1980
f 1664 1980 1665
f 1665 1980 1981
f 1665 1981 1666
f 1666 1981 1982
f 1666 1982 1667
f 1667 1982 1983
f 1667 1983 1668
f 1668 1983 1984
f 1668 1984 1669
f 1669 1984 1985
f 1669 1985 1670
f 1670 1985 1986
f 1670 1986 1671
f 1671 1986 1987
f 1671 1987 1672
f 1672 1987 1988
f 1672 1988 1673
f 1673 1988 1989
f 1673 1989 1674
f 1674 1989 1990
f 1674 1990 1675
f 1675 1990 1991
f 1675 1991 1676
f 1676 1991 1992
f 1676 1992 1677
f 1677 1992 1993
f 1677 1993 1678
f 1678 1993 1994
f 1678 1994 1679
f 1679 1994 1995
f 1679 1995 1680
f 1680 1995 1996
f 1680 1996 1681
f 1681 1996 1997
f 1681 1997 1682
f 1682 1997 1998
f 1682 1998 1683
f 1683 1998 1999
f 1683 1999 1684
f 1684 1999 2000
f 1684 2000 1685
f 1685 2000 2001
f 1685 2001 1686
f 1686 2001 2002
f 1686 2002 1687
f 1687 2002 2003
f 1687 2003 1688
f 1688 2003 2004
f 1688 2004 1689
f 1689 2004 2005
f 1689 2005 1690
f 1690 2005 2006
f 1690 2006 1691
f 1691 2006 2007
f 1691 2007 1692
f 1692 2007 2008
f 1692 2008 1693
f 1693 2008 2009
f 1693 2009 1694
f 1694 2009 2010
f 1694 2010 1695
f 1695 2010 2011
f 1695 2011 1696
f 1696 2011 2012
f 1696 2012 1697
f 1697 2012 2013
f 1697 2013 1698
f 1698 2013 2014
f 1698 2014 1699
f 1699 2014 2015
f 1699 2015 1700
f 1700 2015 2016
f 1700 2016 1701
f 1701 2016 2017
f 1701 2017 1702
f 1702 2017 2018
f 1702 2018 1703
f 1703 2018 2019
f 1703 2019 1704
f 1704 2019 2020
f 1704 2020 1705
f 1705 2020 2021
f 1705 2021 1706
f 1706 2021 2022
f 1706 2022 1707
f 1707 2022 2023
f 1707 2023 1708
f 1708 2023 2024
f 1708 2024 1709
f 1709 2024 2025
f 1709 2025 1710
f 1710 2025 2026
f 1710 2026 1711
f 1711 2026 2027
f 1711 2027 1712
f 1712 2027 2028
f 1712 2028 1713
f 1713 2028 2029
f 1713 2029 1714
f 1714 2029 2030
f 1714 2030 1715
f 1715 2030 2031
f 1715 2031 1716
f 1716 2031 2032
f 1716 2032 1717
f 1717 2032 2033
f 1717 2033 1718
f 1718 2033 2034
f 1718 2034 1719
f 1719 2034 2035
f 1719 2035 1720
f 1720 2035 2036
f 1720 2036 1721
f 1721 2036 2037
f 1721 2037 1722
f 1722 2037 1894
f 1722 1894 1723
f 1723 1894 1895
f 1723 1895 1724
f 1724 1895 1896
f 1724 1896 1725
f 1725 1896 1897
f 1725 1897 1726
f 1726 1897 1898
f 1726 1898 1727
f 1727 1898 1899
f 1727 1899 1728
f 1728 1899 1900
f 1728 1900 1729
f 1729 1900 1901
f 1729 1901 1730
f 1730 1901 1902
f 1730 1902 1731
f 1731 1902 1903
f 1731 1903 1732
f 1732 1903 1904
f 1732 1904 1733
f 1733 1904 1905
f 1733 1905 1734
f 1734 1905 1906
f 1734 1906 1735
f 1735 1906 1907
f 1735 1907 1736
f 1736 1907 1908
f 1736 1908 1737
f 1737 1908 1909
f 1737 1909 1738
f 1738 1909 1910
f 1738 1910 1739
f 1739 1910 1911
f 1739 1911 1740
f 1740 1911 1912
f 1740 1912 1741
f 1741 1912 1913
f 1741 1913 1742
f 1742 1913 1914
f 1742 1914 1743
f 1743 1914 1915
f 1743 1915 1744
f 1744 1915 1916
f 1744 1916 1745
f 1745 1916 1917
f 1745 1917 1746
f 1746 1917 1918
f 1746 1918 1747
f 1747 1918 1919
f 1747 1919 1748
f 1748 1919 1920
f 1748 1920 1749
f 1749 1920 1921
f 1749 1921 1750
f 1750 1921 1922
f 1750 1922 1751
f 1751 1922 1923
f 1751 1923 1752
f 1752 1923 1924
f 1752 1924 1753
f 1753 1924 1925
f 1753 1925 1754
f 1754 1925 1926
f 1754 1926 1755
f 1755 1926 1927
f 1755 1927 1756
f 1756 1927 1928
f 1756 1928 1757
f 1757 1928 1929
f 1757 1929 1758
f 1758 1929 1930
f 1758 1930 1759
f 1759 1930 1931
f 1759 1931 1760
f 1760 1931 1932
f 1760 1932 1761
f 1761 1932 1933
f 1761 1933 1762
f 1762 1933 1934
f 1762 1934 1763
f 1763 1934 1935
f 1763 1935 1764
f 1764 1935 1936
f 1764 1936 1765
f 1765 1936 1937
f 1765 1937 1766
f 1766 1937 1938
f 1766 1938 1767
f 1767 1938 1939
f 1767 1939 1768
f 1768 1939 1940
f 1768 1940 1769
f 1769 1940 1941
f 1769 1941 1770
f 1770 1941 1942
f 1770 1942 1771
f 1771 1942 1943
f 1771 1943 1772
f 1772 1943 1944
f 1772 1944 1773
f 1773 1944 1945
f 1773 1945 1774
f 1774 1945 1946
f 1774 1946 1775
f 1775 1946 1947
f 1775 1947 1776
f 1776 1947 1948
f 1776 1948 1777
f 1777 1948 1949
f 1777 1949 1778
f 1778 1949 1950
f 1778 1950 1779
f 1779 1950 1951
f 1779 1951 1780
f 1780 1951 1952
f 1780 1952 1781
f 1781 1952 1953
f 1781 1953 1782
f 1782 1953 1954
f 1782 1954 1783
f 1783 1954 1955
f 1783 1955 1784
f 1784 1955 1956
f 1784 1956 1785
f 1785 1956 1957
f 1785 1957 1786
f 1786 1957 1958
f 1786 1958 1787
f 1787 1958 1959
f 1787 1959 1788
f 1788 1959 1960
f 1788 1960 1789
f 1789 1960 1961
f 1789 1961 1790
f 1790 1961 1962
f 1790 1962 1791
f 1791 1962 1963
f 1791 1963 1792
f 1792 1963 1964
f 1792 1964 1793
f 1793 1964 1965
f 1894 2037 1895
f 1895 2037 1896
f 1896 2037 2036
f 1896 2036 1897
f 1897 2036 2035
f 1897 2035 1898
f 1898 2035 2034
f 1898 2034 1899
f 1899 2034 2033
f 1899 2033 1900
f 1900 2033 2032
f 1900 2032 1901
f 1901 2032 2031
f 1901 2031 1902
f 1902 2031 2030
f 1902 2030 1903
f 1903 2030 2029
f 1903 2029 1904
f 1904 2029 2028
f 1904 2028 1905
f 1905 2028 2027
f 1905 2027 1906
f 1906 2027 2026
f 1906 2026 1907
f 1907 2026 2025
f 1907 2025 1908
f 1908 2025 2024
f 1908 2024 1909
f 1909 2024 2023
f 1909 2023 1910
f 1910 2023 2022
f 1910 2022 1911
f 1911 2022 2021
f 1911 2021 1912
f 1912 2021 2020
f 1912 2020 1913
f 1913 2020 2019
f 1913 2019 1914
f 1914 2019 2018
f 1914 2018 1915
f 1915 2018 2017
f 1915 2017 1916
f 1916 2017 2016
f 1916 2016 1917
f 1917 2016 2015
f 1917 2015 1918
f 1918 2015 2014
f 1918 2014 1919
f 1919 2014 2013
f 1919 2013 1920
f 1920 2013 2012
f 1920 2012 1921
f 1921 2012 2011
f 1921 2011 1922
f 1922 2011 2010
f 1922 2010 1923
f 1923 2010 2009
f 1923 2009 1924
f 1924 2009 2008
f 1924 2008 1925
f 1925 2008 2007
f 1925 2007 1926
f 1926 2007 2006
f 1926 2006 1927
f 1927 2006 2005
f 1927 2005 1928
f 1928 2005 2004
f 1928 2004 1929
f 1929 2004 2003
f 1929 2003 1930
f 1930 2003 2002
f 1930 2002 1931
f 1931 2002 2001
f 1931 2001 1932
f 1932 2001 2000
f 1932 2000 1933
f 1933 2000 1999
f 1933 1999 1934
f 1934 1999 1998
f 1934 1998 1935
f 1935 1998 1997
f 1935 1997 1936
f 1936 1997 1996
f 1936 1996 1937
f 1937 1996 1995
f 1937 1995 1938
f 1938 1995 1994
f 1938 1994 1939
f 1939 1994 1993
f 1939 1993 1940
f 1940 1993 1992
f 1940 1992 1941
f 1941 1992 1991
f 1941 1991 1942
f 1942 1991 1990
f 1942 1990 1943
f 1943 1990 1989
f 1943 1989 1944
f 1944 1989 1988
f 1944 1988 1945
f 1945 1988 1987
f 1945 1987 1946
f 1946 1987 1986
f 1946 1986 1947
f 1947 1986 1985
f 1947 1985 1948
f 1948 1985 1984
f 1948 1984 1949
f 1949 1984 1983
f 1949 1983 1950
f 1950 1983 1982
f 1950 1982 1951
f 1951 1982 1981
f 1951 1981 1952
f 1952 1981 1980
f 1952 1980 1953
f 1953 1980 1979
f 1953 1979 1954
f 1954 1979 1978
f 1954 1978 1955
f 1955 1978 1977
f 1955 1977 1956
f 1956 1977 1976
f 1956 1976 1957
f 1957 1976 1975
f 1957 1975 1958
f 1958 1975 1974
f 1958 1974 1959
f 1959 1974 1973
f 1959 1973 1960
f 1960 1973 1972
f 1960 1972 1961
f 1961 1972 1971
f 1961 1971 1962
f 1962 1971 1970
f 1962 1970 1963
f 1963 1970 1969
f 1963 1969 1964
f 1964 1969 1968
f 1964 1968 1965
f 1965 1968 1967
f 1965 1967 1966
f 2039 2147 2038
f 2038 2147 2138
f 2038 2138 2137
f 2137 2138 3029
f 2137 3029 2136
f 2136 3029 3020
f 2136 3020 2135
f 2135 3020 3011
f 2135 3011 2134
f 2134 3011 3002
f 2134 3002 2133
f 2133 3002 2993
f 2133 2993 2132
f 2132 2993 2984
f 2132 2984 2131
f 2131 2984 2975
f 2131 2975 2130
f 2130 2975 2966
f 2130 2966 2129
f 2129 2966 2957
f 2129 2957 2128
f 2128 2957 2948
f 2128 2948 2127
f 2127 2948 2939
f 2127 2939 2126
f 2126 2939 2930
f 2126 2930 2125
f 2125 2930 2921
f 2125 2921 2124
f 2124 2921 2912
f 2124 2912 2123
f 2123 2912 2903
f 2123 2903 2122
f 2122 2903 2894
f 2122 2894 2121
f 2121 2894 2885
f 2121 2885 2120
f 2120 2885 2876
f 2120 2876 2119
f 2119 2876 2867
f 2119 2867 2118
f 2118 2867 2858
f 2118 2858 2117
f 2117 2858 2849
f 2117 2849 2116
f 2116 2849 2840
f 2116 2840 2115
f 2115 2840 2831
f 2115 2831 2114
f 2114 2831 2822
f 2114 2822 2113
f 2113 2822 2813
f 2113 2813 2112
f 2112 2813 2804
f 2112 2804 2111
f 2111 2804 2795
f 2111 2795 2110
f 2110 2795 2786
f 2110 2786 2109
f 2109 2786 2777
f 2109 2777 2108
f 2108 2777 2768
f 2108 2768 2107
f 2107 2768 2759
f 2107 2759 2106
f 2106 2759 2750
f 2106 2750 2105
f 2105 2750 2741
f 2105 2741 2104
f 2104 2741 2732
f 2104 2732 2103
f 2103 2732 2723
f 2103 2723 2102
f 2102 2723 2714
f 2102 2714 2101
f 2101 2714 2705
f 2101 2705 2100
f 2100 2705 2696
f 2100 2696 2099
f 2099 2696 2687
f 2099 2687 2098
f 2098 2687 2678
f 2098 2678 2097
f 2097 2678 2669
f 2097 2669 2096
f 2096 2669 2660
f 2096 2660 2095
f 2095 2660 2651
f 2095 2651 2094
f 2094 2651 2642
f 2094 2642 2093
f 2093 2642 2633
f 2093 2633 2092
f 2092 2633 2624
f 2092 2624 2091
f 2091 2624 2615
f 2091 2615 2090
f 2090 2615 2606
f 2090 2606 2089
f 2089 2606 2597
f 2089 2597 2088
f 2088 2597 2588
f 2088 2588 2087
f 2087 2588 2579
f 2087 2579 2086
f 2086 2579 2570
f 2086 2570 2085
f 2085 2570 2561
f 2085 2561 2084
f 2084 2561 2552
f 2084 2552 2083
f 2083 2552 2543
f 2083 2543 2082
f 2082 2543 2534
f 2082 2534 2081
f 2081 2534 2525
f 2081 2525 2080
f 2080 2525 2516
f 2080 2516 2079
f 2079 2516 2507
f 2079 2507 2078
f 2078 2507 2498
f 2078 2498 2077
f 2077 2498 2489
f 2077 2489 2076
f 2076 2489 2480
f 2076 2480 2075
f 2075 2480 2471
f 2075 2471 2074
f 2074 2471 2462
f 2074 2462 2073
f 2073 2462 2453
f 2073 2453 2072
f 2072 2453 2444
f 2072 2444 2071
f 2071 2444 2435
f 2071 2435 2070
f 2070 2435 2426
f 2070 2426 2069
f 2069 2426 2417
f 2069 2417 2068
f 2068 2417 2408
f 2068 2408 2067
f 2067 2408 2399
f 2067 2399 2066
f 2066 2399 2390
f 2066 2390 2065
f 2065 2390 2381
f 2065 2381 2064
f 2064 2381 2372
f 2064 2372 2063
f 2063 2372 2363
f 2063 2363 2062
f 2062 2363 2354
f 2062 2354 2061
f 2061 2354 2345
f 2061 2345 2060
f 2060 2345 2336
f 2060 2336 2059
f 2059 2336 2327
f 2059 2327 2058
f 2058 2327 2318
f 2058 2318 2057
f 2057 2318 2309
f 2057 2309 2056
f 2056 2309 2300
f 2056 2300 2055
f 2055 2300 2291
f 2055 2291 2054
f 2054 2291 2282
f 2054 2282 2053
f 2053 2282 2273
f 2053 2273 2052
f 2052 2273 2264
f 2052 2264 2051
f 2051 2264 2255
f 2051 2255 2050
f 2050 2255 2246
f 2050 2246 2049
f 2049 2246 2237
f 2049 2237 2048
f 2048 2237 2228
f 2048 2228 2047
f 2047 2228 2219
f 2047 2219 2046
f 2046 2219 2210
f 2046 2210 2045
f 2045 2210 2201
f 2045 2201 2044
f 2044 2201 2192
f 2044 2192 2043
f 2043 2192 2183
f 2043 2183 2042
f 2042 2183 2174
f 2042 2174 2041
f 2041 2174 2165
f 2041 2165 2040
f 2040 2165 2156
f 2040 2156 2039
f 2039 2156 2147
f 1893 3037 1794
f 1794 3037 2146
f 1794 2146 1795
f 1795 2146 2155
f 1795 2155 1796
f 1796 2155 2164
f 1796 2164 1797
f 1797 2164 2173
f 1797 2173 1798
f 1798 2173 2182
f 1798 2182 1799
f 1799 2182 2191
f 1799 2191 1800
f 1800 2191 2200
f 1800 2200 1801
f 1801 2200 2209
f 1801 2209 1802
f 1802 2209 2218
f 1802 2218 1803
f 1803 2218 2227
f 1803 2227 1804
f 1804 2227 2236
f 1804 2236 1805
f 1805 2236 2245
f 1805 2245 1806
f 1806 2245 2254
f 1806 2254 1807
f 1807 2254 2263
f 1807 2263 1808
f 1808 2263 2272
f 1808 2272 1809
f 1809 2272 2281
f 1809 2281 1810
f 1810 2281 2290
f 1810 2290 1811
f 1811 2290 2299
f 1811 2299 1812
f 1812 2299 2308
f 1812 2308 1813
f 1813 2308 2317
f 1813 2317 1814
f 1814 2317 2326
f 1814 2326 1815
f 1815 2326 2335
f 1815 2335 1816
f 1816 2335 2344
f 1816 2344 1817
f 1817 2344 2353
f 1817 2353 1818
f 1818 2353 2362
f 1818 2362 1819
f 1819 2362 2371
f 1819 2371 1820
f 1820 2371 2380
f 1820 2380 1821
f 1821 2380 2389
f 1821 2389 1822
f 1822 2389 2398
f 1822 2398 1823
f 1823 2398 2407
f 1823 2407 1824
f 1824 2407 2416
f 1824 2416 1825
f 1825 2416 2425
f 1825 2425 1826
f 1826 2425 2434
f 1826 2434 1827
f 1827 2434 2443
f 1827 2443 1828
f 1828 2443 2452
f 1828 2452 1829
f 1829 2452 2461
f 1829 2461 1830
f 1830 2461 2470
f 1830 2470 1831
f 1831 2470 2479
f 1831 2479 1832
f 1832 2479 2488
f 1832 2488 1833
f 1833 2488 2497
f 1833 2497 1834
f 1834 2497 2506
f 1834 2506 1835
f 1835 2506 2515
f 1835 2515 1836
f 1836 2515 2524
f 1836 2524 1837
f 1837 2524 2533
f 1837 2533 1838
f 1838 2533 2542
f 1838 2542 1839
f 1839 2542 2551
f 1839 2551 1840
f 1840 2551 2560
f 1840 2560 1841
f 1841 2560 2569
f 1841 2569 1842
f 1842 2569 2578
f 1842 2578 1843
f 1843 2578 2587
f 1843 2587 1844
f 1844 2587 2596
f 1844 2596 1845
f 1845 2596 2605
f 1845 2605 1846
f 1846 2605 2614
f 1846 2614 1847
f 1847 2614 2623
f 1847 2623 1848
f 1848 2623 2632
f 1848 2632 1849
f 1849 2632 2641
f 1849 2641 1850
f 1850 2641 2650
f 1850 2650 1851
f 1851 2650 2659
f 1851 2659 1852
f 1852 2659 2668
f 1852 2668 1853
f 1853 2668 2677
f 1853 2677 1854
f 1854 2677 2686
f 1854 2686 1855
f 1855 2686 2695
f 1855 2695 1856
f 1856 2695 2704
f 1856 2704 1857
f 1857 2704 2713
f 1857 2713 1858
f 1858 2713 2722
f 1858 2722 1859
f 1859 2722 2731
f 1859 2731 1860
f 1860 2731 2740
f 1860 2740 1861
f 1861 2740 2749
f 1861 2749 1862
f 1862 2749 2758
f 1862 2758 1863
f 1863 2758 2767
f 1863 2767 1864
f 1864 2767 2776
f 1864 2776 1865
f 1865 2776 2785
f 1865 2785 1866
f 1866 2785 2794
f 1866 2794 1867
f 1867 2794 2803
f 1867 2803 1868
f 1868 2803 2812
f 1868 2812 1869
f 1869 2812 2821
f 1869 2821 1870
f 1870 2821 2830
f 1870 2830 1871
f 1871 2830 2839
f 1871 2839 1872
f 1872 2839 2848
f 1872 2848 1873
f 1873 2848 2857
f 1873 2857 1874
f 1874 2857 2866
f 1874 2866 1875
f 1875 2866 2875
f 1875 2875 1876
f 1876 2875 2884
f 1876 2884 1877
f 1877 2884 2893
f 1877 2893 1878
f 1878 2893 2902
f 1878 2902 1879
f 1879 2902 2911
f 1879 2911 1880
f 1880 2911 2920
f 1880 2920 1881
f 1881 2920 2929
f 1881 2929 1882
f 1882 2929 2938
f 1882 2938 1883
f 1883 2938 2947
f 1883 2947 1884
f 1884 2947 2956
f 1884 2956 1885
f 1885 2956 2965
f 1885 2965 1886
f 1886 2965 2974
f 1886 2974 1887
f 1887 2974 2983
f 1887 2983 1888
f 1888 2983 2992
f 1888 2992 1889
f 1889 2992 3001
f 1889 3001 1890
f 1890 3001 3010
f 1890 3010 1891
f 1891 3010 3019
f 1891 3019 1892
f 1892 3019 3028
f 1892 3028 1893
f 1893 3028 3037
f 2138 2139 3029
f 3029 2139 3030
f 3029 3030 3020
f 3020 3030 3021
f 3020 3021 3011
f 3011 3021 3012
f 3011 3012 3002
f 3002 3012 3003
f 3002 3003 2993
f 2993 3003 2994
f 2993 2994 2984
f 2984 2994 2985
f 2984 2985 2975
f 2975 2985 2976
f 2975 2976 2966
f 2966 2976 2967
f 2966 2967 2957
f 2957 2967 2958
f 2957 2958 2948
f 2948 2958 2949
f 2948 2949 2939
f 2939 2949 2940
f 2939 2940 2930
f 2930 2940 2931
f 2930 2931 2921
f 2921 2931 2922
f 2921 2922 2912
f 2912 2922 2913
f 2912 2913 2903
f 2903 2913 2904
f 2903 2904 2894
f 2894 2904 2895
f 2894 2895 2885
f 2885 2895 2886
f 2885 2886 2876
f 2876 2886 2877
f 2876 2877 2867
f 2867 2877 2868
f 2867 2868 2858
f 2858 2868 2859
f 2858 2859 2849
f 2849 2859 2850
f 2849 2850 2840
f 2840 2850 2841
f 2840 2841 2831
f 2831 2841 2832
f 2831 2832 2822
f 2822 2832 2823
f 2822 2823 2813
f 2813 2823 2814
f 2813 2814 2804
f 2804 2814 2805
f 2804 2805 2795
f 2795 2805 2796
f 2795 2796 2786
f 2786 2796 2787
f 2786 2787 2777
f 2777 2787 2778
f 2777 2778 2768
f 2768 2778 2769
f 2768 2769 2759
f 2759 2769 2760
f 2759 2760 2750
f 2750 2760 2751
f 2750 2751 2741
f 2741 2751 2742
f 2741 2742 2732
f 2732 2742 2733
f 2732 2733 2723
f 2723 2733 2724
f 2723 2724 2714
f 2714 2724 2715
f 2714 2715 2705
f 2705 2715 2706
f 2705 2706 2696
f 2696 2706 2697
f 2696 2697 2687
f 2687 2697 2688
f 2687 2688 2678
f 2678 2688 2679
f 2678 2679 2669
f 2669 2679 2670
f 2669 2670 2660
f 2660 2670 2661
f 2660 2661 2651
f 2651 2661 2652
f 2651 2652 2642
f 2642 2652 2643
f 2642 2643 2633
f 2633 2643 2634
f 2633 2634 2624
f 2624 2634 2625
f 2624 2625 2615
f 2615 2625 2616
f 2615 2616 2606
f 2606 2616 2607
f 2606 2607 2597
f 2597 2607 2598
f 2597 2598 2588
f 2588 2598 2589
f 2588 2589 2579
f 2579 2589 2580
f 2579 2580 2570
f 2570 2580 2571
f 2570 2571 2561
f 2561 2571 2562
f 2561 2562 2552
f 2552 2562 2553
f 2552 2553 2543
f 2543 2553 2544
f 2543 2544 2534
f 2534 2544 2535
f 2534 2535 2525
f 2525 2535 2526
f 2525 2526 2516
f 2516 2526 2517
f 2516 2517 2507
f 2507 2517 2508
f 2507 2508 2498
f 2498 2508 2499
f 2498 2499 2489
f 2489 2499 2490
f 2489 2490 2480
f 2480 2490 2481
f 2480 2481 2471
f 2471 2481 2472
f 2471 2472 2462
f 2462 2472 2463
f 2462 2463 2453
f 2453 2463 2454
f 2453 2454 2444
f 2444 2454 2445
f 2444 2445 2435
f 2435 2445 2436
f 2435 2436 2426
f 2426 2436 2427
f 2426 2427 2417
f 2417 2427 2418
f 2417 2418 2408
f 2408 2418 2409
f 2408 2409 2399
f 2399 2409 2400
f 2399 2400 2390
f 2390 2400 2391
f 2390 2391 2381
f 2381 2391 2382
f 2381 2382 2372
f 2372 2382 2373
f 2372 2373 2363
f 2363 2373 2364
f 2363 2364 2354
f 2354 2364 2355
f 2354 2355 2345
f 2345 2355 2346
f 2345 2346 2336
f 2336 2346 2337
f 2336 2337 2327
f 2327 2337 2328
f 2327 2328 2318
f 2318 2328 2319
f 2318 2319 2309
f 2309 2319 2310
f 2309 2310 2300
f 2300 2310 2301
f 2300 2301 2291
f 2291 2301 2292
f 2291 2292 2282
f 2282 2292 2283
f 2282 2283 2273
f 2273 2283 2274
f 2273 2274 2264
f 2264 2274 2265
f 2264 2265 2255
f 2255 2265 2256
f 2255 2256 2246
f 2246 2256 2247
f 2246 2247 2237
f 2237 2247 2238
f 2237 2238 2228
f 2228 2238 2229
f 2228 2229 2219
f 2219 2229 2220
f 2219 2220 2210
f 2210 2220 2211
f 2210 2211 2201
f 2201 2211 2202
f 2201 2202 2192
f 2192 2202 2193
f 2192 2193 2183
f 2183 2193 2184
f 2183 2184 2174
f 2174 2184 2175
f 2174 2175 2165
f 2165 2175 2166
f 2165 2166 2156
f 2156 2166 2157
f 2156 2157 2147
f 2147 2157 2148
f 2147 2148 2138
f 2138 2148 2139
f 2139 2140 3030
f 3030 2140 3031
f 3030 3031 3021
f 3021 3031 3022
f 3021 3022 3012
f 3012 3022 3013
f 3012 3013 3003
f 3003 3013 3004
f 3003 3004 2994
f 2994 3004 2995
f 2994 2995 2985
f 2985 2995 2986
f 2985 2986 2976
f 2976 2986 2977
f 2976 2977 2967
f 2967 2977 2968
f 2967 2968 2958
f 2958 2968 2959
f 2958 2959 2949
f 2949 2959 2950
f 2949 2950 2940
f 2940 2950 2941
f 2940 2941 2931
f 2931 2941 2932
f 2931 2932 2922
f 2922 2932 2923
f 2922 2923 2913
f 2913 2923 2914
f 2913 2914 2904
f 2904 2914 2905
f 2904 2905 2895
f 2895 2905 2896
f 2895 2896 2886
f 2886 2896 2887
f 2886 2887 2877
f 2877 2887 2878
f 2877 2878 2868
f 2868 2878 2869
f 2868 2869 2859
f 2859 2869 2860
f 2859 2860 2850
f 2850 2860 2851
f 2850 2851 2841
f 2841 2851 2842
f 2841 2842 2832
f 2832 2842 2833
f 2832 2833 2823
f 2823 2833 2824
f 2823 2824 2814
f 2814 2824 2815
f 2814 2815 2805
f 2805 2815 2806
f 2805 2806 2796
f 2796 2806 2797
f 2796 2797 2787
f 2787 2797 2788
f 2787 2788 2778
f 2778 2788 2779
f 2778 2779 2769
f 2769 2779 2770
f 2769 2770 2760
f 2760 2770 2761
f 2760 2761 2751
f 2751 2761 2752
f 2751 2752 2742
f 2742 2752 2743
f 2742 2743 2733
f 2733 2743 2734
f 2733 2734 2724
f 2724 2734 2725
f 2724 2725 2715
f 2715 2725 2716
f 2715 2716 2706
f 2706 2716 2707
f 2706 2707 2697
f 2697 2707 2698
f 2697 2698 2688
f 2688 2698 2689
f 2688 2689 2679
f 2679 2689 2680
f 2679 2680 2670
f 2670 2680 2671
f 2670 2671 2661
f 2661 2671 2662
f 2661 2662 2652
f 2652 2662 2653
f 2652 2653 2643
f 2643 2653 2644
f 2643 2644 2634
f 2634 2644 2635
f 2634 2635 2625
f 2625 2635 2626
f 2625 2626 2616
f 2616 2626 2617
f 2616 2617 2607
f 2607 2617 2608
f 2607 2608 2598
f 2598 2608 2599
f 2598 2599 2589
f 2589 2599 2590
f 2589 2590 2580
f 2580 2590 2581
f 2580 2581 2571
f 2571 2581 2572
f 2571 2572 2562
f 2562 2572 2563
f 2562 2563 2553
f 2553 2563 2554
f 2553 2554 2544
f 2544 2554 2545
f 2544 2545 2535
f 2535 2545 2536
f 2535 2536 2526
f 2526 2536 2527
f 2526 2527 2517
f 2517 2527 2518
f 2517 2518 2508
f 2508 2518 2509
f 2508 2509 2499
f 2499 2509 2500
f 2499 2500 2490
f 2490 2500 2491
f 2490 2491 2481
f 2481 2491 2482
f 2481 2482 2472
f 2472 2482 2473
f 2472 2473 2463
f 2463 2473 2464
f 2463 2464 2454
f 2454 2464 2455
f 2454 2455 2445
f 2445 2455 2446
f 2445 2446 2436
f 2436 2446 2437
f 2436 2437 2427
f 2427 2437 2428
f 2427 2428 2418
f 2418 2428 2419
f 2418 2419 2409
f 2409 2419 2410
f 2409 2410 2400
f 2400 2410 2401
f 2400 2401 2391
f 2391 2401 2392
f 2391 2392 2382
f 2382 2392 2383
f 2382 2383 2373
f 2373 2383 2374
f 2373 2374 2364
f 2364 2374 2365
f 2364 2365 2355
f 2355 2365 2356
f 2355 2356 2346
f 2346 2356 2347
f 2346 2347 2337
f 2337 2347 2338
f 2337 2338 2328
f 2328 2338 2329
f 2328 2329 2319
f 2319 2329 2320
f 2319 2320 2310
f 2310 2320 2311
f 2310 2311 2301
f 2301 2311 2302
f 2301 2302 2292
f 2292 2302 2293
f 2292 2293 2283
f 2283 2293 2284
f 2283 2284 2274
f 2274 2284 2275
f 2274 2275 2265
f 2265 2275 2266
f 2265 2266 2256
f 2256 2266 2257
f 2256 2257 2247
f 2247 2257 2248
f 2247 2248 2238
f 2238 2248 2239
f 2238 2239 2229
f 2229 2239 2230
f 2229 2230 2220
f 2220 2230 2221
f 2220 2221 2211
f 2211 2221 2212
f 2211 2212 2202
f 2202 2212 2203
f 2202 2203 2193
f 2193 2203 2194
f 2193 2194 2184
f 2184 2194 2185
f 2184 2185 2175
f 2175 2185 2176
f 2175 2176 2166
f 2166 2176 2167
f 2166 2167 2157
f 2157 2167 2158
f 2157 2158 2148
f 2148 2158 2149
f 2148 2149 2139
f 2139 2149 2140
f 2140 2141 3031
f 3031 2141 3032
f 3031 3032 3022
f 3022 3032 3023
f 3022 3023 3013
f 3013 3023 3014
f 3013 3014 3004
f 3004 3014 3005
f 3004 3005 2995
f 2995 3005 2996
f 2995 2996 2986
f 2986 2996 2987
f 2986 2987 2977
f 2977 2987 2978
f 2977 2978 2968
f 2968 2978 2969
f 2968 2969 2959
f 2959 2969 2960
f 2959 2960 2950
f 2950 2960 2951
f 2950 2951 2941
f 2941 2951 2942
f 2941 2942 2932
f 2932 2942 2933
f 2932 2933 2923
f 2923 2933 2924
f 2923 2924 2914
f 2914 2924 2915
f 2914 2915 2905
f 2905 2915 2906
f 2905 2906 2896
f 2896 2906 2897
f 2896 2897 2887
f 2887 2897 2888
f 2887 2888 2878
f 2878 2888 2879
f 2878 2879 2869
f 2869 2879 2870
f 2869 2870 2860
f 2860 2870 2861
f 2860 2861 2851
f 2851 2861 2852
f 2851 2852 2842
f 2842 2852 2843
f 2842 2843 2833
f 2833 2843 2834
f 2833 2834 2824
f 2824 2834 2825
f 2824 2825 2815
f 2815 2825 2816
f 2815 2816 2806
f 2806 2816 2807
f 2806 2807 2797
f 2797 2807 2798
f 2797 2798 2788
f 2788 2798 2789
f 2788 2789 2779
f 2779 2789 2780
f 2779 2780 2770
f 2770 2780 2771
f 2770 2771 2761
f 2761 2771 2762
f 2761 2762 2752
f 2752 2762 2753
f 2752 2753 2743
f 2743 2753 2744
f 2743 2744 2734
f 2734 2744 2735
f 2734 2735 2725
f 2725 2735 2726
f 2725 2726 2716
f 2716 2726 2717
f 2716 2717 2707
f 2707 2717 2708
f 2707 2708 2698
f 2698 2708 2699
f 2698 2699 2689
f 2689 2699 2690
f 2689 2690 2680
f 2680 2690 2681
f 2680 2681 2671
f 2671 2681 2672
f 2671 2672 2662
f 2662 2672 2663
f 2662 2663 2653
f 2653 2663 2654
f 2653 2654 2644
f 2644 2654 2645
f 2644 2645 2635
f 2635 2645 2636
f 2635 2636 2626
f 2626 2636 2627
f 2626 2627 2617
f 2617 2627 2618
f 2617 2618 2608
f 2608 2618 2609
f 2608 2609 2599
f 2599 2609 2600
f 2599 2600 2590
f 2590 2600 2591
f 2590 2591 2581
f 2581 2591 2582
f 2581 2582 2572
f 2572 2582 2573
f 2572 2573 2563
f 2563 2573 2564
f 2563 2564 2554
f 2554 2564 2555
f 2554 2555 2545
f 2545 2555 2546
f 2545 2546 2536
f 2536 2546 2537
f 2536 2537 2527
f 2527 2537 2528
f 2527 2528 2518
f 2518 2528 2519
f 2518 2519 2509
f 2509 2519 2510
f 2509 2510 2500
f 2500 2510 2501
f 2500 2501 2491
f 2491 2501 2492
f 2491 2492 2482
f 2482 2492 2483
f 2482 2483 2473
f 2473 2483 2474
f 2473 2474 2464
f 2464 2474 2465
f 2464 2465 2455
f 2455 2465 2456
f 2455 2456 2446
f 2446 2456 2447
f 2446 2447 2437
f 2437 2447 2438
f 2437 2438 2428
f 2428 2438 2429
f 2428 2429 2419
f 2419 2429 2420
f 2419 2420 2410
f 2410 2420 2411
f 2410 2411 2401
f 2401 2411 2402
f 2401 2402 2392
f 2392 2402 2393
f 2392 2393 2383
f 2383 2393 2384
f 2383 2384 2374
f 2374 2384 2375
f 2374 2375 2365
f 2365 2375 2366
f 2365 2366 2356
f 2356 2366 2357
f 2356 2357 2347
f 2347 2357 2348
f 2347 2348 2338
f 2338 2348 2339
f 2338 2339 2329
f 2329 2339 2330
f 2329 2330 2320
f 2320 2330 2321
f 2320 2321 2311
f 2311 2321 2312
f 2311 2312 2302
f 2302 2312 2303
f 2302 2303 2293
f 2293 2303 2294
f 2293 2294 2284
f 2284 2294 2285
f 2284 2285 2275
f 2275 2285 2276
f 2275 2276 2266
f 2266 2276 2267
f 2266 2267 2257
f 2257 2267 2258
f 2257 2258 2248
f 2248 2258 2249
f 2248 2249 2239
f 2239 2249 2240
f 2239 2240 2230
f 2230 2240 2231
f 2230 2231 2221
f 2221 2231 2222
f 2221 2222 2212
f 2212 2222 2213
f 2212 2213 2203
f 2203 2213 2204
f 2203 2204 2194
f 2194 2204 2195
f 2194 2195 2185
f 2185 2195 2186
f 2185 2186 2176
f 2176 2186 2177
f 2176 2177 2167
f 2167 2177 2168
f 2167 2168 2158
f 2158 2168 2159
f 2158 2159 2149
f 2149 2159 2150
f 2149 2150 2140
f 2140 2150 2141
f 2141 2142 3032
f 3032 2142 3033
f 3032 3033 3023
f 3023 3033 3024
f 3023 3024 3014
f 3014 3024 3015
f 3014 3015 3005
f 3005 3015 3006
f 3005 3006 2996
f 2996 3006 2997
f 2996 2997 2987
f 2987 2997 2988
f 2987 2988 2978
f 2978 2988 2979
f 2978 2979 2969
f 2969 2979 2970
f 2969 2970 2960
f 2960 2970 2961
f 2960 2961 2951
f 2951 2961 2952
f 2951 2952 2942
f 2942 2952 2943
f 2942 2943 2933
f 2933 2943 2934
f 2933 2934 2924
f 2924 2934 2925
f 2924 2925 2915
f 2915 2925 2916
f 2915 2916 2906
f 2906 2916 2907
f 2906 2907 2897
f 2897 2907 2898
f 2897 2898 2888
f 2888 2898 2889
f 2888 2889 2879
f 2879 2889 2880
f 2879 2880 2870
f 2870 2880 2871
f 2870 2871 2861
f 2861 2871 2862
f 2861 2862 2852
f 2852 2862 2853
f 2852 2853 2843
f 2843 2853 2844
f 2843 2844 2834
f 2834 2844 2835
f 2834 2835 2825
f 2825 2835 2826
f 2825 2826 2816
f 2816 2826 2817
f 2816 2817 2807
f 2807 2817 2808
f 2807 2808 2798
f 2798 2808 2799
f 2798 2799 2789
f 2789 2799 2790
f 2789 2790 2780
f 2780 2790 2781
f 2780 2781 2771
f 2771 2781 2772
f 2771 2772 2762
f 2762 2772 2763
f 2762 2763 2753
f 2753 2763 2754
f 2753 2754 2744
f 2744 2754 2745
f 2744 2745 2735
f 2735 2745 2736
f 2735 2736 2726
f 2726 2736 2727
f 2726 2727 2717
f 2717 2727 2718
f 2717 2718 2708
f 2708 2718 2709
f 2708 2709 2699
f 2699 2709 2700
f 2699 2700 2690
f 2690 2700 2691
f 2690 2691 2681
f 2681 2691 2682
f 2681 2682 2672
f 2672 2682 2673
f 2672 2673 2663
f 2663 2673 2664
f 2663 2664 2654
f 2654 2664 2655
f 2654 2655 2645
f 2645 2655 2646
f 2645 2646 2636
f 2636 2646 2637
f 2636 2637 2627
f 2627 2637 2628
f 2627 2628 2618
f 2618 2628 2619
f 2618 2619 2609
f 2609 2619 2610
f 2609 2610 2600
f 2600 2610 2601
f 2600 2601 2591
f 2591 2601 2592
f 2591 2592 2582
f 2582 2592 2583
f 2582 2583 2573
f 2573 2583 2574
f 2573 2574 2564
f 2564 2574 2565
f 2564 2565 2555
f 2555 2565 2556
f 2555 2556 2546
f 2546 2556 2547
f 2546 2547 2537
f 2537 2547 2538
f 2537 2538 2528
f 2528 2538 2529
f 2528 2529 2519
f 2519 2529 2520
f 2519 2520 2510
f 2510 2520 2511
f 2510 2511 2501
f 2501 2511 2502
f 2501 2502 2492
f 2492 2502 2493
f 2492 2493 2483
f 2483 2493 2484
f 2483 2484 2474
f 2474 2484 2475
f 2474 2475 2465
f 2465 2475 2466
f 2465 2466 2456
f 2456 2466 2457
f 2456 2457 2447
f 2447 2457 2448
f 2447 2448 2438
f 2438 2448 2439
f 2438 2439 2429
f 2429 2439 2430
f 2429 2430 2420
f 2420 2430 2421
f 2420 2421 2411
f 2411 2421 2412
f 2411 2412 2402
f 2402 2412 2403
f 2402 2403 2393
f 2393 2403 2394
f 2393 2394 2384
f 2384 2394 2385
f 2384 2385 2375
f 2375 2385 2376
f 2375 2376 2366
f 2366 2376 2367
f 2366 2367 2357
f 2357 2367 2358
f 2357 2358 2348
f 2348 2358 2349
f 2348 2349 2339
f 2339 2349 2340
f 2339 2340 2330
f 2330 2340 2331
f 2330 2331 2321
f 2321 2331 2322
f 2321 2322 2312
f 2312 2322 2313
f 2312 2313 2303
f 2303 2313 2304
f 2303 2304 2294
f 2294 2304 2295
f 2294 2295 2285
f 2285 2295 2286
f 2285 2286 2276
f 2276 2286 2277
f 2276 2277 2267
f 2267 2277 2268
f 2267 2268 2258
f 2258 2268 2259
f 2258 2259 2249
f 2249 2259 2250
f 2249 2250 2240
f 2240 2250 2241
f 2240 2241 2231
f 2231 2241 2232
f 2231 2232 2222
f 2222 2232 2223
f 2222 2223 2213
f 2213 2223 2214
f 2213 2214 2204
f 2204 2214 2205
f 2204 2205 2195
f 2195 2205 2196
f 2195 2196 2186
f 2186 2196 2187
f 2186 2187 2177
f 2177 2187 2178
f 2177 2178 2168
f 2168 2178 2169
f 2168 2169 2159
f 2159 2169 2160
f 2159 2160 2150
f 2150 2160 2151
f 2150 2151 2141
f 2141 2151 2142
f 2142 2143 3033
f 3033 2143 3034
f 3033 3034 3024
f 3024 3034 3025
f 3024 3025 3015
f 3015 3025 3016
f 3015 3016 3006
f 3006 3016 3007
f 3006 3007 2997
f 2997 3007 2998
f 2997 2998 2988
f 2988 2998 2989
f 2988 2989 2979
f 2979 2989 2980
f 2979 2980 2970
f 2970 2980 2971
f 2970 2971 2961
f 2961 2971 2962
f 2961 2962 2952
f 2952 2962 2953
f 2952 2953 2943
f 2943 2953 2944
f 2943 2944 2934
f 2934 2944 2935
f 2934 2935 2925
f 2925 2935 2926
f 2925 2926 2916
f 2916 2926 2917
f 2916 2917 2907
f 2907 2917 2908
f 2907 2908 2898
f 2898 2908 2899
f 2898 2899 2889
f 2889 2899 2890
f 2889 2890 2880
f 2880 2890 2881
f 2880 2881 2871
f 2871 2881 2872
f 2871 2872 2862
f 2862 2872 2863
f 2862 2863 2853
f 2853 2863 2854
f 2853 2854 2844
f 2844 2854 2845
f 2844 2845 2835
f 2835 2845 2836
f 2835 2836 2826
f 2826 2836 2827
f 2826 2827 2817
f 2817 2827 2818
f 2817 2818 2808
f 2808 2818 2809
f 2808 2809 2799
f 2799 2809 2800
f 2799 2800 2790
f 2790 2800 2791
f 2790 2791 2781
f 2781 2791 2782
f 2781 2782 2772
f 2772 2782 2773
f 2772 2773 2763
f 2763 2773 2764
f 2763 2764 2754
f 2754 2764 2755
f 2754 2755 2745
f 2745 2755 2746
f 2745 2746 2736
f 2736 2746 2737
f 2736 2737 2727
f 2727 2737 2728
f 2727 2728 2718
f 2718 2728 2719
f 2718 2719 2709
f 2709 2719 2710
f 2709 2710 2700
f 2700 2710 2701
f 2700 2701 2691
f 2691 2701 2692
f 2691 2692 2682
f 2682 2692 2683
f 2682 2683 2673
f 2673 2683 2674
f 2673 2674 2664
f 2664 2674 2665
f 2664 2665 2655
f 2655 2665 2656
f 2655 2656 2646
f 2646 2656 2647
f 2646 2647 2637
f 2637 2647 2638
f 2637 2638 2628
f 2628 2638 2629
f 2628 2629 2619
f 2619 2629 2620
f 2619 2620 2610
f 2610 2620 2611
f 2610 2611 2601
f 2601 2611 2602
f 2601 2602 2592
f 2592 2602 2593
f 2592 2593 2583
f 2583 2593 2584
f 2583 2584 2574
f 2574 2584 2575
f 2574 2575 2565
f 2565 2575 2566
f 2565 2566 2556
f 2556 2566 2557
f 2556 2557 2547
f 2547 2557 2548
f 2547 2548 2538
f 2538 2548 2539
f 2538 2539 2529
f 2529 2539 2530
f 2529 2530 2520
f 2520 2530 2521
f 2520 2521 2511
f 2511 2521 2512
f 2511 2512 2502
f 2502 2512 2503
f 2502 2503 2493
f 2493 2503 2494
f 2493 2494 2484
f 2484 2494 2485
f 2484 2485 2475
f 2475 2485 2476
f 2475 2476 2466
f 2466 2476 2467
f 2466 2467 2457
f 2457 2467 2458
f 2457 2458 2448
f 2448 2458 2449
f 2448 2449 2439
f 2439 2449 2440
f 2439 2440 2430
f 2430 2440 2431
f 2430 2431 2421
f 2421 2431 2422
f 2421 2422 2412
f 2412 2422 2413
f 2412 2413 2403
f 2403 2413 2404
f 2403 2404 2394
f 2394 2404 2395
f 2394 2395 2385
f 2385 2395 2386
f 2385 2386 2376
f 2376 2386 2377
f 2376 2377 2367
f 2367 2377 2368
f 2367 2368 2358
f 2358 2368 2359
f 2358 2359 2349
f 2349 2359 2350
f 2349 2350 2340
f 2340 2350 2341
f 2340 2341 2331
f 2331 2341 2332
f 2331 2332 2322
f 2322 2332 2323
f 2322 2323 2313
f 2313 2323 2314
f 2313 2314 2304
f 2304 2314 2305
f 2304 2305 2295
f 2295 2305 2296
f 2295 2296 2286
f 2286 2296 2287
f 2286 2287 2277
f 2277 2287 2278
f 2277 2278 2268
f 2268 2278 2269
f 2268 2269 2259
f 2259 2269 2260
f 2259 2260 2250
f 2250 2260 2251
f 2250 2251 2241
f 2241 2251 2242
f 2241 2242 2232
f 2232 2242 2233
f 2232 2233 2223
f 2223 2233 2224
f 2223 2224 2214
f 2214 2224 2215
f 2214 2215 2205
f 2205 2215 2206
f 2205 2206 2196
f 2196 2206 2197
f 2196 2197 2187
f 2187 2197 2188
f 2187 2188 2178
f 2178 2188 2179
f 2178 2179 2169
f 2169 2179 2170
f 2169 2170 2160
f 2160 2170 2161
f 2160 2161 2151
f 2151 2161 2152
f 2151 2152 2142
f 2142 2152 2143
f 2143 2144 3034
f 3034 2144 3035
f 3034 3035 3025
f 3025 3035 3026
f 3025 3026 3016
f 3016 3026 3017
f 3016 3017 3007
f 3007 3017 3008
f 3007 3008 2998
f 2998 3008 2999
f 2998 2999 2989
f 2989 2999 2990
f 2989 2990 2980
f 2980 2990 2981
f 2980 2981 2971
f 2971 2981 2972
f 2971 2972 2962
f 2962 2972 2963
f 2962 2963 2953
f 2953 2963 2954
f 2953 2954 2944
f 2944 2954 2945
f 2944 2945 2935
f 2935 2945 2936
f 2935 2936 2926
f 2926 2936 2927
f 2926 2927 2917
f 2917 2927 2918
f 2917 2918 2908
f 2908 2918 2909
f 2908 2909 2899
f 2899 2909 2900
f 2899 2900 2890
f 2890 2900 2891
f 2890 2891 2881
f 2881 2891 2882
f 2881 2882 2872
f 2872 2882 2873
f 2872 2873 2863
f 2863 2873 2864
f 2863 2864 2854
f 2854 2864 2855
f 2854 2855 2845
f 2845 2855 2846
f 2845 2846 2836
f 2836 2846 2837
f 2836 2837 2827
f 2827 2837 2828
f 2827 2828 2818
f 2818 2828 2819
f 2818 2819 2809
f 2809 2819 2810
f 2809 2810 2800
f 2800 2810 2801
f 2800 2801 2791
f 2791 2801 2792
f 2791 2792 2782
f 2782 2792 2783
f 2782 2783 2773
f 2773 2783 2774
f 2773 2774 2764
f 2764 2774 2765
f 2764 2765 2755
f 2755 2765 2756
f 2755 2756 2746
f 2746 2756 2747
f 2746 2747 2737
f 2737 2747 2738
f 2737 2738 2728
f 2728 2738 2729
f 2728 2729 2719
f 2719 2729 2720
f 2719 2720 2710
f 2710 2720 2711
f 2710 2711 2701
f 2701 2711 2702
f 2701 2702 2692
f 2692 2702 2693
f 2692 2693 2683
f 2683 2693 2684
f 2683 2684 2674
f 2674 2684 2675
f 2674 2675 2665
f 2665 2675 2666
f 2665 2666 2656
f 2656 2666 2657
f 2656 2657 2647
f 2647 2657 2648
f 2647 2648 2638
f 2638 2648 2639
f 2638 2639 2629
f 2629 2639 2630
f 2629 2630 2620
f 2620 2630 2621
f 2620 2621 2611
f 2611 2621 2612
f 2611 2612 2602
f 2602 2612 2603
f 2602 2603 2593
f 2593 2603 2594
f 2593 2594 2584
f 2584 2594 2585
f 2584 2585 2575
f 2575 2585 2576
f 2575 2576 2566
f 2566 2576 2567
f 2566 2567 2557
f 2557 2567 2558
f 2557 2558 2548
f 2548 2558 2549
f 2548 2549 2539
f 2539 2549 2540
f 2539 2540 2530
f 2530 2540 2531
f 2530 2531 2521
f 2521 2531 2522
f 2521 2522 2512
f 2512 2522 2513
f 2512 2513 2503
f 2503 2513 2504
f 2503 2504 2494
f 2494 2504 2495
f 2494 2495 2485
f 2485 2495 2486
f 2485 2486 2476
f 2476 2486 2477
f 2476 2477 2467
f 2467 2477 2468
f 2467 2468 2458
f 2458 2468 2459
f 2458 2459 2449
f 2449 2459 2450
f 2449 2450 2440
f 2440 2450 2441
f 2440 2441 2431
f 2431 2441 2432
f 2431 2432 2422
f 2422 2432 2423
f 2422 2423 2413
f 2413 2423 2414
f 2413 2414 2404
f 2404 2414 2405
f 2404 2405 2395
f 2395 2405 2396
f 2395 2396 2386
f 2386 2396 2387
f 2386 2387 2377
f 2377 2387 2378
f 2377 2378 2368
f 2368 2378 2369
f 2368 2369 2359
f 2359 2369 2360
f 2359 2360 2350
f 2350 2360 2351
f 2350 2351 2341
f 2341 2351 2342
f 2341 2342 2332
f 2332 2342 2333
f 2332 2333 2323
f 2323 2333 2324
f 2323 2324 2314
f 2314 2324 2315
f 2314 2315 2305
f 2305 2315 2306
f 2305 2306 2296
f 2296 2306 2297
f 2296 2297 2287
f 2287 2297 2288
f 2287 2288 2278
f 2278 2288 2279
f 2278 2279 2269
f 2269 2279 2270
f 2269 2270 2260
f 2260 2270 2261
f 2260 2261 2251
f 2251 2261 2252
f 2251 2252 2242
f 2242 2252 2243
f 2242 2243 2233
f 2233 2243 2234
f 2233 2234 2224
f 2224 2234 2225
f 2224 2225 2215
f 2215 2225 2216
f 2215 2216 2206
f 2206 2216 2207
f 2206 2207 2197
f 2197 2207 2198
f 2197 2198 2188
f 2188 2198 2189
f 2188 2189 2179
f 2179 2189 2180
f 2179 2180 2170
f 2170 2180 2171
f 2170 2171 2161
f 2161 2171 2162
f 2161 2162 2152
f 2152 2162 2153
f 2152 2153 2143
f 2143 2153 2144
f 2144 2145 3035
f 3035 2145 3036
f 3035 3036 3026
f 3026 3036 3027
f 3026 3027 3017
f 3017 3027 3018
f 3017 3018 3008
f 3008 3018 3009
f 3008 3009 2999
f 2999 3009 3000
f 2999 3000 2990
f 2990 3000 2991
f 2990 2991 2981
f 2981 2991 2982
f 2981 2982 2972
f 2972 2982 2973
f 2972 2973 2963
f 2963 2973 2964
f 2963 2964 2954
f 2954 2964 2955
f 2954 2955 2945
f 2945 2955 2946
f 2945 2946 2936
f 2936 2946 2937
f 2936 2937 2927
f 2927 2937 2928
f 2927 2928 2918
f 2918 2928 2919
f 2918 2919 2909
f 2909 2919 2910
f 2909 2910 2900
f 2900 2910 2901
f 2900 2901 2891
f 2891 2901 2892
f 2891 2892 2882
f 2882 2892 2883
f 2882 2883 2873
f 2873 2883 2874
f 2873 2874 2864
f 2864 2874 2865
f 2864 2865 2855
f 2855 2865 2856
f 2855 2856 2846
f 2846 2856 2847
f 2846 2847 2837
f 2837 2847 2838
f 2837 2838 2828
f 2828 2838 2829
f 2828 2829 2819
f 2819 2829 2820
f 2819 2820 2810
f 2810 2820 2811
f 2810 2811 2801
f 2801 2811 2802
f 2801 2802 2792
f 2792 2802 2793
f 2792 2793 2783
f 2783 2793 2784
f 2783 2784 2774
f 2774 2784 2775
f 2774 2775 2765
f 2765 2775 2766
f 2765 2766 2756
f 2756 2766 2757
f 2756 2757 2747
f 2747 2757 2748
f 2747 2748 2738
f 2738 2748 2739
f 2738 2739 2729
f 2729 2739 2730
f 2729 2730 2720
f 2720 2730 2721
f 2720 2721 2711
f 2711 2721 2712
f 2711 2712 2702
f 2702 2712 2703
f 2702 2703 2693
f 2693 2703 2694
f 2693 2694 2684
f 2684 2694 2685
f 2684 2685 2675
f 2675 2685 2676
f 2675 2676 2666
f 2666 2676 2667
f 2666 2667 2657
f 2657 2667 2658
f 2657 2658 2648
f 2648 2658 2649
f 2648 2649 2639
f 2639 2649 2640
f 2639 2640 2630
f 2630 2640 2631
f 2630 2631 2621
f 2621 2631 2622
f 2621 2622 2612
f 2612 2622 2613
f 2612 2613 2603
f 2603 2613 2604
f 2603 2604 2594
f 2594 2604 2595
f 2594 2595 2585
f 2585 2595 2586
f 2585 2586 2576
f 2576 2586 2577
f 2576 2577 2567
f 2567 2577 2568
f 2567 2568 2558
f 2558 2568 2559
f 2558 2559 2549
f 2549 2559 2550
f 2549 2550 2540
f 2540 2550 2541
f 2540 2541 2531
f 2531 2541 2532
f 2531 2532 2522
f 2522 2532 2523
f 2522 2523 2513
f 2513 2523 2514
f 2513 2514 2504
f 2504 2514 2505
f 2504 2505 2495
f 2495 2505 2496
f 2495 2496 2486
f 2486 2496 2487
f 2486 2487 2477
f 2477 2487 2478
f 2477 2478 2468
f 2468 2478 2469
f 2468 2469 2459
f 2459 2469 2460
f 2459 2460 2450
f 2450 2460 2451
f 2450 2451 2441
f 2441 2451 2442
f 2441 2442 2432
f 2432 2442 2433
f 2432 2433 2423
f 2423 2433 2424
f 2423 2424 2414
f 2414 2424 2415
f 2414 2415 2405
f 2405 2415 2406
f 2405 2406 2396
f 2396 2406 2397
f 2396 2397 2387
f 2387 2397 2388
f 2387 2388 2378
f 2378 2388 2379
f 2378 2379 2369
f 2369 2379 2370
f 2369 2370 2360
f 2360 2370 2361
f 2360 2361 2351
f 2351 2361 2352
f 2351 2352 2342
f 2342 2352 2343
f 2342 2343 2333
f 2333 2343 2334
f 2333 2334 2324
f 2324 2334 2325
f 2324 2325 2315
f 2315 2325 2316
f 2315 2316 2306
f 2306 2316 2307
f 2306 2307 2297
f 2297 2307 2298
f 2297 2298 2288
f 2288 2298 2289
f 2288 2289 2279
f 2279 2289 2280
f 2279 2280 2270
f 2270 2280 2271
f 2270 2271 2261
f 2261 2271 2262
f 2261 2262 2252
f 2252 2262 2253
f 2252 2253 2243
f 2243 2253 2244
f 2243 2244 2234
f 2234 2244 2235
f 2234 2235 2225
f 2225 2235 2226
f 2225 2226 2216
f 2216 2226 2217
f 2216 2217 2207
f 2207 2217 2208
f 2207 2208 2198
f 2198 2208 2199
f 2198 2199 2189
f 2189 2199 2190
f 2189 2190 2180
f 2180 2190 2181
f 2180 2181 2171
f 2171 2181 2172
f 2171 2172 2162
f 2162 2172 2163
f 2162 2163 2153
f 2153 2163 2154
f 2153 2154 2144
f 2144 2154 2145
f 2145 2146 3036
f 3036 2146 3037
f 3036 3037 3027
f 3027 3037 3028
f 3027 3028 3018
f 3018 3028 3019
f 3018 3019 3009
f 3009 3019 3010
f 3009 3010 3000
f 3000 3010 3001
f 3000 3001 2991
f 2991 3001 2992
f 2991 2992 2982
f 2982 2992 2983
f 2982 2983 2973
f 2973 2983 2974
f 2973 2974 2964
f 2964 2974 2965
f 2964 2965 2955
f 2955 2965 2956
f 2955 2956 2946
f 2946 2956 2947
f 2946 2947 2937
f 2937 2947 2938
f 2937 2938 2928
f 2928 2938 2929
f 2928 2929 2919
f 2919 2929 2920
f 2919 2920 2910
f 2910 2920 2911
f 2910 2911 2901
f 2901 2911 2902
f 2901 2902 2892
f 2892 2902 2893
f 2892 2893 2883
f 2883 2893 2884
f 2883 2884 2874
f 2874 2884 2875
f 2874 2875 2865
f 2865 2875 2866
f 2865 2866 2856
f 2856 2866 2857
f 2856 2857 2847
f 2847 2857 2848
f 2847 2848 2838
f 2838 2848 2839
f 2838 2839 2829
f 2829 2839 2830
f 2829 2830 2820
f 2820 2830 2821
f 2820 2821 2811
f 2811 2821 2812
f 2811 2812 2802
f 2802 2812 2803
f 2802 2803 2793
f 2793 2803 2794
f 2793 2794 2784
f 2784 2794 2785
f 2784 2785 2775
f 2775 2785 2776
f 2775 2776 2766
f 2766 2776 2767
f 2766 2767 2757
f 2757 2767 2758
f 2757 2758 2748
f 2748 2758 2749
f 2748 2749 2739
f 2739 2749 2740
f 2739 2740 2730
f 2730 2740 2731
f 2730 2731 2721
f 2721 2731 2722
f 2721 2722 2712
f 2712 2722 2713
f 2712 2713 2703
f 2703 2713 2704
f 2703 2704 2694
f 2694 2704 2695
f 2694 2695 2685
f 2685 2695 2686
f 2685 2686 2676
f 2676 2686 2677
f 2676 2677 2667
f 2667 2677 2668
f 2667 2668 2658
f 2658 2668 2659
f 2658 2659 2649
f 2649 2659 2650
f 2649 2650 2640
f 2640 2650 2641
f 2640 2641 2631
f 2631 2641 2632
f 2631 2632 2622
f 2622 2632 2623
f 2622 2623 2613
f 2613 2623 2614
f 2613 2614 2604
f 2604 2614 2605
f 2604 2605 2595
f 2595 2605 2596
f 2595 2596 2586
f 2586 2596 2587
f 2586 2587 2577
f 2577 2587 2578
f 2577 2578 2568
f 2568 2578 2569
f 2568 2569 2559
f 2559 2569 2560
f 2559 2560 2550
f 2550 2560 2551
f 2550 2551 2541
f 2541 2551 2542
f 2541 2542 2532
f 2532 2542 2533
f 2532 2533 2523
f 2523 2533 2524
f 2523 2524 2514
f 2514 2524 2515
f 2514 2515 2505
f 2505 2515 2506
f 2505 2506 2496
f 2496 2506 2497
f 2496 2497 2487
f 2487 2497 2488
f 2487 2488 2478
f 2478 2488 2479
f 2478 2479 2469
f 2469 2479 2470
f 2469 2470 2460
f 2460 2470 2461
f 2460 2461 2451
f 2451 2461 2452
f 2451 2452 2442
f 2442 2452 2443
f 2442 2443 2433
f 2433 2443 2434
f 2433 2434 2424
f 2424 2434 2425
f 2424 2425 2415
f 2415 2425 2416
f 2415 2416 2406
f 2406 2416 2407
f 2406 2407 2397
f 2397 2407 2398
f 2397 2398 2388
f 2388 2398 2389
f 2388 2389 2379
f 2379 2389 2380
f 2379 2380 2370
f 2370 2380 2371
f 2370 2371 2361
f 2361 2371 2362
f 2361 2362 2352
f 2352 2362 2353
f 2352 2353 2343
f 2343 2353 2344
f 2343 2344 2334
f 2334 2344 2335
f 2334 2335 2325
f 2325 2335 2326
f 2325 2326 2316
f 2316 2326 2317
f 2316 2317 2307
f 2307 2317 2308
f 2307 2308 2298
f 2298 2308 2299
f 2298 2299 2289
f 2289 2299 2290
f 2289 2290 2280
f 2280 2290 2281
f 2280 2281 2271
f 2271 2281 2272
f 2271 2272 2262
f 2262 2272 2263
f 2262 2263 2253
f 2253 2263 2254
f 2253 2254 2244
f 2244 2254 2245
f 2244 2245 2235
f 2235 2245 2236
f 2235 2236 2226
f 2226 2236 2227
f 2226 2227 2217
f 2217 2227 2218
f 2217 2218 2208
f 2208 2218 2209
f 2208 2209 2199
f 2199 2209 2200
f 2199 2200 2190
f 2190 2200 2191
f 2190 2191 2181
f 2181 2191 2182
f 2181 2182 2172
f 2172 2182 2173
f 2172 2173 2163
f 2163 2173 2164
f 2163 2164 2154
f 2154 2164 2155
f 2154 2155 2145
f 2145 2155 2146
f 1543 2039 1490
f 1490 2039 2038
f 1490 2038 2137
f 1542 2041 1543
f 1543 2041 2040
f 1543 2040 2039
f 1541 2043 1542
f 1542 2043 2042
f 1542 2042 2041
f 2043 1541 2044
f 2044 1541 1540
f 2044 1540 2045
f 2045 1540 2046
f 2046 1540 1539
f 2046 1539 2047
f 2047 1539 2048
f 2048 1539 1538
f 2048 1538 2049
f 2049 1538 2050
f 2050 1538 1537
f 2050 1537 2051
f 2051 1537 2052
f 2052 1537 1536
f 2052 1536 2053
f 2053 1536 2054
f 2054 1536 1535
f 2054 1535 2055
f 2055 1535 2056
f 2056 1535 1534
f 2056 1534 2057
f 2057 1534 1533
f 2057 1533 2058
f 2058 1533 2059
f 2059 1533 1532
f 2059 1532 2060
f 2060 1532 2061
f 2061 1532 1531
f 2061 1531 2062
f 2062 1531 2063
f 2063 1531 1530
f 2063 1530 2064
f 2064 1530 2065
f 2065 1530 1529
f 2065 1529 2066
f 2066 1529 2067
f 2067 1529 1528
f 2067 1528 2068
f 2068 1528 2069
f 2069 1528 1527
f 2069 1527 2070
f 2070 1527 1526
f 2070 1526 2071
f 2071 1526 2072
f 2072 1526 1525
f 2072 1525 2073
f 2073 1525 2074
f 2074 1525 1524
f 2074 1524 2075
f 2075 1524 2076
f 2076 1524 1523
f 2076 1523 2077
f 2077 1523 2078
f 2078 1523 1522
f 2078 1522 2079
f 2079 1522 2080
f 2080 1522 1521
f 2080 1521 2081
f 2081 1521 2082
f 2082 1521 1520
f 2082 1520 2083
f 2083 1520 1519
f 2083 1519 2084
f 2084 1519 2085
f 2085 1519 1518
f 2085 1518 2086
f 2086 1518 2087
f 2087 1518 1517
f 2087 1517 2088
f 2088 1517 2089
f 2089 1517 1516
f 2089 1516 2090
f 2090 1516 2091
f 2091 1516 1515
f 2091 1515 2092
f 2092 1515 2093
f 2093 1515 1514
f 2093 1514 2094
f 2094 1514 1513
f 2094 1513 2095
f 2095 1513 2096
f 2096 1513 1512
f 2096 1512 2097
f 2097 1512 2098
f 2098 1512 1511
f 2098 1511 2099
f 2099 1511 2100
f 2100 1511 1510
f 2100 1510 2101
f 2101 1510 2102
f 2102 1510 1509
f 2102 1509 2103
f 2103 1509 2104
f 2104 1509 1508
f 2104 1508 2105
f 2105 1508 2106
f 2106 1508 1507
f 2106 1507 2107
f 2107 1507 1506
f 2107 1506 2108
f 2108 1506 2109
f 2109 1506 1505
f 2109 1505 2110
f 2110 1505 2111
f 2111 1505 1504
f 2111 1504 2112
f 2112 1504 2113
f 2113 1504 1503
f 2113 1503 2114
f 2114 1503 2115
f 2115 1503 2116
f 2116 1503 2117
f 2117 1503 2118
f 2118 1503 2119
f 2119 1503 2120
f 2120 1503 2121
f 2121 1503 2122
f 2122 1503 2123
f 2123 1503 2124
f 2124 1503 2125
f 2125 1503 2126
f 2126 1503 2127
f 2127 1503 2128
f 2128 1503 2129
f 2129 1503 2130
f 2130 1503 2131
f 2131 1503 2132
f 2132 1503 1502
f 2132 1502 1501
f 1501 1500 2132
f 2132 1500 1499
f 2132 1499 1498
f 2132 1498 2133
f 2133 1498 1497
f 2133 1497 1496
f 1496 1495 2133
f 2133 1495 1494
f 2133 1494 1493
f 1493 1492 2133
f 2133 1492 2134
f 2134 1492 2135
f 2135 1492 1491
f 2135 1491 2136
f 2136 1491 2137
f 2137 1491 1490
f 3039 3189 3038
f 3038 3189 3188
f 3038 3188 3112
f 3112 3188 3262
f 3112 3262 3111
f 3111 3262 3261
f 3111 3261 3110
f 3110 3261 3260
f 3110 3260 3109
f 3109 3260 3259
f 3109 3259 3108
f 3108 3259 3258
f 3108 3258 3107
f 3107 3258 3257
f 3107 3257 3106
f 3106 3257 3256
f 3106 3256 3105
f 3105 3256 3255
f 3105 3255 3104
f 3104 3255 3254
f 3104 3254 3103
f 3103 3254 3253
f 3103 3253 3102
f 3102 3253 3252
f 3102 3252 3101
f 3101 3252 3251
f 3101 3251 3100
f 3100 3251 3250
f 3100 3250 3099
f 3099 3250 3249
f 3099 3249 3098
f 3098 3249 3248
f 3098 3248 3097
f 3097 3248 3247
f 3097 3247 3096
f 3096 3247 3246
f 3096 3246 3095
f 3095 3246 3245
f 3095 3245 3094
f 3094 3245 3244
f 3094 3244 3093
f 3093 3244 3243
f 3093 3243 3092
f 3092 3243 3242
f 3092 3242 3091
f 3091 3242 3241
f 3091 3241 3090
f 3090 3241 3240
f 3090 3240 3089
f 3089 3240 3239
f 3089 3239 3088
f 3088 3239 3238
f 3088 3238 3087
f 3087 3238 3237
f 3087 3237 3086
f 3086 3237 3236
f 3086 3236 3085
f 3085 3236 3235
f 3085 3235 3084
f 3084 3235 3234
f 3084 3234 3083
f 3083 3234 3233
f 3083 3233 3082
f 3082 3233 3232
f 3082 3232 3081
f 3081 3232 3231
f 3081 3231 3080
f 3080 3231 3230
f 3080 3230 3079
f 3079 3230 3229
f 3079 3229 3078
f 3078 3229 3228
f 3078 3228 3077
f 3077 3228 3227
f 3077 3227 3076
f 3076 3227 3226
f 3076 3226 3075
f 3075 3226 3225
f 3075 3225 3074
f 3074 3225 3224
f 3074 3224 3073
f 3073 3224 3223
f 3073 3223 3072
f 3072 3223 3222
f 3072 3222 3071
f 3071 3222 3221
f 3071 3221 3070
f 3070 3221 3220
f 3070 3220 3069
f 3069 3220 3219
f 3069 3219 3068
f 3068 3219 3218
f 3068 3218 3067
f 3067 3218 3217
f 3067 3217 3066
f 3066 3217 3216
f 3066 3216 3065
f 3065 3216 3215
f 3065 3215 3064
f 3064 3215 3214
f 3064 3214 3063
f 3063 3214 3213
f 3063 3213 3062
f 3062 3213 3212
f 3062 3212 3061
f 3061 3212 3211
f 3061 3211 3060
f 3060 3211 3210
f 3060 3210 3059
f 3059 3210 3209
f 3059 3209 3058
f 3058 3209 3208
f 3058 3208 3057
f 3057 3208 3207
f 3057 3207 3056
f 3056 3207 3206
f 3056 3206 3055
f 3055 3206 3205
f 3055 3205 3054
f 3054 3205 3204
f 3054 3204 3053
f 3053 3204 3203
f 3053 3203 3052
f 3052 3203 3202
f 3052 3202 3051
f 3051 3202 3201
f 3051 3201 3050
f 3050 3201 3200
f 3050 3200 3049
f 3049 3200 3199
f 3049 3199 3048
f 3048 3199 3198
f 3048 3198 3047
f 3047 3198 3197
f 3047 3197 3046
f 3046 3197 3196
f 3046 3196 3045
f 3045 3196 3195
f 3045 3195 3044
f 3044 3195 3194
f 3044 3194 3043
f 3043 3194 3193
f 3043 3193 3042
f 3042 3193 3192
f 3042 3192 3041
f 3041 3192 3191
f 3041 3191 3040
f 3040 3191 3190
f 3040 3190 3039
f 3039 3190 3189
f 3114 3262 3113
f 3113 3262 3188
f 3113 3188 3187
f 3187 3188 3189
f 3187 3189 3186
f 3186 3189 3190
f 3186 3190 3185
f 3185 3190 3191
f 3185 3191 3184
f 3184 3191 3192
f 3184 3192 3183
f 3183 3192 3193
f 3183 3193 3182
f 3182 3193 3194
f 3182 3194 3181
f 3181 3194 3195
f 3181 3195 3180
f 3180 3195 3196
f 3180 3196 3179
f 3179 3196 3197
f 3179 3197 3178
f 3178 3197 3198
f 3178 3198 3177
f 3177 3198 3199
f 3177 3199 3176
f 3176 3199 3200
f 3176 3200 3175
f 3175 3200 3201
f 3175 3201 3174
f 3174 3201 3202
f 3174 3202 3173
f 3173 3202 3203
f 3173 3203 3172
f 3172 3203 3204
f 3172 3204 3171
f 3171 3204 3205
f 3171 3205 3170
f 3170 3205 3206
f 3170 3206 3169
f 3169 3206 3207
f 3169 3207 3168
f 3168 3207 3208
f 3168 3208 3167
f 3167 3208 3209
f 3167 3209 3166
f 3166 3209 3210
f 3166 3210 3165
f 3165 3210 3211
f 3165 3211 3164
f 3164 3211 3212
f 3164 3212 3163
f 3163 3212 3213
f 3163 3213 3162
f 3162 3213 3214
f 3162 3214 3161
f 3161 3214 3215
f 3161 3215 3160
f 3160 3215 3216
f 3160 3216 3159
f 3159 3216 3217
f 3159 3217 3158
f 3158 3217 3218
f 3158 3218 3157
f 3157 3218 3219
f 3157 3219 3156
f 3156 3219 3220
f 3156 3220 3155
f 3155 3220 3221
f 3155 3221 3154
f 3154 3221 3222
f 3154 3222 3153
f 3153 3222 3223
f 3153 3223 3152
f 3152 3223 3224
f 3152 3224 3151
f 3151 3224 3225
f 3151 3225 3150
f 3150 3225 3226
f 3150 3226 3149
f 3149 3226 3227
f 3149 3227 3148
f 3148 3227 3228
f 3148 3228 3147
f 3147 3228 3229
f 3147 3229 3146
f 3146 3229 3230
f 3146 3230 3145
f 3145 3230 3231
f 3145 3231 3144
f 3144 3231 3232
f 3144 3232 3143
f 3143 3232 3233
f 3143 3233 3142
f 3142 3233 3234
f 3142 3234 3141
f 3141 3234 3235
f 3141 3235 3140
f 3140 3235 3236
f 3140 3236 3139
f 3139 3236 3237
f 3139 3237 3138
f 3138 3237 3238
f 3138 3238 3137
f 3137 3238 3239
f 3137 3239 3136
f 3136 3239 3240
f 3136 3240 3135
f 3135 3240 3241
f 3135 3241 3134
f 3134 3241 3242
f 3134 3242 3133
f 3133 3242 3243
f 3133 3243 3132
f 3132 3243 3244
f 3132 3244 3131
f 3131 3244 3245
f 3131 3245 3130
f 3130 3245 3246
f 3130 3246 3129
f 3129 3246 3247
f 3129 3247 3128
f 3128 3247 3248
f 3128 3248 3127
f 3127 3248 3249
f 3127 3249 3126
f 3126 3249 3250
f 3126 3250 3125
f 3125 3250 3251
f 3125 3251 3124
f 3124 3251 3252
f 3124 3252 3123
f 3123 3252 3253
f 3123 3253 3122
f 3122 3253 3254
f 3122 3254 3121
f 3121 3254 3255
f 3121 3255 3120
f 3120 3255 3256
f 3120 3256 3119
f 3119 3256 3257
f 3119 3257 3118
f 3118 3257 3258
f 3118 3258 3117
f 3117 3258 3259
f 3117 3259 3116
f 3116 3259 3260
f 3116 3260 3115
f 3115 3260 3261
f 3115 3261 3114
f 3114 3261 3262
f 3112 3076 3038
f 3038 3076 3075
f 3038 3075 3039
f 3039 3075 3074
f 3039 3074 3073
f 3076 3112 3077
f 3077 3112 3111
f 3077 3111 3078
f 3078 3111 3110
f 3078 3110 3079
f 3079 3110 3109
f 3079 3109 3080
f 3080 3109 3108
f 3080 3108 3081
f 3081 3108 3107
f 3081 3107 3082
f 3082 3107 3106
f 3082 3106 3083
f 3083 3106 3105
f 3083 3105 3084
f 3084 3105 3104
f 3084 3104 3085
f 3085 3104 3103
f 3085 3103 3086
f 3086 3103 3102
f 3086 3102 3087
f 3087 3102 3101
f 3087 3101 3088
f 3088 3101 3100
f 3088 3100 3089
f 3089 3100 3099
f 3089 3099 3090
f 3090 3099 3098
f 3090 3098 3091
f 3091 3098 3097
f 3091 3097 3092
f 3092 3097 3096
f 3092 3096 3093
f 3093 3096 3095
f 3093 3095 3094
f 3073 3072 3039
f 3039 3072 3071
f 3039 3071 3070
f 3070 3069 3039
f 3039 3069 3068
f 3039 3068 3067
f 3067 3066 3039
f 3039 3066 3065
f 3039 3065 3064
f 3064 3063 3039
f 3039 3063 3062
f 3039 3062 3061
f 3061 3060 3039
f 3039 3060 3059
f 3039 3059 3058
f 3058 3057 3039
f 3039 3057 3056
f 3039 3056 3055
f 3055 3054 3039
f 3039 3054 3053
f 3039 3053 3052
f 3052 3051 3039
f 3039 3051 3050
f 3039 3050 3049
f 3049 3048 3039
f 3039 3048 3047
f 3039 3047 3046
f 3046 3045 3039
f 3039 3045 3044
f 3039 3044 3043
f 3043 3042 3039
f 3039 3042 3041
f 3039 3041 3040
f 3264 3420 3263
f 3263 3420 3342
f 3263 3342 3341
f 3341 3342 3343
f 3341 3343 3344
f 3264 3265 3420
f 3420 3265 3419
f 3419 3265 3266
f 3419 3266 3418
f 3418 3266 3267
f 3418 3267 3417
f 3417 3267 3268
f 3417 3268 3416
f 3416 3268 3269
f 3416 3269 3415
f 3415 3269 3270
f 3415 3270 3414
f 3414 3270 3271
f 3414 3271 3413
f 3413 3271 3272
f 3413 3272 3412
f 3412 3272 3273
f 3412 3273 3411
f 3411 3273 3274
f 3411 3274 3410
f 3410 3274 3275
f 3410 3275 3409
f 3409 3275 3276
f 3409 3276 3408
f 3408 3276 3277
f 3408 3277 3407
f 3407 3277 3278
f 3407 3278 3406
f 3406 3278 3279
f 3406 3279 3405
f 3405 3279 3280
f 3405 3280 3404
f 3404 3280 3281
f 3404 3281 3403
f 3403 3281 3282
f 3403 3282 3402
f 3402 3282 3283
f 3402 3283 3401
f 3401 3283 3284
f 3401 3284 3400
f 3400 3284 3285
f 3400 3285 3399
f 3399 3285 3286
f 3399 3286 3398
f 3398 3286 3287
f 3398 3287 3397
f 3397 3287 3288
f 3397 3288 3396
f 3396 3288 3289
f 3396 3289 3395
f 3395 3289 3290
f 3395 3290 3394
f 3394 3290 3291
f 3394 3291 3393
f 3393 3291 3292
f 3393 3292 3392
f 3392 3292 3293
f 3392 3293 3391
f 3391 3293 3294
f 3391 3294 3390
f 3390 3294 3295
f 3390 3295 3389
f 3389 3295 3296
f 3389 3296 3388
f 3388 3296 3297
f 3388 3297 3387
f 3387 3297 3298
f 3387 3298 3386
f 3386 3298 3299
f 3386 3299 3385
f 3385 3299 3300
f 3385 3300 3384
f 3384 3300 3301
f 3384 3301 3383
f 3383 3301 3302
f 3383 3302 3382
f 3382 3302 3303
f 3382 3303 3381
f 3381 3303 3304
f 3381 3304 3380
f 3380 3304 3305
f 3380 3305 3379
f 3379 3305 3306
f 3379 3306 3378
f 3378 3306 3307
f 3378 3307 3377
f 3377 3307 3308
f 3377 3308 3376
f 3376 3308 3309
f 3376 3309 3375
f 3375 3309 3310
f 3375 3310 3374
f 3374 3310 3311
f 3374 3311 3373
f 3373 3311 3312
f 3373 3312 3372
f 3372 3312 3313
f 3372 3313 3371
f 3371 3313 3314
f 3371 3314 3370
f 3370 3314 3315
f 3370 3315 3369
f 3369 3315 3316
f 3369 3316 3368
f 3368 3316 3317
f 3368 3317 3367
f 3367 3317 3318
f 3367 3318 3366
f 3366 3318 3319
f 3366 3319 3365
f 3365 3319 3320
f 3365 3320 3364
f 3364 3320 3321
f 3364 3321 3363
f 3363 3321 3322
f 3363 3322 3362
f 3362 3322 3323
f 3362 3323 3361
f 3361 3323 3324
f 3361 3324 3360
f 3360 3324 3325
f 3360 3325 3359
f 3359 3325 3326
f 3359 3326 3358
f 3358 3326 3327
f 3358 3327 3357
f 3357 3327 3328
f 3357 3328 3356
f 3356 3328 3329
f 3356 3329 3355
f 3355 3329 3330
f 3355 3330 3354
f 3354 3330 3331
f 3354 3331 3353
f 3353 3331 3332
f 3353 3332 3352
f 3352 3332 3333
f 3352 3333 3351
f 3351 3333 3334
f 3351 3334 3350
f 3350 3334 3335
f 3350 3335 3349
f 3349 3335 3336
f 3349 3336 3348
f 3348 3336 3337
f 3348 3337 3347
f 3347 3337 3338
f 3347 3338 3346
f 3346 3338 3339
f 3346 3339 3345
f 3345 3339 3340
f 3345 3340 3344
f 3344 3340 3341
f 3341 3303 3263
f 3263 3303 3302
f 3263 3302 3264
f 3264 3302 3301
f 3264 3301 3300
f 3303 3341 3304
f 3304 3341 3340
f 3304 3340 3305
f 3305 3340 3339
f 3305 3339 3306
f 3306 3339 3338
f 3306 3338 3307
f 3307 3338 3337
f 3307 3337 3308
f 3308 3337 3336
f 3308 3336 3309
f 3309 3336 3335
f 3309 3335 3310
f 3310 3335 3334
f 3310 3334 3311
f 3311 3334 3333
f 3311 3333 3312
f 3312 3333 3332
f 3312 3332 3313
f 3313 3332 3331
f 3313 3331 3314
f 3314 3331 3330
f 3314 3330 3315
f 3315 3330 3329
f 3315 3329 3316
f 3316 3329 3328
f 3316 3328 3317
f 3317 3328 3327
f 3317 3327 3318
f 3318 3327 3326
f 3318 3326 3319
f 3319 3326 3325
f 3319 3325 3320
f 3320 3325 3324
f 3320 3324 3321
f 3321 3324 3323
f 3321 3323 3322
f 3300 3299 3264
f 3264 3299 3298
f 3264 3298 3297
f 3297 3296 3264
f 3264 3296 3295
f 3264 3295 3294
f 3294 3293 3264
f 3264 3293 3292
f 3264 3292 3291
f 3291 3290 3264
f 3264 3290 3289
f 3264 3289 3288
f 3288 3287 3264
f 3264 3287 3286
f 3264 3286 3285
f 3285 3284 3264
f 3264 3284 3283
f 3264 3283 3282
f 3282 3281 3264
f 3264 3281 3280
f 3264 3280 3279
f 3264 3279 3265
f 3265 3279 3278
f 3265 3278 3277
f 3277 3276 3265
f 3265 3276 3275
f 3265 3275 3274
f 3274 3273 3265
f 3265 3273 3272
f 3265 3272 3271
f 3271 3270 3265
f 3265 3270 3269
f 3265 3269 3268
f 3268 3267 3265
f 3265 3267 3266
f 3422 3624 3421
f 3421 3624 3523
f 3421 3523 3522
f 3522 3523 3524
f 3522 3524 3521
f 3521 3524 3525
f 3521 3525 3520
f 3520 3525 3526
f 3520 3526 3519
f 3519 3526 3527
f 3519 3527 3518
f 3518 3527 3528
f 3518 3528 3517
f 3517 3528 3529
f 3517 3529 3516
f 3516 3529 3530
f 3516 3530 3515
f 3515 3530 3531
f 3515 3531 3514
f 3514 3531 3532
f 3514 3532 3513
f 3513 3532 3533
f 3513 3533 3512
f 3512 3533 3534
f 3512 3534 3511
f 3511 3534 3535
f 3511 3535 3510
f 3510 3535 3536
f 3510 3536 3509
f 3509 3536 3537
f 3509 3537 3508
f 3508 3537 3538
f 3508 3538 3507
f 3507 3538 3539
f 3507 3539 3506
f 3506 3539 3540
f 3506 3540 3505
f 3505 3540 3541
f 3505 3541 3504
f 3504 3541 3542
f 3504 3542 3503
f 3503 3542 3543
f 3503 3543 3502
f 3502 3543 3544
f 3502 3544 3501
f 3501 3544 3545
f 3501 3545 3500
f 3500 3545 3546
f 3500 3546 3499
f 3499 3546 3547
f 3499 3547 3498
f 3498 3547 3548
f 3498 3548 3497
f 3497 3548 3549
f 3497 3549 3496
f 3496 3549 3550
f 3496 3550 3495
f 3495 3550 3551
f 3495 3551 3494
f 3494 3551 3552
f 3494 3552 3493
f 3493 3552 3553
f 3493 3553 3492
f 3492 3553 3554
f 3492 3554 3491
f 3491 3554 3555
f 3491 3555 3490
f 3490 3555 3556
f 3490 3556 3489
f 3489 3556 3557
f 3489 3557 3488
f 3488 3557 3558
f 3488 3558 3487
f 3487 3558 3559
f 3487 3559 3486
f 3486 3559 3560
f 3486 3560 3485
f 3485 3560 3561
f 3485 3561 3484
f 3484 3561 3562
f 3484 3562 3483
f 3483 3562 3563
f 3483 3563 3482
f 3482 3563 3564
f 3482 3564 3481
f 3481 3564 3565
f 3481 3565 3480
f 3480 3565 3566
f 3480 3566 3479
f 3479 3566 3567
f 3479 3567 3478
f 3478 3567 3568
f 3478 3568 3477
f 3477 3568 3569
f 3477 3569 3476
f 3476 3569 3570
f 3476 3570 3475
f 3475 3570 3571
f 3475 3571 3474
f 3474 3571 3572
f 3474 3572 3473
f 3473 3572 3573
f 3473 3573 3472
f 3472 3573 3574
f 3472 3574 3471
f 3471 3574 3575
f 3471 3575 3470
f 3470 3575 3576
f 3470 3576 3469
f 3469 3576 3577
f 3469 3577 3468
f 3468 3577 3578
f 3468 3578 3467
f 3467 3578 3579
f 3467 3579 3466
f 3466 3579 3580
f 3466 3580 3465
f 3465 3580 3581
f 3465 3581 3464
f 3464 3581 3582
f 3464 3582 3463
f 3463 3582 3583
f 3463 3583 3462
f 3462 3583 3584
f 3462 3584 3461
f 3461 3584 3585
f 3461 3585 3460
f 3460 3585 3586
f 3460 3586 3459
f 3459 3586 3587
f 3459 3587 3458
f 3458 3587 3588
f 3458 3588 3457
f 3457 3588 3589
f 3457 3589 3456
f 3456 3589 3590
f 3456 3590 3455
f 3455 3590 3591
f 3455 3591 3454
f 3454 3591 3592
f 3454 3592 3453
f 3453 3592 3593
f 3453 3593 3452
f 3452 3593 3594
f 3452 3594 3451
f 3451 3594 3595
f 3451 3595 3450
f 3450 3595 3596
f 3450 3596 3449
f 3449 3596 3597
f 3449 3597 3448
f 3448 3597 3598
f 3448 3598 3447
f 3447 3598 3599
f 3447 3599 3446
f 3446 3599 3600
f 3446 3600 3445
f 3445 3600 3601
f 3445 3601 3444
f 3444 3601 3602
f 3444 3602 3443
f 3443 3602 3603
f 3443 3603 3442
f 3442 3603 3604
f 3442 3604 3441
f 3441 3604 3605
f 3441 3605 3440
f 3440 3605 3606
f 3440 3606 3439
f 3439 3606 3607
f 3439 3607 3438
f 3438 3607 3608
f 3438 3608 3437
f 3437 3608 3609
f 3437 3609 3436
f 3436 3609 3610
f 3436 3610 3435
f 3435 3610 3611
f 3435 3611 3434
f 3434 3611 3612
f 3434 3612 3433
f 3433 3612 3613
f 3433 3613 3432
f 3432 3613 3614
f 3432 3614 3431
f 3431 3614 3615
f 3431 3615 3430
f 3430 3615 3616
f 3430 3616 3429
f 3429 3616 3617
f 3429 3617 3428
f 3428 3617 3618
f 3428 3618 3427
f 3427 3618 3619
f 3427 3619 3426
f 3426 3619 3620
f 3426 3620 3425
f 3425 3620 3621
f 3425 3621 3424
f 3424 3621 3622
f 3424 3622 3423
f 3423 3622 3623
f 3423 3623 3422
f 3422 3623 3624
f 3420 3473 3342
f 3342 3473 3472
f 3342 3472 3471
f 3473 3420 3474
f 3474 3420 3419
f 3474 3419 3475
f 3475 3419 3418
f 3475 3418 3476
f 3476 3418 3477
f 3477 3418 3417
f 3477 3417 3478
f 3478 3417 3416
f 3478 3416 3479
f 3479 3416 3415
f 3479 3415 3480
f 3480 3415 3414
f 3480 3414 3481
f 3481 3414 3482
f 3482 3414 3413
f 3482 3413 3483
f 3483 3413 3412
f 3483 3412 3484
f 3484 3412 3411
f 3484 3411 3485
f 3485 3411 3486
f 3486 3411 3410
f 3486 3410 3487
f 3487 3410 3409
f 3487 3409 3488
f 3488 3409 3408
f 3488 3408 3489
f 3489 3408 3407
f 3489 3407 3490
f 3490 3407 3491
f 3491 3407 3406
f 3491 3406 3492
f 3492 3406 3405
f 3492 3405 3493
f 3493 3405 3404
f 3493 3404 3494
f 3494 3404 3495
f 3495 3404 3403
f 3495 3403 3496
f 3496 3403 3402
f 3496 3402 3497
f 3497 3402 3401
f 3497 3401 3498
f 3498 3401 3400
f 3498 3400 3499
f 3499 3400 3500
f 3500 3400 3399
f 3500 3399 3501
f 3501 3399 3398
f 3501 3398 3502
f 3502 3398 3397
f 3502 3397 3503
f 3503 3397 3504
f 3504 3397 3396
f 3504 3396 3505
f 3505 3396 3395
f 3505 3395 3506
f 3506 3395 3394
f 3506 3394 3507
f 3507 3394 3508
f 3508 3394 3393
f 3508 3393 3509
f 3509 3393 3392
f 3509 3392 3510
f 3510 3392 3391
f 3510 3391 3511
f 3511 3391 3390
f 3511 3390 3512
f 3512 3390 3513
f 3513 3390 3389
f 3513 3389 3514
f 3514 3389 3388
f 3514 3388 3515
f 3515 3388 3387
f 3515 3387 3516
f 3516 3387 3517
f 3517 3387 3386
f 3517 3386 3518
f 3518 3386 3385
f 3518 3385 3519
f 3519 3385 3384
f 3519 3384 3520
f 3520 3384 3383
f 3520 3383 3521
f 3521 3383 3522
f 3522 3383 3382
f 3522 3382 3421
f 3421 3382 3381
f 3421 3381 3422
f 3422 3381 3380
f 3422 3380 3423
f 3423 3380 3424
f 3424 3380 3379
f 3424 3379 3425
f 3425 3379 3378
f 3425 3378 3426
f 3426 3378 3377
f 3426 3377 3427
f 3427 3377 3376
f 3427 3376 3428
f 3428 3376 3429
f 3429 3376 3375
f 3429 3375 3430
f 3430 3375 3374
f 3430 3374 3431
f 3431 3374 3373
f 3431 3373 3432
f 3432 3373 3433
f 3433 3373 3372
f 3433 3372 3434
f 3434 3372 3371
f 3434 3371 3435
f 3435 3371 3370
f 3435 3370 3436
f 3436 3370 3369
f 3436 3369 3437
f 3437 3369 3438
f 3438 3369 3368
f 3438 3368 3439
f 3439 3368 3367
f 3439 3367 3440
f 3440 3367 3366
f 3440 3366 3441
f 3441 3366 3442
f 3442 3366 3365
f 3442 3365 3443
f 3443 3365 3364
f 3443 3364 3444
f 3444 3364 3363
f 3444 3363 3445
f 3445 3363 3446
f 3446 3363 3362
f 3446 3362 3447
f 3447 3362 3361
f 3447 3361 3448
f 3448 3361 3360
f 3448 3360 3449
f 3449 3360 3359
f 3449 3359 3450
f 3450 3359 3451
f 3451 3359 3358
f 3451 3358 3452
f 3452 3358 3357
f 3452 3357 3453
f 3453 3357 3356
f 3453 3356 3454
f 3454 3356 3455
f 3455 3356 3355
f 3455 3355 3456
f 3456 3355 3354
f 3456 3354 3457
f 3457 3354 3353
f 3457 3353 3458
f 3458 3353 3352
f 3458 3352 3459
f 3459 3352 3460
f 3460 3352 3351
f 3460 3351 3461
f 3461 3351 3350
f 3461 3350 3462
f 3462 3350 3349
f 3462 3349 3463
f 3463 3349 3464
f 3464 3349 3348
f 3464 3348 3465
f 3465 3348 3347
f 3465 3347 3466
f 3466 3347 3346
f 3466 3346 3467
f 3467 3346 3345
f 3467 3345 3468
f 3468 3345 3469
f 3469 3345 3344
f 3469 3344 3470
f 3470 3344 3343
f 3470 3343 3471
f 3471 3343 3342
f 3187 3524 3113
f 3113 3524 3523
f 3113 3523 3624
f 3524 3187 3525
f 3525 3187 3186
f 3525 3186 3526
f 3526 3186 3185
f 3526 3185 3527
f 3527 3185 3528
f 3528 3185 3184
f 3528 3184 3529
f 3529 3184 3183
f 3529 3183 3530
f 3530 3183 3182
f 3530 3182 3531
f 3531 3182 3532
f 3532 3182 3181
f 3532 3181 3533
f 3533 3181 3180
f 3533 3180 3534
f 3534 3180 3535
f 3535 3180 3179
f 3535 3179 3536
f 3536 3179 3178
f 3536 3178 3537
f 3537 3178 3177
f 3537 3177 3538
f 3538 3177 3539
f 3539 3177 3176
f 3539 3176 3540
f 3540 3176 3175
f 3540 3175 3541
f 3541 3175 3174
f 3541 3174 3542
f 3542 3174 3543
f 3543 3174 3173
f 3543 3173 3544
f 3544 3173 3172
f 3544 3172 3545
f 3545 3172 3171
f 3545 3171 3546
f 3546 3171 3547
f 3547 3171 3170
f 3547 3170 3548
f 3548 3170 3169
f 3548 3169 3549
f 3549 3169 3550
f 3550 3169 3168
f 3550 3168 3551
f 3551 3168 3167
f 3551 3167 3552
f 3552 3167 3166
f 3552 3166 3553
f 3553 3166 3554
f 3554 3166 3165
f 3554 3165 3555
f 3555 3165 3556
f 3556 3165 3557
f 3557 3165 3558
f 3558 3165 3559
f 3559 3165 3164
f 3559 3164 3560
f 3560 3164 3163
f 3560 3163 3162
f 3162 3161 3560
f 3560 3161 3160
f 3560 3160 3561
f 3561 3160 3562
f 3562 3160 3159
f 3562 3159 3563
f 3563 3159 3158
f 3563 3158 3564
f 3564 3158 3157
f 3564 3157 3565
f 3565 3157 3566
f 3566 3157 3156
f 3566 3156 3567
f 3567 3156 3155
f 3567 3155 3568
f 3568 3155 3569
f 3569 3155 3154
f 3569 3154 3570
f 3570 3154 3153
f 3570 3153 3571
f 3571 3153 3152
f 3571 3152 3572
f 3572 3152 3573
f 3573 3152 3151
f 3573 3151 3574
f 3574 3151 3150
f 3574 3150 3575
f 3575 3150 3149
f 3575 3149 3576
f 3576 3149 3577
f 3577 3149 3148
f 3577 3148 3578
f 3578 3148 3147
f 3578 3147 3579
f 3579 3147 3146
f 3579 3146 3580
f 3580 3146 3581
f 3581 3146 3145
f 3581 3145 3582
f 3582 3145 3144
f 3582 3144 3583
f 3583 3144 3584
f 3584 3144 3143
f 3584 3143 3585
f 3585 3143 3142
f 3585 3142 3586
f 3586 3142 3141
f 3586 3141 3587
f 3587 3141 3588
f 3588 3141 3140
f 3588 3140 3589
f 3589 3140 3139
f 3589 3139 3590
f 3590 3139 3138
f 3590 3138 3591
f 3591 3138 3592
f 3592 3138 3137
f 3592 3137 3593
f 3593 3137 3136
f 3593 3136 3594
f 3594 3136 3135
f 3594 3135 3595
f 3595 3135 3596
f 3596 3135 3134
f 3596 3134 3597
f 3597 3134 3133
f 3597 3133 3598
f 3598 3133 3132
f 3598 3132 3599
f 3599 3132 3600
f 3600 3132 3131
f 3600 3131 3601
f 3601 3131 3130
f 3601 3130 3602
f 3602 3130 3603
f 3603 3130 3129
f 3603 3129 3604
f 3604 3129 3128
f 3604 3128 3605
f 3605 3128 3127
f 3605 3127 3606
f 3606 3127 3607
f 3607 3127 3126
f 3607 3126 3608
f 3608 3126 3125
f 3608 3125 3609
f 3609 3125 3124
f 3609 3124 3610
f 3610 3124 3611
f 3611 3124 3123
f 3611 3123 3612
f 3612 3123 3122
f 3612 3122 3613
f 3613 3122 3121
f 3613 3121 3614
f 3614 3121 3615
f 3615 3121 3120
f 3615 3120 3616
f 3616 3120 3119
f 3616 3119 3617
f 3617 3119 3618
f 3618 3119 3118
f 3618 3118 3619
f 3619 3118 3117
f 3619 3117 3620
f 3620 3117 3116
f 3620 3116 3621
f 3621 3116 3622
f 3622 3116 3115
f 3622 3115 3623
f 3623 3115 3114
f 3623 3114 3624
f 3624 3114 3113
f 3626 3734 3625
f 3625 3734 3680
f 3625 3680 3679
f 3679 3680 3681
f 3679 3681 3678
f 3678 3681 3682
f 3678 3682 3677
f 3677 3682 3683
f 3677 3683 3676
f 3676 3683 3684
f 3676 3684 3675
f 3675 3684 3685
f 3675 3685 3674
f 3674 3685 3686
f 3674 3686 3673
f 3673 3686 3687
f 3673 3687 3672
f 3672 3687 3688
f 3672 3688 3671
f 3671 3688 3689
f 3671 3689 3670
f 3670 3689 3690
f 3670 3690 3669
f 3669 3690 3691
f 3669 3691 3668
f 3668 3691 3692
f 3668 3692 3667
f 3667 3692 3693
f 3667 3693 3666
f 3666 3693 3694
f 3666 3694 3665
f 3665 3694 3695
f 3665 3695 3664
f 3664 3695 3696
f 3664 3696 3663
f 3663 3696 3697
f 3663 3697 3662
f 3662 3697 3698
f 3662 3698 3661
f 3661 3698 3699
f 3661 3699 3660
f 3660 3699 3700
f 3660 3700 3659
f 3659 3700 3701
f 3659 3701 3658
f 3658 3701 3702
f 3658 3702 3657
f 3657 3702 3703
f 3657 3703 3656
f 3656 3703 3704
f 3656 3704 3655
f 3655 3704 3705
f 3655 3705 3654
f 3654 3705 3706
f 3654 3706 3653
f 3653 3706 3707
f 3653 3707 3652
f 3652 3707 3708
f 3652 3708 3651
f 3651 3708 3709
f 3651 3709 3650
f 3650 3709 3710
f 3650 3710 3649
f 3649 3710 3711
f 3649 3711 3648
f 3648 3711 3712
f 3648 3712 3647
f 3647 3712 3713
f 3647 3713 3646
f 3646 3713 3714
f 3646 3714 3645
f 3645 3714 3715
f 3645 3715 3644
f 3644 3715 3716
f 3644 3716 3643
f 3643 3716 3717
f 3643 3717 3642
f 3642 3717 3718
f 3642 3718 3641
f 3641 3718 3719
f 3641 3719 3640
f 3640 3719 3720
f 3640 3720 3639
f 3639 3720 3721
f 3639 3721 3638
f 3638 3721 3722
f 3638 3722 3637
f 3637 3722 3723
f 3637 3723 3636
f 3636 3723 3724
f 3636 3724 3635
f 3635 3724 3725
f 3635 3725 3634
f 3634 3725 3726
f 3634 3726 3633
f 3633 3726 3727
f 3633 3727 3632
f 3632 3727 3728
f 3632 3728 3631
f 3631 3728 3729
f 3631 3729 3630
f 3630 3729 3730
f 3630 3730 3629
f 3629 3730 3731
f 3629 3731 3628
f 3628 3731 3732
f 3628 3732 3627
f 3627 3732 3733
f 3627 3733 3626
f 3626 3733 3734
f 3736 3844 3735
f 3735 3844 3790
f 3735 3790 3789
f 3789 3790 3791
f 3789 3791 3788
f 3788 3791 3792
f 3788 3792 3787
f 3787 3792 3793
f 3787 3793 3786
f 3786 3793 3794
f 3786 3794 3785
f 3785 3794 3795
f 3785 3795 3784
f 3784 3795 3796
f 3784 3796 3783
f 3783 3796 3797
f 3783 3797 3782
f 3782 3797 3798
f 3782 3798 3781
f 3781 3798 3799
f 3781 3799 3780
f 3780 3799 3800
f 3780 3800 3779
f 3779 3800 3801
f 3779 3801 3778
f 3778 3801 3802
f 3778 3802 3777
f 3777 3802 3803
f 3777 3803 3776
f 3776 3803 3804
f 3776 3804 3775
f 3775 3804 3805
f 3775 3805 3774
f 3774 3805 3806
f 3774 3806 3773
f 3773 3806 3807
f 3773 3807 3772
f 3772 3807 3808
f 3772 3808 3771
f 3771 3808 3809
f 3771 3809 3770
f 3770 3809 3810
f 3770 3810 3769
f 3769 3810 3811
f 3769 3811 3768
f 3768 3811 3812
f 3768 3812 3767
f 3767 3812 3813
f 3767 3813 3766
f 3766 3813 3814
f 3766 3814 3765
f 3765 3814 3815
f 3765 3815 3764
f 3764 3815 3816
f 3764 3816 3763
f 3763 3816 3817
f 3763 3817 3762
f 3762 3817 3818
f 3762 3818 3761
f 3761 3818 3819
f 3761 3819 3760
f 3760 3819 3820
f 3760 3820 3759
f 3759 3820 3821
f 3759 3821 3758
f 3758 3821 3822
f 3758 3822 3757
f 3757 3822 3823
f 3757 3823 3756
f 3756 3823 3824
f 3756 3824 3755
f 3755 3824 3825
f 3755 3825 3754
f 3754 3825 3826
f 3754 3826 3753
f 3753 3826 3827
f 3753 3827 3752
f 3752 3827 3828
f 3752 3828 3751
f 3751 3828 3829
f 3751 3829 3750
f 3750 3829 3830
f 3750 3830 3749
f 3749 3830 3831
f 3749 3831 3748
f 3748 3831 3832
f 3748 3832 3747
f 3747 3832 3833
f 3747 3833 3746
f 3746 3833 3834
f 3746 3834 3745
f 3745 3834 3835
f 3745 3835 3744
f 3744 3835 3836
f 3744 3836 3743
f 3743 3836 3837
f 3743 3837 3742
f 3742 3837 3838
f 3742 3838 3741
f 3741 3838 3839
f 3741 3839 3740
f 3740 3839 3840
f 3740 3840 3739
f 3739 3840 3841
f 3739 3841 3738
f 3738 3841 3842
f 3738 3842 3737
f 3737 3842 3843
f 3737 3843 3736
f 3736 3843 3844
f 3846 3954 3845
f 3845 3954 3900
f 3845 3900 3899
f 3899 3900 3901
f 3899 3901 3898
f 3898 3901 3902
f 3898 3902 3897
f 3897 3902 3903
f 3897 3903 3896
f 3896 3903 3904
f 3896 3904 3895
f 3895 3904 3905
f 3895 3905 3894
f 3894 3905 3906
f 3894 3906 3893
f 3893 3906 3907
f 3893 3907 3892
f 3892 3907 3908
f 3892 3908 3891
f 3891 3908 3909
f 3891 3909 3890
f 3890 3909 3910
f 3890 3910 3889
f 3889 3910 3911
f 3889 3911 3888
f 3888 3911 3912
f 3888 3912 3887
f 3887 3912 3913
f 3887 3913 3886
f 3886 3913 3914
f 3886 3914 3885
f 3885 3914 3915
f 3885 3915 3884
f 3884 3915 3916
f 3884 3916 3883
f 3883 3916 3917
f 3883 3917 3882
f 3882 3917 3918
f 3882 3918 3881
f 3881 3918 3919
f 3881 3919 3880
f 3880 3919 3920
f 3880 3920 3879
f 3879 3920 3921
f 3879 3921 3878
f 3878 3921 3922
f 3878 3922 3877
f 3877 3922 3923
f 3877 3923 3876
f 3876 3923 3924
f 3876 3924 3875
f 3875 3924 3925
f 3875 3925 3874
f 3874 3925 3926
f 3874 3926 3873
f 3873 3926 3927
f 3873 3927 3872
f 3872 3927 3928
f 3872 3928 3871
f 3871 3928 3929
f 3871 3929 3870
f 3870 3929 3930
f 3870 3930 3869
f 3869 3930 3931
f 3869 3931 3868
f 3868 3931 3932
f 3868 3932 3867
f 3867 3932 3933
f 3867 3933 3866
f 3866 3933 3934
f 3866 3934 3865
f 3865 3934 3935
f 3865 3935 3864
f 3864 3935 3936
f 3864 3936 3863
f 3863 3936 3937
f 3863 3937 3862
f 3862 3937 3938
f 3862 3938 3861
f 3861 3938 3939
f 3861 3939 3860
f 3860 3939 3940
f 3860 3940 3859
f 3859 3940 3941
f 3859 3941 3858
f 3858 3941 3942
f 3858 3942 3857
f 3857 3942 3943
f 3857 3943 3856
f 3856 3943 3944
f 3856 3944 3855
f 3855 3944 3945
f 3855 3945 3854
f 3854 3945 3946
f 3854 3946 3853
f 3853 3946 3947
f 3853 3947 3852
f 3852 3947 3948
f 3852 3948 3851
f 3851 3948 3949
f 3851 3949 3850
f 3850 3949 3950
f 3850 3950 3849
f 3849 3950 3951
f 3849 3951 3848
f 3848 3951 3952
f 3848 3952 3847
f 3847 3952 3953
f 3847 3953 3846
f 3846 3953 3954
f 3956 4064 3955
f 3955 4064 4010
f 3955 4010 4009
f 4009 4010 4011
f 4009 4011 4008
f 4008 4011 4012
f 4008 4012 4007
f 4007 4012 4013
f 4007 4013 4006
f 4006 4013 4014
f 4006 4014 4005
f 4005 4014 4015
f 4005 4015 4004
f 4004 4015 4016
f 4004 4016 4003
f 4003 4016 4017
f 4003 4017 4002
f 4002 4017 4018
f 4002 4018 4001
f 4001 4018 4019
f 4001 4019 4000
f 4000 4019 4020
f 4000 4020 3999
f 3999 4020 4021
f 3999 4021 3998
f 3998 4021 4022
f 3998 4022 3997
f 3997 4022 4023
f 3997 4023 3996
f 3996 4023 4024
f 3996 4024 3995
f 3995 4024 4025
f 3995 4025 3994
f 3994 4025 4026
f 3994 4026 3993
f 3993 4026 4027
f 3993 4027 3992
f 3992 4027 4028
f 3992 4028 3991
f 3991 4028 4029
f 3991 4029 3990
f 3990 4029 4030
f 3990 4030 3989
f 3989 4030 4031
f 3989 4031 3988
f 3988 4031 4032
f 3988 4032 3987
f 3987 4032 4033
f 3987 4033 3986
f 3986 4033 4034
f 3986 4034 3985
f 3985 4034 4035
f 3985 4035 3984
f 3984 4035 4036
f 3984 4036 3983
f 3983 4036 4037
f 3983 4037 3982
f 3982 4037 4038
f 3982 4038 3981
f 3981 4038 4039
f 3981 4039 3980
f 3980 4039 4040
f 3980 4040 3979
f 3979 4040 4041
f 3979 4041 3978
f 3978 4041 4042
f 3978 4042 3977
f 3977 4042 4043
f 3977 4043 3976
f 3976 4043 4044
f 3976 4044 3975
f 3975 4044 4045
f 3975 4045 3974
f 3974 4045 4046
f 3974 4046 3973
f 3973 4046 4047
f 3973 4047 3972
f 3972 4047 4048
f 3972 4048 3971
f 3971 4048 4049
f 3971 4049 3970
f 3970 4049 4050
f 3970 4050 3969
f 3969 4050 4051
f 3969 4051 3968
f 3968 4051 4052
f 3968 4052 3967
f 3967 4052 4053
f 3967 4053 3966
f 3966 4053 4054
f 3966 4054 3965
f 3965 4054 4055
f 3965 4055 3964
f 3964 4055 4056
f 3964 4056 3963
f 3963 4056 4057
f 3963 4057 3962
f 3962 4057 4058
f 3962 4058 3961
f 3961 4058 4059
f 3961 4059 3960
f 3960 4059 4060
f 3960 4060 3959
f 3959 4060 4061
f 3959 4061 3958
f 3958 4061 4062
f 3958 4062 3957
f 3957 4062 4063
f 3957 4063 3956
f 3956 4063 4064
f 4066 4174 4065
f 4065 4174 4120
f 4065 4120 4119
f 4119 4120 4121
f 4119 4121 4118
f 4118 4121 4122
f 4118 4122 4117
f 4117 4122 4123
f 4117 4123 4116
f 4116 4123 4124
f 4116 4124 4115
f 4115 4124 4125
f 4115 4125 4114
f 4114 4125 4126
f 4114 4126 4113
f 4113 4126 4127
f 4113 4127 4112
f 4112 4127 4128
f 4112 4128 4111
f 4111 4128 4129
f 4111 4129 4110
f 4110 4129 4130
f 4110 4130 4109
f 4109 4130 4131
f 4109 4131 4108
f 4108 4131 4132
f 4108 4132 4107
f 4107 4132 4133
f 4107 4133 4106
f 4106 4133 4134
f 4106 4134 4105
f 4105 4134 4135
f 4105 4135 4104
f 4104 4135 4136
f 4104 4136 4103
f 4103 4136 4137
f 4103 4137 4102
f 4102 4137 4138
f 4102 4138 4101
f 4101 4138 4139
f 4101 4139 4100
f 4100 4139 4140
f 4100 4140 4099
f 4099 4140 4141
f 4099 4141 4098
f 4098 4141 4142
f 4098 4142 4097
f 4097 4142 4143
f 4097 4143 4096
f 4096 4143 4144
f 4096 4144 4095
f 4095 4144 4145
f 4095 4145 4094
f 4094 4145 4146
f 4094 4146 4093
f 4093 4146 4147
f 4093 4147 4092
f 4092 4147 4148
f 4092 4148 4091
f 4091 4148 4149
f 4091 4149 4090
f 4090 4149 4150
f 4090 4150 4089
f 4089 4150 4151
f 4089 4151 4088
f 4088 4151 4152
f 4088 4152 4087
f 4087 4152 4153
f 4087 4153 4086
f 4086 4153 4154
f 4086 4154 4085
f 4085 4154 4155
f 4085 4155 4084
f 4084 4155 4156
f 4084 4156 4083
f 4083 4156 4157
f 4083 4157 4082
f 4082 4157 4158
f 4082 4158 4081
f 4081 4158 4159
f 4081 4159 4080
f 4080 4159 4160
f 4080 4160 4079
f 4079 4160 4161
f 4079 4161 4078
f 4078 4161 4162
f 4078 4162 4077
f 4077 4162 4163
f 4077 4163 4076
f 4076 4163 4164
f 4076 4164 4075
f 4075 4164 4165
f 4075 4165 4074
f 4074 4165 4166
f 4074 4166 4073
f 4073 4166 4167
f 4073 4167 4072
f 4072 4167 4168
f 4072 4168 4071
f 4071 4168 4169
f 4071 4169 4070
f 4070 4169 4170
f 4070 4170 4069
f 4069 4170 4171
f 4069 4171 4068
f 4068 4171 4172
f 4068 4172 4067
f 4067 4172 4173
f 4067 4173 4066
f 4066 4173 4174
f 4176 4284 4175
f 4175 4284 4230
f 4175 4230 4229
f 4229 4230 4231
f 4229 4231 4228
f 4228 4231 4232
f 4228 4232 4227
f 4227 4232 4233
f 4227 4233 4226
f 4226 4233 4234
f 4226 4234 4225
f 4225 4234 4235
f 4225 4235 4224
f 4224 4235 4236
f 4224 4236 4223
f 4223 4236 4237
f 4223 4237 4222
f 4222 4237 4238
f 4222 4238 4221
f 4221 4238 4239
f 4221 4239 4220
f 4220 4239 4240
f 4220 4240 4219
f 4219 4240 4241
f 4219 4241 4218
f 4218 4241 4242
f 4218 4242 4217
f 4217 4242 4243
f 4217 4243 4216
f 4216 4243 4244
f 4216 4244 4215
f 4215 4244 4245
f 4215 4245 4214
f 4214 4245 4246
f 4214 4246 4213
f 4213 4246 4247
f 4213 4247 4212
f 4212 4247 4248
f 4212 4248 4211
f 4211 4248 4249
f 4211 4249 4210
f 4210 4249 4250
f 4210 4250 4209
f 4209 4250 4251
f 4209 4251 4208
f 4208 4251 4252
f 4208 4252 4207
f 4207 4252 4253
f 4207 4253 4206
f 4206 4253 4254
f 4206 4254 4205
f 4205 4254 4255
f 4205 4255 4204
f 4204 4255 4256
f 4204 4256 4203
f 4203 4256 4257
f 4203 4257 4202
f 4202 4257 4258
f 4202 4258 4201
f 4201 4258 4259
f 4201 4259 4200
f 4200 4259 4260
f 4200 4260 4199
f 4199 4260 4261
f 4199 4261 4198
f 4198 4261 4262
f 4198 4262 4197
f 4197 4262 4263
f 4197 4263 4196
f 4196 4263 4264
f 4196 4264 4195
f 4195 4264 4265
f 4195 4265 4194
f 4194 4265 4266
f 4194 4266 4193
f 4193 4266 4267
f 4193 4267 4192
f 4192 4267 4268
f 4192 4268 4191
f 4191 4268 4269
f 4191 4269 4190
f 4190 4269 4270
f 4190 4270 4189
f 4189 4270 4271
f 4189 4271 4188
f 4188 4271 4272
f 4188 4272 4187
f 4187 4272 4273
f 4187 4273 4186
f 4186 4273 4274
f 4186 4274 4185
f 4185 4274 4275
f 4185 4275 4184
f 4184 4275 4276
f 4184 4276 4183
f 4183 4276 4277
f 4183 4277 4182
f 4182 4277 4278
f 4182 4278 4181
f 4181 4278 4279
f 4181 4279 4180
f 4180 4279 4280
f 4180 4280 4179
f 4179 4280 4281
f 4179 4281 4178
f 4178 4281 4282
f 4178 4282 4177
f 4177 4282 4283
f 4177 4283 4176
f 4176 4283 4284
f 4286 4394 4285
f 4285 4394 4340
f 4285 4340 4339
f 4339 4340 4341
f 4339 4341 4338
f 4338 4341 4342
f 4338 4342 4337
f 4337 4342 4343
f 4337 4343 4336
f 4336 4343 4344
f 4336 4344 4335
f 4335 4344 4345
f 4335 4345 4334
f 4334 4345 4346
f 4334 4346 4333
f 4333 4346 4347
f 4333 4347 4332
f 4332 4347 4348
f 4332 4348 4331
f 4331 4348 4349
f 4331 4349 4330
f 4330 4349 4350
f 4330 4350 4329
f 4329 4350 4351
f 4329 4351 4328
f 4328 4351 4352
f 4328 4352 4327
f 4327 4352 4353
f 4327 4353 4326
f 4326 4353 4354
f 4326 4354 4325
f 4325 4354 4355
f 4325 4355 4324
f 4324 4355 4356
f 4324 4356 4323
f 4323 4356 4357
f 4323 4357 4322
f 4322 4357 4358
f 4322 4358 4321
f 4321 4358 4359
f 4321 4359 4320
f 4320 4359 4360
f 4320 4360 4319
f 4319 4360 4361
f 4319 4361 4318
f 4318 4361 4362
f 4318 4362 4317
f 4317 4362 4363
f 4317 4363 4316
f 4316 4363 4364
f 4316 4364 4315
f 4315 4364 4365
f 4315 4365 4314
f 4314 4365 4366
f 4314 4366 4313
f 4313 4366 4367
f 4313 4367 4312
f 4312 4367 4368
f 4312 4368 4311
f 4311 4368 4369
f 4311 4369 4310
f 4310 4369 4370
f 4310 4370 4309
f 4309 4370 4371
f 4309 4371 4308
f 4308 4371 4372
f 4308 4372 4307
f 4307 4372 4373
f 4307 4373 4306
f 4306 4373 4374
f 4306 4374 4305
f 4305 4374 4375
f 4305 4375 4304
f 4304 4375 4376
f 4304 4376 4303
f 4303 4376 4377
f 4303 4377 4302
f 4302 4377 4378
f 4302 4378 4301
f 4301 4378 4379
f 4301 4379 4300
f 4300 4379 4380
f 4300 4380 4299
f 4299 4380 4381
f 4299 4381 4298
f 4298 4381 4382
f 4298 4382 4297
f 4297 4382 4383
f 4297 4383 4296
f 4296 4383 4384
f 4296 4384 4295
f 4295 4384 4385
f 4295 4385 4294
f 4294 4385 4386
f 4294 4386 4293
f 4293 4386 4387
f 4293 4387 4292
f 4292 4387 4388
f 4292 4388 4291
f 4291 4388 4389
f 4291 4389 4290
f 4290 4389 4390
f 4290 4390 4289
f 4289 4390 4391
f 4289 4391 4288
f 4288 4391 4392
f 4288 4392 4287
f 4287 4392 4393
f 4287 4393 4286
f 4286 4393 4394
f 4396 4504 4395
f 4395 4504 4450
f 4395 4450 4449
f 4449 4450 4451
f 4449 4451 4448
f 4448 4451 4452
f 4448 4452 4447
f 4447 4452 4453
f 4447 4453 4446
f 4446 4453 4454
f 4446 4454 4445
f 4445 4454 4455
f 4445 4455 4444
f 4444 4455 4456
f 4444 4456 4443
f 4443 4456 4457
f 4443 4457 4442
f 4442 4457 4458
f 4442 4458 4441
f 4441 4458 4459
f 4441 4459 4440
f 4440 4459 4460
f 4440 4460 4439
f 4439 4460 4461
f 4439 4461 4438
f 4438 4461 4462
f 4438 4462 4437
f 4437 4462 4463
f 4437 4463 4436
f 4436 4463 4464
f 4436 4464 4435
f 4435 4464 4465
f 4435 4465 4434
f 4434 4465 4466
f 4434 4466 4433
f 4433 4466 4467
f 4433 4467 4432
f 4432 4467 4468
f 4432 4468 4431
f 4431 4468 4469
f 4431 4469 4430
f 4430 4469 4470
f 4430 4470 4429
f 4429 4470 4471
f 4429 4471 4428
f 4428 4471 4472
f 4428 4472 4427
f 4427 4472 4473
f 4427 4473 4426
f 4426 4473 4474
f 4426 4474 4425
f 4425 4474 4475
f 4425 4475 4424
f 4424 4475 4476
f 4424 4476 4423
f 4423 4476 4477
f 4423 4477 4422
f 4422 4477 4478
f 4422 4478 4421
f 4421 4478 4479
f 4421 4479 4420
f 4420 4479 4480
f 4420 4480 4419
f 4419 4480 4481
f 4419 4481 4418
f 4418 4481 4482
f 4418 4482 4417
f 4417 4482 4483
f 4417 4483 4416
f 4416 4483 4484
f 4416 4484 4415
f 4415 4484 4485
f 4415 4485 4414
f 4414 4485 4486
f 4414 4486 4413
f 4413 4486 4487
f 4413 4487 4412
f 4412 4487 4488
f 4412 4488 4411
f 4411 4488 4489
f 4411 4489 4410
f 4410 4489 4490
f 4410 4490 4409
f 4409 4490 4491
f 4409 4491 4408
f 4408 4491 4492
f 4408 4492 4407
f 4407 4492 4493
f 4407 4493 4406
f 4406 4493 4494
f 4406 4494 4405
f 4405 4494 4495
f 4405 4495 4404
f 4404 4495 4496
f 4404 4496 4403
f 4403 4496 4497
f 4403 4497 4402
f 4402 4497 4498
f 4402 4498 4401
f 4401 4498 4499
f 4401 4499 4400
f 4400 4499 4500
f 4400 4500 4399
f 4399 4500 4501
f 4399 4501 4398
f 4398 4501 4502
f 4398 4502 4397
f 4397 4502 4503
f 4397 4503 4396
f 4396 4503 4504
f 4506 4614 4505
f 4505 4614 4560
f 4505 4560 4559
f 4559 4560 4561
f 4559 4561 4558
f 4558 4561 4562
f 4558 4562 4557
f 4557 4562 4563
f 4557 4563 4556
f 4556 4563 4564
f 4556 4564 4555
f 4555 4564 4565
f 4555 4565 4554
f 4554 4565 4566
f 4554 4566 4553
f 4553 4566 4567
f 4553 4567 4552
f 4552 4567 4568
f 4552 4568 4551
f 4551 4568 4569
f 4551 4569 4550
f 4550 4569 4570
f 4550 4570 4549
f 4549 4570 4571
f 4549 4571 4548
f 4548 4571 4572
f 4548 4572 4547
f 4547 4572 4573
f 4547 4573 4546
f 4546 4573 4574
f 4546 4574 4545
f 4545 4574 4575
f 4545 4575 4544
f 4544 4575 4576
f 4544 4576 4543
f 4543 4576 4577
f 4543 4577 4542
f 4542 4577 4578
f 4542 4578 4541
f 4541 4578 4579
f 4541 4579 4540
f 4540 4579 4580
f 4540 4580 4539
f 4539 4580 4581
f 4539 4581 4538
f 4538 4581 4582
f 4538 4582 4537
f 4537 4582 4583
f 4537 4583 4536
f 4536 4583 4584
f 4536 4584 4535
f 4535 4584 4585
f 4535 4585 4534
f 4534 4585 4586
f 4534 4586 4533
f 4533 4586 4587
f 4533 4587 4532
f 4532 4587 4588
f 4532 4588 4531
f 4531 4588 4589
f 4531 4589 4530
f 4530 4589 4590
f 4530 4590 4529
f 4529 4590 4591
f 4529 4591 4528
f 4528 4591 4592
f 4528 4592 4527
f 4527 4592 4593
f 4527 4593 4526
f 4526 4593 4594
f 4526 4594 4525
f 4525 4594 4595
f 4525 4595 4524
f 4524 4595 4596
f 4524 4596 4523
f 4523 4596 4597
f 4523 4597 4522
f 4522 4597 4598
f 4522 4598 4521
f 4521 4598 4599
f 4521 4599 4520
f 4520 4599 4600
f 4520 4600 4519
f 4519 4600 4601
f 4519 4601 4518
f 4518 4601 4602
f 4518 4602 4517
f 4517 4602 4603
f 4517 4603 4516
f 4516 4603 4604
f 4516 4604 4515
f 4515 4604 4605
f 4515 4605 4514
f 4514 4605 4606
f 4514 4606 4513
f 4513 4606 4607
f 4513 4607 4512
f 4512 4607 4608
f 4512 4608 4511
f 4511 4608 4609
f 4511 4609 4510
f 4510 4609 4610
f 4510 4610 4509
f 4509 4610 4611
f 4509 4611 4508
f 4508 4611 4612
f 4508 4612 4507
f 4507 4612 4613
f 4507 4613 4506
f 4506 4613 4614
f 4654 4615 4653
f 4653 4615 4616
f 4653 4616 4652
f 4652 4616 4617
f 4652 4617 4651
f 4651 4617 4618
f 4651 4618 4650
f 4650 4618 4619
f 4650 4619 4649
f 4649 4619 4620
f 4649 4620 4648
f 4648 4620 4621
f 4648 4621 4647
f 4647 4621 4622
f 4647 4622 4646
f 4646 4622 4623
f 4646 4623 4645
f 4645 4623 4624
f 4645 4624 4644
f 4644 4624 4625
f 4644 4625 4643
f 4643 4625 4626
f 4643 4626 4642
f 4642 4626 4627
f 4642 4627 4641
f 4641 4627 4628
f 4641 4628 4640
f 4640 4628 4629
f 4640 4629 4639
f 4639 4629 4630
f 4639 4630 4638
f 4638 4630 4631
f 4638 4631 4637
f 4637 4631 4632
f 4637 4632 4636
f 4636 4632 4633
f 4636 4633 4635
f 4635 4633 4634
f 4655 4615 4656
f 4656 4615 4654
f 4678 4657 4677
f 4677 4657 4658
f 4677 4658 4676
f 4676 4658 4659
f 4676 4659 4675
f 4675 4659 4660
f 4675 4660 4674
f 4674 4660 4661
f 4674 4661 4673
f 4673 4661 4662
f 4673 4662 4672
f 4672 4662 4663
f 4672 4663 4671
f 4671 4663 4664
f 4671 4664 4670
f 4670 4664 4665
f 4670 4665 4669
f 4669 4665 4666
f 4669 4666 4668
f 4668 4666 4667
f 4668 4667 4656
f 4656 4667 4655
f 4679 4657 4680
f 4680 4657 4678
f 4718 4681 4717
f 4717 4681 4682
f 4717 4682 4716
f 4716 4682 4683
f 4716 4683 4715
f 4715 4683 4684
f 4715 4684 4714
f 4714 4684 4685
f 4714 4685 4713
f 4713 4685 4686
f 4713 4686 4712
f 4712 4686 4687
f 4712 4687 4711
f 4711 4687 4688
f 4711 4688 4710
f 4710 4688 4689
f 4710 4689 4709
f 4709 4689 4690
f 4709 4690 4708
f 4708 4690 4691
f 4708 4691 4707
f 4707 4691 4692
f 4707 4692 4706
f 4706 4692 4693
f 4706 4693 4705
f 4705 4693 4694
f 4705 4694 4704
f 4704 4694 4695
f 4704 4695 4703
f 4703 4695 4696
f 4703 4696 4702
f 4702 4696 4697
f 4702 4697 4701
f 4701 4697 4698
f 4701 4698 4700
f 4700 4698 4699
f 4700 4699 4680
f 4680 4699 4679
f 4719 4681 4720
f 4720 4681 4718
f 4758 4721 4757
f 4757 4721 4722
f 4757 4722 4756
f 4756 4722 4723
f 4756 4723 4755
f 4755 4723 4724
f 4755 4724 4754
f 4754 4724 4725
f 4754 4725 4753
f 4753 4725 4726
f 4753 4726 4752
f 4752 4726 4727
f 4752 4727 4751
f 4751 4727 4728
f 4751 4728 4750
f 4750 4728 4729
f 4750 4729 4749
f 4749 4729 4730
f 4749 4730 4748
f 4748 4730 4731
f 4748 4731 4747
f 4747 4731 4732
f 4747 4732 4746
f 4746 4732 4733
f 4746 4733 4745
f 4745 4733 4734
f 4745 4734 4744
f 4744 4734 4735
f 4744 4735 4743
f 4743 4735 4736
f 4743 4736 4742
f 4742 4736 4737
f 4742 4737 4741
f 4741 4737 4738
f 4741 4738 4740
f 4740 4738 4739
f 4740 4739 4720
f 4720 4739 4719
f 4759 4721 4760
f 4760 4721 4758
f 4798 4761 4797
f 4797 4761 4762
f 4797 4762 4796
f 4796 4762 4763
f 4796 4763 4795
f 4795 4763 4764
f 4795 4764 4794
f 4794 4764 4765
f 4794 4765 4793
f 4793 4765 4766
f 4793 4766 4792
f 4792 4766 4767
f 4792 4767 4791
f 4791 4767 4768
f 4791 4768 4790
f 4790 4768 4769
f 4790 4769 4789
f 4789 4769 4770
f 4789 4770 4788
f 4788 4770 4771
f 4788 4771 4787
f 4787 4771 4772
f 4787 4772 4786
f 4786 4772 4773
f 4786 4773 4785
f 4785 4773 4774
f 4785 4774 4784
f 4784 4774 4775
f 4784 4775 4783
f 4783 4775 4776
f 4783 4776 4782
f 4782 4776 4777
f 4782 4777 4781
f 4781 4777 4778
f 4781 4778 4780
f 4780 4778 4779
f 4780 4779 4760
f 4760 4779 4759
f 4799 4761 4800
f 4800 4761 4798
f 4838 4801 4837
f 4837 4801 4802
f 4837 4802 4836
f 4836 4802 4803
f 4836 4803 4835
f 4835 4803 4804
f 4835 4804 4834
f 4834 4804 4805
f 4834 4805 4833
f 4833 4805 4806
f 4833 4806 4832
f 4832 4806 4807
f 4832 4807 4831
f 4831 4807 4808
f 4831 4808 4830
f 4830 4808 4809
f 4830 4809 4829
f 4829 4809 4810
f 4829 4810 4828
f 4828 4810 4811
f 4828 4811 4827
f 4827 4811 4812
f 4827 4812 4826
f 4826 4812 4813
f 4826 4813 4825
f 4825 4813 4814
f 4825 4814 4824
f 4824 4814 4815
f 4824 4815 4823
f 4823 4815 4816
f 4823 4816 4822
f 4822 4816 4817
f 4822 4817 4821
f 4821 4817 4818
f 4821 4818 4820
f 4820 4818 4819
f 4820 4819 4800
f 4800 4819 4799
f 4839 4801 4840
f 4840 4801 4838
f 4862 4841 4861
f 4861 4841 4842
f 4861 4842 4860
f 4860 4842 4843
f 4860 4843 4859
f 4859 4843 4844
f 4859 4844 4858
f 4858 4844 4845
f 4858 4845 4857
f 4857 4845 4846
f 4857 4846 4856
f 4856 4846 4847
f 4856 4847 4855
f 4855 4847 4848
f 4855 4848 4854
f 4854 4848 4849
f 4854 4849 4853
f 4853 4849 4850
f 4853 4850 4852
f 4852 4850 4851
f 4852 4851 4840
f 4840 4851 4839
f 4863 4841 4864
f 4864 4841 4862
f 4902 4865 4901
f 4901 4865 4866
f 4901 4866 4900
f 4900 4866 4867
f 4900 4867 4899
f 4899 4867 4868
f 4899 4868 4898
f 4898 4868 4869
f 4898 4869 4897
f 4897 4869 4870
f 4897 4870 4896
f 4896 4870 4871
f 4896 4871 4895
f 4895 4871 4872
f 4895 4872 4894
f 4894 4872 4873
f 4894 4873 4893
f 4893 4873 4874
f 4893 4874 4892
f 4892 4874 4875
f 4892 4875 4891
f 4891 4875 4876
f 4891 4876 4890
f 4890 4876 4877
f 4890 4877 4889
f 4889 4877 4878
f 4889 4878 4888
f 4888 4878 4879
f 4888 4879 4887
f 4887 4879 4880
f 4887 4880 4886
f 4886 4880 4881
f 4886 4881 4885
f 4885 4881 4882
f 4885 4882 4884
f 4884 4882 4883
f 4884 4883 4864
f 4864 4883 4863
f 4903 4865 4904
f 4904 4865 4902
f 4942 4905 4941
f 4941 4905 4906
f 4941 4906 4940
f 4940 4906 4907
f 4940 4907 4939
f 4939 4907 4908
f 4939 4908 4938
f 4938 4908 4909
f 4938 4909 4937
f 4937 4909 4910
f 4937 4910 4936
f 4936 4910 4911
f 4936 4911 4935
f 4935 4911 4912
f 4935 4912 4934
f 4934 4912 4913
f 4934 4913 4933
f 4933 4913 4914
f 4933 4914 4932
f 4932 4914 4915
f 4932 4915 4931
f 4931 4915 4916
f 4931 4916 4930
f 4930 4916 4917
f 4930 4917 4929
f 4929 4917 4918
f 4929 4918 4928
f 4928 4918 4919
f 4928 4919 4927
f 4927 4919 4920
f 4927 4920 4926
f 4926 4920 4921
f 4926 4921 4925
f 4925 4921 4922
f 4925 4922 4924
f 4924 4922 4923
f 4924 4923 4904
f 4904 4923 4903
f 4943 4905 4944
f 4944 4905 4942
f 4982 4945 4981
f 4981 4945 4946
f 4981 4946 4980
f 4980 4946 4947
f 4980 4947 4979
f 4979 4947 4948
f 4979 4948 4978
f 4978 4948 4949
f 4978 4949 4977
f 4977 4949 4950
f 4977 4950 4976
f 4976 4950 4951
f 4976 4951 4975
f 4975 4951 4952
f 4975 4952 4974
f 4974 4952 4953
f 4974 4953 4973
f 4973 4953 4954
f 4973 4954 4972
f 4972 4954 4955
f 4972 4955 4971
f 4971 4955 4956
f 4971 4956 4970
f 4970 4956 4957
f 4970 4957 4969
f 4969 4957 4958
f 4969 4958 4968
f 4968 4958 4959
f 4968 4959 4967
f 4967 4959 4960
f 4967 4960 4966
f 4966 4960 4961
f 4966 4961 4965
f 4965 4961 4962
f 4965 4962 4964
f 4964 4962 4963
f 4964 4963 4944
f 4944 4963 4943
f 4634 4945 4635
f 4635 4945 4982
f 4559 3873 4505
f 4505 3873 3872
f 4505 3872 4506
f 4506 3872 3871
f 4506 3871 4507
f 4507 3871 3870
f 4507 3870 4508
f 4508 3870 3869
f 4508 3869 4509
f 4509 3869 3868
f 4509 3868 4510
f 4510 3868 3867
f 4510 3867 4511
f 4511 3867 3866
f 4511 3866 4512
f 4512 3866 3865
f 4512 3865 4513
f 4513 3865 3864
f 4513 3864 4514
f 4514 3864 3863
f 4514 3863 4515
f 4515 3863 3862
f 4515 3862 4516
f 4516 3862 3861
f 4516 3861 4517
f 4517 3861 3860
f 4517 3860 4518
f 4518 3860 3859
f 4518 3859 4519
f 4519 3859 4904
f 4519 4904 4902
f 3873 4559 3874
f 3874 4559 4558
f 3874 4558 3875
f 3875 4558 4557
f 3875 4557 3876
f 3876 4557 4556
f 3876 4556 3877
f 3877 4556 4079
f 3877 4079 3878
f 3878 4079 3879
f 3879 4079 3880
f 3880 4079 3881
f 3881 4079 3882
f 3882 4079 3883
f 3883 4079 3884
f 3884 4079 3885
f 3885 4079 3886
f 3886 4079 3887
f 3887 4079 4078
f 3887 4078 3888
f 3888 4078 4077
f 3888 4077 3889
f 3889 4077 4076
f 3889 4076 3890
f 3890 4076 4075
f 3890 4075 3891
f 3891 4075 4074
f 3891 4074 4073
f 4079 4556 3969
f 3969 4556 4555
f 3969 4555 4554
f 4554 4553 3969
f 3969 4553 4552
f 3969 4552 4551
f 4551 4550 3969
f 3969 4550 4549
f 3969 4549 4548
f 4548 4547 3969
f 3969 4547 4546
f 3969 4546 3970
f 3970 4546 4545
f 3970 4545 3971
f 3971 4545 4544
f 3971 4544 3972
f 3972 4544 4543
f 3972 4543 3973
f 3973 4543 4542
f 3973 4542 3974
f 3974 4542 4541
f 3974 4541 3975
f 3975 4541 4540
f 3975 4540 3976
f 3976 4540 4539
f 3976 4539 3977
f 3977 4539 4538
f 3977 4538 3978
f 3978 4538 4537
f 3978 4537 4635
f 4635 4537 4536
f 4635 4536 4535
f 4534 4637 4535
f 4535 4637 4636
f 4535 4636 4635
f 4533 4639 4534
f 4534 4639 4638
f 4534 4638 4637
f 4532 4902 4533
f 4533 4902 4641
f 4533 4641 4640
f 4532 4531 4902
f 4902 4531 4530
f 4902 4530 4529
f 4529 4528 4902
f 4902 4528 4527
f 4902 4527 4526
f 4526 4525 4902
f 4902 4525 4524
f 4902 4524 4523
f 4523 4522 4902
f 4902 4522 4521
f 4902 4521 4520
f 4520 4519 4902
f 4396 4395 4208
f 4208 4395 4449
f 4208 4449 4448
f 4208 4448 4301
f 4301 4448 4447
f 4301 4447 4446
f 4445 4314 4446
f 4446 4314 4313
f 4446 4313 4312
f 4314 4445 4315
f 4315 4445 4444
f 4315 4444 4316
f 4316 4444 4443
f 4316 4443 4317
f 4317 4443 4442
f 4317 4442 4441
f 4317 4441 4318
f 4318 4441 4440
f 4318 4440 4758
f 4758 4440 4439
f 4758 4439 4438
f 4438 4437 4758
f 4758 4437 4436
f 4758 4436 4760
f 4760 4436 4435
f 4760 4435 4434
f 4434 4433 4760
f 4760 4433 4432
f 4760 4432 3674
f 3674 4432 3675
f 3675 4432 4431
f 3675 4431 4430
f 3675 4430 3676
f 3676 4430 4429
f 3676 4429 3677
f 3677 4429 4428
f 3677 4428 3678
f 3678 4428 4427
f 3678 4427 3679
f 3679 4427 4426
f 3679 4426 3625
f 3625 4426 4425
f 3625 4425 4424
f 3625 4424 3626
f 3626 4424 4423
f 3626 4423 3627
f 3627 4423 3628
f 3628 4423 3787
f 3628 3787 3786
f 4423 4422 3787
f 3787 4422 3788
f 3788 4422 3789
f 3789 4422 4421
f 3789 4421 3735
f 3735 4421 4420
f 3735 4420 4419
f 3735 4419 3736
f 3736 4419 4418
f 3736 4418 3737
f 3737 4418 4417
f 3737 4417 3738
f 3738 4417 4416
f 3738 4416 3739
f 3739 4416 4415
f 3739 4415 3740
f 3740 4415 4414
f 3740 4414 4413
f 3740 4413 3741
f 3741 4413 4412
f 3741 4412 3742
f 3742 4412 4411
f 3742 4411 3743
f 3743 4411 4410
f 3743 4410 3744
f 3744 4410 4409
f 3744 4409 4193
f 4193 4409 4194
f 4194 4409 4195
f 4195 4409 4196
f 4196 4409 4197
f 4197 4409 4198
f 4198 4409 4199
f 4199 4409 4200
f 4200 4409 4201
f 4201 4409 4202
f 4202 4409 4203
f 4203 4409 4204
f 4204 4409 4205
f 4205 4409 4206
f 4206 4409 4207
f 4207 4409 4208
f 4208 4409 4408
f 4208 4408 4407
f 4407 4406 4208
f 4208 4406 4405
f 4208 4405 4404
f 4404 4403 4208
f 4208 4403 4402
f 4208 4402 4401
f 4401 4400 4208
f 4208 4400 4399
f 4208 4399 4398
f 4398 4397 4208
f 4208 4397 4396
f 4339 4741 4285
f 4285 4741 4740
f 4285 4740 4720
f 4338 4743 4339
f 4339 4743 4742
f 4339 4742 4741
f 4337 4745 4338
f 4338 4745 4744
f 4338 4744 4743
f 4336 4747 4337
f 4337 4747 4746
f 4337 4746 4745
f 4747 4336 4748
f 4748 4336 4335
f 4748 4335 4749
f 4749 4335 4750
f 4750 4335 4334
f 4750 4334 4751
f 4751 4334 4333
f 4751 4333 4752
f 4752 4333 4332
f 4752 4332 4753
f 4753 4332 4331
f 4753 4331 4754
f 4754 4331 4330
f 4754 4330 4755
f 4755 4330 4329
f 4755 4329 4756
f 4756 4329 4328
f 4756 4328 4757
f 4757 4328 4327
f 4757 4327 4758
f 4758 4327 4326
f 4758 4326 4325
f 4325 4324 4758
f 4758 4324 4323
f 4758 4323 4322
f 4322 4321 4758
f 4758 4321 4320
f 4758 4320 4319
f 4319 4318 4758
f 4312 4311 4446
f 4446 4311 4310
f 4446 4310 4309
f 4309 4308 4446
f 4446 4308 4307
f 4446 4307 4306
f 4306 4305 4446
f 4446 4305 4304
f 4446 4304 4303
f 4303 4302 4446
f 4446 4302 4301
f 4300 4214 4301
f 4301 4214 4213
f 4301 4213 4212
f 4214 4300 4215
f 4215 4300 4299
f 4215 4299 4216
f 4216 4299 4217
f 4217 4299 4298
f 4217 4298 4218
f 4218 4298 4297
f 4218 4297 4219
f 4219 4297 4296
f 4219 4296 4220
f 4220 4296 4295
f 4220 4295 4221
f 4221 4295 4294
f 4221 4294 4293
f 4221 4293 4222
f 4222 4293 4292
f 4222 4292 4223
f 4223 4292 4291
f 4223 4291 4224
f 4224 4291 4290
f 4224 4290 4225
f 4225 4290 4718
f 4225 4718 4226
f 4226 4718 4227
f 4227 4718 4228
f 4228 4718 4229
f 4229 4718 4175
f 4175 4718 4717
f 4175 4717 4716
f 4718 4290 4720
f 4720 4290 4289
f 4720 4289 4288
f 4288 4287 4720
f 4720 4287 4286
f 4720 4286 4285
f 4212 4211 4301
f 4301 4211 4210
f 4301 4210 4209
f 4209 4208 4301
f 3744 4193 3745
f 3745 4193 4192
f 3745 4192 3746
f 3746 4192 4191
f 3746 4191 3747
f 3747 4191 4190
f 3747 4190 3748
f 3748 4190 4189
f 3748 4189 3749
f 3749 4189 4857
f 3749 4857 4856
f 4188 4711 4189
f 4189 4711 4710
f 4189 4710 4709
f 4188 4187 4711
f 4711 4187 4186
f 4711 4186 4185
f 4185 4184 4711
f 4711 4184 4183
f 4711 4183 4182
f 4182 4181 4711
f 4711 4181 4180
f 4711 4180 4179
f 4179 4178 4711
f 4711 4178 4712
f 4712 4178 4177
f 4712 4177 4713
f 4713 4177 4714
f 4714 4177 4176
f 4714 4176 4715
f 4715 4176 4716
f 4716 4176 4175
f 4119 4968 4065
f 4065 4968 4967
f 4065 4967 4966
f 4968 4119 4969
f 4969 4119 4118
f 4969 4118 4970
f 4970 4118 4971
f 4971 4118 4117
f 4971 4117 4972
f 4972 4117 4116
f 4972 4116 4973
f 4973 4116 4115
f 4973 4115 4974
f 4974 4115 4114
f 4974 4114 4975
f 4975 4114 4113
f 4975 4113 4976
f 4976 4113 4112
f 4976 4112 4977
f 4977 4112 4111
f 4977 4111 4978
f 4978 4111 4110
f 4978 4110 4979
f 4979 4110 4109
f 4979 4109 4980
f 4980 4109 4108
f 4980 4108 4981
f 4981 4108 4107
f 4981 4107 4982
f 4982 4107 4106
f 4982 4106 4105
f 4105 4104 4982
f 4982 4104 4103
f 4982 4103 4102
f 4102 4101 4982
f 4982 4101 4100
f 4982 4100 4099
f 4982 4099 4004
f 4004 4099 4098
f 4004 4098 4005
f 4005 4098 4097
f 4005 4097 4006
f 4006 4097 4096
f 4006 4096 4007
f 4007 4096 4095
f 4007 4095 4008
f 4008 4095 4094
f 4008 4094 4009
f 4009 4094 4093
f 4009 4093 3955
f 3955 4093 4092
f 3955 4092 3956
f 3956 4092 4091
f 3956 4091 3957
f 3957 4091 4090
f 3957 4090 3958
f 3958 4090 4089
f 3958 4089 3959
f 3959 4089 4088
f 3959 4088 3960
f 3960 4088 4087
f 3960 4087 3961
f 3961 4087 4086
f 3961 4086 3962
f 3962 4086 4085
f 3962 4085 3963
f 3963 4085 4084
f 3963 4084 3964
f 3964 4084 4083
f 3964 4083 3965
f 3965 4083 4082
f 3965 4082 3966
f 3966 4082 4081
f 3966 4081 3967
f 3967 4081 4080
f 3967 4080 3968
f 3968 4080 4079
f 3968 4079 3969
f 3891 4073 3892
f 3892 4073 4072
f 3892 4072 4944
f 4944 4072 4071
f 4944 4071 4070
f 4070 4069 4944
f 4944 4069 4068
f 4944 4068 4067
f 4067 4066 4944
f 4944 4066 4964
f 4964 4066 4965
f 4965 4066 4065
f 4965 4065 4966
f 4004 4003 4982
f 4982 4003 4002
f 4982 4002 4001
f 4001 4000 4982
f 4982 4000 3999
f 4982 3999 3998
f 3998 3997 4982
f 4982 3997 4635
f 4635 3997 3996
f 4635 3996 3995
f 3995 3994 4635
f 4635 3994 3993
f 4635 3993 3992
f 3992 3991 4635
f 4635 3991 3990
f 4635 3990 3989
f 3989 3988 4635
f 4635 3988 3987
f 4635 3987 3986
f 3986 3985 4635
f 4635 3985 3984
f 4635 3984 3983
f 3983 3982 4635
f 4635 3982 3981
f 4635 3981 3980
f 3980 3979 4635
f 4635 3979 3978
f 3899 4942 3845
f 3845 4942 4941
f 3845 4941 4940
f 3899 3898 4942
f 4942 3898 3897
f 4942 3897 3896
f 3896 3895 4942
f 4942 3895 3894
f 4942 3894 3893
f 4942 3893 4944
f 4944 3893 3892
f 3858 4935 3859
f 3859 4935 4934
f 3859 4934 4933
f 3858 3857 4935
f 4935 3857 3856
f 4935 3856 3855
f 3855 3854 4935
f 4935 3854 3853
f 4935 3853 3852
f 3852 3851 4935
f 4935 3851 3850
f 4935 3850 3849
f 3849 3848 4935
f 4935 3848 4936
f 4936 3848 3847
f 4936 3847 4937
f 4937 3847 4938
f 4938 3847 3846
f 4938 3846 4939
f 4939 3846 4940
f 4940 3846 3845
f 3628 3786 3629
f 3629 3786 3785
f 3629 3785 3630
f 3630 3785 3631
f 3631 3785 3784
f 3631 3784 3632
f 3632 3784 3783
f 3632 3783 3633
f 3633 3783 3782
f 3633 3782 3634
f 3634 3782 3781
f 3634 3781 3635
f 3635 3781 3780
f 3635 3780 3636
f 3636 3780 3779
f 3636 3779 3637
f 3637 3779 3778
f 3637 3778 3638
f 3638 3778 3777
f 3638 3777 3639
f 3639 3777 3776
f 3639 3776 3775
f 3639 3775 3640
f 3640 3775 3774
f 3640 3774 3641
f 3641 3774 3773
f 3641 3773 3642
f 3642 3773 3772
f 3642 3772 3643
f 3643 3772 3771
f 3643 3771 3644
f 3644 3771 3645
f 3645 3771 3770
f 3645 3770 3646
f 3646 3770 3769
f 3646 3769 3647
f 3647 3769 3768
f 3647 3768 3648
f 3648 3768 3767
f 3648 3767 4800
f 4800 3767 3766
f 4800 3766 3765
f 3765 3764 4800
f 4800 3764 3763
f 4800 3763 3762
f 3761 4822 3762
f 3762 4822 4821
f 3762 4821 4820
f 3760 4824 3761
f 3761 4824 4823
f 3761 4823 4822
f 3759 4826 3760
f 3760 4826 4825
f 3760 4825 4824
f 3758 4828 3759
f 3759 4828 4827
f 3759 4827 4826
f 4828 3758 4829
f 4829 3758 3757
f 4829 3757 4830
f 4830 3757 3756
f 4830 3756 4831
f 4831 3756 3755
f 4831 3755 4832
f 4832 3755 3754
f 4832 3754 4833
f 4833 3754 3753
f 4833 3753 4834
f 4834 3753 3752
f 4834 3752 4835
f 4835 3752 3751
f 4835 3751 4836
f 4836 3751 3750
f 4836 3750 4837
f 4837 3750 3749
f 4837 3749 4838
f 4838 3749 4840
f 4840 3749 4852
f 4852 3749 4853
f 4853 3749 4854
f 4854 3749 4855
f 4855 3749 4856
f 3674 3673 4760
f 4760 3673 3672
f 4760 3672 3671
f 3671 3670 4760
f 4760 3670 3669
f 4760 3669 3668
f 3668 3667 4760
f 4760 3667 3666
f 4760 3666 4780
f 4780 3666 3665
f 4780 3665 4781
f 4781 3665 3664
f 4781 3664 4782
f 4782 3664 3663
f 4782 3663 4783
f 4783 3663 3662
f 4783 3662 4784
f 4784 3662 3661
f 4784 3661 4785
f 4785 3661 3660
f 4785 3660 4786
f 4786 3660 3659
f 4786 3659 4787
f 4787 3659 3658
f 4787 3658 4788
f 4788 3658 3657
f 4788 3657 4789
f 4789 3657 3656
f 4789 3656 4790
f 4790 3656 4791
f 4791 3656 3655
f 4791 3655 4792
f 4792 3655 4793
f 4793 3655 3654
f 4793 3654 4794
f 4794 3654 4795
f 4795 3654 3653
f 4795 3653 4796
f 4796 3653 4797
f 4797 3653 4798
f 4798 3653 3652
f 4798 3652 3651
f 3651 3650 4798
f 4798 3650 3649
f 4798 3649 3648
f 4933 4932 3859
f 3859 4932 4931
f 3859 4931 4930
f 4930 4929 3859
f 3859 4929 4928
f 3859 4928 4927
f 4927 4926 3859
f 3859 4926 4925
f 3859 4925 4924
f 4924 4904 3859
f 4901 4864 4902
f 4902 4864 4650
f 4902 4650 4649
f 4901 4900 4864
f 4864 4900 4899
f 4864 4899 4898
f 4898 4897 4864
f 4864 4897 4896
f 4864 4896 4895
f 4895 4894 4864
f 4864 4894 4893
f 4864 4893 4892
f 4892 4891 4864
f 4864 4891 4890
f 4864 4890 4889
f 4889 4888 4864
f 4864 4888 4887
f 4864 4887 4886
f 4886 4885 4864
f 4864 4885 4884
f 4862 4654 4864
f 4864 4654 4653
f 4864 4653 4652
f 4861 4668 4862
f 4862 4668 4656
f 4862 4656 4654
f 4668 4861 4669
f 4669 4861 4860
f 4669 4860 4670
f 4670 4860 4859
f 4670 4859 4671
f 4671 4859 4858
f 4671 4858 4672
f 4672 4858 4857
f 4672 4857 4189
f 4820 4800 3762
f 4800 4798 3648
f 4709 4708 4189
f 4189 4708 4707
f 4189 4707 4706
f 4706 4705 4189
f 4189 4705 4704
f 4189 4704 4703
f 4703 4702 4189
f 4189 4702 4701
f 4189 4701 4700
f 4700 4680 4189
f 4189 4680 4678
f 4189 4678 4677
f 4677 4676 4189
f 4189 4676 4675
f 4189 4675 4674
f 4674 4673 4189
f 4189 4673 4672
f 4652 4651 4864
f 4864 4651 4650
f 4649 4648 4902
f 4902 4648 4647
f 4902 4647 4646
f 4646 4645 4902
f 4902 4645 4644
f 4902 4644 4643
f 4643 4642 4902
f 4902 4642 4641
f 4640 4639 4533
f 4614 3928 4560
f 4560 3928 3927
f 4560 3927 4561
f 4561 3927 3926
f 4561 3926 4562
f 4562 3926 3925
f 4562 3925 4563
f 4563 3925 3924
f 4563 3924 4564
f 4564 3924 3923
f 4564 3923 4161
f 4161 3923 3922
f 4161 3922 3921
f 3928 4614 3929
f 3929 4614 4613
f 3929 4613 3930
f 3930 4613 4612
f 3930 4612 3931
f 3931 4612 4611
f 3931 4611 3932
f 3932 4611 4610
f 3932 4610 3933
f 3933 4610 4609
f 3933 4609 3934
f 3934 4609 4608
f 3934 4608 3935
f 3935 4608 4607
f 3935 4607 3936
f 3936 4607 4606
f 3936 4606 3937
f 3937 4606 4605
f 3937 4605 3938
f 3938 4605 4604
f 3938 4604 3939
f 3939 4604 4603
f 3939 4603 3940
f 3940 4603 4602
f 3940 4602 3941
f 3941 4602 4601
f 3941 4601 4912
f 4912 4601 4903
f 4912 4903 4923
f 4903 4601 4865
f 4865 4601 4600
f 4865 4600 4599
f 4599 4598 4865
f 4865 4598 4597
f 4865 4597 4596
f 4596 4595 4865
f 4865 4595 4594
f 4865 4594 4593
f 4593 4592 4865
f 4865 4592 4591
f 4865 4591 4590
f 4590 4589 4865
f 4865 4589 4588
f 4865 4588 4587
f 4586 4630 4587
f 4587 4630 4629
f 4587 4629 4628
f 4585 4632 4586
f 4586 4632 4631
f 4586 4631 4630
f 4584 4634 4585
f 4585 4634 4633
f 4585 4633 4632
f 4584 4583 4634
f 4634 4583 4042
f 4634 4042 4041
f 4583 4582 4042
f 4042 4582 4043
f 4043 4582 4581
f 4043 4581 4044
f 4044 4581 4580
f 4044 4580 4045
f 4045 4580 4579
f 4045 4579 4046
f 4046 4579 4578
f 4046 4578 4047
f 4047 4578 4577
f 4047 4577 4048
f 4048 4577 4576
f 4048 4576 4049
f 4049 4576 4575
f 4049 4575 4050
f 4050 4575 4574
f 4050 4574 4051
f 4051 4574 4573
f 4051 4573 4572
f 4572 4571 4051
f 4051 4571 4570
f 4051 4570 4569
f 4569 4568 4051
f 4051 4568 4567
f 4051 4567 4566
f 4566 4565 4051
f 4051 4565 4564
f 4051 4564 4161
f 4504 4252 4450
f 4450 4252 4370
f 4450 4370 4369
f 4504 4503 4252
f 4252 4503 4502
f 4252 4502 4501
f 4501 4500 4252
f 4252 4500 4499
f 4252 4499 4498
f 4498 4497 4252
f 4252 4497 4496
f 4252 4496 4495
f 4495 4494 4252
f 4252 4494 4493
f 4252 4493 4492
f 4492 4491 4252
f 4252 4491 4253
f 4253 4491 4254
f 4254 4491 4255
f 4255 4491 4256
f 4256 4491 4257
f 4257 4491 4258
f 4258 4491 4259
f 4259 4491 4260
f 4260 4491 4261
f 4261 4491 4262
f 4262 4491 4263
f 4263 4491 4264
f 4264 4491 4265
f 4265 4491 4266
f 4266 4491 4267
f 4267 4491 3836
f 4267 3836 3835
f 4491 4490 3836
f 3836 4490 3837
f 3837 4490 4489
f 3837 4489 3838
f 3838 4489 4488
f 3838 4488 3839
f 3839 4488 4487
f 3839 4487 3840
f 3840 4487 4486
f 3840 4486 4485
f 3840 4485 3841
f 3841 4485 4484
f 3841 4484 3842
f 3842 4484 4483
f 3842 4483 3843
f 3843 4483 4482
f 3843 4482 3844
f 3844 4482 4481
f 3844 4481 3790
f 3790 4481 4480
f 3790 4480 4479
f 3790 4479 3791
f 3791 4479 4478
f 3791 4478 3792
f 3792 4478 3793
f 3793 4478 4477
f 3793 4477 3794
f 3794 4477 4476
f 3794 4476 3795
f 3795 4476 4475
f 3795 4475 3723
f 3723 4475 4474
f 3723 4474 4473
f 4472 3682 4473
f 4473 3682 3681
f 4473 3681 3680
f 3682 4472 3683
f 3683 4472 4471
f 3683 4471 3684
f 3684 4471 4470
f 3684 4470 3685
f 3685 4470 4469
f 3685 4469 4468
f 4467 4759 4468
f 4468 4759 3686
f 4468 3686 3685
f 4467 4466 4759
f 4759 4466 4465
f 4759 4465 4464
f 4759 4464 4721
f 4721 4464 4463
f 4721 4463 4462
f 4462 4461 4721
f 4721 4461 4460
f 4721 4460 4362
f 4362 4460 4459
f 4362 4459 4363
f 4363 4459 4458
f 4363 4458 4457
f 4363 4457 4364
f 4364 4457 4456
f 4364 4456 4365
f 4365 4456 4455
f 4365 4455 4366
f 4366 4455 4454
f 4366 4454 4367
f 4367 4454 4453
f 4367 4453 4368
f 4368 4453 4452
f 4368 4452 4451
f 4368 4451 4369
f 4369 4451 4450
f 4394 4719 4340
f 4340 4719 4739
f 4340 4739 4738
f 4394 4393 4719
f 4719 4393 4392
f 4719 4392 4391
f 4391 4390 4719
f 4719 4390 4681
f 4681 4390 4235
f 4681 4235 4234
f 4235 4390 4236
f 4236 4390 4389
f 4236 4389 4237
f 4237 4389 4388
f 4237 4388 4238
f 4238 4388 4387
f 4238 4387 4239
f 4239 4387 4386
f 4239 4386 4385
f 4239 4385 4240
f 4240 4385 4384
f 4240 4384 4241
f 4241 4384 4383
f 4241 4383 4242
f 4242 4383 4382
f 4242 4382 4243
f 4243 4382 4381
f 4243 4381 4244
f 4244 4381 4245
f 4245 4381 4380
f 4245 4380 4246
f 4246 4380 4379
f 4246 4379 4247
f 4247 4379 4378
f 4247 4378 4248
f 4248 4378 4377
f 4248 4377 4249
f 4249 4377 4376
f 4249 4376 4250
f 4250 4376 4375
f 4250 4375 4251
f 4251 4375 4374
f 4251 4374 4252
f 4252 4374 4373
f 4252 4373 4372
f 4372 4371 4252
f 4252 4371 4370
f 4362 4361 4721
f 4721 4361 4360
f 4721 4360 4359
f 4359 4358 4721
f 4721 4358 4357
f 4721 4357 4356
f 4356 4355 4721
f 4721 4355 4354
f 4721 4354 4353
f 4721 4353 4722
f 4722 4353 4352
f 4722 4352 4723
f 4723 4352 4351
f 4723 4351 4724
f 4724 4351 4350
f 4724 4350 4725
f 4725 4350 4349
f 4725 4349 4726
f 4726 4349 4348
f 4726 4348 4727
f 4727 4348 4347
f 4727 4347 4728
f 4728 4347 4346
f 4728 4346 4729
f 4729 4346 4345
f 4729 4345 4730
f 4730 4345 4731
f 4731 4345 4344
f 4731 4344 4732
f 4732 4344 4343
f 4732 4343 4733
f 4733 4343 4734
f 4734 4343 4342
f 4734 4342 4735
f 4735 4342 4736
f 4736 4342 4341
f 4736 4341 4737
f 4737 4341 4738
f 4738 4341 4340
f 4284 4683 4230
f 4230 4683 4682
f 4230 4682 4681
f 4283 4685 4284
f 4284 4685 4684
f 4284 4684 4683
f 4282 4687 4283
f 4283 4687 4686
f 4283 4686 4685
f 4281 4689 4282
f 4282 4689 4688
f 4282 4688 4687
f 4689 4281 4690
f 4690 4281 4280
f 4690 4280 4691
f 4691 4280 4692
f 4692 4280 4279
f 4692 4279 4693
f 4693 4279 4278
f 4693 4278 4694
f 4694 4278 4277
f 4694 4277 4695
f 4695 4277 4276
f 4695 4276 4696
f 4696 4276 4275
f 4696 4275 4697
f 4697 4275 4274
f 4697 4274 4698
f 4698 4274 4273
f 4698 4273 4699
f 4699 4273 4272
f 4699 4272 4679
f 4679 4272 4271
f 4679 4271 4657
f 4657 4271 4658
f 4658 4271 4659
f 4659 4271 4660
f 4660 4271 4661
f 4661 4271 4662
f 4662 4271 4663
f 4663 4271 4846
f 4663 4846 4664
f 4664 4846 4845
f 4664 4845 4665
f 4665 4845 4844
f 4665 4844 4666
f 4666 4844 4843
f 4666 4843 4667
f 4667 4843 4842
f 4667 4842 4655
f 4655 4842 4841
f 4655 4841 4615
f 4615 4841 4863
f 4615 4863 4616
f 4616 4863 4617
f 4617 4863 4618
f 4618 4863 4619
f 4619 4863 4865
f 4619 4865 4620
f 4620 4865 4621
f 4621 4865 4622
f 4622 4865 4623
f 4623 4865 4624
f 4624 4865 4625
f 4625 4865 4626
f 4626 4865 4627
f 4627 4865 4628
f 4628 4865 4587
f 4270 3832 4271
f 4271 3832 3831
f 4271 3831 4846
f 4846 3831 4847
f 4847 3831 4848
f 4848 3831 4849
f 4849 3831 4850
f 4850 3831 4851
f 4851 3831 4839
f 4839 3831 4801
f 4801 3831 4802
f 4802 3831 4803
f 4803 3831 4804
f 4804 3831 4805
f 4805 3831 4806
f 4806 3831 4807
f 4807 3831 4808
f 4808 3831 4809
f 4809 3831 4810
f 4810 3831 4811
f 4811 3831 4812
f 4812 3831 4813
f 4813 3831 3830
f 4813 3830 3829
f 3832 4270 3833
f 3833 4270 4269
f 3833 4269 3834
f 3834 4269 4268
f 3834 4268 3835
f 3835 4268 4267
f 4234 4233 4681
f 4681 4233 4232
f 4681 4232 4231
f 4231 4230 4681
f 4174 4962 4120
f 4120 4962 4961
f 4120 4961 4960
f 4173 4943 4174
f 4174 4943 4963
f 4174 4963 4962
f 4173 4172 4943
f 4943 4172 4171
f 4943 4171 4170
f 4170 4169 4943
f 4943 4169 4168
f 4943 4168 3908
f 3908 4168 4167
f 3908 4167 3909
f 3909 4167 4166
f 3909 4166 4165
f 3909 4165 3910
f 3910 4165 4164
f 3910 4164 3911
f 3911 4164 4163
f 3911 4163 3912
f 3912 4163 4162
f 3912 4162 3913
f 3913 4162 4161
f 3913 4161 3914
f 3914 4161 3915
f 3915 4161 3916
f 3916 4161 3917
f 3917 4161 3918
f 3918 4161 3919
f 3919 4161 3920
f 3920 4161 3921
f 4051 4161 4052
f 4052 4161 4160
f 4052 4160 4053
f 4053 4160 4159
f 4053 4159 4054
f 4054 4159 4158
f 4054 4158 4055
f 4055 4158 4157
f 4055 4157 4056
f 4056 4157 4156
f 4056 4156 4057
f 4057 4156 4155
f 4057 4155 4058
f 4058 4155 4154
f 4058 4154 4059
f 4059 4154 4153
f 4059 4153 4060
f 4060 4153 4152
f 4060 4152 4061
f 4061 4152 4151
f 4061 4151 4062
f 4062 4151 4150
f 4062 4150 4063
f 4063 4150 4149
f 4063 4149 4064
f 4064 4149 4148
f 4064 4148 4010
f 4010 4148 4147
f 4010 4147 4011
f 4011 4147 4146
f 4011 4146 4012
f 4012 4146 4145
f 4012 4145 4013
f 4013 4145 4144
f 4013 4144 4014
f 4014 4144 4143
f 4014 4143 4015
f 4015 4143 4142
f 4015 4142 4016
f 4016 4142 4141
f 4016 4141 4017
f 4017 4141 4140
f 4017 4140 4946
f 4946 4140 4139
f 4946 4139 4138
f 4138 4137 4946
f 4946 4137 4136
f 4946 4136 4135
f 4135 4134 4946
f 4946 4134 4133
f 4946 4133 4132
f 4946 4132 4947
f 4947 4132 4131
f 4947 4131 4948
f 4948 4131 4130
f 4948 4130 4949
f 4949 4130 4129
f 4949 4129 4950
f 4950 4129 4128
f 4950 4128 4951
f 4951 4128 4127
f 4951 4127 4952
f 4952 4127 4126
f 4952 4126 4953
f 4953 4126 4125
f 4953 4125 4954
f 4954 4125 4124
f 4954 4124 4955
f 4955 4124 4123
f 4955 4123 4956
f 4956 4123 4122
f 4956 4122 4957
f 4957 4122 4958
f 4958 4122 4121
f 4958 4121 4959
f 4959 4121 4120
f 4959 4120 4960
f 4041 4040 4634
f 4634 4040 4039
f 4634 4039 4038
f 4038 4037 4634
f 4634 4037 4036
f 4634 4036 4035
f 4035 4034 4634
f 4634 4034 4033
f 4634 4033 4032
f 4032 4031 4634
f 4634 4031 4030
f 4634 4030 4029
f 4029 4028 4634
f 4634 4028 4027
f 4634 4027 4026
f 4026 4025 4634
f 4634 4025 4024
f 4634 4024 4023
f 4634 4023 4946
f 4946 4023 4022
f 4946 4022 4021
f 4021 4020 4946
f 4946 4020 4019
f 4946 4019 4018
f 4018 4017 4946
f 3954 4907 3900
f 3900 4907 4906
f 3900 4906 4905
f 3953 4909 3954
f 3954 4909 4908
f 3954 4908 4907
f 3952 4911 3953
f 3953 4911 4910
f 3953 4910 4909
f 4911 3952 4912
f 4912 3952 3951
f 4912 3951 3950
f 3950 3949 4912
f 4912 3949 3948
f 4912 3948 3947
f 3947 3946 4912
f 4912 3946 3945
f 4912 3945 3944
f 3944 3943 4912
f 4912 3943 3942
f 4912 3942 3941
f 3908 3907 4943
f 4943 3907 4905
f 4905 3907 3906
f 4905 3906 3905
f 3905 3904 4905
f 4905 3904 3903
f 4905 3903 3902
f 3902 3901 4905
f 4905 3901 3900
f 3829 3828 4813
f 4813 3828 3827
f 4813 3827 3826
f 3826 3825 4813
f 4813 3825 3824
f 4813 3824 3823
f 3823 3822 4813
f 4813 3822 3821
f 4813 3821 3820
f 3819 4815 3820
f 3820 4815 4814
f 3820 4814 4813
f 3818 4817 3819
f 3819 4817 4816
f 3819 4816 4815
f 3817 4799 3818
f 3818 4799 4819
f 3818 4819 4818
f 3817 3816 4799
f 4799 3816 3815
f 4799 3815 3814
f 3814 3813 4799
f 4799 3813 3712
f 4799 3712 4761
f 4761 3712 3711
f 4761 3711 3710
f 3813 3812 3712
f 3712 3812 3713
f 3713 3812 3811
f 3713 3811 3714
f 3714 3811 3810
f 3714 3810 3715
f 3715 3810 3809
f 3715 3809 3716
f 3716 3809 3717
f 3717 3809 3808
f 3717 3808 3718
f 3718 3808 3807
f 3718 3807 3719
f 3719 3807 3806
f 3719 3806 3720
f 3720 3806 3805
f 3720 3805 3721
f 3721 3805 3804
f 3721 3804 3803
f 3721 3803 3722
f 3722 3803 3802
f 3722 3802 3723
f 3723 3802 3801
f 3723 3801 3800
f 3800 3799 3723
f 3723 3799 3798
f 3723 3798 3797
f 3797 3796 3723
f 3723 3796 3795
f 3680 3734 4473
f 4473 3734 3733
f 4473 3733 3732
f 3732 3731 4473
f 4473 3731 3730
f 4473 3730 3729
f 3729 3728 4473
f 4473 3728 3727
f 4473 3727 3726
f 3726 3725 4473
f 4473 3725 3724
f 4473 3724 3723
f 3710 3709 4761
f 4761 3709 3708
f 4761 3708 3707
f 3706 4764 3707
f 3707 4764 4763
f 3707 4763 4762
f 3705 4766 3706
f 3706 4766 4765
f 3706 4765 4764
f 3704 4768 3705
f 3705 4768 4767
f 3705 4767 4766
f 3703 4770 3704
f 3704 4770 4769
f 3704 4769 4768
f 4770 3703 4771
f 4771 3703 3702
f 4771 3702 4772
f 4772 3702 3701
f 4772 3701 4773
f 4773 3701 3700
f 4773 3700 4774
f 4774 3700 3699
f 4774 3699 4775
f 4775 3699 3698
f 4775 3698 4776
f 4776 3698 3697
f 4776 3697 4777
f 4777 3697 3696
f 4777 3696 4778
f 4778 3696 3695
f 4778 3695 4779
f 4779 3695 3694
f 4779 3694 4759
f 4759 3694 3693
f 4759 3693 3692
f 3692 3691 4759
f 4759 3691 3690
f 4759 3690 3689
f 3689 3688 4759
f 4759 3688 3687
f 4759 3687 3686
f 4945 4634 4946
f 4762 4761 3707
f 4818 4817 3818
f 4883 4882 4863
f 4863 4882 4881
f 4863 4881 4880
f 4880 4879 4863
f 4863 4879 4878
f 4863 4878 4877
f 4877 4876 4863
f 4863 4876 4875
f 4863 4875 4874
f 4874 4873 4863
f 4863 4873 4872
f 4863 4872 4871
f 4871 4870 4863
f 4863 4870 4869
f 4863 4869 4868
f 4868 4867 4863
f 4863 4867 4866
f 4863 4866 4865
f 4923 4922 4912
f 4912 4922 4921
f 4912 4921 4920
f 4920 4919 4912
f 4912 4919 4918
f 4912 4918 4917
f 4917 4916 4912
f 4912 4916 4915
f 4912 4915 4914
f 4914 4913 4912
f 4984 4985 4983
f 4983 4985 4986
f 4984 4987 4985
f 4985 4987 4988
f 4988 4987 5076
f 5076 4987 4989
f 5076 4989 5075
f 5075 4989 4990
f 5075 4990 5074
f 5074 4990 4991
f 5074 4991 5073
f 5073 4991 4992
f 5073 4992 5072
f 5072 4992 4993
f 5072 4993 5071
f 5071 4993 4994
f 5071 4994 5070
f 5070 4994 4995
f 5070 4995 5069
f 5069 4995 4996
f 5069 4996 5068
f 5068 4996 4997
f 5068 4997 5067
f 5067 4997 4998
f 5067 4998 5066
f 5066 4998 4999
f 5066 4999 5065
f 5065 4999 5000
f 5065 5000 5064
f 5064 5000 5001
f 5064 5001 5063
f 5063 5001 5002
f 5063 5002 5062
f 5062 5002 5003
f 5062 5003 5061
f 5061 5003 5004
f 5061 5004 5060
f 5060 5004 5005
f 5060 5005 5059
f 5059 5005 5006
f 5059 5006 5058
f 5058 5006 5007
f 5058 5007 5057
f 5057 5007 5008
f 5057 5008 5056
f 5056 5008 5009
f 5056 5009 5055
f 5055 5009 5010
f 5055 5010 5054
f 5054 5010 5011
f 5054 5011 5053
f 5053 5011 5012
f 5053 5012 5052
f 5052 5012 5013
f 5052 5013 5051
f 5051 5013 5014
f 5051 5014 5050
f 5050 5014 5015
f 5050 5015 5049
f 5049 5015 5016
f 5049 5016 5048
f 5048 5016 5017
f 5048 5017 5047
f 5047 5017 5018
f 5047 5018 5046
f 5046 5018 5019
f 5046 5019 5045
f 5045 5019 5020
f 5045 5020 5044
f 5044 5020 5021
f 5044 5021 5043
f 5043 5021 5022
f 5043 5022 5042
f 5042 5022 5023
f 5042 5023 5041
f 5041 5023 5024
f 5041 5024 5040
f 5040 5024 5025
f 5040 5025 5039
f 5039 5025 5026
f 5039 5026 5038
f 5038 5026 5027
f 5038 5027 5037
f 5037 5027 5028
f 5037 5028 5036
f 5036 5028 5029
f 5036 5029 5035
f 5035 5029 5030
f 5035 5030 5034
f 5034 5030 5031
f 5034 5031 5033
f 5033 5031 5032
f 5032 5077 5033
f 5033 5077 5078
f 5079 5080 5077
f 5077 5080 5078
f 5126 5081 5082
f 5082 5081 4983
f 5082 4983 4986
f 5082 5083 5126
f 5126 5083 5125
f 5125 5083 5124
f 5124 5083 5123
f 5123 5083 5122
f 5122 5083 5121
f 5121 5083 5120
f 5120 5083 5119
f 5119 5083 5107
f 5119 5107 5118
f 5118 5107 5117
f 5117 5107 5116
f 5116 5107 5115
f 5115 5107 5114
f 5114 5107 5113
f 5113 5107 5112
f 5112 5107 5111
f 5111 5107 5110
f 5110 5107 5109
f 5109 5107 5108
f 5083 5084 5107
f 5107 5084 5106
f 5106 5084 5094
f 5106 5094 5095
f 5085 5087 5084
f 5084 5087 5088
f 5084 5088 5089
f 5080 5079 5085
f 5085 5079 5086
f 5085 5086 5087
f 5089 5090 5084
f 5084 5090 5091
f 5084 5091 5092
f 5092 5093 5084
f 5084 5093 5094
f 5095 5096 5106
f 5106 5096 5097
f 5106 5097 5098
f 5098 5099 5106
f 5106 5099 5100
f 5106 5100 5101
f 5101 5102 5106
f 5106 5102 5103
f 5106 5103 5104
f 5104 5105 5106
f 5085 5084 5128
f 5128 5084 5127
f 5083 5200 5084
f 5084 5200 5201
f 5084 5201 5202
f 5129 5130 5083
f 5083 5130 5193
f 5083 5193 5194
f 5131 5188 5130
f 5130 5188 5189
f 5130 5189 5190
f 5131 5132 5188
f 5188 5132 5236
f 5236 5132 5133
f 5236 5133 5235
f 5235 5133 5134
f 5235 5134 5135
f 5235 5135 5234
f 5234 5135 5136
f 5234 5136 5233
f 5233 5136 5137
f 5233 5137 5138
f 5233 5138 5232
f 5232 5138 5139
f 5232 5139 5231
f 5231 5139 5140
f 5231 5140 5141
f 5231 5141 5230
f 5230 5141 5142
f 5230 5142 5143
f 5230 5143 5229
f 5229 5143 5144
f 5229 5144 5145
f 5145 5146 5229
f 5229 5146 5228
f 5228 5146 5147
f 5228 5147 5148
f 5228 5148 5227
f 5227 5148 5149
f 5227 5149 5150
f 5150 5151 5227
f 5227 5151 5152
f 5227 5152 5226
f 5226 5152 5153
f 5226 5153 5154
f 5154 5155 5226
f 5226 5155 5225
f 5225 5155 5156
f 5225 5156 5157
f 5157 5158 5225
f 5225 5158 5159
f 5225 5159 5160
f 5225 5160 5224
f 5224 5160 5161
f 5224 5161 5162
f 5162 5163 5224
f 5224 5163 5164
f 5224 5164 5223
f 5223 5164 5165
f 5223 5165 5166
f 5166 5167 5223
f 5223 5167 5222
f 5222 5167 5168
f 5222 5168 5169
f 5169 5170 5222
f 5222 5170 5221
f 5221 5170 5171
f 5221 5171 5172
f 5221 5172 5220
f 5220 5172 5173
f 5220 5173 5174
f 5174 5175 5220
f 5220 5175 5219
f 5219 5175 5176
f 5219 5176 5177
f 5219 5177 5218
f 5218 5177 5178
f 5218 5178 5217
f 5217 5178 5179
f 5217 5179 5180
f 5217 5180 5216
f 5216 5180 5181
f 5216 5181 5182
f 5216 5182 5215
f 5215 5182 5183
f 5215 5183 5214
f 5214 5183 5184
f 5214 5184 5185
f 5214 5185 5213
f 5213 5185 5186
f 5213 5186 5212
f 5212 5186 5187
f 5212 5187 5211
f 5211 5187 5210
f 5210 5187 5209
f 5209 5187 5208
f 5208 5187 5207
f 5207 5187 5084
f 5207 5084 5206
f 5206 5084 5205
f 5205 5084 5204
f 5204 5084 5203
f 5203 5084 5202
f 5187 5127 5084
f 5190 5191 5130
f 5130 5191 5192
f 5130 5192 5193
f 5194 5195 5083
f 5083 5195 5196
f 5083 5196 5197
f 5197 5198 5083
f 5083 5198 5199
f 5083 5199 5200
f 5083 5082 5129
f 5129 5082 5237
f 5078 5080 5238
f 5238 5080 5085
f 5238 5085 5128
f 5078 5238 5034
f 5034 5238 5239
f 5034 5239 5035
f 5035 5239 5240
f 5035 5240 5036
f 5036 5240 5241
f 5036 5241 5242
f 5036 5242 5037
f 5037 5242 5243
f 5037 5243 5038
f 5038 5243 5244
f 5038 5244 5039
f 5039 5244 5245
f 5039 5245 5040
f 5040 5245 5246
f 5040 5246 5041
f 5041 5246 5247
f 5041 5247 5042
f 5042 5247 5248
f 5042 5248 5043
f 5043 5248 5249
f 5043 5249 5250
f 5043 5250 5044
f 5044 5250 5251
f 5044 5251 5045
f 5045 5251 5252
f 5045 5252 5046
f 5046 5252 5253
f 5046 5253 5047
f 5047 5253 5254
f 5047 5254 5255
f 5047 5255 5048
f 5048 5255 5256
f 5048 5256 5049
f 5049 5256 5257
f 5049 5257 5258
f 5049 5258 5050
f 5050 5258 5259
f 5050 5259 5051
f 5051 5259 5260
f 5051 5260 5261
f 5051 5261 5052
f 5052 5261 5262
f 5052 5262 5053
f 5053 5262 5263
f 5053 5263 5264
f 5053 5264 5054
f 5054 5264 5265
f 5054 5265 5266
f 5054 5266 5055
f 5055 5266 5267
f 5055 5267 5056
f 5056 5267 5268
f 5056 5268 5269
f 5056 5269 5057
f 5057 5269 5270
f 5057 5270 5271
f 5057 5271 5058
f 5058 5271 5272
f 5058 5272 5059
f 5059 5272 5273
f 5059 5273 5274
f 5059 5274 5060
f 5060 5274 5275
f 5060 5275 5061
f 5061 5275 5276
f 5061 5276 5277
f 5061 5277 5062
f 5062 5277 5278
f 5062 5278 5063
f 5063 5278 5279
f 5063 5279 5280
f 5063 5280 5064
f 5064 5280 5281
f 5064 5281 5065
f 5065 5281 5282
f 5065 5282 5066
f 5066 5282 5283
f 5066 5283 5067
f 5067 5283 5284
f 5067 5284 5285
f 5067 5285 5068
f 5068 5285 5286
f 5068 5286 5069
f 5069 5286 5287
f 5069 5287 5070
f 5070 5287 5288
f 5070 5288 5071
f 5071 5288 5289
f 5071 5289 5072
f 5072 5289 5290
f 5072 5290 5073
f 5073 5290 5291
f 5073 5291 5074
f 5074 5291 5292
f 5074 5292 5293
f 5074 5293 5075
f 5075 5293 5294
f 5075 5294 5076
f 5076 5294 5295
f 5076 5295 4985
f 4985 5295 4986
f 4986 5295 5082
f 5082 5295 5237
f 4985 4988 5076
f 5034 5033 5078
f 5301 5296 5300
f 5300 5296 5297
f 5300 5297 5299
f 5299 5297 5298
f 5081 5303 5302
f 5302 5303 5306
f 5302 5306 5307
f 5081 5126 5303
f 5303 5304 5306
f 5306 5304 5305
f 5308 5309 5307
f 5307 5309 5310
f 5307 5310 5302
f 5302 5310 5311
f 5331 5106 5332
f 5332 5106 5105
f 5332 5105 5333
f 5333 5105 5104
f 5333 5104 5334
f 5334 5104 5103
f 5334 5103 5335
f 5335 5103 5102
f 5335 5102 5336
f 5336 5102 5101
f 5336 5101 5337
f 5337 5101 5100
f 5337 5100 5338
f 5338 5100 5099
f 5338 5099 5339
f 5339 5099 5098
f 5339 5098 5340
f 5340 5098 5097
f 5340 5097 5341
f 5341 5097 5096
f 5341 5096 5342
f 5342 5096 5095
f 5342 5095 5343
f 5343 5095 5094
f 5343 5094 5344
f 5344 5094 5093
f 5344 5093 5345
f 5345 5093 5092
f 5345 5092 5346
f 5346 5092 5091
f 5346 5091 5347
f 5347 5091 5090
f 5347 5090 5348
f 5348 5090 5089
f 5348 5089 5349
f 5349 5089 5088
f 5349 5088 5087
f 5087 5312 5349
f 5349 5312 5313
f 5349 5313 5348
f 5348 5313 5314
f 5348 5314 5347
f 5347 5314 5315
f 5347 5315 5346
f 5346 5315 5316
f 5346 5316 5345
f 5345 5316 5317
f 5345 5317 5344
f 5344 5317 5318
f 5344 5318 5343
f 5343 5318 5319
f 5343 5319 5342
f 5342 5319 5320
f 5342 5320 5341
f 5341 5320 5321
f 5341 5321 5340
f 5340 5321 5322
f 5340 5322 5339
f 5339 5322 5323
f 5339 5323 5338
f 5338 5323 5324
f 5338 5324 5337
f 5337 5324 5325
f 5337 5325 5336
f 5336 5325 5326
f 5336 5326 5335
f 5335 5326 5327
f 5335 5327 5334
f 5334 5327 5328
f 5334 5328 5333
f 5333 5328 5329
f 5333 5329 5332
f 5332 5329 5330
f 5332 5330 5331
f 5106 5399 5107
f 5107 5399 5400
f 5107 5400 5401
f 5331 5388 5106
f 5106 5388 5389
f 5106 5389 5390
f 5350 5380 5331
f 5331 5380 5381
f 5331 5381 5382
f 5351 5374 5350
f 5350 5374 5375
f 5350 5375 5376
f 5352 5358 5351
f 5351 5358 5359
f 5351 5359 5374
f 5374 5359 5360
f 5374 5360 5373
f 5373 5360 5372
f 5372 5360 5371
f 5371 5360 5370
f 5370 5360 5369
f 5369 5360 5368
f 5368 5360 5361
f 5368 5361 5367
f 5367 5361 5366
f 5366 5361 5365
f 5365 5361 5364
f 5364 5361 5363
f 5363 5361 5362
f 5362 5361 5410
f 5410 5361 5409
f 5409 5361 5107
f 5409 5107 5408
f 5408 5107 5407
f 5407 5107 5406
f 5406 5107 5405
f 5405 5107 5404
f 5404 5107 5403
f 5403 5107 5402
f 5402 5107 5401
f 5358 5352 5357
f 5357 5352 5353
f 5357 5353 5356
f 5356 5353 5354
f 5356 5354 5355
f 5376 5377 5350
f 5350 5377 5378
f 5350 5378 5379
f 5379 5380 5350
f 5382 5383 5331
f 5331 5383 5384
f 5331 5384 5385
f 5385 5386 5331
f 5331 5386 5387
f 5331 5387 5388
f 5390 5391 5106
f 5106 5391 5392
f 5106 5392 5393
f 5393 5394 5106
f 5106 5394 5395
f 5106 5395 5396
f 5396 5397 5106
f 5106 5397 5398
f 5106 5398 5399
f 5303 5126 5429
f 5429 5126 5125
f 5429 5125 5430
f 5430 5125 5124
f 5430 5124 5431
f 5431 5124 5123
f 5431 5123 5432
f 5432 5123 5122
f 5432 5122 5433
f 5433 5122 5121
f 5433 5121 5434
f 5434 5121 5120
f 5434 5120 5435
f 5435 5120 5119
f 5435 5119 5436
f 5436 5119 5118
f 5436 5118 5437
f 5437 5118 5117
f 5437 5117 5438
f 5438 5117 5116
f 5438 5116 5439
f 5439 5116 5115
f 5439 5115 5440
f 5440 5115 5114
f 5440 5114 5441
f 5441 5114 5113
f 5441 5113 5442
f 5442 5113 5112
f 5442 5112 5443
f 5443 5112 5111
f 5443 5111 5444
f 5444 5111 5110
f 5444 5110 5445
f 5445 5110 5109
f 5445 5109 5446
f 5446 5109 5108
f 5446 5108 5107
f 5107 5361 5446
f 5446 5361 5411
f 5446 5411 5445
f 5445 5411 5412
f 5445 5412 5444
f 5444 5412 5413
f 5444 5413 5443
f 5443 5413 5414
f 5443 5414 5442
f 5442 5414 5415
f 5442 5415 5441
f 5441 5415 5416
f 5441 5416 5440
f 5440 5416 5417
f 5440 5417 5439
f 5439 5417 5418
f 5439 5418 5438
f 5438 5418 5419
f 5438 5419 5437
f 5437 5419 5420
f 5437 5420 5436
f 5436 5420 5421
f 5436 5421 5435
f 5435 5421 5422
f 5435 5422 5434
f 5434 5422 5423
f 5434 5423 5433
f 5433 5423 5424
f 5433 5424 5432
f 5432 5424 5425
f 5432 5425 5431
f 5431 5425 5426
f 5431 5426 5430
f 5430 5426 5427
f 5430 5427 5429
f 5429 5427 5428
f 5429 5428 5303
f 5447 5360 5457
f 5457 5360 5359
f 5457 5359 5456
f 5456 5359 5358
f 5456 5358 5455
f 5455 5358 5357
f 5455 5357 5454
f 5454 5357 5356
f 5454 5356 5453
f 5453 5356 5355
f 5453 5355 5452
f 5452 5355 5354
f 5452 5354 5451
f 5451 5354 5353
f 5451 5353 5450
f 5450 5353 5352
f 5450 5352 5449
f 5449 5352 5351
f 5449 5351 5448
f 5448 5351 5350
f 5469 5447 5467
f 5467 5447 5457
f 5467 5457 5456
f 5456 5455 5467
f 5467 5455 5454
f 5467 5454 5453
f 5467 5453 5460
f 5460 5453 5452
f 5460 5452 5451
f 5451 5450 5460
f 5460 5450 5449
f 5460 5449 5448
f 5448 5458 5460
f 5460 5458 5459
f 5467 5460 5466
f 5466 5460 5461
f 5466 5461 5464
f 5464 5461 5463
f 5463 5461 5462
f 5464 5465 5466
f 5467 5468 5469
f 5448 5350 5458
f 5458 5350 5331
f 5458 5331 5488
f 5488 5331 5487
f 5487 5331 5486
f 5486 5331 5485
f 5485 5331 5484
f 5484 5331 5483
f 5483 5331 5482
f 5482 5331 5481
f 5481 5331 5480
f 5480 5331 5479
f 5479 5331 5478
f 5478 5331 5477
f 5477 5331 5476
f 5476 5331 5330
f 5476 5330 5475
f 5475 5330 5474
f 5474 5330 5473
f 5473 5330 5472
f 5472 5330 5471
f 5471 5330 5329
f 5471 5329 5470
f 5470 5329 5328
f 5470 5328 5327
f 5327 5326 5470
f 5470 5326 5325
f 5470 5325 5324
f 5324 5323 5470
f 5470 5323 5322
f 5470 5322 5321
f 5321 5320 5470
f 5470 5320 5319
f 5470 5319 5318
f 5318 5317 5470
f 5470 5317 5316
f 5470 5316 5315
f 5315 5314 5470
f 5470 5314 5313
f 5470 5313 5312
f 5236 5490 5188
f 5188 5490 5489
f 5188 5489 5189
f 5189 5489 5537
f 5189 5537 5190
f 5190 5537 5536
f 5190 5536 5191
f 5191 5536 5535
f 5191 5535 5192
f 5192 5535 5534
f 5192 5534 5193
f 5193 5534 5533
f 5193 5533 5194
f 5194 5533 5532
f 5194 5532 5195
f 5195 5532 5531
f 5195 5531 5196
f 5196 5531 5530
f 5196 5530 5197
f 5197 5530 5529
f 5197 5529 5198
f 5198 5529 5528
f 5198 5528 5199
f 5199 5528 5527
f 5199 5527 5200
f 5200 5527 5526
f 5200 5526 5201
f 5201 5526 5525
f 5201 5525 5202
f 5202 5525 5524
f 5202 5524 5203
f 5203 5524 5523
f 5203 5523 5204
f 5204 5523 5522
f 5204 5522 5205
f 5205 5522 5521
f 5205 5521 5206
f 5206 5521 5520
f 5206 5520 5207
f 5207 5520 5519
f 5207 5519 5208
f 5208 5519 5518
f 5208 5518 5209
f 5209 5518 5517
f 5209 5517 5210
f 5210 5517 5516
f 5210 5516 5211
f 5211 5516 5515
f 5211 5515 5212
f 5212 5515 5514
f 5212 5514 5213
f 5213 5514 5513
f 5213 5513 5214
f 5214 5513 5512
f 5214 5512 5215
f 5215 5512 5511
f 5215 5511 5216
f 5216 5511 5510
f 5216 5510 5217
f 5217 5510 5509
f 5217 5509 5218
f 5218 5509 5508
f 5218 5508 5219
f 5219 5508 5507
f 5219 5507 5220
f 5220 5507 5506
f 5220 5506 5221
f 5221 5506 5505
f 5221 5505 5222
f 5222 5505 5504
f 5222 5504 5223
f 5223 5504 5503
f 5223 5503 5224
f 5224 5503 5502
f 5224 5502 5225
f 5225 5502 5501
f 5225 5501 5226
f 5226 5501 5500
f 5226 5500 5227
f 5227 5500 5499
f 5227 5499 5228
f 5228 5499 5498
f 5228 5498 5229
f 5229 5498 5497
f 5229 5497 5230
f 5230 5497 5496
f 5230 5496 5231
f 5231 5496 5495
f 5231 5495 5232
f 5232 5495 5494
f 5232 5494 5233
f 5233 5494 5493
f 5233 5493 5234
f 5234 5493 5492
f 5234 5492 5235
f 5235 5492 5491
f 5235 5491 5236
f 5236 5491 5490
f 5410 5537 5362
f 5362 5537 5489
f 5362 5489 5363
f 5363 5489 5490
f 5363 5490 5364
f 5364 5490 5491
f 5364 5491 5365
f 5365 5491 5492
f 5365 5492 5366
f 5366 5492 5493
f 5366 5493 5367
f 5367 5493 5494
f 5367 5494 5368
f 5368 5494 5495
f 5368 5495 5369
f 5369 5495 5496
f 5369 5496 5370
f 5370 5496 5497
f 5370 5497 5371
f 5371 5497 5498
f 5371 5498 5372
f 5372 5498 5499
f 5372 5499 5373
f 5373 5499 5500
f 5373 5500 5374
f 5374 5500 5501
f 5374 5501 5375
f 5375 5501 5502
f 5375 5502 5376
f 5376 5502 5503
f 5376 5503 5377
f 5377 5503 5504
f 5377 5504 5378
f 5378 5504 5505
f 5378 5505 5379
f 5379 5505 5506
f 5379 5506 5380
f 5380 5506 5507
f 5380 5507 5381
f 5381 5507 5508
f 5381 5508 5382
f 5382 5508 5509
f 5382 5509 5383
f 5383 5509 5510
f 5383 5510 5384
f 5384 5510 5511
f 5384 5511 5385
f 5385 5511 5512
f 5385 5512 5386
f 5386 5512 5513
f 5386 5513 5387
f 5387 5513 5514
f 5387 5514 5388
f 5388 5514 5515
f 5388 5515 5389
f 5389 5515 5516
f 5389 5516 5390
f 5390 5516 5517
f 5390 5517 5391
f 5391 5517 5518
f 5391 5518 5392
f 5392 5518 5519
f 5392 5519 5393
f 5393 5519 5520
f 5393 5520 5394
f 5394 5520 5521
f 5394 5521 5395
f 5395 5521 5522
f 5395 5522 5396
f 5396 5522 5523
f 5396 5523 5397
f 5397 5523 5524
f 5397 5524 5398
f 5398 5524 5525
f 5398 5525 5399
f 5399 5525 5526
f 5399 5526 5400
f 5400 5526 5527
f 5400 5527 5401
f 5401 5527 5528
f 5401 5528 5402
f 5402 5528 5529
f 5402 5529 5403
f 5403 5529 5530
f 5403 5530 5404
f 5404 5530 5531
f 5404 5531 5405
f 5405 5531 5532
f 5405 5532 5406
f 5406 5532 5533
f 5406 5533 5407
f 5407 5533 5534
f 5407 5534 5408
f 5408 5534 5535
f 5408 5535 5409
f 5409 5535 5536
f 5409 5536 5410
f 5410 5536 5537
f 5447 5469 5360
f 5360 5469 5361
f 5361 5469 5538
f 5361 5538 5539
f 5539 5540 5361
f 5361 5540 5541
f 5361 5541 5542
f 5542 5543 5361
f 5361 5543 5544
f 5361 5544 5545
f 5545 5546 5361
f 5361 5546 5547
f 5361 5547 5548
f 5548 5549 5361
f 5361 5549 5550
f 5361 5550 5411
f 5411 5550 5551
f 5411 5551 5552
f 5552 5553 5411
f 5411 5553 5554
f 5411 5554 5555
f 5411 5555 5412
f 5412 5555 5304
f 5412 5304 5413
f 5413 5304 5414
f 5414 5304 5415
f 5415 5304 5416
f 5416 5304 5417
f 5417 5304 5418
f 5418 5304 5419
f 5419 5304 5420
f 5420 5304 5421
f 5421 5304 5422
f 5422 5304 5423
f 5423 5304 5424
f 5424 5304 5425
f 5425 5304 5426
f 5426 5304 5427
f 5427 5304 5428
f 5428 5304 5303
f 5305 5304 5573
f 5573 5304 5555
f 5573 5555 5572
f 5572 5555 5554
f 5572 5554 5571
f 5571 5554 5553
f 5571 5553 5570
f 5570 5553 5552
f 5570 5552 5569
f 5569 5552 5551
f 5569 5551 5568
f 5568 5551 5550
f 5568 5550 5567
f 5567 5550 5549
f 5567 5549 5566
f 5566 5549 5548
f 5566 5548 5565
f 5565 5548 5547
f 5565 5547 5564
f 5564 5547 5546
f 5564 5546 5563
f 5563 5546 5545
f 5563 5545 5562
f 5562 5545 5544
f 5562 5544 5561
f 5561 5544 5543
f 5561 5543 5560
f 5560 5543 5542
f 5560 5542 5559
f 5559 5542 5541
f 5559 5541 5558
f 5558 5541 5540
f 5558 5540 5557
f 5557 5540 5539
f 5557 5539 5556
f 5556 5539 5538
f 5556 5538 5468
f 5468 5538 5469
f 5459 5458 5592
f 5592 5458 5488
f 5592 5488 5591
f 5591 5488 5487
f 5591 5487 5590
f 5590 5487 5486
f 5590 5486 5589
f 5589 5486 5485
f 5589 5485 5588
f 5588 5485 5484
f 5588 5484 5587
f 5587 5484 5483
f 5587 5483 5586
f 5586 5483 5482
f 5586 5482 5585
f 5585 5482 5481
f 5585 5481 5584
f 5584 5481 5480
f 5584 5480 5583
f 5583 5480 5479
f 5583 5479 5582
f 5582 5479 5478
f 5582 5478 5581
f 5581 5478 5477
f 5581 5477 5580
f 5580 5477 5476
f 5580 5476 5579
f 5579 5476 5475
f 5579 5475 5578
f 5578 5475 5474
f 5578 5474 5577
f 5577 5474 5473
f 5577 5473 5576
f 5576 5473 5472
f 5576 5472 5575
f 5575 5472 5471
f 5575 5471 5574
f 5574 5471 5470
f 5087 5086 5312
f 5312 5086 5593
f 5312 5593 5599
f 5599 5593 5598
f 5598 5593 5596
f 5598 5596 5597
f 5594 5595 5593
f 5593 5595 5596
f 5574 5470 5599
f 5599 5470 5312
f 5299 5298 5605
f 5605 5298 5600
f 5605 5600 5603
f 5603 5600 5602
f 5602 5600 5601
f 5603 5604 5605
f 5607 5715 5606
f 5606 5715 5661
f 5606 5661 5660
f 5660 5661 5662
f 5660 5662 5659
f 5659 5662 5663
f 5659 5663 5658
f 5658 5663 5664
f 5658 5664 5657
f 5657 5664 5665
f 5657 5665 5656
f 5656 5665 5666
f 5656 5666 5655
f 5655 5666 5667
f 5655 5667 5654
f 5654 5667 5668
f 5654 5668 5653
f 5653 5668 5669
f 5653 5669 5652
f 5652 5669 5670
f 5652 5670 5651
f 5651 5670 5671
f 5651 5671 5650
f 5650 5671 5672
f 5650 5672 5649
f 5649 5672 5673
f 5649 5673 5648
f 5648 5673 5674
f 5648 5674 5647
f 5647 5674 5675
f 5647 5675 5646
f 5646 5675 5676
f 5646 5676 5645
f 5645 5676 5677
f 5645 5677 5644
f 5644 5677 5678
f 5644 5678 5643
f 5643 5678 5679
f 5643 5679 5642
f 5642 5679 5680
f 5642 5680 5641
f 5641 5680 5681
f 5641 5681 5640
f 5640 5681 5682
f 5640 5682 5639
f 5639 5682 5683
f 5639 5683 5638
f 5638 5683 5684
f 5638 5684 5637
f 5637 5684 5685
f 5637 5685 5636
f 5636 5685 5686
f 5636 5686 5635
f 5635 5686 5687
f 5635 5687 5634
f 5634 5687 5688
f 5634 5688 5633
f 5633 5688 5689
f 5633 5689 5632
f 5632 5689 5690
f 5632 5690 5631
f 5631 5690 5691
f 5631 5691 5630
f 5630 5691 5692
f 5630 5692 5629
f 5629 5692 5693
f 5629 5693 5628
f 5628 5693 5694
f 5628 5694 5627
f 5627 5694 5695
f 5627 5695 5626
f 5626 5695 5696
f 5626 5696 5625
f 5625 5696 5697
f 5625 5697 5624
f 5624 5697 5698
f 5624 5698 5623
f 5623 5698 5699
f 5623 5699 5622
f 5622 5699 5700
f 5622 5700 5621
f 5621 5700 5701
f 5621 5701 5620
f 5620 5701 5702
f 5620 5702 5619
f 5619 5702 5703
f 5619 5703 5618
f 5618 5703 5704
f 5618 5704 5617
f 5617 5704 5705
f 5617 5705 5616
f 5616 5705 5706
f 5616 5706 5615
f 5615 5706 5707
f 5615 5707 5614
f 5614 5707 5708
f 5614 5708 5613
f 5613 5708 5709
f 5613 5709 5612
f 5612 5709 5710
f 5612 5710 5611
f 5611 5710 5711
f 5611 5711 5610
f 5610 5711 5712
f 5610 5712 5609
f 5609 5712 5713
f 5609 5713 5608
f 5608 5713 5714
f 5608 5714 5607
f 5607 5714 5715
f 5717 5825 5716
f 5716 5825 5771
f 5716 5771 5770
f 5770 5771 5772
f 5770 5772 5769
f 5769 5772 5773
f 5769 5773 5768
f 5768 5773 5774
f 5768 5774 5767
f 5767 5774 5775
f 5767 5775 5766
f 5766 5775 5776
f 5766 5776 5765
f 5765 5776 5777
f 5765 5777 5764
f 5764 5777 5778
f 5764 5778 5763
f 5763 5778 5779
f 5763 5779 5762
f 5762 5779 5780
f 5762 5780 5761
f 5761 5780 5781
f 5761 5781 5760
f 5760 5781 5782
f 5760 5782 5759
f 5759 5782 5783
f 5759 5783 5758
f 5758 5783 5784
f 5758 5784 5757
f 5757 5784 5785
f 5757 5785 5756
f 5756 5785 5786
f 5756 5786 5755
f 5755 5786 5787
f 5755 5787 5754
f 5754 5787 5788
f 5754 5788 5753
f 5753 5788 5789
f 5753 5789 5752
f 5752 5789 5790
f 5752 5790 5751
f 5751 5790 5791
f 5751 5791 5750
f 5750 5791 5792
f 5750 5792 5749
f 5749 5792 5793
f 5749 5793 5748
f 5748 5793 5794
f 5748 5794 5747
f 5747 5794 5795
f 5747 5795 5746
f 5746 5795 5796
f 5746 5796 5745
f 5745 5796 5797
f 5745 5797 5744
f 5744 5797 5798
f 5744 5798 5743
f 5743 5798 5799
f 5743 5799 5742
f 5742 5799 5800
f 5742 5800 5741
f 5741 5800 5801
f 5741 5801 5740
f 5740 5801 5802
f 5740 5802 5739
f 5739 5802 5803
f 5739 5803 5738
f 5738 5803 5804
f 5738 5804 5737
f 5737 5804 5805
f 5737 5805 5736
f 5736 5805 5806
f 5736 5806 5735
f 5735 5806 5807
f 5735 5807 5734
f 5734 5807 5808
f 5734 5808 5733
f 5733 5808 5809
f 5733 5809 5732
f 5732 5809 5810
f 5732 5810 5731
f 5731 5810 5811
f 5731 5811 5730
f 5730 5811 5812
f 5730 5812 5729
f 5729 5812 5813
f 5729 5813 5728
f 5728 5813 5814
f 5728 5814 5727
f 5727 5814 5815
f 5727 5815 5726
f 5726 5815 5816
f 5726 5816 5725
f 5725 5816 5817
f 5725 5817 5724
f 5724 5817 5818
f 5724 5818 5723
f 5723 5818 5819
f 5723 5819 5722
f 5722 5819 5820
f 5722 5820 5721
f 5721 5820 5821
f 5721 5821 5720
f 5720 5821 5822
f 5720 5822 5719
f 5719 5822 5823
f 5719 5823 5718
f 5718 5823 5824
f 5718 5824 5717
f 5717 5824 5825
f 5827 5935 5826
f 5826 5935 5881
f 5826 5881 5880
f 5880 5881 5882
f 5880 5882 5879
f 5879 5882 5883
f 5879 5883 5878
f 5878 5883 5884
f 5878 5884 5877
f 5877 5884 5885
f 5877 5885 5876
f 5876 5885 5886
f 5876 5886 5875
f 5875 5886 5887
f 5875 5887 5874
f 5874 5887 5888
f 5874 5888 5873
f 5873 5888 5889
f 5873 5889 5872
f 5872 5889 5890
f 5872 5890 5871
f 5871 5890 5891
f 5871 5891 5870
f 5870 5891 5892
f 5870 5892 5869
f 5869 5892 5893
f 5869 5893 5868
f 5868 5893 5894
f 5868 5894 5867
f 5867 5894 5895
f 5867 5895 5866
f 5866 5895 5896
f 5866 5896 5865
f 5865 5896 5897
f 5865 5897 5864
f 5864 5897 5898
f 5864 5898 5863
f 5863 5898 5899
f 5863 5899 5862
f 5862 5899 5900
f 5862 5900 5861
f 5861 5900 5901
f 5861 5901 5860
f 5860 5901 5902
f 5860 5902 5859
f 5859 5902 5903
f 5859 5903 5858
f 5858 5903 5904
f 5858 5904 5857
f 5857 5904 5905
f 5857 5905 5856
f 5856 5905 5906
f 5856 5906 5855
f 5855 5906 5907
f 5855 5907 5854
f 5854 5907 5908
f 5854 5908 5853
f 5853 5908 5909
f 5853 5909 5852
f 5852 5909 5910
f 5852 5910 5851
f 5851 5910 5911
f 5851 5911 5850
f 5850 5911 5912
f 5850 5912 5849
f 5849 5912 5913
f 5849 5913 5848
f 5848 5913 5914
f 5848 5914 5847
f 5847 5914 5915
f 5847 5915 5846
f 5846 5915 5916
f 5846 5916 5845
f 5845 5916 5917
f 5845 5917 5844
f 5844 5917 5918
f 5844 5918 5843
f 5843 5918 5919
f 5843 5919 5842
f 5842 5919 5920
f 5842 5920 5841
f 5841 5920 5921
f 5841 5921 5840
f 5840 5921 5922
f 5840 5922 5839
f 5839 5922 5923
f 5839 5923 5838
f 5838 5923 5924
f 5838 5924 5837
f 5837 5924 5925
f 5837 5925 5836
f 5836 5925 5926
f 5836 5926 5835
f 5835 5926 5927
f 5835 5927 5834
f 5834 5927 5928
f 5834 5928 5833
f 5833 5928 5929
f 5833 5929 5832
f 5832 5929 5930
f 5832 5930 5831
f 5831 5930 5931
f 5831 5931 5830
f 5830 5931 5932
f 5830 5932 5829
f 5829 5932 5933
f 5829 5933 5828
f 5828 5933 5934
f 5828 5934 5827
f 5827 5934 5935
f 5937 6045 5936
f 5936 6045 5991
f 5936 5991 5990
f 5990 5991 5992
f 5990 5992 5989
f 5989 5992 5993
f 5989 5993 5988
f 5988 5993 5994
f 5988 5994 5987
f 5987 5994 5995
f 5987 5995 5986
f 5986 5995 5996
f 5986 5996 5985
f 5985 5996 5997
f 5985 5997 5984
f 5984 5997 5998
f 5984 5998 5983
f 5983 5998 5999
f 5983 5999 5982
f 5982 5999 6000
f 5982 6000 5981
f 5981 6000 6001
f 5981 6001 5980
f 5980 6001 6002
f 5980 6002 5979
f 5979 6002 6003
f 5979 6003 5978
f 5978 6003 6004
f 5978 6004 5977
f 5977 6004 6005
f 5977 6005 5976
f 5976 6005 6006
f 5976 6006 5975
f 5975 6006 6007
f 5975 6007 5974
f 5974 6007 6008
f 5974 6008 5973
f 5973 6008 6009
f 5973 6009 5972
f 5972 6009 6010
f 5972 6010 5971
f 5971 6010 6011
f 5971 6011 5970
f 5970 6011 6012
f 5970 6012 5969
f 5969 6012 6013
f 5969 6013 5968
f 5968 6013 6014
f 5968 6014 5967
f 5967 6014 6015
f 5967 6015 5966
f 5966 6015 6016
f 5966 6016 5965
f 5965 6016 6017
f 5965 6017 5964
f 5964 6017 6018
f 5964 6018 5963
f 5963 6018 6019
f 5963 6019 5962
f 5962 6019 6020
f 5962 6020 5961
f 5961 6020 6021
f 5961 6021 5960
f 5960 6021 6022
f 5960 6022 5959
f 5959 6022 6023
f 5959 6023 5958
f 5958 6023 6024
f 5958 6024 5957
f 5957 6024 6025
f 5957 6025 5956
f 5956 6025 6026
f 5956 6026 5955
f 5955 6026 6027
f 5955 6027 5954
f 5954 6027 6028
f 5954 6028 5953
f 5953 6028 6029
f 5953 6029 5952
f 5952 6029 6030
f 5952 6030 5951
f 5951 6030 6031
f 5951 6031 5950
f 5950 6031 6032
f 5950 6032 5949
f 5949 6032 6033
f 5949 6033 5948
f 5948 6033 6034
f 5948 6034 5947
f 5947 6034 6035
f 5947 6035 5946
f 5946 6035 6036
f 5946 6036 5945
f 5945 6036 6037
f 5945 6037 5944
f 5944 6037 6038
f 5944 6038 5943
f 5943 6038 6039
f 5943 6039 5942
f 5942 6039 6040
f 5942 6040 5941
f 5941 6040 6041
f 5941 6041 5940
f 5940 6041 6042
f 5940 6042 5939
f 5939 6042 6043
f 5939 6043 5938
f 5938 6043 6044
f 5938 6044 5937
f 5937 6044 6045
f 5466 6046 5467
f 5467 6046 6047
f 6046 6048 6047
f 6047 6048 6049
f 6048 5307 6049
f 6049 5307 5306
f 5770 6067 5716
f 5716 6067 5308
f 5716 5308 5717
f 5717 5308 5718
f 5718 5308 5719
f 5719 5308 5720
f 5720 5308 5721
f 5721 5308 5307
f 5721 5307 5722
f 5722 5307 5723
f 5723 5307 5724
f 5724 5307 5725
f 5725 5307 5726
f 5726 5307 5727
f 5727 5307 5728
f 5728 5307 6048
f 5728 6048 5729
f 5729 6048 5730
f 5730 6048 5731
f 5731 6048 5732
f 5732 6048 5733
f 5733 6048 5734
f 5734 6048 5735
f 5735 6048 5736
f 5736 6048 5737
f 5737 6048 5738
f 5738 6048 5739
f 5739 6048 6046
f 5739 6046 5740
f 5740 6046 5741
f 5741 6046 5742
f 5742 6046 5743
f 5743 6046 5744
f 5744 6046 5745
f 5745 6046 5746
f 5746 6046 5747
f 5747 6046 5748
f 5748 6046 5466
f 5748 5466 5749
f 5749 5466 5750
f 5750 5466 5751
f 5751 5466 5752
f 5752 5466 5753
f 5753 5466 5754
f 5754 5466 5465
f 5754 5465 5755
f 5755 5465 5756
f 5756 5465 5757
f 5757 5465 5758
f 5758 5465 6050
f 5758 6050 6051
f 6067 5770 6066
f 6066 5770 5769
f 6066 5769 6065
f 6065 5769 5768
f 6065 5768 6064
f 6064 5768 5767
f 6064 5767 6063
f 6063 5767 6062
f 6062 5767 5766
f 6062 5766 6061
f 6061 5766 5765
f 6061 5765 6060
f 6060 5765 5764
f 6060 5764 6059
f 6059 5764 6058
f 6058 5764 5763
f 6058 5763 6057
f 6057 5763 5762
f 6057 5762 6056
f 6056 5762 6055
f 6055 5762 5761
f 6055 5761 6054
f 6054 5761 5760
f 6054 5760 6053
f 6053 5760 6052
f 6052 5760 5759
f 6052 5759 6051
f 6051 5759 5758
f 5306 5305 6049
f 6049 5305 6047
f 6047 5305 5573
f 6047 5573 5572
f 5572 5571 6047
f 6047 5571 5570
f 6047 5570 5569
f 5569 5568 6047
f 6047 5568 5567
f 6047 5567 5566
f 5566 5565 6047
f 6047 5565 5564
f 6047 5564 5563
f 5563 5562 6047
f 6047 5562 5561
f 6047 5561 5560
f 5560 5559 6047
f 6047 5559 5558
f 6047 5558 5557
f 5557 5556 6047
f 6047 5556 5468
f 6047 5468 5467
f 5605 6068 5299
f 5299 6068 5300
f 6068 6069 5300
f 5300 6069 5301
f 5827 5826 6068
f 6068 5826 5880
f 6068 5880 5879
f 5879 5878 6068
f 6068 5878 5877
f 6068 5877 5876
f 5876 5875 6068
f 6068 5875 6069
f 6069 5875 5874
f 6069 5874 5873
f 5873 5872 6069
f 6069 5872 5871
f 6069 5871 5870
f 5870 5869 6069
f 6069 5869 5868
f 6069 5868 5867
f 5867 5866 6069
f 6069 5866 5593
f 5593 5866 5865
f 5593 5865 5864
f 5864 5863 5593
f 5593 5863 5862
f 5593 5862 5861
f 5861 5860 5593
f 5593 5860 5859
f 5593 5859 5594
f 5594 5859 5858
f 5594 5858 5857
f 5857 5856 5594
f 5594 5856 5855
f 5594 5855 6087
f 6087 5855 5854
f 6087 5854 6086
f 6086 5854 5853
f 6086 5853 6085
f 6085 5853 5852
f 6085 5852 6084
f 6084 5852 6083
f 6083 5852 5851
f 6083 5851 6082
f 6082 5851 5850
f 6082 5850 6081
f 6081 5850 5849
f 6081 5849 6080
f 6080 5849 5848
f 6080 5848 6079
f 6079 5848 5847
f 6079 5847 6078
f 6078 5847 6077
f 6077 5847 5846
f 6077 5846 6076
f 6076 5846 5845
f 6076 5845 6075
f 6075 5845 5844
f 6075 5844 6074
f 6074 5844 5843
f 6074 5843 6073
f 6073 5843 6072
f 6072 5843 5842
f 6072 5842 6071
f 6071 5842 5841
f 6071 5841 6070
f 6070 5841 5840
f 6070 5840 5604
f 5604 5840 5839
f 5604 5839 5838
f 5838 5837 5604
f 5604 5837 5605
f 5605 5837 5836
f 5605 5836 5835
f 5835 5834 5605
f 5605 5834 5833
f 5605 5833 5832
f 5832 5831 5605
f 5605 5831 5830
f 5605 5830 6068
f 6068 5830 5829
f 6068 5829 5828
f 5828 5827 6068
f 6088 5296 5302
f 5302 5296 5081
f 5081 5296 4991
f 5081 4991 4990
f 5301 5010 5296
f 5296 5010 5009
f 5296 5009 5008
f 6069 5593 5301
f 5301 5593 5086
f 5301 5086 5029
f 5029 5086 5030
f 5030 5086 5031
f 5031 5086 5077
f 5031 5077 5032
f 5086 5079 5077
f 5029 5028 5301
f 5301 5028 5027
f 5301 5027 5026
f 5026 5025 5301
f 5301 5025 5024
f 5301 5024 5023
f 5023 5022 5301
f 5301 5022 5021
f 5301 5021 5020
f 5020 5019 5301
f 5301 5019 5018
f 5301 5018 5017
f 5017 5016 5301
f 5301 5016 5015
f 5301 5015 5014
f 5014 5013 5301
f 5301 5013 5012
f 5301 5012 5011
f 5011 5010 5301
f 5008 5007 5296
f 5296 5007 5006
f 5296 5006 5005
f 5005 5004 5296
f 5296 5004 5003
f 5296 5003 5002
f 5002 5001 5296
f 5296 5001 5000
f 5296 5000 4999
f 4999 4998 5296
f 5296 4998 4997
f 5296 4997 4996
f 4996 4995 5296
f 5296 4995 4994
f 5296 4994 4993
f 4993 4992 5296
f 5296 4992 4991
f 4990 4989 5081
f 5081 4989 4984
f 5081 4984 4983
f 4989 4987 4984
f 6088 6089 5296
f 5296 6089 5297
f 6089 5600 5297
f 5297 5600 5298
f 5990 6090 5936
f 5936 6090 6091
f 5936 6091 6092
f 6090 5990 5311
f 5311 5990 5989
f 5311 5989 5988
f 5988 5987 5311
f 5311 5987 5986
f 5311 5986 5985
f 5311 5985 5302
f 5302 5985 5984
f 5302 5984 5983
f 5983 5982 5302
f 5302 5982 5981
f 5302 5981 5980
f 5980 5979 5302
f 5302 5979 6088
f 6088 5979 5978
f 6088 5978 5977
f 5977 5976 6088
f 6088 5976 5975
f 6088 5975 5974
f 5974 5973 6088
f 6088 5973 5972
f 6088 5972 5971
f 5971 5970 6088
f 6088 5970 5969
f 6088 5969 6089
f 6089 5969 5968
f 6089 5968 5967
f 5967 5966 6089
f 6089 5966 5965
f 6089 5965 5964
f 5964 5963 6089
f 6089 5963 5962
f 6089 5962 5961
f 5961 5960 6089
f 6089 5960 5600
f 5600 5960 5959
f 5600 5959 5958
f 5958 5957 5600
f 5600 5957 5956
f 5600 5956 5955
f 5955 5954 5600
f 5600 5954 5953
f 5600 5953 5601
f 5601 5953 5952
f 5601 5952 5951
f 5951 5950 5601
f 5601 5950 5949
f 5601 5949 6107
f 6107 5949 6106
f 6106 5949 5948
f 6106 5948 6105
f 6105 5948 5947
f 6105 5947 6104
f 6104 5947 5946
f 6104 5946 6103
f 6103 5946 5945
f 6103 5945 6102
f 6102 5945 5944
f 6102 5944 6101
f 6101 5944 6100
f 6100 5944 5943
f 6100 5943 6099
f 6099 5943 5942
f 6099 5942 6098
f 6098 5942 5941
f 6098 5941 6097
f 6097 5941 5940
f 6097 5940 6096
f 6096 5940 6095
f 6095 5940 5939
f 6095 5939 6094
f 6094 5939 5938
f 6094 5938 6093
f 6093 5938 5937
f 6093 5937 6092
f 6092 5937 5936
f 5598 6108 5599
f 5599 6108 6109
f 6108 6110 6109
f 6109 6110 6111
f 6110 5461 6111
f 6111 5461 5460
f 5607 5606 6110
f 6110 5606 5660
f 6110 5660 5659
f 5659 5658 6110
f 6110 5658 5657
f 6110 5657 5656
f 6110 5656 5461
f 5461 5656 5655
f 5461 5655 5654
f 5654 5653 5461
f 5461 5653 5652
f 5461 5652 5651
f 5651 5650 5461
f 5461 5650 5462
f 5462 5650 5649
f 5462 5649 5648
f 5648 5647 5462
f 5462 5647 6129
f 6129 5647 5646
f 6129 5646 6128
f 6128 5646 6127
f 6127 5646 5645
f 6127 5645 6126
f 6126 5645 5644
f 6126 5644 6125
f 6125 5644 6124
f 6124 5644 5643
f 6124 5643 6123
f 6123 5643 5642
f 6123 5642 6122
f 6122 5642 5641
f 6122 5641 6121
f 6121 5641 6120
f 6120 5641 5640
f 6120 5640 6119
f 6119 5640 5639
f 6119 5639 6118
f 6118 5639 6117
f 6117 5639 5638
f 6117 5638 6116
f 6116 5638 5637
f 6116 5637 6115
f 6115 5637 5636
f 6115 5636 6114
f 6114 5636 5635
f 6114 5635 6113
f 6113 5635 6112
f 6112 5635 5634
f 6112 5634 5597
f 5597 5634 5633
f 5597 5633 5632
f 5632 5631 5597
f 5597 5631 5630
f 5597 5630 5629
f 5597 5629 5598
f 5598 5629 5628
f 5598 5628 5627
f 5627 5626 5598
f 5598 5626 5625
f 5598 5625 5624
f 5624 5623 5598
f 5598 5623 5622
f 5598 5622 5621
f 5598 5621 6108
f 6108 5621 5620
f 6108 5620 5619
f 5619 5618 6108
f 6108 5618 5617
f 6108 5617 5616
f 5616 5615 6108
f 6108 5615 5614
f 6108 5614 5613
f 5613 5612 6108
f 6108 5612 5611
f 6108 5611 6110
f 6110 5611 5610
f 6110 5610 5609
f 5609 5608 6110
f 6110 5608 5607
f 5460 5459 6111
f 6111 5459 5592
f 6111 5592 5591
f 5591 5590 6111
f 6111 5590 5589
f 6111 5589 5588
f 5588 5587 6111
f 6111 5587 5586
f 6111 5586 5585
f 5585 5584 6111
f 6111 5584 5583
f 6111 5583 5582
f 5582 5581 6111
f 6111 5581 5580
f 6111 5580 5579
f 5579 5578 6111
f 6111 5578 5577
f 6111 5577 5576
f 5576 5575 6111
f 6111 5575 5574
f 6111 5574 6109
f 6109 5574 5599
f 5595 5594 6147
f 6147 5594 6087
f 6147 6087 6146
f 6146 6087 6086
f 6146 6086 6145
f 6145 6086 6085
f 6145 6085 6144
f 6144 6085 6084
f 6144 6084 6143
f 6143 6084 6083
f 6143 6083 6142
f 6142 6083 6082
f 6142 6082 6141
f 6141 6082 6081
f 6141 6081 6140
f 6140 6081 6080
f 6140 6080 6139
f 6139 6080 6079
f 6139 6079 6138
f 6138 6079 6078
f 6138 6078 6137
f 6137 6078 6077
f 6137 6077 6136
f 6136 6077 6076
f 6136 6076 6135
f 6135 6076 6075
f 6135 6075 6134
f 6134 6075 6074
f 6134 6074 6133
f 6133 6074 6073
f 6133 6073 6132
f 6132 6073 6072
f 6132 6072 6131
f 6131 6072 6071
f 6131 6071 6130
f 6130 6071 6070
f 6130 6070 5603
f 5603 6070 5604
f 5715 5799 5661
f 5661 5799 5798
f 5661 5798 5662
f 5662 5798 5797
f 5662 5797 5663
f 5663 5797 5796
f 5663 5796 5664
f 5664 5796 5795
f 5664 5795 5665
f 5665 5795 5794
f 5665 5794 5666
f 5666 5794 5793
f 5666 5793 5667
f 5667 5793 5792
f 5667 5792 5463
f 5463 5792 5464
f 5464 5792 5791
f 5464 5791 5790
f 5799 5715 5800
f 5800 5715 5714
f 5800 5714 5801
f 5801 5714 5713
f 5801 5713 5802
f 5802 5713 5712
f 5802 5712 5803
f 5803 5712 5711
f 5803 5711 5804
f 5804 5711 5710
f 5804 5710 5805
f 5805 5710 5709
f 5805 5709 5806
f 5806 5709 6011
f 5806 6011 5807
f 5807 6011 6010
f 5807 6010 5808
f 5808 6010 6009
f 5808 6009 5809
f 5809 6009 6008
f 5809 6008 5810
f 5810 6008 6007
f 5810 6007 5811
f 5811 6007 6006
f 5811 6006 5812
f 5812 6006 6005
f 5812 6005 6004
f 6011 5709 5888
f 5888 5709 5708
f 5888 5708 5889
f 5889 5708 5707
f 5889 5707 5890
f 5890 5707 5706
f 5890 5706 5891
f 5891 5706 5705
f 5891 5705 5892
f 5892 5705 5704
f 5892 5704 5893
f 5893 5704 5703
f 5893 5703 5894
f 5894 5703 5702
f 5894 5702 5895
f 5895 5702 5896
f 5896 5702 5701
f 5896 5701 5897
f 5897 5701 5700
f 5897 5700 5898
f 5898 5700 5699
f 5898 5699 5698
f 5898 5698 5899
f 5899 5698 5697
f 5899 5697 5900
f 5900 5697 5595
f 5900 5595 5901
f 5901 5595 5902
f 5902 5595 5903
f 5903 5595 5904
f 5904 5595 5905
f 5905 5595 5906
f 5906 5595 5907
f 5907 5595 6147
f 5907 6147 5908
f 5908 6147 6146
f 5908 6146 5909
f 5909 6146 6145
f 5909 6145 5910
f 5910 6145 6144
f 5910 6144 6143
f 5697 5696 5595
f 5595 5696 5596
f 5596 5696 5695
f 5596 5695 5694
f 5694 5693 5596
f 5596 5693 5692
f 5596 5692 5691
f 5691 5690 5596
f 5596 5690 5689
f 5596 5689 5688
f 5596 5688 6201
f 6201 5688 5687
f 6201 5687 6200
f 6200 5687 5686
f 6200 5686 6199
f 6199 5686 6198
f 6198 5686 5685
f 6198 5685 6197
f 6197 5685 5684
f 6197 5684 6196
f 6196 5684 5683
f 6196 5683 6195
f 6195 5683 6194
f 6194 5683 5682
f 6194 5682 6193
f 6193 5682 5681
f 6193 5681 6192
f 6192 5681 5680
f 6192 5680 6191
f 6191 5680 6190
f 6190 5680 5679
f 6190 5679 6189
f 6189 5679 5678
f 6189 5678 6188
f 6188 5678 6187
f 6187 5678 5677
f 6187 5677 6186
f 6186 5677 5676
f 6186 5676 6185
f 6185 5676 6184
f 6184 5676 5675
f 6184 5675 5463
f 5463 5675 5674
f 5463 5674 5673
f 5673 5672 5463
f 5463 5672 5671
f 5463 5671 5670
f 5670 5669 5463
f 5463 5669 5668
f 5463 5668 5667
f 5825 5309 5771
f 5771 5309 6166
f 5771 6166 5772
f 5772 6166 6167
f 5772 6167 5773
f 5773 6167 6168
f 5773 6168 5774
f 5774 6168 6169
f 5774 6169 5775
f 5775 6169 6170
f 5775 6170 6171
f 5825 5824 5309
f 5309 5824 5823
f 5309 5823 5822
f 5822 5821 5309
f 5309 5821 5820
f 5309 5820 5819
f 5819 5818 5309
f 5309 5818 5310
f 5310 5818 5817
f 5310 5817 6000
f 6000 5817 6001
f 6001 5817 5816
f 6001 5816 5815
f 6001 5815 6002
f 6002 5815 5814
f 6002 5814 6003
f 6003 5814 5813
f 6003 5813 6004
f 6004 5813 5812
f 5790 5789 5464
f 5464 5789 5788
f 5464 5788 5787
f 5787 5786 5464
f 5464 5786 5785
f 5464 5785 5784
f 5783 6182 5784
f 5784 6182 6183
f 5784 6183 5464
f 5782 6180 5783
f 5783 6180 6181
f 5783 6181 6182
f 6180 5782 6179
f 6179 5782 5781
f 6179 5781 6178
f 6178 5781 6177
f 6177 5781 5780
f 6177 5780 6176
f 6176 5780 5779
f 6176 5779 6175
f 6175 5779 5778
f 6175 5778 6174
f 6174 5778 6173
f 6173 5778 5777
f 6173 5777 6172
f 6172 5777 5776
f 6172 5776 6171
f 6171 5776 5775
f 5935 6019 5881
f 5881 6019 6018
f 5881 6018 5882
f 5882 6018 6017
f 5882 6017 5883
f 5883 6017 6016
f 5883 6016 5884
f 5884 6016 6015
f 5884 6015 5885
f 5885 6015 6014
f 5885 6014 5886
f 5886 6014 6013
f 5886 6013 5887
f 5887 6013 6012
f 5887 6012 5888
f 5888 6012 6011
f 6019 5935 6020
f 6020 5935 5934
f 6020 5934 6021
f 6021 5934 5933
f 6021 5933 6022
f 6022 5933 5932
f 6022 5932 6023
f 6023 5932 5931
f 6023 5931 6024
f 6024 5931 5930
f 6024 5930 6025
f 6025 5930 5929
f 6025 5929 5602
f 5602 5929 5603
f 5603 5929 5928
f 5603 5928 5927
f 5927 5926 5603
f 5603 5926 5925
f 5603 5925 5924
f 5924 5923 5603
f 5603 5923 5922
f 5603 5922 6130
f 6130 5922 5921
f 6130 5921 6131
f 6131 5921 5920
f 6131 5920 6132
f 6132 5920 5919
f 6132 5919 6133
f 6133 5919 6134
f 6134 5919 5918
f 6134 5918 6135
f 6135 5918 5917
f 6135 5917 6136
f 6136 5917 5916
f 6136 5916 6137
f 6137 5916 5915
f 6137 5915 6138
f 6138 5915 6139
f 6139 5915 5914
f 6139 5914 6140
f 6140 5914 5913
f 6140 5913 6141
f 6141 5913 5912
f 6141 5912 6142
f 6142 5912 5911
f 6142 5911 6143
f 6143 5911 5910
f 6045 6163 5991
f 5991 6163 6164
f 5991 6164 6165
f 6163 6045 6162
f 6162 6045 6044
f 6162 6044 6161
f 6161 6044 6043
f 6161 6043 6160
f 6160 6043 6042
f 6160 6042 6159
f 6159 6042 6158
f 6158 6042 6041
f 6158 6041 6157
f 6157 6041 6040
f 6157 6040 6156
f 6156 6040 6039
f 6156 6039 6155
f 6155 6039 6038
f 6155 6038 6154
f 6154 6038 6037
f 6154 6037 6153
f 6153 6037 6152
f 6152 6037 6036
f 6152 6036 6151
f 6151 6036 6035
f 6151 6035 6150
f 6150 6035 6034
f 6150 6034 6149
f 6149 6034 6033
f 6149 6033 6148
f 6148 6033 5602
f 5602 6033 6032
f 5602 6032 6031
f 6031 6030 5602
f 5602 6030 6029
f 5602 6029 6028
f 6028 6027 5602
f 5602 6027 6026
f 5602 6026 6025
f 6000 5999 5310
f 5310 5999 5998
f 5310 5998 5997
f 5997 5996 5310
f 5310 5996 5995
f 5310 5995 5994
f 5994 5993 5310
f 5310 5993 5992
f 5310 5992 6165
f 6165 5992 5991
f 5463 5462 6184
f 6184 5462 6129
f 6184 6129 6185
f 6185 6129 6128
f 6185 6128 6186
f 6186 6128 6127
f 6186 6127 6187
f 6187 6127 6126
f 6187 6126 6188
f 6188 6126 6125
f 6188 6125 6189
f 6189 6125 6124
f 6189 6124 6190
f 6190 6124 6123
f 6190 6123 6191
f 6191 6123 6122
f 6191 6122 6192
f 6192 6122 6121
f 6192 6121 6193
f 6193 6121 6120
f 6193 6120 6194
f 6194 6120 6119
f 6194 6119 6195
f 6195 6119 6118
f 6195 6118 6196
f 6196 6118 6117
f 6196 6117 6197
f 6197 6117 6116
f 6197 6116 6198
f 6198 6116 6115
f 6198 6115 6199
f 6199 6115 6114
f 6199 6114 6200
f 6200 6114 6113
f 6200 6113 6201
f 6201 6113 6112
f 6201 6112 5596
f 5596 6112 5597
f 5238 5128 5187
f 5187 5128 5127
f 5130 5129 5295
f 5295 5129 5237
f 5238 5187 5239
f 5239 5187 5186
f 5239 5186 5240
f 5240 5186 5185
f 5240 5185 5241
f 5241 5185 5184
f 5241 5184 5242
f 5242 5184 5183
f 5242 5183 5243
f 5243 5183 5182
f 5243 5182 5244
f 5244 5182 5181
f 5244 5181 5245
f 5245 5181 5180
f 5245 5180 5246
f 5246 5180 5179
f 5246 5179 5247
f 5247 5179 5178
f 5247 5178 5248
f 5248 5178 5177
f 5248 5177 5249
f 5249 5177 5176
f 5249 5176 5250
f 5250 5176 5175
f 5250 5175 5251
f 5251 5175 5174
f 5251 5174 5252
f 5252 5174 5173
f 5252 5173 5253
f 5253 5173 5172
f 5253 5172 5254
f 5254 5172 5171
f 5254 5171 5255
f 5255 5171 5170
f 5255 5170 5256
f 5256 5170 5169
f 5256 5169 5257
f 5257 5169 5168
f 5257 5168 5258
f 5258 5168 5167
f 5258 5167 5259
f 5259 5167 5166
f 5259 5166 5260
f 5260 5166 5165
f 5260 5165 5261
f 5261 5165 5164
f 5261 5164 5262
f 5262 5164 5163
f 5262 5163 5263
f 5263 5163 5162
f 5263 5162 5264
f 5264 5162 5161
f 5264 5161 5265
f 5265 5161 5160
f 5265 5160 5266
f 5266 5160 5159
f 5266 5159 5267
f 5267 5159 5158
f 5267 5158 5268
f 5268 5158 5157
f 5268 5157 5269
f 5269 5157 5156
f 5269 5156 5270
f 5270 5156 5155
f 5270 5155 5271
f 5271 5155 5154
f 5271 5154 5272
f 5272 5154 5153
f 5272 5153 5273
f 5273 5153 5152
f 5273 5152 5274
f 5274 5152 5151
f 5274 5151 5275
f 5275 5151 5150
f 5275 5150 5276
f 5276 5150 5149
f 5276 5149 5277
f 5277 5149 5148
f 5277 5148 5278
f 5278 5148 5147
f 5278 5147 5279
f 5279 5147 5146
f 5279 5146 5280
f 5280 5146 5145
f 5280 5145 5281
f 5281 5145 5144
f 5281 5144 5282
f 5282 5144 5143
f 5282 5143 5283
f 5283 5143 5142
f 5283 5142 5284
f 5284 5142 5141
f 5284 5141 5285
f 5285 5141 5140
f 5285 5140 5286
f 5286 5140 5139
f 5286 5139 5287
f 5287 5139 5138
f 5287 5138 5288
f 5288 5138 5137
f 5288 5137 5289
f 5289 5137 5136
f 5289 5136 5290
f 5290 5136 5135
f 5290 5135 5291
f 5291 5135 5134
f 5291 5134 5292
f 5292 5134 5133
f 5292 5133 5293
f 5293 5133 5132
f 5293 5132 5294
f 5294 5132 5131
f 5294 5131 5295
f 5295 5131 5130
f 5602 5601 6148
f 6148 5601 6107
f 6148 6107 6149
f 6149 6107 6106
f 6149 6106 6150
f 6150 6106 6105
f 6150 6105 6151
f 6151 6105 6104
f 6151 6104 6152
f 6152 6104 6103
f 6152 6103 6153
f 6153 6103 6102
f 6153 6102 6154
f 6154 6102 6101
f 6154 6101 6155
f 6155 6101 6100
f 6155 6100 6156
f 6156 6100 6099
f 6156 6099 6157
f 6157 6099 6098
f 6157 6098 6158
f 6158 6098 6097
f 6158 6097 6159
f 6159 6097 6096
f 6159 6096 6160
f 6160 6096 6095
f 6160 6095 6161
f 6161 6095 6094
f 6161 6094 6162
f 6162 6094 6093
f 6162 6093 6163
f 6163 6093 6092
f 6163 6092 6164
f 6164 6092 6091
f 6164 6091 6165
f 6165 6091 6090
f 6165 6090 5310
f 5310 6090 5311
f 5309 5308 6166
f 6166 5308 6067
f 6166 6067 6167
f 6167 6067 6066
f 6167 6066 6168
f 6168 6066 6065
f 6168 6065 6169
f 6169 6065 6064
f 6169 6064 6170
f 6170 6064 6063
f 6170 6063 6171
f 6171 6063 6062
f 6171 6062 6172
f 6172 6062 6061
f 6172 6061 6173
f 6173 6061 6060
f 6173 6060 6174
f 6174 6060 6059
f 6174 6059 6175
f 6175 6059 6058
f 6175 6058 6176
f 6176 6058 6057
f 6176 6057 6177
f 6177 6057 6056
f 6177 6056 6178
f 6178 6056 6055
f 6178 6055 6179
f 6179 6055 6054
f 6179 6054 6180
f 6180 6054 6053
f 6180 6053 6181
f 6181 6053 6052
f 6181 6052 6182
f 6182 6052 6051
f 6182 6051 6183
f 6183 6051 6050
f 6183 6050 5464
f 5464 6050 5465
f 6203 6315 6202
f 6202 6315 6312
f 6202 6312 6256
f 6256 6312 6474
f 6256 6474 6255
f 6255 6474 6471
f 6255 6471 6254
f 6254 6471 6468
f 6254 6468 6253
f 6253 6468 6465
f 6253 6465 6252
f 6252 6465 6462
f 6252 6462 6251
f 6251 6462 6459
f 6251 6459 6250
f 6250 6459 6456
f 6250 6456 6249
f 6249 6456 6453
f 6249 6453 6248
f 6248 6453 6450
f 6248 6450 6247
f 6247 6450 6447
f 6247 6447 6246
f 6246 6447 6444
f 6246 6444 6245
f 6245 6444 6441
f 6245 6441 6244
f 6244 6441 6438
f 6244 6438 6243
f 6243 6438 6435
f 6243 6435 6242
f 6242 6435 6432
f 6242 6432 6241
f 6241 6432 6429
f 6241 6429 6240
f 6240 6429 6426
f 6240 6426 6239
f 6239 6426 6423
f 6239 6423 6238
f 6238 6423 6420
f 6238 6420 6237
f 6237 6420 6417
f 6237 6417 6236
f 6236 6417 6414
f 6236 6414 6235
f 6235 6414 6411
f 6235 6411 6234
f 6234 6411 6408
f 6234 6408 6233
f 6233 6408 6405
f 6233 6405 6232
f 6232 6405 6402
f 6232 6402 6231
f 6231 6402 6399
f 6231 6399 6230
f 6230 6399 6396
f 6230 6396 6229
f 6229 6396 6393
f 6229 6393 6228
f 6228 6393 6390
f 6228 6390 6227
f 6227 6390 6387
f 6227 6387 6226
f 6226 6387 6384
f 6226 6384 6225
f 6225 6384 6381
f 6225 6381 6224
f 6224 6381 6378
f 6224 6378 6223
f 6223 6378 6375
f 6223 6375 6222
f 6222 6375 6372
f 6222 6372 6221
f 6221 6372 6369
f 6221 6369 6220
f 6220 6369 6366
f 6220 6366 6219
f 6219 6366 6363
f 6219 6363 6218
f 6218 6363 6360
f 6218 6360 6217
f 6217 6360 6357
f 6217 6357 6216
f 6216 6357 6354
f 6216 6354 6215
f 6215 6354 6351
f 6215 6351 6214
f 6214 6351 6348
f 6214 6348 6213
f 6213 6348 6345
f 6213 6345 6212
f 6212 6345 6342
f 6212 6342 6211
f 6211 6342 6339
f 6211 6339 6210
f 6210 6339 6336
f 6210 6336 6209
f 6209 6336 6333
f 6209 6333 6208
f 6208 6333 6330
f 6208 6330 6207
f 6207 6330 6327
f 6207 6327 6206
f 6206 6327 6324
f 6206 6324 6205
f 6205 6324 6321
f 6205 6321 6204
f 6204 6321 6318
f 6204 6318 6203
f 6203 6318 6315
f 6258 6476 6257
f 6257 6476 6314
f 6257 6314 6311
f 6311 6314 6317
f 6311 6317 6310
f 6310 6317 6320
f 6310 6320 6309
f 6309 6320 6323
f 6309 6323 6308
f 6308 6323 6326
f 6308 6326 6307
f 6307 6326 6329
f 6307 6329 6306
f 6306 6329 6332
f 6306 6332 6305
f 6305 6332 6335
f 6305 6335 6304
f 6304 6335 6338
f 6304 6338 6303
f 6303 6338 6341
f 6303 6341 6302
f 6302 6341 6344
f 6302 6344 6301
f 6301 6344 6347
f 6301 6347 6300
f 6300 6347 6350
f 6300 6350 6299
f 6299 6350 6353
f 6299 6353 6298
f 6298 6353 6356
f 6298 6356 6297
f 6297 6356 6359
f 6297 6359 6296
f 6296 6359 6362
f 6296 6362 6295
f 6295 6362 6365
f 6295 6365 6294
f 6294 6365 6368
f 6294 6368 6293
f 6293 6368 6371
f 6293 6371 6292
f 6292 6371 6374
f 6292 6374 6291
f 6291 6374 6377
f 6291 6377 6290
f 6290 6377 6380
f 6290 6380 6289
f 6289 6380 6383
f 6289 6383 6288
f 6288 6383 6386
f 6288 6386 6287
f 6287 6386 6389
f 6287 6389 6286
f 6286 6389 6392
f 6286 6392 6285
f 6285 6392 6395
f 6285 6395 6284
f 6284 6395 6398
f 6284 6398 6283
f 6283 6398 6401
f 6283 6401 6282
f 6282 6401 6404
f 6282 6404 6281
f 6281 6404 6407
f 6281 6407 6280
f 6280 6407 6410
f 6280 6410 6279
f 6279 6410 6413
f 6279 6413 6278
f 6278 6413 6416
f 6278 6416 6277
f 6277 6416 6419
f 6277 6419 6276
f 6276 6419 6422
f 6276 6422 6275
f 6275 6422 6425
f 6275 6425 6274
f 6274 6425 6428
f 6274 6428 6273
f 6273 6428 6431
f 6273 6431 6272
f 6272 6431 6434
f 6272 6434 6271
f 6271 6434 6437
f 6271 6437 6270
f 6270 6437 6440
f 6270 6440 6269
f 6269 6440 6443
f 6269 6443 6268
f 6268 6443 6446
f 6268 6446 6267
f 6267 6446 6449
f 6267 6449 6266
f 6266 6449 6452
f 6266 6452 6265
f 6265 6452 6455
f 6265 6455 6264
f 6264 6455 6458
f 6264 6458 6263
f 6263 6458 6461
f 6263 6461 6262
f 6262 6461 6464
f 6262 6464 6261
f 6261 6464 6467
f 6261 6467 6260
f 6260 6467 6470
f 6260 6470 6259
f 6259 6470 6473
f 6259 6473 6258
f 6258 6473 6476
f 6312 6313 6474
f 6474 6313 6475
f 6474 6475 6471
f 6471 6475 6472
f 6471 6472 6468
f 6468 6472 6469
f 6468 6469 6465
f 6465 6469 6466
f 6465 6466 6462
f 6462 6466 6463
f 6462 6463 6459
f 6459 6463 6460
f 6459 6460 6456
f 6456 6460 6457
f 6456 6457 6453
f 6453 6457 6454
f 6453 6454 6450
f 6450 6454 6451
f 6450 6451 6447
f 6447 6451 6448
f 6447 6448 6444
f 6444 6448 6445
f 6444 6445 6441
f 6441 6445 6442
f 6441 6442 6438
f 6438 6442 6439
f 6438 6439 6435
f 6435 6439 6436
f 6435 6436 6432
f 6432 6436 6433
f 6432 6433 6429
f 6429 6433 6430
f 6429 6430 6426
f 6426 6430 6427
f 6426 6427 6423
f 6423 6427 6424
f 6423 6424 6420
f 6420 6424 6421
f 6420 6421 6417
f 6417 6421 6418
f 6417 6418 6414
f 6414 6418 6415
f 6414 6415 6411
f 6411 6415 6412
f 6411 6412 6408
f 6408 6412 6409
f 6408 6409 6405
f 6405 6409 6406
f 6405 6406 6402
f 6402 6406 6403
f 6402 6403 6399
f 6399 6403 6400
f 6399 6400 6396
f 6396 6400 6397
f 6396 6397 6393
f 6393 6397 6394
f 6393 6394 6390
f 6390 6394 6391
f 6390 6391 6387
f 6387 6391 6388
f 6387 6388 6384
f 6384 6388 6385
f 6384 6385 6381
f 6381 6385 6382
f 6381 6382 6378
f 6378 6382 6379
f 6378 6379 6375
f 6375 6379 6376
f 6375 6376 6372
f 6372 6376 6373
f 6372 6373 6369
f 6369 6373 6370
f 6369 6370 6366
f 6366 6370 6367
f 6366 6367 6363
f 6363 6367 6364
f 6363 6364 6360
f 6360 6364 6361
f 6360 6361 6357
f 6357 6361 6358
f 6357 6358 6354
f 6354 6358 6355
f 6354 6355 6351
f 6351 6355 6352
f 6351 6352 6348
f 6348 6352 6349
f 6348 6349 6345
f 6345 6349 6346
f 6345 6346 6342
f 6342 6346 6343
f 6342 6343 6339
f 6339 6343 6340
f 6339 6340 6336
f 6336 6340 6337
f 6336 6337 6333
f 6333 6337 6334
f 6333 6334 6330
f 6330 6334 6331
f 6330 6331 6327
f 6327 6331 6328
f 6327 6328 6324
f 6324 6328 6325
f 6324 6325 6321
f 6321 6325 6322
f 6321 6322 6318
f 6318 6322 6319
f 6318 6319 6315
f 6315 6319 6316
f 6315 6316 6312
f 6312 6316 6313
f 6313 6314 6475
f 6475 6314 6476
f 6475 6476 6472
f 6472 6476 6473
f 6472 6473 6469
f 6469 6473 6470
f 6469 6470 6466
f 6466 6470 6467
f 6466 6467 6463
f 6463 6467 6464
f 6463 6464 6460
f 6460 6464 6461
f 6460 6461 6457
f 6457 6461 6458
f 6457 6458 6454
f 6454 6458 6455
f 6454 6455 6451
f 6451 6455 6452
f 6451 6452 6448
f 6448 6452 6449
f 6448 6449 6445
f 6445 6449 6446
f 6445 6446 6442
f 6442 6446 6443
f 6442 6443 6439
f 6439 6443 6440
f 6439 6440 6436
f 6436 6440 6437
f 6436 6437 6433
f 6433 6437 6434
f 6433 6434 6430
f 6430 6434 6431
f 6430 6431 6427
f 6427 6431 6428
f 6427 6428 6424
f 6424 6428 6425
f 6424 6425 6421
f 6421 6425 6422
f 6421 6422 6418
f 6418 6422 6419
f 6418 6419 6415
f 6415 6419 6416
f 6415 6416 6412
f 6412 6416 6413
f 6412 6413 6409
f 6409 6413 6410
f 6409 6410 6406
f 6406 6410 6407
f 6406 6407 6403
f 6403 6407 6404
f 6403 6404 6400
f 6400 6404 6401
f 6400 6401 6397
f 6397 6401 6398
f 6397 6398 6394
f 6394 6398 6395
f 6394 6395 6391
f 6391 6395 6392
f 6391 6392 6388
f 6388 6392 6389
f 6388 6389 6385
f 6385 6389 6386
f 6385 6386 6382
f 6382 6386 6383
f 6382 6383 6379
f 6379 6383 6380
f 6379 6380 6376
f 6376 6380 6377
f 6376 6377 6373
f 6373 6377 6374
f 6373 6374 6370
f 6370 6374 6371
f 6370 6371 6367
f 6367 6371 6368
f 6367 6368 6364
f 6364 6368 6365
f 6364 6365 6361
f 6361 6365 6362
f 6361 6362 6358
f 6358 6362 6359
f 6358 6359 6355
f 6355 6359 6356
f 6355 6356 6352
f 6352 6356 6353
f 6352 6353 6349
f 6349 6353 6350
f 6349 6350 6346
f 6346 6350 6347
f 6346 6347 6343
f 6343 6347 6344
f 6343 6344 6340
f 6340 6344 6341
f 6340 6341 6337
f 6337 6341 6338
f 6337 6338 6334
f 6334 6338 6335
f 6334 6335 6331
f 6331 6335 6332
f 6331 6332 6328
f 6328 6332 6329
f 6328 6329 6325
f 6325 6329 6326
f 6325 6326 6322
f 6322 6326 6323
f 6322 6323 6319
f 6319 6323 6320
f 6319 6320 6316
f 6316 6320 6317
f 6316 6317 6313
f 6313 6317 6314
f 6478 6590 6477
f 6477 6590 6587
f 6477 6587 6531
f 6531 6587 6749
f 6531 6749 6530
f 6530 6749 6746
f 6530 6746 6529
f 6529 6746 6743
f 6529 6743 6528
f 6528 6743 6740
f 6528 6740 6527
f 6527 6740 6737
f 6527 6737 6526
f 6526 6737 6734
f 6526 6734 6525
f 6525 6734 6731
f 6525 6731 6524
f 6524 6731 6728
f 6524 6728 6523
f 6523 6728 6725
f 6523 6725 6522
f 6522 6725 6722
f 6522 6722 6521
f 6521 6722 6719
f 6521 6719 6520
f 6520 6719 6716
f 6520 6716 6519
f 6519 6716 6713
f 6519 6713 6518
f 6518 6713 6710
f 6518 6710 6517
f 6517 6710 6707
f 6517 6707 6516
f 6516 6707 6704
f 6516 6704 6515
f 6515 6704 6701
f 6515 6701 6514
f 6514 6701 6698
f 6514 6698 6513
f 6513 6698 6695
f 6513 6695 6512
f 6512 6695 6692
f 6512 6692 6511
f 6511 6692 6689
f 6511 6689 6510
f 6510 6689 6686
f 6510 6686 6509
f 6509 6686 6683
f 6509 6683 6508
f 6508 6683 6680
f 6508 6680 6507
f 6507 6680 6677
f 6507 6677 6506
f 6506 6677 6674
f 6506 6674 6505
f 6505 6674 6671
f 6505 6671 6504
f 6504 6671 6668
f 6504 6668 6503
f 6503 6668 6665
f 6503 6665 6502
f 6502 6665 6662
f 6502 6662 6501
f 6501 6662 6659
f 6501 6659 6500
f 6500 6659 6656
f 6500 6656 6499
f 6499 6656 6653
f 6499 6653 6498
f 6498 6653 6650
f 6498 6650 6497
f 6497 6650 6647
f 6497 6647 6496
f 6496 6647 6644
f 6496 6644 6495
f 6495 6644 6641
f 6495 6641 6494
f 6494 6641 6638
f 6494 6638 6493
f 6493 6638 6635
f 6493 6635 6492
f 6492 6635 6632
f 6492 6632 6491
f 6491 6632 6629
f 6491 6629 6490
f 6490 6629 6626
f 6490 6626 6489
f 6489 6626 6623
f 6489 6623 6488
f 6488 6623 6620
f 6488 6620 6487
f 6487 6620 6617
f 6487 6617 6486
f 6486 6617 6614
f 6486 6614 6485
f 6485 6614 6611
f 6485 6611 6484
f 6484 6611 6608
f 6484 6608 6483
f 6483 6608 6605
f 6483 6605 6482
f 6482 6605 6602
f 6482 6602 6481
f 6481 6602 6599
f 6481 6599 6480
f 6480 6599 6596
f 6480 6596 6479
f 6479 6596 6593
f 6479 6593 6478
f 6478 6593 6590
f 6533 6751 6532
f 6532 6751 6589
f 6532 6589 6586
f 6586 6589 6592
f 6586 6592 6585
f 6585 6592 6595
f 6585 6595 6584
f 6584 6595 6598
f 6584 6598 6583
f 6583 6598 6601
f 6583 6601 6582
f 6582 6601 6604
f 6582 6604 6581
f 6581 6604 6607
f 6581 6607 6580
f 6580 6607 6610
f 6580 6610 6579
f 6579 6610 6613
f 6579 6613 6578
f 6578 6613 6616
f 6578 6616 6577
f 6577 6616 6619
f 6577 6619 6576
f 6576 6619 6622
f 6576 6622 6575
f 6575 6622 6625
f 6575 6625 6574
f 6574 6625 6628
f 6574 6628 6573
f 6573 6628 6631
f 6573 6631 6572
f 6572 6631 6634
f 6572 6634 6571
f 6571 6634 6637
f 6571 6637 6570
f 6570 6637 6640
f 6570 6640 6569
f 6569 6640 6643
f 6569 6643 6568
f 6568 6643 6646
f 6568 6646 6567
f 6567 6646 6649
f 6567 6649 6566
f 6566 6649 6652
f 6566 6652 6565
f 6565 6652 6655
f 6565 6655 6564
f 6564 6655 6658
f 6564 6658 6563
f 6563 6658 6661
f 6563 6661 6562
f 6562 6661 6664
f 6562 6664 6561
f 6561 6664 6667
f 6561 6667 6560
f 6560 6667 6670
f 6560 6670 6559
f 6559 6670 6673
f 6559 6673 6558
f 6558 6673 6676
f 6558 6676 6557
f 6557 6676 6679
f 6557 6679 6556
f 6556 6679 6682
f 6556 6682 6555
f 6555 6682 6685
f 6555 6685 6554
f 6554 6685 6688
f 6554 6688 6553
f 6553 6688 6691
f 6553 6691 6552
f 6552 6691 6694
f 6552 6694 6551
f 6551 6694 6697
f 6551 6697 6550
f 6550 6697 6700
f 6550 6700 6549
f 6549 6700 6703
f 6549 6703 6548
f 6548 6703 6706
f 6548 6706 6547
f 6547 6706 6709
f 6547 6709 6546
f 6546 6709 6712
f 6546 6712 6545
f 6545 6712 6715
f 6545 6715 6544
f 6544 6715 6718
f 6544 6718 6543
f 6543 6718 6721
f 6543 6721 6542
f 6542 6721 6724
f 6542 6724 6541
f 6541 6724 6727
f 6541 6727 6540
f 6540 6727 6730
f 6540 6730 6539
f 6539 6730 6733
f 6539 6733 6538
f 6538 6733 6736
f 6538 6736 6537
f 6537 6736 6739
f 6537 6739 6536
f 6536 6739 6742
f 6536 6742 6535
f 6535 6742 6745
f 6535 6745 6534
f 6534 6745 6748
f 6534 6748 6533
f 6533 6748 6751
f 6587 6588 6749
f 6749 6588 6750
f 6749 6750 6746
f 6746 6750 6747
f 6746 6747 6743
f 6743 6747 6744
f 6743 6744 6740
f 6740 6744 6741
f 6740 6741 6737
f 6737 6741 6738
f 6737 6738 6734
f 6734 6738 6735
f 6734 6735 6731
f 6731 6735 6732
f 6731 6732 6728
f 6728 6732 6729
f 6728 6729 6725
f 6725 6729 6726
f 6725 6726 6722
f 6722 6726 6723
f 6722 6723 6719
f 6719 6723 6720
f 6719 6720 6716
f 6716 6720 6717
f 6716 6717 6713
f 6713 6717 6714
f 6713 6714 6710
f 6710 6714 6711
f 6710 6711 6707
f 6707 6711 6708
f 6707 6708 6704
f 6704 6708 6705
f 6704 6705 6701
f 6701 6705 6702
f 6701 6702 6698
f 6698 6702 6699
f 6698 6699 6695
f 6695 6699 6696
f 6695 6696 6692
f 6692 6696 6693
f 6692 6693 6689
f 6689 6693 6690
f 6689 6690 6686
f 6686 6690 6687
f 6686 6687 6683
f 6683 6687 6684
f 6683 6684 6680
f 6680 6684 6681
f 6680 6681 6677
f 6677 6681 6678
f 6677 6678 6674
f 6674 6678 6675
f 6674 6675 6671
f 6671 6675 6672
f 6671 6672 6668
f 6668 6672 6669
f 6668 6669 6665
f 6665 6669 6666
f 6665 6666 6662
f 6662 6666 6663
f 6662 6663 6659
f 6659 6663 6660
f 6659 6660 6656
f 6656 6660 6657
f 6656 6657 6653
f 6653 6657 6654
f 6653 6654 6650
f 6650 6654 6651
f 6650 6651 6647
f 6647 6651 6648
f 6647 6648 6644
f 6644 6648 6645
f 6644 6645 6641
f 6641 6645 6642
f 6641 6642 6638
f 6638 6642 6639
f 6638 6639 6635
f 6635 6639 6636
f 6635 6636 6632
f 6632 6636 6633
f 6632 6633 6629
f 6629 6633 6630
f 6629 6630 6626
f 6626 6630 6627
f 6626 6627 6623
f 6623 6627 6624
f 6623 6624 6620
f 6620 6624 6621
f 6620 6621 6617
f 6617 6621 6618
f 6617 6618 6614
f 6614 6618 6615
f 6614 6615 6611
f 6611 6615 6612
f 6611 6612 6608
f 6608 6612 6609
f 6608 6609 6605
f 6605 6609 6606
f 6605 6606 6602
f 6602 6606 6603
f 6602 6603 6599
f 6599 6603 6600
f 6599 6600 6596
f 6596 6600 6597
f 6596 6597 6593
f 6593 6597 6594
f 6593 6594 6590
f 6590 6594 6591
f 6590 6591 6587
f 6587 6591 6588
f 6588 6589 6750
f 6750 6589 6751
f 6750 6751 6747
f 6747 6751 6748
f 6747 6748 6744
f 6744 6748 6745
f 6744 6745 6741
f 6741 6745 6742
f 6741 6742 6738
f 6738 6742 6739
f 6738 6739 6735
f 6735 6739 6736
f 6735 6736 6732
f 6732 6736 6733
f 6732 6733 6729
f 6729 6733 6730
f 6729 6730 6726
f 6726 6730 6727
f 6726 6727 6723
f 6723 6727 6724
f 6723 6724 6720
f 6720 6724 6721
f 6720 6721 6717
f 6717 6721 6718
f 6717 6718 6714
f 6714 6718 6715
f 6714 6715 6711
f 6711 6715 6712
f 6711 6712 6708
f 6708 6712 6709
f 6708 6709 6705
f 6705 6709 6706
f 6705 6706 6702
f 6702 6706 6703
f 6702 6703 6699
f 6699 6703 6700
f 6699 6700 6696
f 6696 6700 6697
f 6696 6697 6693
f 6693 6697 6694
f 6693 6694 6690
f 6690 6694 6691
f 6690 6691 6687
f 6687 6691 6688
f 6687 6688 6684
f 6684 6688 6685
f 6684 6685 6681
f 6681 6685 6682
f 6681 6682 6678
f 6678 6682 6679
f 6678 6679 6675
f 6675 6679 6676
f 6675 6676 6672
f 6672 6676 6673
f 6672 6673 6669
f 6669 6673 6670
f 6669 6670 6666
f 6666 6670 6667
f 6666 6667 6663
f 6663 6667 6664
f 6663 6664 6660
f 6660 6664 6661
f 6660 6661 6657
f 6657 6661 6658
f 6657 6658 6654
f 6654 6658 6655
f 6654 6655 6651
f 6651 6655 6652
f 6651 6652 6648
f 6648 6652 6649
f 6648 6649 6645
f 6645 6649 6646
f 6645 6646 6642
f 6642 6646 6643
f 6642 6643 6639
f 6639 6643 6640
f 6639 6640 6636
f 6636 6640 6637
f 6636 6637 6633
f 6633 6637 6634
f 6633 6634 6630
f 6630 6634 6631
f 6630 6631 6627
f 6627 6631 6628
f 6627 6628 6624
f 6624 6628 6625
f 6624 6625 6621
f 6621 6625 6622
f 6621 6622 6618
f 6618 6622 6619
f 6618 6619 6615
f 6615 6619 6616
f 6615 6616 6612
f 6612 6616 6613
f 6612 6613 6609
f 6609 6613 6610
f 6609 6610 6606
f 6606 6610 6607
f 6606 6607 6603
f 6603 6607 6604
f 6603 6604 6600
f 6600 6604 6601
f 6600 6601 6597
f 6597 6601 6598
f 6597 6598 6594
f 6594 6598 6595
f 6594 6595 6591
f 6591 6595 6592
f 6591 6592 6588
f 6588 6592 6589
f 6753 6865 6752
f 6752 6865 6862
f 6752 6862 6806
f 6806 6862 7024
f 6806 7024 6805
f 6805 7024 7021
f 6805 7021 6804
f 6804 7021 7018
f 6804 7018 6803
f 6803 7018 7015
f 6803 7015 6802
f 6802 7015 7012
f 6802 7012 6801
f 6801 7012 7009
f 6801 7009 6800
f 6800 7009 7006
f 6800 7006 6799
f 6799 7006 7003
f 6799 7003 6798
f 6798 7003 7000
f 6798 7000 6797
f 6797 7000 6997
f 6797 6997 6796
f 6796 6997 6994
f 6796 6994 6795
f 6795 6994 6991
f 6795 6991 6794
f 6794 6991 6988
f 6794 6988 6793
f 6793 6988 6985
f 6793 6985 6792
f 6792 6985 6982
f 6792 6982 6791
f 6791 6982 6979
f 6791 6979 6790
f 6790 6979 6976
f 6790 6976 6789
f 6789 6976 6973
f 6789 6973 6788
f 6788 6973 6970
f 6788 6970 6787
f 6787 6970 6967
f 6787 6967 6786
f 6786 6967 6964
f 6786 6964 6785
f 6785 6964 6961
f 6785 6961 6784
f 6784 6961 6958
f 6784 6958 6783
f 6783 6958 6955
f 6783 6955 6782
f 6782 6955 6952
f 6782 6952 6781
f 6781 6952 6949
f 6781 6949 6780
f 6780 6949 6946
f 6780 6946 6779
f 6779 6946 6943
f 6779 6943 6778
f 6778 6943 6940
f 6778 6940 6777
f 6777 6940 6937
f 6777 6937 6776
f 6776 6937 6934
f 6776 6934 6775
f 6775 6934 6931
f 6775 6931 6774
f 6774 6931 6928
f 6774 6928 6773
f 6773 6928 6925
f 6773 6925 6772
f 6772 6925 6922
f 6772 6922 6771
f 6771 6922 6919
f 6771 6919 6770
f 6770 6919 6916
f 6770 6916 6769
f 6769 6916 6913
f 6769 6913 6768
f 6768 6913 6910
f 6768 6910 6767
f 6767 6910 6907
f 6767 6907 6766
f 6766 6907 6904
f 6766 6904 6765
f 6765 6904 6901
f 6765 6901 6764
f 6764 6901 6898
f 6764 6898 6763
f 6763 6898 6895
f 6763 6895 6762
f 6762 6895 6892
f 6762 6892 6761
f 6761 6892 6889
f 6761 6889 6760
f 6760 6889 6886
f 6760 6886 6759
f 6759 6886 6883
f 6759 6883 6758
f 6758 6883 6880
f 6758 6880 6757
f 6757 6880 6877
f 6757 6877 6756
f 6756 6877 6874
f 6756 6874 6755
f 6755 6874 6871
f 6755 6871 6754
f 6754 6871 6868
f 6754 6868 6753
f 6753 6868 6865
f 6808 7026 6807
f 6807 7026 6864
f 6807 6864 6861
f 6861 6864 6867
f 6861 6867 6860
f 6860 6867 6870
f 6860 6870 6859
f 6859 6870 6873
f 6859 6873 6858
f 6858 6873 6876
f 6858 6876 6857
f 6857 6876 6879
f 6857 6879 6856
f 6856 6879 6882
f 6856 6882 6855
f 6855 6882 6885
f 6855 6885 6854
f 6854 6885 6888
f 6854 6888 6853
f 6853 6888 6891
f 6853 6891 6852
f 6852 6891 6894
f 6852 6894 6851
f 6851 6894 6897
f 6851 6897 6850
f 6850 6897 6900
f 6850 6900 6849
f 6849 6900 6903
f 6849 6903 6848
f 6848 6903 6906
f 6848 6906 6847
f 6847 6906 6909
f 6847 6909 6846
f 6846 6909 6912
f 6846 6912 6845
f 6845 6912 6915
f 6845 6915 6844
f 6844 6915 6918
f 6844 6918 6843
f 6843 6918 6921
f 6843 6921 6842
f 6842 6921 6924
f 6842 6924 6841
f 6841 6924 6927
f 6841 6927 6840
f 6840 6927 6930
f 6840 6930 6839
f 6839 6930 6933
f 6839 6933 6838
f 6838 6933 6936
f 6838 6936 6837
f 6837 6936 6939
f 6837 6939 6836
f 6836 6939 6942
f 6836 6942 6835
f 6835 6942 6945
f 6835 6945 6834
f 6834 6945 6948
f 6834 6948 6833
f 6833 6948 6951
f 6833 6951 6832
f 6832 6951 6954
f 6832 6954 6831
f 6831 6954 6957
f 6831 6957 6830
f 6830 6957 6960
f 6830 6960 6829
f 6829 6960 6963
f 6829 6963 6828
f 6828 6963 6966
f 6828 6966 6827
f 6827 6966 6969
f 6827 6969 6826
f 6826 6969 6972
f 6826 6972 6825
f 6825 6972 6975
f 6825 6975 6824
f 6824 6975 6978
f 6824 6978 6823
f 6823 6978 6981
f 6823 6981 6822
f 6822 6981 6984
f 6822 6984 6821
f 6821 6984 6987
f 6821 6987 6820
f 6820 6987 6990
f 6820 6990 6819
f 6819 6990 6993
f 6819 6993 6818
f 6818 6993 6996
f 6818 6996 6817
f 6817 6996 6999
f 6817 6999 6816
f 6816 6999 7002
f 6816 7002 6815
f 6815 7002 7005
f 6815 7005 6814
f 6814 7005 7008
f 6814 7008 6813
f 6813 7008 7011
f 6813 7011 6812
f 6812 7011 7014
f 6812 7014 6811
f 6811 7014 7017
f 6811 7017 6810
f 6810 7017 7020
f 6810 7020 6809
f 6809 7020 7023
f 6809 7023 6808
f 6808 7023 7026
f 6862 6863 7024
f 7024 6863 7025
f 7024 7025 7021
f 7021 7025 7022
f 7021 7022 7018
f 7018 7022 7019
f 7018 7019 7015
f 7015 7019 7016
f 7015 7016 7012
f 7012 7016 7013
f 7012 7013 7009
f 7009 7013 7010
f 7009 7010 7006
f 7006 7010 7007
f 7006 7007 7003
f 7003 7007 7004
f 7003 7004 7000
f 7000 7004 7001
f 7000 7001 6997
f 6997 7001 6998
f 6997 6998 6994
f 6994 6998 6995
f 6994 6995 6991
f 6991 6995 6992
f 6991 6992 6988
f 6988 6992 6989
f 6988 6989 6985
f 6985 6989 6986
f 6985 6986 6982
f 6982 6986 6983
f 6982 6983 6979
f 6979 6983 6980
f 6979 6980 6976
f 6976 6980 6977
f 6976 6977 6973
f 6973 6977 6974
f 6973 6974 6970
f 6970 6974 6971
f 6970 6971 6967
f 6967 6971 6968
f 6967 6968 6964
f 6964 6968 6965
f 6964 6965 6961
f 6961 6965 6962
f 6961 6962 6958
f 6958 6962 6959
f 6958 6959 6955
f 6955 6959 6956
f 6955 6956 6952
f 6952 6956 6953
f 6952 6953 6949
f 6949 6953 6950
f 6949 6950 6946
f 6946 6950 6947
f 6946 6947 6943
f 6943 6947 6944
f 6943 6944 6940
f 6940 6944 6941
f 6940 6941 6937
f 6937 6941 6938
f 6937 6938 6934
f 6934 6938 6935
f 6934 6935 6931
f 6931 6935 6932
f 6931 6932 6928
f 6928 6932 6929
f 6928 6929 6925
f 6925 6929 6926
f 6925 6926 6922
f 6922 6926 6923
f 6922 6923 6919
f 6919 6923 6920
f 6919 6920 6916
f 6916 6920 6917
f 6916 6917 6913
f 6913 6917 6914
f 6913 6914 6910
f 6910 6914 6911
f 6910 6911 6907
f 6907 6911 6908
f 6907 6908 6904
f 6904 6908 6905
f 6904 6905 6901
f 6901 6905 6902
f 6901 6902 6898
f 6898 6902 6899
f 6898 6899 6895
f 6895 6899 6896
f 6895 6896 6892
f 6892 6896 6893
f 6892 6893 6889
f 6889 6893 6890
f 6889 6890 6886
f 6886 6890 6887
f 6886 6887 6883
f 6883 6887 6884
f 6883 6884 6880
f 6880 6884 6881
f 6880 6881 6877
f 6877 6881 6878
f 6877 6878 6874
f 6874 6878 6875
f 6874 6875 6871
f 6871 6875 6872
f 6871 6872 6868
f 6868 6872 6869
f 6868 6869 6865
f 6865 6869 6866
f 6865 6866 6862
f 6862 6866 6863
f 6863 6864 7025
f 7025 6864 7026
f 7025 7026 7022
f 7022 7026 7023
f 7022 7023 7019
f 7019 7023 7020
f 7019 7020 7016
f 7016 7020 7017
f 7016 7017 7013
f 7013 7017 7014
f 7013 7014 7010
f 7010 7014 7011
f 7010 7011 7007
f 7007 7011 7008
f 7007 7008 7004
f 7004 7008 7005
f 7004 7005 7001
f 7001 7005 7002
f 7001 7002 6998
f 6998 7002 6999
f 6998 6999 6995
f 6995 6999 6996
f 6995 6996 6992
f 6992 6996 6993
f 6992 6993 6989
f 6989 6993 6990
f 6989 6990 6986
f 6986 6990 6987
f 6986 6987 6983
f 6983 6987 6984
f 6983 6984 6980
f 6980 6984 6981
f 6980 6981 6977
f 6977 6981 6978
f 6977 6978 6974
f 6974 6978 6975
f 6974 6975 6971
f 6971 6975 6972
f 6971 6972 6968
f 6968 6972 6969
f 6968 6969 6965
f 6965 6969 6966
f 6965 6966 6962
f 6962 6966 6963
f 6962 6963 6959
f 6959 6963 6960
f 6959 6960 6956
f 6956 6960 6957
f 6956 6957 6953
f 6953 6957 6954
f 6953 6954 6950
f 6950 6954 6951
f 6950 6951 6947
f 6947 6951 6948
f 6947 6948 6944
f 6944 6948 6945
f 6944 6945 6941
f 6941 6945 6942
f 6941 6942 6938
f 6938 6942 6939
f 6938 6939 6935
f 6935 6939 6936
f 6935 6936 6932
f 6932 6936 6933
f 6932 6933 6929
f 6929 6933 6930
f 6929 6930 6926
f 6926 6930 6927
f 6926 6927 6923
f 6923 6927 6924
f 6923 6924 6920
f 6920 6924 6921
f 6920 6921 6917
f 6917 6921 6918
f 6917 6918 6914
f 6914 6918 6915
f 6914 6915 6911
f 6911 6915 6912
f 6911 6912 6908
f 6908 6912 6909
f 6908 6909 6905
f 6905 6909 6906
f 6905 6906 6902
f 6902 6906 6903
f 6902 6903 6899
f 6899 6903 6900
f 6899 6900 6896
f 6896 6900 6897
f 6896 6897 6893
f 6893 6897 6894
f 6893 6894 6890
f 6890 6894 6891
f 6890 6891 6887
f 6887 6891 6888
f 6887 6888 6884
f 6884 6888 6885
f 6884 6885 6881
f 6881 6885 6882
f 6881 6882 6878
f 6878 6882 6879
f 6878 6879 6875
f 6875 6879 6876
f 6875 6876 6872
f 6872 6876 6873
f 6872 6873 6869
f 6869 6873 6870
f 6869 6870 6866
f 6866 6870 6867
f 6866 6867 6863
f 6863 6867 6864
f 7028 7140 7027
f 7027 7140 7137
f 7027 7137 7081
f 7081 7137 7299
f 7081 7299 7080
f 7080 7299 7296
f 7080 7296 7079
f 7079 7296 7293
f 7079 7293 7078
f 7078 7293 7290
f 7078 7290 7077
f 7077 7290 7287
f 7077 7287 7076
f 7076 7287 7284
f 7076 7284 7075
f 7075 7284 7281
f 7075 7281 7074
f 7074 7281 7278
f 7074 7278 7073
f 7073 7278 7275
f 7073 7275 7072
f 7072 7275 7272
f 7072 7272 7071
f 7071 7272 7269
f 7071 7269 7070
f 7070 7269 7266
f 7070 7266 7069
f 7069 7266 7263
f 7069 7263 7068
f 7068 7263 7260
f 7068 7260 7067
f 7067 7260 7257
f 7067 7257 7066
f 7066 7257 7254
f 7066 7254 7065
f 7065 7254 7251
f 7065 7251 7064
f 7064 7251 7248
f 7064 7248 7063
f 7063 7248 7245
f 7063 7245 7062
f 7062 7245 7242
f 7062 7242 7061
f 7061 7242 7239
f 7061 7239 7060
f 7060 7239 7236
f 7060 7236 7059
f 7059 7236 7233
f 7059 7233 7058
f 7058 7233 7230
f 7058 7230 7057
f 7057 7230 7227
f 7057 7227 7056
f 7056 7227 7224
f 7056 7224 7055
f 7055 7224 7221
f 7055 7221 7054
f 7054 7221 7218
f 7054 7218 7053
f 7053 7218 7215
f 7053 7215 7052
f 7052 7215 7212
f 7052 7212 7051
f 7051 7212 7209
f 7051 7209 7050
f 7050 7209 7206
f 7050 7206 7049
f 7049 7206 7203
f 7049 7203 7048
f 7048 7203 7200
f 7048 7200 7047
f 7047 7200 7197
f 7047 7197 7046
f 7046 7197 7194
f 7046 7194 7045
f 7045 7194 7191
f 7045 7191 7044
f 7044 7191 7188
f 7044 7188 7043
f 7043 7188 7185
f 7043 7185 7042
f 7042 7185 7182
f 7042 7182 7041
f 7041 7182 7179
f 7041 7179 7040
f 7040 7179 7176
f 7040 7176 7039
f 7039 7176 7173
f 7039 7173 7038
f 7038 7173 7170
f 7038 7170 7037
f 7037 7170 7167
f 7037 7167 7036
f 7036 7167 7164
f 7036 7164 7035
f 7035 7164 7161
f 7035 7161 7034
f 7034 7161 7158
f 7034 7158 7033
f 7033 7158 7155
f 7033 7155 7032
f 7032 7155 7152
f 7032 7152 7031
f 7031 7152 7149
f 7031 7149 7030
f 7030 7149 7146
f 7030 7146 7029
f 7029 7146 7143
f 7029 7143 7028
f 7028 7143 7140
f 7083 7301 7082
f 7082 7301 7139
f 7082 7139 7136
f 7136 7139 7142
f 7136 7142 7135
f 7135 7142 7145
f 7135 7145 7134
f 7134 7145 7148
f 7134 7148 7133
f 7133 7148 7151
f 7133 7151 7132
f 7132 7151 7154
f 7132 7154 7131
f 7131 7154 7157
f 7131 7157 7130
f 7130 7157 7160
f 7130 7160 7129
f 7129 7160 7163
f 7129 7163 7128
f 7128 7163 7166
f 7128 7166 7127
f 7127 7166 7169
f 7127 7169 7126
f 7126 7169 7172
f 7126 7172 7125
f 7125 7172 7175
f 7125 7175 7124
f 7124 7175 7178
f 7124 7178 7123
f 7123 7178 7181
f 7123 7181 7122
f 7122 7181 7184
f 7122 7184 7121
f 7121 7184 7187
f 7121 7187 7120
f 7120 7187 7190
f 7120 7190 7119
f 7119 7190 7193
f 7119 7193 7118
f 7118 7193 7196
f 7118 7196 7117
f 7117 7196 7199
f 7117 7199 7116
f 7116 7199 7202
f 7116 7202 7115
f 7115 7202 7205
f 7115 7205 7114
f 7114 7205 7208
f 7114 7208 7113
f 7113 7208 7211
f 7113 7211 7112
f 7112 7211 7214
f 7112 7214 7111
f 7111 7214 7217
f 7111 7217 7110
f 7110 7217 7220
f 7110 7220 7109
f 7109 7220 7223
f 7109 7223 7108
f 7108 7223 7226
f 7108 7226 7107
f 7107 7226 7229
f 7107 7229 7106
f 7106 7229 7232
f 7106 7232 7105
f 7105 7232 7235
f 7105 7235 7104
f 7104 7235 7238
f 7104 7238 7103
f 7103 7238 7241
f 7103 7241 7102
f 7102 7241 7244
f 7102 7244 7101
f 7101 7244 7247
f 7101 7247 7100
f 7100 7247 7250
f 7100 7250 7099
f 7099 7250 7253
f 7099 7253 7098
f 7098 7253 7256
f 7098 7256 7097
f 7097 7256 7259
f 7097 7259 7096
f 7096 7259 7262
f 7096 7262 7095
f 7095 7262 7265
f 7095 7265 7094
f 7094 7265 7268
f 7094 7268 7093
f 7093 7268 7271
f 7093 7271 7092
f 7092 7271 7274
f 7092 7274 7091
f 7091 7274 7277
f 7091 7277 7090
f 7090 7277 7280
f 7090 7280 7089
f 7089 7280 7283
f 7089 7283 7088
f 7088 7283 7286
f 7088 7286 7087
f 7087 7286 7289
f 7087 7289 7086
f 7086 7289 7292
f 7086 7292 7085
f 7085 7292 7295
f 7085 7295 7084
f 7084 7295 7298
f 7084 7298 7083
f 7083 7298 7301
f 7137 7138 7299
f 7299 7138 7300
f 7299 7300 7296
f 7296 7300 7297
f 7296 7297 7293
f 7293 7297 7294
f 7293 7294 7290
f 7290 7294 7291
f 7290 7291 7287
f 7287 7291 7288
f 7287 7288 7284
f 7284 7288 7285
f 7284 7285 7281
f 7281 7285 7282
f 7281 7282 7278
f 7278 7282 7279
f 7278 7279 7275
f 7275 7279 7276
f 7275 7276 7272
f 7272 7276 7273
f 7272 7273 7269
f 7269 7273 7270
f 7269 7270 7266
f 7266 7270 7267
f 7266 7267 7263
f 7263 7267 7264
f 7263 7264 7260
f 7260 7264 7261
f 7260 7261 7257
f 7257 7261 7258
f 7257 7258 7254
f 7254 7258 7255
f 7254 7255 7251
f 7251 7255 7252
f 7251 7252 7248
f 7248 7252 7249
f 7248 7249 7245
f 7245 7249 7246
f 7245 7246 7242
f 7242 7246 7243
f 7242 7243 7239
f 7239 7243 7240
f 7239 7240 7236
f 7236 7240 7237
f 7236 7237 7233
f 7233 7237 7234
f 7233 7234 7230
f 7230 7234 7231
f 7230 7231 7227
f 7227 7231 7228
f 7227 7228 7224
f 7224 7228 7225
f 7224 7225 7221
f 7221 7225 7222
f 7221 7222 7218
f 7218 7222 7219
f 7218 7219 7215
f 7215 7219 7216
f 7215 7216 7212
f 7212 7216 7213
f 7212 7213 7209
f 7209 7213 7210
f 7209 7210 7206
f 7206 7210 7207
f 7206 7207 7203
f 7203 7207 7204
f 7203 7204 7200
f 7200 7204 7201
f 7200 7201 7197
f 7197 7201 7198
f 7197 7198 7194
f 7194 7198 7195
f 7194 7195 7191
f 7191 7195 7192
f 7191 7192 7188
f 7188 7192 7189
f 7188 7189 7185
f 7185 7189 7186
f 7185 7186 7182
f 7182 7186 7183
f 7182 7183 7179
f 7179 7183 7180
f 7179 7180 7176
f 7176 7180 7177
f 7176 7177 7173
f 7173 7177 7174
f 7173 7174 7170
f 7170 7174 7171
f 7170 7171 7167
f 7167 7171 7168
f 7167 7168 7164
f 7164 7168 7165
f 7164 7165 7161
f 7161 7165 7162
f 7161 7162 7158
f 7158 7162 7159
f 7158 7159 7155
f 7155 7159 7156
f 7155 7156 7152
f 7152 7156 7153
f 7152 7153 7149
f 7149 7153 7150
f 7149 7150 7146
f 7146 7150 7147
f 7146 7147 7143
f 7143 7147 7144
f 7143 7144 7140
f 7140 7144 7141
f 7140 7141 7137
f 7137 7141 7138
f 7138 7139 7300
f 7300 7139 7301
f 7300 7301 7297
f 7297 7301 7298
f 7297 7298 7294
f 7294 7298 7295
f 7294 7295 7291
f 7291 7295 7292
f 7291 7292 7288
f 7288 7292 7289
f 7288 7289 7285
f 7285 7289 7286
f 7285 7286 7282
f 7282 7286 7283
f 7282 7283 7279
f 7279 7283 7280
f 7279 7280 7276
f 7276 7280 7277
f 7276 7277 7273
f 7273 7277 7274
f 7273 7274 7270
f 7270 7274 7271
f 7270 7271 7267
f 7267 7271 7268
f 7267 7268 7264
f 7264 7268 7265
f 7264 7265 7261
f 7261 7265 7262
f 7261 7262 7258
f 7258 7262 7259
f 7258 7259 7255
f 7255 7259 7256
f 7255 7256 7252
f 7252 7256 7253
f 7252 7253 7249
f 7249 7253 7250
f 7249 7250 7246
f 7246 7250 7247
f 7246 7247 7243
f 7243 7247 7244
f 7243 7244 7240
f 7240 7244 7241
f 7240 7241 7237
f 7237 7241 7238
f 7237 7238 7234
f 7234 7238 7235
f 7234 7235 7231
f 7231 7235 7232
f 7231 7232 7228
f 7228 7232 7229
f 7228 7229 7225
f 7225 7229 7226
f 7225 7226 7222
f 7222 7226 7223
f 7222 7223 7219
f 7219 7223 7220
f 7219 7220 7216
f 7216 7220 7217
f 7216 7217 7213
f 7213 7217 7214
f 7213 7214 7210
f 7210 7214 7211
f 7210 7211 7207
f 7207 7211 7208
f 7207 7208 7204
f 7204 7208 7205
f 7204 7205 7201
f 7201 7205 7202
f 7201 7202 7198
f 7198 7202 7199
f 7198 7199 7195
f 7195 7199 7196
f 7195 7196 7192
f 7192 7196 7193
f 7192 7193 7189
f 7189 7193 7190
f 7189 7190 7186
f 7186 7190 7187
f 7186 7187 7183
f 7183 7187 7184
f 7183 7184 7180
f 7180 7184 7181
f 7180 7181 7177
f 7177 7181 7178
f 7177 7178 7174
f 7174 7178 7175
f 7174 7175 7171
f 7171 7175 7172
f 7171 7172 7168
f 7168 7172 7169
f 7168 7169 7165
f 7165 7169 7166
f 7165 7166 7162
f 7162 7166 7163
f 7162 7163 7159
f 7159 7163 7160
f 7159 7160 7156
f 7156 7160 7157
f 7156 7157 7153
f 7153 7157 7154
f 7153 7154 7150
f 7150 7154 7151
f 7150 7151 7147
f 7147 7151 7148
f 7147 7148 7144
f 7144 7148 7145
f 7144 7145 7141
f 7141 7145 7142
f 7141 7142 7138
f 7138 7142 7139
f 7302 7303 7305
f 7305 7303 7304
f 7306 7302 7307
f 7307 7302 7305
f 7308 7306 7309
f 7309 7306 7307
f 7303 7308 7304
f 7304 7308 7309
f 7081 6780 7027
f 7027 6780 6779
f 7027 6779 7028
f 7028 6779 6778
f 7028 6778 7029
f 7029 6778 6777
f 7029 6777 7030
f 7030 6777 6776
f 7030 6776 7031
f 7031 6776 6775
f 7031 6775 7032
f 7032 6775 6774
f 7032 6774 7033
f 7033 6774 6773
f 7033 6773 7034
f 7034 6773 6772
f 7034 6772 7035
f 7035 6772 6771
f 7035 6771 7036
f 7036 6771 6770
f 7036 6770 7037
f 7037 6770 6769
f 7037 6769 7307
f 7307 6769 7309
f 7309 6769 6768
f 7309 6768 6767
f 6780 7081 6781
f 6781 7081 7080
f 6781 7080 6782
f 6782 7080 7079
f 6782 7079 6783
f 6783 7079 7078
f 6783 7078 6784
f 6784 7078 7077
f 6784 7077 6785
f 6785 7077 7076
f 6785 7076 6786
f 6786 7076 7075
f 6786 7075 6787
f 6787 7075 6222
f 6787 6222 6221
f 6222 7075 6484
f 6484 7075 7074
f 6484 7074 6485
f 6485 7074 6486
f 6486 7074 7073
f 6486 7073 6487
f 6487 7073 7072
f 6487 7072 6488
f 6488 7072 7071
f 6488 7071 6489
f 6489 7071 7070
f 6489 7070 6490
f 6490 7070 7069
f 6490 7069 6491
f 6491 7069 7068
f 6491 7068 7067
f 6491 7067 6492
f 6492 7067 7066
f 6492 7066 6493
f 6493 7066 7065
f 6493 7065 6494
f 6494 7065 7064
f 6494 7064 6495
f 6495 7064 7063
f 6495 7063 6496
f 6496 7063 7062
f 6496 7062 6497
f 6497 7062 7061
f 6497 7061 6498
f 6498 7061 7060
f 6498 7060 6499
f 6499 7060 6500
f 6500 7060 7059
f 6500 7059 7305
f 7305 7059 7058
f 7305 7058 7307
f 7307 7058 7057
f 7307 7057 7056
f 7056 7055 7307
f 7307 7055 7054
f 7307 7054 7053
f 7053 7052 7307
f 7307 7052 7051
f 7307 7051 7050
f 7050 7049 7307
f 7307 7049 7048
f 7307 7048 7047
f 7047 7046 7307
f 7307 7046 7045
f 7307 7045 7044
f 7044 7043 7307
f 7307 7043 7042
f 7307 7042 7041
f 7041 7040 7307
f 7307 7040 7039
f 7307 7039 7038
f 7038 7037 7307
f 6753 6752 7309
f 7309 6752 6806
f 7309 6806 6805
f 6805 6804 7309
f 7309 6804 6803
f 7309 6803 7304
f 7304 6803 6802
f 7304 6802 6207
f 6207 6802 6801
f 6207 6801 6208
f 6208 6801 6209
f 6209 6801 6800
f 6209 6800 6210
f 6210 6800 6799
f 6210 6799 6211
f 6211 6799 6798
f 6211 6798 6212
f 6212 6798 6797
f 6212 6797 6213
f 6213 6797 6796
f 6213 6796 6214
f 6214 6796 6795
f 6214 6795 6215
f 6215 6795 6794
f 6215 6794 6216
f 6216 6794 6793
f 6216 6793 6792
f 6216 6792 6217
f 6217 6792 6791
f 6217 6791 6218
f 6218 6791 6790
f 6218 6790 6219
f 6219 6790 6789
f 6219 6789 6220
f 6220 6789 6788
f 6220 6788 6221
f 6221 6788 6787
f 6767 6766 7309
f 7309 6766 6765
f 7309 6765 6764
f 6764 6763 7309
f 7309 6763 6762
f 7309 6762 6761
f 6761 6760 7309
f 7309 6760 6759
f 7309 6759 6758
f 6758 6757 7309
f 7309 6757 6756
f 7309 6756 6755
f 6755 6754 7309
f 7309 6754 6753
f 6531 6230 6477
f 6477 6230 6229
f 6477 6229 6478
f 6478 6229 6228
f 6478 6228 6479
f 6479 6228 6227
f 6479 6227 6480
f 6480 6227 6226
f 6480 6226 6481
f 6481 6226 6225
f 6481 6225 6482
f 6482 6225 6224
f 6482 6224 6483
f 6483 6224 6223
f 6483 6223 6484
f 6484 6223 6222
f 6230 6531 6231
f 6231 6531 6530
f 6231 6530 6232
f 6232 6530 6529
f 6232 6529 6233
f 6233 6529 6528
f 6233 6528 6234
f 6234 6528 6527
f 6234 6527 6235
f 6235 6527 6526
f 6235 6526 6236
f 6236 6526 6525
f 6236 6525 6237
f 6237 6525 6524
f 6237 6524 6238
f 6238 6524 6523
f 6238 6523 6239
f 6239 6523 6522
f 6239 6522 6240
f 6240 6522 6521
f 6240 6521 7305
f 7305 6521 6520
f 7305 6520 6519
f 6519 6518 7305
f 7305 6518 6517
f 7305 6517 6516
f 6516 6515 7305
f 7305 6515 6514
f 7305 6514 6513
f 6513 6512 7305
f 7305 6512 6511
f 7305 6511 6510
f 6510 6509 7305
f 7305 6509 6508
f 7305 6508 6507
f 6507 6506 7305
f 7305 6506 6505
f 7305 6505 6504
f 6504 6503 7305
f 7305 6503 6502
f 7305 6502 6501
f 6501 6500 7305
f 6203 6202 7304
f 7304 6202 6256
f 7304 6256 6255
f 6255 6254 7304
f 7304 6254 6253
f 7304 6253 6252
f 6252 6251 7304
f 7304 6251 6250
f 7304 6250 6249
f 6249 6248 7304
f 7304 6248 6247
f 7304 6247 6246
f 6246 6245 7304
f 7304 6245 6244
f 7304 6244 6243
f 6243 6242 7304
f 7304 6242 6241
f 7304 6241 7305
f 7305 6241 6240
f 6207 6206 7304
f 7304 6206 6205
f 7304 6205 6204
f 6204 6203 7304
f 7136 6835 7082
f 7082 6835 6834
f 7082 6834 7083
f 7083 6834 6833
f 7083 6833 7084
f 7084 6833 6832
f 7084 6832 7085
f 7085 6832 6831
f 7085 6831 7086
f 7086 6831 6830
f 7086 6830 7087
f 7087 6830 6829
f 7087 6829 7088
f 7088 6829 6828
f 7088 6828 7089
f 7089 6828 6827
f 7089 6827 6580
f 6580 6827 6292
f 6580 6292 6291
f 6835 7136 6836
f 6836 7136 7135
f 6836 7135 6837
f 6837 7135 7134
f 6837 7134 6838
f 6838 7134 7133
f 6838 7133 6839
f 6839 7133 7132
f 6839 7132 6840
f 6840 7132 7131
f 6840 7131 6841
f 6841 7131 7130
f 6841 7130 6842
f 6842 7130 7129
f 6842 7129 6843
f 6843 7129 7128
f 6843 7128 6844
f 6844 7128 7127
f 6844 7127 6845
f 6845 7127 7306
f 6845 7306 7308
f 7127 7126 7306
f 7306 7126 7125
f 7306 7125 7124
f 7124 7123 7306
f 7306 7123 7122
f 7306 7122 7121
f 7121 7120 7306
f 7306 7120 7119
f 7306 7119 7118
f 7118 7117 7306
f 7306 7117 7116
f 7306 7116 7115
f 7115 7114 7306
f 7306 7114 7113
f 7306 7113 7112
f 7112 7111 7306
f 7306 7111 7110
f 7306 7110 7109
f 7109 7108 7306
f 7306 7108 7107
f 7306 7107 7106
f 7306 7106 7302
f 7302 7106 7105
f 7302 7105 6564
f 6564 7105 7104
f 6564 7104 6565
f 6565 7104 6566
f 6566 7104 7103
f 6566 7103 6567
f 6567 7103 7102
f 6567 7102 6568
f 6568 7102 7101
f 6568 7101 6569
f 6569 7101 7100
f 6569 7100 6570
f 6570 7100 7099
f 6570 7099 6571
f 6571 7099 7098
f 6571 7098 6572
f 6572 7098 7097
f 6572 7097 6573
f 6573 7097 7096
f 6573 7096 7095
f 6573 7095 6574
f 6574 7095 7094
f 6574 7094 6575
f 6575 7094 7093
f 6575 7093 6576
f 6576 7093 7092
f 6576 7092 6577
f 6577 7092 7091
f 6577 7091 6578
f 6578 7091 7090
f 6578 7090 6579
f 6579 7090 7089
f 6579 7089 6580
f 6808 6807 7308
f 7308 6807 6861
f 7308 6861 6860
f 6860 6859 7308
f 7308 6859 6858
f 7308 6858 6857
f 6857 6856 7308
f 7308 6856 6855
f 7308 6855 6854
f 6854 6853 7308
f 7308 6853 6852
f 7308 6852 6851
f 6851 6850 7308
f 7308 6850 6849
f 7308 6849 6848
f 6848 6847 7308
f 7308 6847 6846
f 7308 6846 6845
f 6292 6827 6293
f 6293 6827 6826
f 6293 6826 6294
f 6294 6826 6825
f 6294 6825 6295
f 6295 6825 6824
f 6295 6824 6296
f 6296 6824 6823
f 6296 6823 6297
f 6297 6823 6822
f 6297 6822 6298
f 6298 6822 6821
f 6298 6821 6820
f 6298 6820 6299
f 6299 6820 6819
f 6299 6819 6300
f 6300 6819 6818
f 6300 6818 6301
f 6301 6818 6817
f 6301 6817 6302
f 6302 6817 6816
f 6302 6816 6303
f 6303 6816 6815
f 6303 6815 6304
f 6304 6815 6814
f 6304 6814 6305
f 6305 6814 6813
f 6305 6813 6306
f 6306 6813 6307
f 6307 6813 6812
f 6307 6812 7303
f 7303 6812 6811
f 7303 6811 7308
f 7308 6811 6810
f 7308 6810 6809
f 6809 6808 7308
f 6586 6285 6532
f 6532 6285 6284
f 6532 6284 6533
f 6533 6284 6283
f 6533 6283 6534
f 6534 6283 6282
f 6534 6282 6535
f 6535 6282 6281
f 6535 6281 6536
f 6536 6281 6280
f 6536 6280 6537
f 6537 6280 6279
f 6537 6279 6538
f 6538 6279 6278
f 6538 6278 6539
f 6539 6278 6277
f 6539 6277 6540
f 6540 6277 6276
f 6540 6276 6541
f 6541 6276 6275
f 6541 6275 6542
f 6542 6275 6274
f 6542 6274 6543
f 6543 6274 7302
f 6543 7302 6544
f 6544 7302 6545
f 6545 7302 6546
f 6546 7302 6547
f 6547 7302 6548
f 6548 7302 6549
f 6549 7302 6550
f 6550 7302 6551
f 6551 7302 6552
f 6552 7302 6553
f 6553 7302 6554
f 6554 7302 6555
f 6555 7302 6556
f 6556 7302 6557
f 6557 7302 6558
f 6558 7302 6559
f 6559 7302 6560
f 6560 7302 6561
f 6561 7302 6562
f 6562 7302 6563
f 6563 7302 6564
f 6285 6586 6286
f 6286 6586 6585
f 6286 6585 6287
f 6287 6585 6584
f 6287 6584 6288
f 6288 6584 6583
f 6288 6583 6289
f 6289 6583 6582
f 6289 6582 6290
f 6290 6582 6581
f 6290 6581 6291
f 6291 6581 6580
f 6258 6257 7303
f 7303 6257 6311
f 7303 6311 6310
f 6310 6309 7303
f 7303 6309 6308
f 7303 6308 6307
f 6274 6273 7302
f 7302 6273 7303
f 7303 6273 6272
f 7303 6272 6271
f 6271 6270 7303
f 7303 6270 6269
f 7303 6269 6268
f 6268 6267 7303
f 7303 6267 6266
f 7303 6266 6265
f 6265 6264 7303
f 7303 6264 6263
f 7303 6263 6262
f 6262 6261 7303
f 7303 6261 6260
f 7303 6260 6259
f 6259 6258 7303
f 7310 7311 7313
f 7313 7311 7312
f 7314 7310 7315
f 7315 7310 7313
f 7316 7314 7317
f 7317 7314 7315
f 7317 7315 7312
f 7312 7315 7313
f 7318 7319 7321
f 7321 7319 7320
f 7316 7318 7314
f 7314 7318 7321
f 7314 7321 7322
f 7314 7322 7310
f 7310 7322 7323
f 7310 7323 7311
f 7324 7323 7325
f 7325 7323 7322
f 7319 7324 7320
f 7320 7324 7325
f 7325 7322 7320
f 7320 7322 7321
f 7319 7316 7324
f 7324 7316 7311
f 7324 7311 7323
f 7319 7318 7316
f 7316 7317 7311
f 7311 7317 7312
f 7327 7530 7326
f 7326 7530 7531
f 7326 7531 7380
f 7380 7531 7532
f 7380 7532 7379
f 7379 7532 7533
f 7379 7533 7378
f 7378 7533 7534
f 7378 7534 7377
f 7377 7534 7535
f 7377 7535 7376
f 7376 7535 7536
f 7376 7536 7375
f 7375 7536 7537
f 7375 7537 7374
f 7374 7537 7538
f 7374 7538 7373
f 7373 7538 7539
f 7373 7539 7372
f 7372 7539 7540
f 7372 7540 7371
f 7371 7540 7541
f 7371 7541 7370
f 7370 7541 7542
f 7370 7542 7369
f 7369 7542 7543
f 7369 7543 7368
f 7368 7543 7478
f 7368 7478 7417
f 7417 7478 7479
f 7417 7479 7416
f 7416 7479 7480
f 7416 7480 7415
f 7415 7480 7481
f 7415 7481 7414
f 7414 7481 7482
f 7414 7482 7413
f 7413 7482 7483
f 7413 7483 7412
f 7412 7483 7484
f 7412 7484 7411
f 7411 7484 7485
f 7411 7485 7410
f 7410 7485 7486
f 7410 7486 7409
f 7409 7486 7487
f 7409 7487 7408
f 7408 7487 7488
f 7408 7488 7407
f 7407 7488 7489
f 7407 7489 7406
f 7406 7489 7490
f 7406 7490 7405
f 7405 7490 7436
f 7405 7436 7404
f 7404 7436 7437
f 7404 7437 7403
f 7403 7437 7438
f 7403 7438 7402
f 7402 7438 7439
f 7402 7439 7401
f 7401 7439 7440
f 7401 7440 7400
f 7400 7440 7441
f 7400 7441 7399
f 7399 7441 7442
f 7399 7442 7398
f 7398 7442 7443
f 7398 7443 7397
f 7397 7443 7444
f 7397 7444 7396
f 7396 7444 7445
f 7396 7445 7395
f 7395 7445 7446
f 7395 7446 7394
f 7394 7446 7549
f 7394 7549 7393
f 7393 7549 7392
f 7392 7549 7391
f 7391 7549 7390
f 7390 7549 7389
f 7389 7549 7388
f 7388 7549 7387
f 7387 7549 7386
f 7386 7549 7385
f 7385 7549 7384
f 7384 7549 7383
f 7383 7549 7382
f 7382 7549 7381
f 7381 7549 7435
f 7435 7549 7434
f 7434 7549 7433
f 7433 7549 7432
f 7432 7549 7431
f 7431 7549 7430
f 7430 7549 7429
f 7429 7549 7428
f 7428 7549 7427
f 7427 7549 7426
f 7426 7549 7425
f 7425 7549 7360
f 7425 7360 7361
f 7530 7327 7529
f 7529 7327 7328
f 7529 7328 7528
f 7528 7328 7329
f 7528 7329 7527
f 7527 7329 7330
f 7527 7330 7526
f 7526 7330 7331
f 7526 7331 7525
f 7525 7331 7332
f 7525 7332 7524
f 7524 7332 7333
f 7524 7333 7523
f 7523 7333 7334
f 7523 7334 7522
f 7522 7334 7335
f 7522 7335 7521
f 7521 7335 7336
f 7521 7336 7520
f 7520 7336 7546
f 7520 7546 7547
f 7336 7337 7546
f 7546 7337 7338
f 7546 7338 7339
f 7339 7340 7546
f 7546 7340 7341
f 7546 7341 7342
f 7342 7343 7546
f 7546 7343 7344
f 7546 7344 7345
f 7345 7346 7546
f 7546 7346 7347
f 7546 7347 7348
f 7348 7349 7546
f 7546 7349 7350
f 7546 7350 7351
f 7351 7352 7546
f 7546 7352 7353
f 7546 7353 7354
f 7354 7355 7546
f 7546 7355 7356
f 7546 7356 7357
f 7357 7358 7546
f 7546 7358 7359
f 7546 7359 7360
f 7425 7361 7424
f 7424 7361 7362
f 7424 7362 7423
f 7423 7362 7363
f 7423 7363 7422
f 7422 7363 7364
f 7422 7364 7421
f 7421 7364 7365
f 7421 7365 7420
f 7420 7365 7366
f 7420 7366 7419
f 7419 7366 7367
f 7419 7367 7418
f 7418 7367 7368
f 7418 7368 7417
f 7549 7446 7548
f 7548 7446 7447
f 7548 7447 7448
f 7448 7449 7548
f 7548 7449 7450
f 7548 7450 7451
f 7451 7452 7548
f 7548 7452 7453
f 7548 7453 7454
f 7454 7455 7548
f 7548 7455 7456
f 7548 7456 7457
f 7457 7458 7548
f 7548 7458 7459
f 7548 7459 7460
f 7460 7461 7548
f 7548 7461 7462
f 7548 7462 7463
f 7463 7464 7548
f 7548 7464 7465
f 7548 7465 7466
f 7466 7467 7548
f 7548 7467 7468
f 7548 7468 7469
f 7469 7470 7548
f 7548 7470 7547
f 7547 7470 7496
f 7547 7496 7497
f 7470 7471 7496
f 7496 7471 7495
f 7495 7471 7472
f 7495 7472 7494
f 7494 7472 7473
f 7494 7473 7493
f 7493 7473 7474
f 7493 7474 7492
f 7492 7474 7475
f 7492 7475 7491
f 7491 7475 7476
f 7491 7476 7545
f 7545 7476 7477
f 7545 7477 7544
f 7544 7477 7478
f 7544 7478 7543
f 7497 7498 7547
f 7547 7498 7499
f 7547 7499 7500
f 7500 7501 7547
f 7547 7501 7502
f 7547 7502 7503
f 7503 7504 7547
f 7547 7504 7505
f 7547 7505 7506
f 7506 7507 7547
f 7547 7507 7508
f 7547 7508 7509
f 7509 7510 7547
f 7547 7510 7511
f 7547 7511 7512
f 7512 7513 7547
f 7547 7513 7514
f 7547 7514 7515
f 7515 7516 7547
f 7547 7516 7517
f 7547 7517 7518
f 7518 7519 7547
f 7547 7519 7520
f 7549 7546 7360
f 7545 7606 7491
f 7491 7606 7607
f 7491 7607 7492
f 7492 7607 7659
f 7492 7659 7493
f 7493 7659 7658
f 7493 7658 7494
f 7494 7658 7657
f 7494 7657 7495
f 7495 7657 7656
f 7495 7656 7496
f 7496 7656 7655
f 7496 7655 7497
f 7497 7655 7654
f 7497 7654 7498
f 7498 7654 7653
f 7498 7653 7499
f 7499 7653 7652
f 7499 7652 7500
f 7500 7652 7651
f 7500 7651 7501
f 7501 7651 7650
f 7501 7650 7502
f 7502 7650 7649
f 7502 7649 7503
f 7503 7649 7648
f 7503 7648 7504
f 7504 7648 7605
f 7504 7605 7505
f 7505 7605 7647
f 7505 7647 7506
f 7506 7647 7646
f 7506 7646 7507
f 7507 7646 7645
f 7507 7645 7508
f 7508 7645 7644
f 7508 7644 7509
f 7509 7644 7643
f 7509 7643 7510
f 7510 7643 7642
f 7510 7642 7511
f 7511 7642 7641
f 7511 7641 7512
f 7512 7641 7640
f 7512 7640 7513
f 7513 7640 7639
f 7513 7639 7514
f 7514 7639 7638
f 7514 7638 7515
f 7515 7638 7637
f 7515 7637 7516
f 7516 7637 7636
f 7516 7636 7517
f 7517 7636 7635
f 7517 7635 7518
f 7518 7635 7634
f 7518 7634 7519
f 7519 7634 7633
f 7519 7633 7520
f 7520 7633 7632
f 7520 7632 7521
f 7521 7632 7631
f 7521 7631 7522
f 7522 7631 7630
f 7522 7630 7523
f 7523 7630 7629
f 7523 7629 7524
f 7524 7629 7628
f 7524 7628 7525
f 7525 7628 7627
f 7525 7627 7526
f 7526 7627 7626
f 7526 7626 7527
f 7527 7626 7625
f 7527 7625 7528
f 7528 7625 7624
f 7528 7624 7529
f 7529 7624 7623
f 7529 7623 7530
f 7530 7623 7622
f 7530 7622 7531
f 7531 7622 7621
f 7531 7621 7532
f 7532 7621 7620
f 7532 7620 7533
f 7533 7620 7619
f 7533 7619 7534
f 7534 7619 7618
f 7534 7618 7535
f 7535 7618 7617
f 7535 7617 7536
f 7536 7617 7616
f 7536 7616 7537
f 7537 7616 7615
f 7537 7615 7538
f 7538 7615 7614
f 7538 7614 7539
f 7539 7614 7613
f 7539 7613 7540
f 7540 7613 7612
f 7540 7612 7541
f 7541 7612 7611
f 7541 7611 7542
f 7542 7611 7610
f 7542 7610 7543
f 7543 7610 7609
f 7543 7609 7544
f 7544 7609 7608
f 7544 7608 7545
f 7545 7608 7606
f 7551 7647 7550
f 7550 7647 7605
f 7550 7605 7604
f 7604 7605 7648
f 7604 7648 7603
f 7603 7648 7649
f 7603 7649 7602
f 7602 7649 7650
f 7602 7650 7601
f 7601 7650 7651
f 7601 7651 7600
f 7600 7651 7652
f 7600 7652 7599
f 7599 7652 7653
f 7599 7653 7598
f 7598 7653 7654
f 7598 7654 7597
f 7597 7654 7655
f 7597 7655 7596
f 7596 7655 7656
f 7596 7656 7595
f 7595 7656 7657
f 7595 7657 7594
f 7594 7657 7658
f 7594 7658 7593
f 7593 7658 7659
f 7593 7659 7592
f 7592 7659 7607
f 7592 7607 7591
f 7591 7607 7606
f 7591 7606 7590
f 7590 7606 7608
f 7590 7608 7589
f 7589 7608 7609
f 7589 7609 7588
f 7588 7609 7610
f 7588 7610 7587
f 7587 7610 7611
f 7587 7611 7586
f 7586 7611 7612
f 7586 7612 7585
f 7585 7612 7613
f 7585 7613 7584
f 7584 7613 7614
f 7584 7614 7583
f 7583 7614 7615
f 7583 7615 7582
f 7582 7615 7616
f 7582 7616 7581
f 7581 7616 7617
f 7581 7617 7580
f 7580 7617 7618
f 7580 7618 7579
f 7579 7618 7619
f 7579 7619 7578
f 7578 7619 7620
f 7578 7620 7577
f 7577 7620 7621
f 7577 7621 7576
f 7576 7621 7622
f 7576 7622 7575
f 7575 7622 7623
f 7575 7623 7574
f 7574 7623 7624
f 7574 7624 7573
f 7573 7624 7625
f 7573 7625 7572
f 7572 7625 7626
f 7572 7626 7571
f 7571 7626 7627
f 7571 7627 7570
f 7570 7627 7628
f 7570 7628 7569
f 7569 7628 7629
f 7569 7629 7568
f 7568 7629 7630
f 7568 7630 7567
f 7567 7630 7631
f 7567 7631 7566
f 7566 7631 7632
f 7566 7632 7565
f 7565 7632 7633
f 7565 7633 7564
f 7564 7633 7634
f 7564 7634 7563
f 7563 7634 7635
f 7563 7635 7562
f 7562 7635 7636
f 7562 7636 7561
f 7561 7636 7637
f 7561 7637 7560
f 7560 7637 7638
f 7560 7638 7559
f 7559 7638 7639
f 7559 7639 7558
f 7558 7639 7640
f 7558 7640 7557
f 7557 7640 7641
f 7557 7641 7556
f 7556 7641 7642
f 7556 7642 7555
f 7555 7642 7643
f 7555 7643 7554
f 7554 7643 7644
f 7554 7644 7553
f 7553 7644 7645
f 7553 7645 7552
f 7552 7645 7646
f 7552 7646 7551
f 7551 7646 7647
f 7435 7716 7381
f 7381 7716 7717
f 7381 7717 7382
f 7382 7717 7769
f 7382 7769 7383
f 7383 7769 7768
f 7383 7768 7384
f 7384 7768 7767
f 7384 7767 7385
f 7385 7767 7766
f 7385 7766 7386
f 7386 7766 7765
f 7386 7765 7387
f 7387 7765 7764
f 7387 7764 7388
f 7388 7764 7763
f 7388 7763 7389
f 7389 7763 7762
f 7389 7762 7390
f 7390 7762 7761
f 7390 7761 7391
f 7391 7761 7760
f 7391 7760 7392
f 7392 7760 7759
f 7392 7759 7393
f 7393 7759 7758
f 7393 7758 7394
f 7394 7758 7757
f 7394 7757 7395
f 7395 7757 7756
f 7395 7756 7396
f 7396 7756 7755
f 7396 7755 7397
f 7397 7755 7754
f 7397 7754 7398
f 7398 7754 7753
f 7398 7753 7399
f 7399 7753 7752
f 7399 7752 7400
f 7400 7752 7751
f 7400 7751 7401
f 7401 7751 7750
f 7401 7750 7402
f 7402 7750 7749
f 7402 7749 7403
f 7403 7749 7748
f 7403 7748 7404
f 7404 7748 7747
f 7404 7747 7405
f 7405 7747 7746
f 7405 7746 7406
f 7406 7746 7715
f 7406 7715 7407
f 7407 7715 7745
f 7407 7745 7408
f 7408 7745 7744
f 7408 7744 7409
f 7409 7744 7743
f 7409 7743 7410
f 7410 7743 7742
f 7410 7742 7411
f 7411 7742 7741
f 7411 7741 7412
f 7412 7741 7740
f 7412 7740 7413
f 7413 7740 7739
f 7413 7739 7414
f 7414 7739 7738
f 7414 7738 7415
f 7415 7738 7737
f 7415 7737 7416
f 7416 7737 7736
f 7416 7736 7417
f 7417 7736 7735
f 7417 7735 7418
f 7418 7735 7734
f 7418 7734 7419
f 7419 7734 7733
f 7419 7733 7420
f 7420 7733 7732
f 7420 7732 7421
f 7421 7732 7731
f 7421 7731 7422
f 7422 7731 7730
f 7422 7730 7423
f 7423 7730 7729
f 7423 7729 7424
f 7424 7729 7728
f 7424 7728 7425
f 7425 7728 7727
f 7425 7727 7426
f 7426 7727 7726
f 7426 7726 7427
f 7427 7726 7725
f 7427 7725 7428
f 7428 7725 7724
f 7428 7724 7429
f 7429 7724 7723
f 7429 7723 7430
f 7430 7723 7722
f 7430 7722 7431
f 7431 7722 7721
f 7431 7721 7432
f 7432 7721 7720
f 7432 7720 7433
f 7433 7720 7719
f 7433 7719 7434
f 7434 7719 7718
f 7434 7718 7435
f 7435 7718 7716
f 7661 7745 7660
f 7660 7745 7715
f 7660 7715 7714
f 7714 7715 7746
f 7714 7746 7713
f 7713 7746 7747
f 7713 7747 7712
f 7712 7747 7748
f 7712 7748 7711
f 7711 7748 7749
f 7711 7749 7710
f 7710 7749 7750
f 7710 7750 7709
f 7709 7750 7751
f 7709 7751 7708
f 7708 7751 7752
f 7708 7752 7707
f 7707 7752 7753
f 7707 7753 7706
f 7706 7753 7754
f 7706 7754 7705
f 7705 7754 7755
f 7705 7755 7704
f 7704 7755 7756
f 7704 7756 7703
f 7703 7756 7757
f 7703 7757 7702
f 7702 7757 7758
f 7702 7758 7701
f 7701 7758 7759
f 7701 7759 7700
f 7700 7759 7760
f 7700 7760 7699
f 7699 7760 7761
f 7699 7761 7698
f 7698 7761 7762
f 7698 7762 7697
f 7697 7762 7763
f 7697 7763 7696
f 7696 7763 7764
f 7696 7764 7695
f 7695 7764 7765
f 7695 7765 7694
f 7694 7765 7766
f 7694 7766 7693
f 7693 7766 7767
f 7693 7767 7692
f 7692 7767 7768
f 7692 7768 7691
f 7691 7768 7769
f 7691 7769 7690
f 7690 7769 7717
f 7690 7717 7689
f 7689 7717 7716
f 7689 7716 7688
f 7688 7716 7718
f 7688 7718 7687
f 7687 7718 7719
f 7687 7719 7686
f 7686 7719 7720
f 7686 7720 7685
f 7685 7720 7721
f 7685 7721 7684
f 7684 7721 7722
f 7684 7722 7683
f 7683 7722 7723
f 7683 7723 7682
f 7682 7723 7724
f 7682 7724 7681
f 7681 7724 7725
f 7681 7725 7680
f 7680 7725 7726
f 7680 7726 7679
f 7679 7726 7727
f 7679 7727 7678
f 7678 7727 7728
f 7678 7728 7677
f 7677 7728 7729
f 7677 7729 7676
f 7676 7729 7730
f 7676 7730 7675
f 7675 7730 7731
f 7675 7731 7674
f 7674 7731 7732
f 7674 7732 7673
f 7673 7732 7733
f 7673 7733 7672
f 7672 7733 7734
f 7672 7734 7671
f 7671 7734 7735
f 7671 7735 7670
f 7670 7735 7736
f 7670 7736 7669
f 7669 7736 7737
f 7669 7737 7668
f 7668 7737 7738
f 7668 7738 7667
f 7667 7738 7739
f 7667 7739 7666
f 7666 7739 7740
f 7666 7740 7665
f 7665 7740 7741
f 7665 7741 7664
f 7664 7741 7742
f 7664 7742 7663
f 7663 7742 7743
f 7663 7743 7662
f 7662 7743 7744
f 7662 7744 7661
f 7661 7744 7745
f 7490 7826 7436
f 7436 7826 7827
f 7436 7827 7437
f 7437 7827 7879
f 7437 7879 7438
f 7438 7879 7878
f 7438 7878 7439
f 7439 7878 7877
f 7439 7877 7440
f 7440 7877 7876
f 7440 7876 7441
f 7441 7876 7875
f 7441 7875 7442
f 7442 7875 7874
f 7442 7874 7443
f 7443 7874 7873
f 7443 7873 7444
f 7444 7873 7872
f 7444 7872 7445
f 7445 7872 7871
f 7445 7871 7446
f 7446 7871 7870
f 7446 7870 7447
f 7447 7870 7869
f 7447 7869 7448
f 7448 7869 7868
f 7448 7868 7449
f 7449 7868 7867
f 7449 7867 7450
f 7450 7867 7866
f 7450 7866 7451
f 7451 7866 7865
f 7451 7865 7452
f 7452 7865 7864
f 7452 7864 7453
f 7453 7864 7863
f 7453 7863 7454
f 7454 7863 7862
f 7454 7862 7455
f 7455 7862 7861
f 7455 7861 7456
f 7456 7861 7860
f 7456 7860 7457
f 7457 7860 7859
f 7457 7859 7458
f 7458 7859 7858
f 7458 7858 7459
f 7459 7858 7857
f 7459 7857 7460
f 7460 7857 7856
f 7460 7856 7461
f 7461 7856 7825
f 7461 7825 7462
f 7462 7825 7855
f 7462 7855 7463
f 7463 7855 7854
f 7463 7854 7464
f 7464 7854 7853
f 7464 7853 7465
f 7465 7853 7852
f 7465 7852 7466
f 7466 7852 7851
f 7466 7851 7467
f 7467 7851 7850
f 7467 7850 7468
f 7468 7850 7849
f 7468 7849 7469
f 7469 7849 7848
f 7469 7848 7470
f 7470 7848 7847
f 7470 7847 7471
f 7471 7847 7846
f 7471 7846 7472
f 7472 7846 7845
f 7472 7845 7473
f 7473 7845 7844
f 7473 7844 7474
f 7474 7844 7843
f 7474 7843 7475
f 7475 7843 7842
f 7475 7842 7476
f 7476 7842 7841
f 7476 7841 7477
f 7477 7841 7840
f 7477 7840 7478
f 7478 7840 7839
f 7478 7839 7479
f 7479 7839 7838
f 7479 7838 7480
f 7480 7838 7837
f 7480 7837 7481
f 7481 7837 7836
f 7481 7836 7482
f 7482 7836 7835
f 7482 7835 7483
f 7483 7835 7834
f 7483 7834 7484
f 7484 7834 7833
f 7484 7833 7485
f 7485 7833 7832
f 7485 7832 7486
f 7486 7832 7831
f 7486 7831 7487
f 7487 7831 7830
f 7487 7830 7488
f 7488 7830 7829
f 7488 7829 7489
f 7489 7829 7828
f 7489 7828 7490
f 7490 7828 7826
f 7771 7855 7770
f 7770 7855 7825
f 7770 7825 7824
f 7824 7825 7856
f 7824 7856 7823
f 7823 7856 7857
f 7823 7857 7822
f 7822 7857 7858
f 7822 7858 7821
f 7821 7858 7859
f 7821 7859 7820
f 7820 7859 7860
f 7820 7860 7819
f 7819 7860 7861
f 7819 7861 7818
f 7818 7861 7862
f 7818 7862 7817
f 7817 7862 7863
f 7817 7863 7816
f 7816 7863 7864
f 7816 7864 7815
f 7815 7864 7865
f 7815 7865 7814
f 7814 7865 7866
f 7814 7866 7813
f 7813 7866 7867
f 7813 7867 7812
f 7812 7867 7868
f 7812 7868 7811
f 7811 7868 7869
f 7811 7869 7810
f 7810 7869 7870
f 7810 7870 7809
f 7809 7870 7871
f 7809 7871 7808
f 7808 7871 7872
f 7808 7872 7807
f 7807 7872 7873
f 7807 7873 7806
f 7806 7873 7874
f 7806 7874 7805
f 7805 7874 7875
f 7805 7875 7804
f 7804 7875 7876
f 7804 7876 7803
f 7803 7876 7877
f 7803 7877 7802
f 7802 7877 7878
f 7802 7878 7801
f 7801 7878 7879
f 7801 7879 7800
f 7800 7879 7827
f 7800 7827 7799
f 7799 7827 7826
f 7799 7826 7798
f 7798 7826 7828
f 7798 7828 7797
f 7797 7828 7829
f 7797 7829 7796
f 7796 7829 7830
f 7796 7830 7795
f 7795 7830 7831
f 7795 7831 7794
f 7794 7831 7832
f 7794 7832 7793
f 7793 7832 7833
f 7793 7833 7792
f 7792 7833 7834
f 7792 7834 7791
f 7791 7834 7835
f 7791 7835 7790
f 7790 7835 7836
f 7790 7836 7789
f 7789 7836 7837
f 7789 7837 7788
f 7788 7837 7838
f 7788 7838 7787
f 7787 7838 7839
f 7787 7839 7786
f 7786 7839 7840
f 7786 7840 7785
f 7785 7840 7841
f 7785 7841 7784
f 7784 7841 7842
f 7784 7842 7783
f 7783 7842 7843
f 7783 7843 7782
f 7782 7843 7844
f 7782 7844 7781
f 7781 7844 7845
f 7781 7845 7780
f 7780 7845 7846
f 7780 7846 7779
f 7779 7846 7847
f 7779 7847 7778
f 7778 7847 7848
f 7778 7848 7777
f 7777 7848 7849
f 7777 7849 7776
f 7776 7849 7850
f 7776 7850 7775
f 7775 7850 7851
f 7775 7851 7774
f 7774 7851 7852
f 7774 7852 7773
f 7773 7852 7853
f 7773 7853 7772
f 7772 7853 7854
f 7772 7854 7771
f 7771 7854 7855
f 7380 7936 7326
f 7326 7936 7937
f 7326 7937 7327
f 7327 7937 7989
f 7327 7989 7328
f 7328 7989 7988
f 7328 7988 7329
f 7329 7988 7987
f 7329 7987 7330
f 7330 7987 7986
f 7330 7986 7331
f 7331 7986 7985
f 7331 7985 7332
f 7332 7985 7984
f 7332 7984 7333
f 7333 7984 7983
f 7333 7983 7334
f 7334 7983 7982
f 7334 7982 7335
f 7335 7982 7981
f 7335 7981 7336
f 7336 7981 7980
f 7336 7980 7337
f 7337 7980 7979
f 7337 7979 7338
f 7338 7979 7978
f 7338 7978 7339
f 7339 7978 7977
f 7339 7977 7340
f 7340 7977 7976
f 7340 7976 7341
f 7341 7976 7975
f 7341 7975 7342
f 7342 7975 7974
f 7342 7974 7343
f 7343 7974 7973
f 7343 7973 7344
f 7344 7973 7972
f 7344 7972 7345
f 7345 7972 7971
f 7345 7971 7346
f 7346 7971 7970
f 7346 7970 7347
f 7347 7970 7969
f 7347 7969 7348
f 7348 7969 7968
f 7348 7968 7349
f 7349 7968 7967
f 7349 7967 7350
f 7350 7967 7966
f 7350 7966 7351
f 7351 7966 7965
f 7351 7965 7352
f 7352 7965 7964
f 7352 7964 7353
f 7353 7964 7963
f 7353 7963 7354
f 7354 7963 7962
f 7354 7962 7355
f 7355 7962 7961
f 7355 7961 7356
f 7356 7961 7960
f 7356 7960 7357
f 7357 7960 7959
f 7357 7959 7358
f 7358 7959 7958
f 7358 7958 7359
f 7359 7958 7957
f 7359 7957 7360
f 7360 7957 7956
f 7360 7956 7361
f 7361 7956 7955
f 7361 7955 7362
f 7362 7955 7954
f 7362 7954 7363
f 7363 7954 7953
f 7363 7953 7364
f 7364 7953 7952
f 7364 7952 7365
f 7365 7952 7951
f 7365 7951 7366
f 7366 7951 7950
f 7366 7950 7367
f 7367 7950 7949
f 7367 7949 7368
f 7368 7949 7948
f 7368 7948 7369
f 7369 7948 7947
f 7369 7947 7370
f 7370 7947 7946
f 7370 7946 7371
f 7371 7946 7945
f 7371 7945 7372
f 7372 7945 7944
f 7372 7944 7373
f 7373 7944 7943
f 7373 7943 7374
f 7374 7943 7942
f 7374 7942 7375
f 7375 7942 7941
f 7375 7941 7376
f 7376 7941 7940
f 7376 7940 7377
f 7377 7940 7939
f 7377 7939 7378
f 7378 7939 7935
f 7378 7935 7379
f 7379 7935 7938
f 7379 7938 7380
f 7380 7938 7936
f 7881 7938 7880
f 7880 7938 7935
f 7880 7935 7934
f 7934 7935 7939
f 7934 7939 7933
f 7933 7939 7940
f 7933 7940 7932
f 7932 7940 7941
f 7932 7941 7931
f 7931 7941 7942
f 7931 7942 7930
f 7930 7942 7943
f 7930 7943 7929
f 7929 7943 7944
f 7929 7944 7928
f 7928 7944 7945
f 7928 7945 7927
f 7927 7945 7946
f 7927 7946 7926
f 7926 7946 7947
f 7926 7947 7925
f 7925 7947 7948
f 7925 7948 7924
f 7924 7948 7949
f 7924 7949 7923
f 7923 7949 7950
f 7923 7950 7922
f 7922 7950 7951
f 7922 7951 7921
f 7921 7951 7952
f 7921 7952 7920
f 7920 7952 7953
f 7920 7953 7919
f 7919 7953 7954
f 7919 7954 7918
f 7918 7954 7955
f 7918 7955 7917
f 7917 7955 7956
f 7917 7956 7916
f 7916 7956 7957
f 7916 7957 7915
f 7915 7957 7958
f 7915 7958 7914
f 7914 7958 7959
f 7914 7959 7913
f 7913 7959 7960
f 7913 7960 7912
f 7912 7960 7961
f 7912 7961 7911
f 7911 7961 7962
f 7911 7962 7910
f 7910 7962 7963
f 7910 7963 7909
f 7909 7963 7964
f 7909 7964 7908
f 7908 7964 7965
f 7908 7965 7907
f 7907 7965 7966
f 7907 7966 7906
f 7906 7966 7967
f 7906 7967 7905
f 7905 7967 7968
f 7905 7968 7904
f 7904 7968 7969
f 7904 7969 7903
f 7903 7969 7970
f 7903 7970 7902
f 7902 7970 7971
f 7902 7971 7901
f 7901 7971 7972
f 7901 7972 7900
f 7900 7972 7973
f 7900 7973 7899
f 7899 7973 7974
f 7899 7974 7898
f 7898 7974 7975
f 7898 7975 7897
f 7897 7975 7976
f 7897 7976 7896
f 7896 7976 7977
f 7896 7977 7895
f 7895 7977 7978
f 7895 7978 7894
f 7894 7978 7979
f 7894 7979 7893
f 7893 7979 7980
f 7893 7980 7892
f 7892 7980 7981
f 7892 7981 7891
f 7891 7981 7982
f 7891 7982 7890
f 7890 7982 7983
f 7890 7983 7889
f 7889 7983 7984
f 7889 7984 7888
f 7888 7984 7985
f 7888 7985 7887
f 7887 7985 7986
f 7887 7986 7886
f 7886 7986 7987
f 7886 7987 7885
f 7885 7987 7988
f 7885 7988 7884
f 7884 7988 7989
f 7884 7989 7883
f 7883 7989 7937
f 7883 7937 7882
f 7882 7937 7936
f 7882 7936 7881
f 7881 7936 7938
f 7991 7992 7990
f 7990 7992 7993
f 7994 7995 7997
f 7997 7995 7996
f 7998 7999 8001
f 8001 7999 8000
f 7991 8001 7992
f 7992 8001 8005
f 8005 8001 8000
f 8005 8000 8004
f 8004 8000 8003
f 8003 8000 8002
f 7548 7547 7995
f 7995 7547 7998
f 7995 7998 7990
f 7990 7998 7991
f 7991 7998 8001
f 7990 7996 7995
f 7549 7548 7994
f 7994 7548 7995
f 8006 8007 8002
f 8002 8007 8003
f 7547 7546 7998
f 7998 7546 7999
f 7546 7549 7999
f 7999 7549 7994
f 7999 7994 8002
f 8002 7994 8006
f 8006 7994 7997
f 8002 8000 7999
f 8008 8004 8007
f 8007 8004 8003
f 7990 7993 7996
f 7996 7993 8009
f 7996 8009 8008
f 7996 8008 7997
f 7997 8008 8007
f 7997 8007 8006
f 8005 8009 7992
f 7992 8009 7993
f 7551 7550 8005
f 8005 7550 7604
f 8005 7604 7603
f 7603 7602 8005
f 8005 7602 7601
f 8005 7601 7600
f 7600 7599 8005
f 8005 7599 7598
f 8005 7598 7597
f 7596 7779 7597
f 7597 7779 7778
f 7597 7778 8009
f 8009 7778 7777
f 8009 7777 7776
f 7779 7596 7780
f 7780 7596 7595
f 7780 7595 7781
f 7781 7595 7594
f 7781 7594 7593
f 7781 7593 7782
f 7782 7593 7592
f 7782 7592 7783
f 7783 7592 7591
f 7783 7591 7784
f 7784 7591 7785
f 7785 7591 7590
f 7785 7590 7786
f 7786 7590 7589
f 7786 7589 7787
f 7787 7589 7588
f 7787 7588 7671
f 7671 7588 7924
f 7671 7924 7923
f 7924 7588 7925
f 7925 7588 7587
f 7925 7587 7926
f 7926 7587 7586
f 7926 7586 7927
f 7927 7586 7585
f 7927 7585 7928
f 7928 7585 7584
f 7928 7584 7929
f 7929 7584 7583
f 7929 7583 7930
f 7930 7583 7582
f 7930 7582 7931
f 7931 7582 7581
f 7931 7581 7932
f 7932 7581 7580
f 7932 7580 7933
f 7933 7580 7579
f 7933 7579 7934
f 7934 7579 7578
f 7934 7578 7880
f 7880 7578 7577
f 7880 7577 7881
f 7881 7577 7576
f 7881 7576 7882
f 7882 7576 7575
f 7882 7575 7883
f 7883 7575 7574
f 7883 7574 7884
f 7884 7574 7573
f 7884 7573 7885
f 7885 7573 7572
f 7885 7572 7886
f 7886 7572 7571
f 7886 7571 7887
f 7887 7571 7570
f 7887 7570 7888
f 7888 7570 7569
f 7888 7569 7889
f 7889 7569 7568
f 7889 7568 7890
f 7890 7568 7567
f 7890 7567 7891
f 7891 7567 7566
f 7891 7566 7892
f 7892 7566 7565
f 7892 7565 7893
f 7893 7565 8004
f 7893 8004 7894
f 7894 8004 7895
f 7895 8004 7896
f 7896 8004 7897
f 7897 8004 7898
f 7898 8004 7899
f 7899 8004 7900
f 7900 8004 7901
f 7901 8004 7902
f 7902 8004 7903
f 7903 8004 7904
f 7904 8004 7905
f 7905 8004 7906
f 7906 8004 7907
f 7907 8004 7908
f 7908 8004 7909
f 7909 8004 7910
f 7910 8004 7911
f 7911 8004 7912
f 7912 8004 7913
f 7913 8004 7914
f 7914 8004 7915
f 7915 8004 7916
f 7916 8004 8008
f 7916 8008 7679
f 7679 8008 7680
f 7680 8008 7681
f 7681 8008 7682
f 7682 8008 7683
f 7683 8008 7684
f 7684 8008 7685
f 7685 8008 7686
f 7686 8008 7687
f 7687 8008 7688
f 7688 8008 7689
f 7689 8008 7690
f 7690 8008 7691
f 7691 8008 7692
f 7692 8008 7693
f 7693 8008 7694
f 7694 8008 7695
f 7695 8008 7696
f 7696 8008 7697
f 7697 8008 7698
f 7698 8008 7699
f 7699 8008 7700
f 7700 8008 7701
f 7701 8008 7702
f 7702 8008 7810
f 7702 7810 7703
f 7703 7810 7809
f 7703 7809 7704
f 7704 7809 7808
f 7704 7808 7705
f 7705 7808 7807
f 7705 7807 7706
f 7706 7807 7806
f 7706 7806 7707
f 7707 7806 7805
f 7707 7805 7708
f 7708 7805 7804
f 7708 7804 7709
f 7709 7804 7803
f 7709 7803 7710
f 7710 7803 7802
f 7710 7802 7711
f 7711 7802 7801
f 7711 7801 7712
f 7712 7801 7800
f 7712 7800 7713
f 7713 7800 7799
f 7713 7799 7714
f 7714 7799 7798
f 7714 7798 7660
f 7660 7798 7797
f 7660 7797 7661
f 7661 7797 7796
f 7661 7796 7662
f 7662 7796 7795
f 7662 7795 7663
f 7663 7795 7794
f 7663 7794 7664
f 7664 7794 7793
f 7664 7793 7665
f 7665 7793 7792
f 7665 7792 7666
f 7666 7792 7791
f 7666 7791 7667
f 7667 7791 7790
f 7667 7790 7668
f 7668 7790 7789
f 7668 7789 7669
f 7669 7789 7788
f 7669 7788 7670
f 7670 7788 7787
f 7670 7787 7671
f 8004 7565 8005
f 8005 7565 7564
f 8005 7564 7563
f 7563 7562 8005
f 8005 7562 7561
f 8005 7561 7560
f 7560 7559 8005
f 8005 7559 7558
f 8005 7558 7557
f 7557 7556 8005
f 8005 7556 7555
f 8005 7555 7554
f 7554 7553 8005
f 8005 7553 7552
f 8005 7552 7551
f 7679 7678 7916
f 7916 7678 7917
f 7917 7678 7677
f 7917 7677 7918
f 7918 7677 7919
f 7919 7677 7676
f 7919 7676 7920
f 7920 7676 7675
f 7920 7675 7921
f 7921 7675 7674
f 7921 7674 7673
f 7921 7673 7922
f 7922 7673 7672
f 7922 7672 7923
f 7923 7672 7671
f 7771 7770 8009
f 8009 7770 7824
f 8009 7824 7823
f 7823 7822 8009
f 8009 7822 7821
f 8009 7821 7820
f 7820 7819 8009
f 8009 7819 7818
f 8009 7818 7817
f 7817 7816 8009
f 8009 7816 7815
f 8009 7815 7814
f 7814 7813 8009
f 8009 7813 7812
f 8009 7812 7811
f 7811 7810 8009
f 8009 7810 8008
f 7776 7775 8009
f 8009 7775 7774
f 8009 7774 7773
f 7773 7772 8009
f 8009 7772 7771
f 8009 8005 7597
f 8011 8012 8010
f 8010 8012 8013
f 8014 8298 8011
f 8011 8298 8299
f 8011 8299 8300
f 8015 8140 8014
f 8014 8140 8141
f 8014 8141 8142
f 8015 8016 8140
f 8140 8016 8017
f 8140 8017 8018
f 8140 8018 8139
f 8139 8018 8019
f 8139 8019 8020
f 8139 8020 8138
f 8138 8020 8021
f 8138 8021 8022
f 8138 8022 8137
f 8137 8022 8023
f 8137 8023 8136
f 8136 8023 8024
f 8136 8024 8135
f 8135 8024 8025
f 8135 8025 8134
f 8134 8025 8026
f 8134 8026 8133
f 8133 8026 8027
f 8133 8027 8132
f 8132 8027 8028
f 8132 8028 8131
f 8131 8028 8029
f 8131 8029 8130
f 8130 8029 8030
f 8130 8030 8129
f 8129 8030 8031
f 8129 8031 8128
f 8128 8031 8032
f 8128 8032 8127
f 8127 8032 8033
f 8127 8033 8126
f 8126 8033 8125
f 8125 8033 8124
f 8124 8033 8123
f 8123 8033 8122
f 8122 8033 8121
f 8121 8033 8120
f 8120 8033 8119
f 8119 8033 8034
f 8119 8034 8402
f 8402 8034 8401
f 8401 8034 8400
f 8400 8034 8399
f 8399 8034 8398
f 8398 8034 8397
f 8397 8034 8396
f 8396 8034 8395
f 8395 8034 8394
f 8394 8034 8393
f 8393 8034 8035
f 8393 8035 8392
f 8392 8035 8036
f 8392 8036 8391
f 8391 8036 8037
f 8391 8037 8390
f 8390 8037 8038
f 8390 8038 8389
f 8389 8038 8039
f 8389 8039 8388
f 8388 8039 8040
f 8388 8040 8387
f 8387 8040 8041
f 8387 8041 8386
f 8386 8041 8042
f 8386 8042 8385
f 8385 8042 8043
f 8385 8043 8384
f 8384 8043 8044
f 8384 8044 8045
f 8384 8045 8383
f 8383 8045 8046
f 8383 8046 8382
f 8382 8046 8047
f 8382 8047 8048
f 8382 8048 8381
f 8381 8048 8049
f 8381 8049 8050
f 8050 8051 8381
f 8381 8051 8380
f 8380 8051 8052
f 8380 8052 8053
f 8054 8269 8053
f 8053 8269 8215
f 8053 8215 8216
f 8055 8202 8054
f 8054 8202 8203
f 8054 8203 8263
f 8263 8203 8262
f 8262 8203 8261
f 8261 8203 8260
f 8260 8203 8259
f 8259 8203 8258
f 8258 8203 8257
f 8257 8203 8204
f 8257 8204 8256
f 8256 8204 8205
f 8256 8205 8255
f 8255 8205 8206
f 8255 8206 8254
f 8254 8206 8207
f 8254 8207 8253
f 8253 8207 8208
f 8253 8208 8252
f 8252 8208 8209
f 8252 8209 8251
f 8251 8209 8210
f 8251 8210 8250
f 8250 8210 8211
f 8250 8211 8249
f 8249 8211 8212
f 8249 8212 8248
f 8248 8212 8213
f 8248 8213 8247
f 8247 8213 8214
f 8247 8214 8246
f 8246 8214 8245
f 8245 8214 8244
f 8244 8214 8243
f 8243 8214 8242
f 8242 8214 8168
f 8242 8168 8270
f 8270 8168 8324
f 8324 8168 8323
f 8323 8168 8322
f 8322 8168 8321
f 8321 8168 8320
f 8320 8168 8169
f 8320 8169 8319
f 8319 8169 8170
f 8319 8170 8318
f 8318 8170 8171
f 8318 8171 8317
f 8317 8171 8172
f 8317 8172 8316
f 8316 8172 8173
f 8316 8173 8174
f 8055 8056 8202
f 8202 8056 8057
f 8202 8057 8058
f 8058 8059 8202
f 8202 8059 8060
f 8202 8060 8061
f 8061 8062 8202
f 8202 8062 8063
f 8202 8063 8519
f 8519 8063 8064
f 8519 8064 8518
f 8518 8064 8065
f 8518 8065 8517
f 8517 8065 8516
f 8516 8065 8515
f 8515 8065 8514
f 8514 8065 8513
f 8513 8065 8512
f 8512 8065 8511
f 8511 8065 8510
f 8510 8065 8509
f 8509 8065 8508
f 8508 8065 8507
f 8507 8065 8506
f 8506 8065 8505
f 8505 8065 8504
f 8504 8065 8503
f 8503 8065 8502
f 8502 8065 8501
f 8501 8065 8500
f 8500 8065 8066
f 8500 8066 8499
f 8499 8066 8498
f 8498 8066 8564
f 8498 8564 8565
f 8067 8077 8066
f 8066 8077 8548
f 8066 8548 8549
f 8067 8068 8077
f 8077 8068 8069
f 8077 8069 8070
f 8070 8071 8077
f 8077 8071 8072
f 8077 8072 8073
f 8073 8074 8077
f 8077 8074 8075
f 8077 8075 8076
f 8078 8597 8077
f 8077 8597 8598
f 8077 8598 8599
f 8079 8080 8078
f 8078 8080 8081
f 8078 8081 8082
f 8082 8083 8078
f 8078 8083 8084
f 8078 8084 8085
f 8085 8086 8078
f 8078 8086 8087
f 8078 8087 8088
f 8088 8089 8078
f 8078 8089 8377
f 8078 8377 8378
f 8090 8476 8089
f 8089 8476 8477
f 8089 8477 8478
f 8091 8101 8090
f 8090 8101 8102
f 8090 8102 8191
f 8191 8102 8103
f 8191 8103 8104
f 8091 8092 8101
f 8101 8092 8093
f 8101 8093 8094
f 8094 8095 8101
f 8101 8095 8096
f 8101 8096 8097
f 8097 8098 8101
f 8101 8098 8099
f 8101 8099 8100
f 8104 8105 8191
f 8191 8105 8190
f 8190 8105 8106
f 8190 8106 8107
f 8107 8108 8190
f 8190 8108 8109
f 8190 8109 8110
f 8110 8111 8190
f 8190 8111 8112
f 8190 8112 8189
f 8189 8112 8012
f 8189 8012 8188
f 8188 8012 8187
f 8187 8012 8186
f 8186 8012 8185
f 8185 8012 8011
f 8185 8011 8184
f 8184 8011 8183
f 8183 8011 8182
f 8182 8011 8181
f 8181 8011 8180
f 8180 8011 8301
f 8180 8301 8302
f 8114 8407 8113
f 8113 8407 8408
f 8113 8408 8167
f 8167 8408 8409
f 8167 8409 8166
f 8166 8409 8410
f 8166 8410 8165
f 8165 8410 8411
f 8165 8411 8273
f 8273 8411 8239
f 8273 8239 8240
f 8407 8114 8406
f 8406 8114 8115
f 8406 8115 8405
f 8405 8115 8116
f 8405 8116 8404
f 8404 8116 8117
f 8404 8117 8403
f 8403 8117 8118
f 8403 8118 8402
f 8402 8118 8119
f 8142 8143 8014
f 8014 8143 8144
f 8014 8144 8145
f 8145 8146 8014
f 8014 8146 8147
f 8014 8147 8291
f 8291 8147 8148
f 8291 8148 8290
f 8290 8148 8149
f 8290 8149 8289
f 8289 8149 8150
f 8289 8150 8288
f 8288 8150 8151
f 8288 8151 8287
f 8287 8151 8152
f 8287 8152 8286
f 8286 8152 8153
f 8286 8153 8285
f 8285 8153 8154
f 8285 8154 8284
f 8284 8154 8283
f 8283 8154 8155
f 8283 8155 8282
f 8282 8155 8156
f 8282 8156 8281
f 8281 8156 8157
f 8281 8157 8280
f 8280 8157 8158
f 8280 8158 8279
f 8279 8158 8159
f 8279 8159 8278
f 8278 8159 8160
f 8278 8160 8277
f 8277 8160 8161
f 8277 8161 8276
f 8276 8161 8162
f 8276 8162 8275
f 8275 8162 8163
f 8275 8163 8274
f 8274 8163 8164
f 8274 8164 8165
f 8316 8174 8315
f 8315 8174 8175
f 8315 8175 8314
f 8314 8175 8176
f 8314 8176 8313
f 8313 8176 8177
f 8313 8177 8312
f 8312 8177 8311
f 8311 8177 8178
f 8311 8178 8310
f 8310 8178 8179
f 8310 8179 8309
f 8309 8179 8308
f 8308 8179 8307
f 8307 8179 8306
f 8306 8179 8305
f 8305 8179 8304
f 8304 8179 8180
f 8304 8180 8303
f 8303 8180 8302
f 8191 8192 8090
f 8090 8192 8464
f 8090 8464 8465
f 8192 8193 8464
f 8464 8193 8463
f 8463 8193 8194
f 8463 8194 8195
f 8463 8195 8462
f 8462 8195 8196
f 8462 8196 8197
f 8462 8197 8461
f 8461 8197 8198
f 8461 8198 8460
f 8460 8198 8199
f 8460 8199 8459
f 8459 8199 8200
f 8459 8200 8458
f 8458 8200 8457
f 8457 8200 8201
f 8457 8201 8456
f 8456 8201 8202
f 8456 8202 8455
f 8455 8202 8525
f 8455 8525 8454
f 8454 8525 8526
f 8454 8526 8453
f 8453 8526 8527
f 8453 8527 8452
f 8452 8527 8528
f 8452 8528 8451
f 8451 8528 8529
f 8451 8529 8450
f 8450 8529 8530
f 8450 8530 8449
f 8449 8530 8531
f 8449 8531 8532
f 8216 8217 8053
f 8053 8217 8218
f 8053 8218 8219
f 8219 8220 8053
f 8053 8220 8221
f 8053 8221 8429
f 8429 8221 8428
f 8428 8221 8222
f 8428 8222 8427
f 8427 8222 8223
f 8427 8223 8426
f 8426 8223 8224
f 8426 8224 8425
f 8425 8224 8225
f 8425 8225 8424
f 8424 8225 8226
f 8424 8226 8423
f 8423 8226 8227
f 8423 8227 8422
f 8422 8227 8228
f 8422 8228 8421
f 8421 8228 8229
f 8421 8229 8230
f 8421 8230 8420
f 8420 8230 8231
f 8420 8231 8419
f 8419 8231 8232
f 8419 8232 8418
f 8418 8232 8233
f 8418 8233 8417
f 8417 8233 8234
f 8417 8234 8416
f 8416 8234 8235
f 8416 8235 8415
f 8415 8235 8236
f 8415 8236 8414
f 8414 8236 8237
f 8414 8237 8413
f 8413 8237 8238
f 8413 8238 8412
f 8412 8238 8239
f 8412 8239 8411
f 8273 8240 8272
f 8272 8240 8241
f 8272 8241 8271
f 8271 8241 8242
f 8271 8242 8270
f 8263 8264 8054
f 8054 8264 8265
f 8054 8265 8266
f 8266 8267 8054
f 8054 8267 8268
f 8054 8268 8269
f 8273 8274 8165
f 8291 8292 8014
f 8014 8292 8293
f 8014 8293 8294
f 8294 8295 8014
f 8014 8295 8296
f 8014 8296 8297
f 8297 8298 8014
f 8300 8301 8011
f 8379 8325 8078
f 8078 8325 8326
f 8078 8326 8327
f 8327 8328 8078
f 8078 8328 8329
f 8078 8329 8596
f 8596 8329 8330
f 8596 8330 8595
f 8595 8330 8594
f 8594 8330 8331
f 8594 8331 8593
f 8593 8331 8332
f 8593 8332 8592
f 8592 8332 8333
f 8592 8333 8591
f 8591 8333 8334
f 8591 8334 8590
f 8590 8334 8335
f 8590 8335 8589
f 8589 8335 8336
f 8589 8336 8588
f 8588 8336 8337
f 8588 8337 8587
f 8587 8337 8338
f 8587 8338 8586
f 8586 8338 8339
f 8586 8339 8340
f 8586 8340 8585
f 8585 8340 8341
f 8585 8341 8584
f 8584 8341 8342
f 8584 8342 8583
f 8583 8342 8343
f 8583 8343 8582
f 8582 8343 8344
f 8582 8344 8581
f 8581 8344 8345
f 8581 8345 8580
f 8580 8345 8346
f 8580 8346 8579
f 8579 8346 8347
f 8579 8347 8578
f 8578 8347 8348
f 8578 8348 8577
f 8577 8348 8349
f 8577 8349 8576
f 8576 8349 8438
f 8576 8438 8542
f 8542 8438 8439
f 8542 8439 8541
f 8541 8439 8440
f 8541 8440 8540
f 8540 8440 8441
f 8540 8441 8539
f 8539 8441 8442
f 8539 8442 8538
f 8538 8442 8443
f 8538 8443 8537
f 8537 8443 8444
f 8537 8444 8536
f 8536 8444 8445
f 8536 8445 8535
f 8535 8445 8446
f 8535 8446 8534
f 8534 8446 8447
f 8534 8447 8533
f 8533 8447 8448
f 8533 8448 8532
f 8532 8448 8449
f 8349 8350 8438
f 8438 8350 8437
f 8437 8350 8351
f 8437 8351 8436
f 8436 8351 8352
f 8436 8352 8435
f 8435 8352 8353
f 8435 8353 8489
f 8489 8353 8354
f 8489 8354 8488
f 8488 8354 8355
f 8488 8355 8487
f 8487 8355 8356
f 8487 8356 8486
f 8486 8356 8357
f 8486 8357 8485
f 8485 8357 8358
f 8485 8358 8484
f 8484 8358 8359
f 8484 8359 8483
f 8483 8359 8360
f 8483 8360 8482
f 8482 8360 8361
f 8482 8361 8481
f 8481 8361 8089
f 8481 8089 8480
f 8480 8089 8479
f 8479 8089 8478
f 8361 8362 8089
f 8089 8362 8363
f 8089 8363 8364
f 8364 8365 8089
f 8089 8365 8366
f 8089 8366 8367
f 8367 8368 8089
f 8089 8368 8369
f 8089 8369 8370
f 8370 8371 8089
f 8089 8371 8372
f 8089 8372 8373
f 8373 8374 8089
f 8089 8374 8375
f 8089 8375 8376
f 8376 8377 8089
f 8378 8379 8078
f 8429 8430 8053
f 8053 8430 8431
f 8053 8431 8432
f 8432 8433 8053
f 8053 8433 8434
f 8053 8434 8380
f 8465 8466 8090
f 8090 8466 8467
f 8090 8467 8468
f 8468 8469 8090
f 8090 8469 8470
f 8090 8470 8471
f 8471 8472 8090
f 8090 8472 8473
f 8090 8473 8474
f 8474 8475 8090
f 8090 8475 8476
f 8491 8572 8490
f 8490 8572 8573
f 8490 8573 8544
f 8544 8573 8574
f 8544 8574 8543
f 8543 8574 8575
f 8543 8575 8542
f 8542 8575 8576
f 8572 8491 8571
f 8571 8491 8492
f 8571 8492 8570
f 8570 8492 8493
f 8570 8493 8569
f 8569 8493 8494
f 8569 8494 8568
f 8568 8494 8495
f 8568 8495 8567
f 8567 8495 8496
f 8567 8496 8566
f 8566 8496 8497
f 8566 8497 8565
f 8565 8497 8498
f 8519 8520 8202
f 8202 8520 8521
f 8202 8521 8522
f 8522 8523 8202
f 8202 8523 8524
f 8202 8524 8525
f 8599 8545 8077
f 8077 8545 8546
f 8077 8546 8547
f 8547 8548 8077
f 8549 8550 8066
f 8066 8550 8551
f 8066 8551 8552
f 8552 8553 8066
f 8066 8553 8554
f 8066 8554 8555
f 8555 8556 8066
f 8066 8556 8557
f 8066 8557 8558
f 8558 8559 8066
f 8066 8559 8560
f 8066 8560 8561
f 8561 8562 8066
f 8066 8562 8563
f 8066 8563 8564
f 8596 8597 8078
f 8167 8654 8113
f 8113 8654 8600
f 8113 8600 8114
f 8114 8600 8601
f 8114 8601 8115
f 8115 8601 8602
f 8115 8602 8116
f 8116 8602 8603
f 8116 8603 8117
f 8117 8603 8604
f 8117 8604 8118
f 8118 8604 8605
f 8118 8605 8119
f 8119 8605 8606
f 8119 8606 8120
f 8120 8606 8607
f 8120 8607 8121
f 8121 8607 8608
f 8121 8608 8122
f 8122 8608 8609
f 8122 8609 8123
f 8123 8609 8610
f 8123 8610 8124
f 8124 8610 8611
f 8124 8611 8125
f 8125 8611 8612
f 8125 8612 8126
f 8126 8612 8613
f 8126 8613 8127
f 8127 8613 8614
f 8127 8614 8128
f 8128 8614 8615
f 8128 8615 8129
f 8129 8615 8616
f 8129 8616 8130
f 8130 8616 8617
f 8130 8617 8131
f 8131 8617 8618
f 8131 8618 8132
f 8132 8618 8619
f 8132 8619 8133
f 8133 8619 8620
f 8133 8620 8134
f 8134 8620 8621
f 8134 8621 8135
f 8135 8621 8622
f 8135 8622 8136
f 8136 8622 8623
f 8136 8623 8137
f 8137 8623 8624
f 8137 8624 8138
f 8138 8624 8625
f 8138 8625 8139
f 8139 8625 8626
f 8139 8626 8140
f 8140 8626 8627
f 8140 8627 8141
f 8141 8627 8628
f 8141 8628 8142
f 8142 8628 8629
f 8142 8629 8143
f 8143 8629 8630
f 8143 8630 8144
f 8144 8630 8631
f 8144 8631 8145
f 8145 8631 8632
f 8145 8632 8146
f 8146 8632 8633
f 8146 8633 8147
f 8147 8633 8634
f 8147 8634 8148
f 8148 8634 8635
f 8148 8635 8149
f 8149 8635 8636
f 8149 8636 8150
f 8150 8636 8637
f 8150 8637 8151
f 8151 8637 8638
f 8151 8638 8152
f 8152 8638 8639
f 8152 8639 8153
f 8153 8639 8640
f 8153 8640 8154
f 8154 8640 8641
f 8154 8641 8155
f 8155 8641 8642
f 8155 8642 8156
f 8156 8642 8643
f 8156 8643 8157
f 8157 8643 8644
f 8157 8644 8158
f 8158 8644 8645
f 8158 8645 8159
f 8159 8645 8646
f 8159 8646 8160
f 8160 8646 8647
f 8160 8647 8161
f 8161 8647 8648
f 8161 8648 8162
f 8162 8648 8649
f 8162 8649 8163
f 8163 8649 8650
f 8163 8650 8164
f 8164 8650 8651
f 8164 8651 8165
f 8165 8651 8652
f 8165 8652 8166
f 8166 8652 8653
f 8166 8653 8167
f 8167 8653 8654
f 8655 8656 8214
f 8214 8656 8168
f 8203 8657 8204
f 8204 8657 8658
f 8204 8658 8205
f 8205 8658 8659
f 8205 8659 8206
f 8206 8659 8660
f 8206 8660 8207
f 8207 8660 8661
f 8207 8661 8208
f 8208 8661 8662
f 8208 8662 8209
f 8209 8662 8663
f 8209 8663 8210
f 8210 8663 8664
f 8210 8664 8211
f 8211 8664 8665
f 8211 8665 8212
f 8212 8665 8666
f 8212 8666 8213
f 8213 8666 8667
f 8213 8667 8214
f 8214 8667 8655
f 8668 8657 8202
f 8202 8657 8203
f 8191 8669 8192
f 8192 8669 8670
f 8192 8670 8193
f 8193 8670 8671
f 8193 8671 8194
f 8194 8671 8672
f 8194 8672 8195
f 8195 8672 8673
f 8195 8673 8196
f 8196 8673 8674
f 8196 8674 8197
f 8197 8674 8675
f 8197 8675 8198
f 8198 8675 8676
f 8198 8676 8199
f 8199 8676 8677
f 8199 8677 8200
f 8200 8677 8678
f 8200 8678 8201
f 8201 8678 8679
f 8201 8679 8202
f 8202 8679 8668
f 8680 8669 8190
f 8190 8669 8191
f 8180 8681 8691
f 8691 8681 8682
f 8691 8682 8692
f 8692 8682 8683
f 8692 8683 8693
f 8693 8683 8684
f 8693 8684 8694
f 8694 8684 8685
f 8694 8685 8695
f 8695 8685 8686
f 8695 8686 8696
f 8696 8686 8687
f 8696 8687 8697
f 8697 8687 8688
f 8697 8688 8698
f 8698 8688 8689
f 8698 8689 8699
f 8699 8689 8690
f 8699 8690 8680
f 8680 8190 8699
f 8699 8190 8189
f 8699 8189 8698
f 8698 8189 8188
f 8698 8188 8697
f 8697 8188 8187
f 8697 8187 8696
f 8696 8187 8186
f 8696 8186 8695
f 8695 8186 8185
f 8695 8185 8694
f 8694 8185 8184
f 8694 8184 8693
f 8693 8184 8183
f 8693 8183 8692
f 8692 8183 8182
f 8692 8182 8691
f 8691 8182 8181
f 8691 8181 8180
f 8700 8681 8179
f 8179 8681 8180
f 8168 8656 8169
f 8169 8656 8701
f 8169 8701 8170
f 8170 8701 8702
f 8170 8702 8171
f 8171 8702 8703
f 8171 8703 8172
f 8172 8703 8704
f 8172 8704 8173
f 8173 8704 8705
f 8173 8705 8174
f 8174 8705 8706
f 8174 8706 8175
f 8175 8706 8707
f 8175 8707 8176
f 8176 8707 8708
f 8176 8708 8177
f 8177 8708 8709
f 8177 8709 8178
f 8178 8709 8710
f 8178 8710 8179
f 8179 8710 8700
f 8269 8765 8215
f 8215 8765 8711
f 8215 8711 8216
f 8216 8711 8712
f 8216 8712 8217
f 8217 8712 8713
f 8217 8713 8218
f 8218 8713 8714
f 8218 8714 8219
f 8219 8714 8715
f 8219 8715 8220
f 8220 8715 8716
f 8220 8716 8221
f 8221 8716 8717
f 8221 8717 8222
f 8222 8717 8718
f 8222 8718 8223
f 8223 8718 8719
f 8223 8719 8224
f 8224 8719 8720
f 8224 8720 8225
f 8225 8720 8721
f 8225 8721 8226
f 8226 8721 8722
f 8226 8722 8227
f 8227 8722 8723
f 8227 8723 8228
f 8228 8723 8724
f 8228 8724 8229
f 8229 8724 8725
f 8229 8725 8230
f 8230 8725 8726
f 8230 8726 8231
f 8231 8726 8727
f 8231 8727 8232
f 8232 8727 8728
f 8232 8728 8233
f 8233 8728 8729
f 8233 8729 8234
f 8234 8729 8730
f 8234 8730 8235
f 8235 8730 8731
f 8235 8731 8236
f 8236 8731 8732
f 8236 8732 8237
f 8237 8732 8733
f 8237 8733 8238
f 8238 8733 8734
f 8238 8734 8239
f 8239 8734 8735
f 8239 8735 8240
f 8240 8735 8736
f 8240 8736 8241
f 8241 8736 8737
f 8241 8737 8242
f 8242 8737 8738
f 8242 8738 8243
f 8243 8738 8739
f 8243 8739 8244
f 8244 8739 8740
f 8244 8740 8245
f 8245 8740 8741
f 8245 8741 8246
f 8246 8741 8742
f 8246 8742 8247
f 8247 8742 8743
f 8247 8743 8248
f 8248 8743 8744
f 8248 8744 8249
f 8249 8744 8745
f 8249 8745 8250
f 8250 8745 8746
f 8250 8746 8251
f 8251 8746 8747
f 8251 8747 8252
f 8252 8747 8748
f 8252 8748 8253
f 8253 8748 8749
f 8253 8749 8254
f 8254 8749 8750
f 8254 8750 8255
f 8255 8750 8751
f 8255 8751 8256
f 8256 8751 8752
f 8256 8752 8257
f 8257 8752 8753
f 8257 8753 8258
f 8258 8753 8754
f 8258 8754 8259
f 8259 8754 8755
f 8259 8755 8260
f 8260 8755 8756
f 8260 8756 8261
f 8261 8756 8757
f 8261 8757 8262
f 8262 8757 8758
f 8262 8758 8263
f 8263 8758 8759
f 8263 8759 8264
f 8264 8759 8760
f 8264 8760 8265
f 8265 8760 8761
f 8265 8761 8266
f 8266 8761 8762
f 8266 8762 8267
f 8267 8762 8763
f 8267 8763 8268
f 8268 8763 8764
f 8268 8764 8269
f 8269 8764 8765
f 8324 8820 8270
f 8270 8820 8766
f 8270 8766 8271
f 8271 8766 8767
f 8271 8767 8272
f 8272 8767 8768
f 8272 8768 8273
f 8273 8768 8769
f 8273 8769 8274
f 8274 8769 8770
f 8274 8770 8275
f 8275 8770 8771
f 8275 8771 8276
f 8276 8771 8772
f 8276 8772 8277
f 8277 8772 8773
f 8277 8773 8278
f 8278 8773 8774
f 8278 8774 8279
f 8279 8774 8775
f 8279 8775 8280
f 8280 8775 8776
f 8280 8776 8281
f 8281 8776 8777
f 8281 8777 8282
f 8282 8777 8778
f 8282 8778 8283
f 8283 8778 8779
f 8283 8779 8284
f 8284 8779 8780
f 8284 8780 8285
f 8285 8780 8781
f 8285 8781 8286
f 8286 8781 8782
f 8286 8782 8287
f 8287 8782 8783
f 8287 8783 8288
f 8288 8783 8784
f 8288 8784 8289
f 8289 8784 8785
f 8289 8785 8290
f 8290 8785 8786
f 8290 8786 8291
f 8291 8786 8787
f 8291 8787 8292
f 8292 8787 8788
f 8292 8788 8293
f 8293 8788 8789
f 8293 8789 8294
f 8294 8789 8790
f 8294 8790 8295
f 8295 8790 8791
f 8295 8791 8296
f 8296 8791 8792
f 8296 8792 8297
f 8297 8792 8793
f 8297 8793 8298
f 8298 8793 8794
f 8298 8794 8299
f 8299 8794 8795
f 8299 8795 8300
f 8300 8795 8796
f 8300 8796 8301
f 8301 8796 8797
f 8301 8797 8302
f 8302 8797 8798
f 8302 8798 8303
f 8303 8798 8799
f 8303 8799 8304
f 8304 8799 8800
f 8304 8800 8305
f 8305 8800 8801
f 8305 8801 8306
f 8306 8801 8802
f 8306 8802 8307
f 8307 8802 8803
f 8307 8803 8308
f 8308 8803 8804
f 8308 8804 8309
f 8309 8804 8805
f 8309 8805 8310
f 8310 8805 8806
f 8310 8806 8311
f 8311 8806 8807
f 8311 8807 8312
f 8312 8807 8808
f 8312 8808 8313
f 8313 8808 8809
f 8313 8809 8314
f 8314 8809 8810
f 8314 8810 8315
f 8315 8810 8811
f 8315 8811 8316
f 8316 8811 8812
f 8316 8812 8317
f 8317 8812 8813
f 8317 8813 8318
f 8318 8813 8814
f 8318 8814 8319
f 8319 8814 8815
f 8319 8815 8320
f 8320 8815 8816
f 8320 8816 8321
f 8321 8816 8817
f 8321 8817 8322
f 8322 8817 8818
f 8322 8818 8323
f 8323 8818 8819
f 8323 8819 8324
f 8324 8819 8820
f 8379 8875 8325
f 8325 8875 8821
f 8325 8821 8326
f 8326 8821 8822
f 8326 8822 8327
f 8327 8822 8823
f 8327 8823 8328
f 8328 8823 8824
f 8328 8824 8329
f 8329 8824 8825
f 8329 8825 8330
f 8330 8825 8826
f 8330 8826 8331
f 8331 8826 8827
f 8331 8827 8332
f 8332 8827 8828
f 8332 8828 8333
f 8333 8828 8829
f 8333 8829 8334
f 8334 8829 8830
f 8334 8830 8335
f 8335 8830 8831
f 8335 8831 8336
f 8336 8831 8832
f 8336 8832 8337
f 8337 8832 8833
f 8337 8833 8338
f 8338 8833 8834
f 8338 8834 8339
f 8339 8834 8835
f 8339 8835 8340
f 8340 8835 8836
f 8340 8836 8341
f 8341 8836 8837
f 8341 8837 8342
f 8342 8837 8838
f 8342 8838 8343
f 8343 8838 8839
f 8343 8839 8344
f 8344 8839 8840
f 8344 8840 8345
f 8345 8840 8841
f 8345 8841 8346
f 8346 8841 8842
f 8346 8842 8347
f 8347 8842 8843
f 8347 8843 8348
f 8348 8843 8844
f 8348 8844 8349
f 8349 8844 8845
f 8349 8845 8350
f 8350 8845 8846
f 8350 8846 8351
f 8351 8846 8847
f 8351 8847 8352
f 8352 8847 8848
f 8352 8848 8353
f 8353 8848 8849
f 8353 8849 8354
f 8354 8849 8850
f 8354 8850 8355
f 8355 8850 8851
f 8355 8851 8356
f 8356 8851 8852
f 8356 8852 8357
f 8357 8852 8853
f 8357 8853 8358
f 8358 8853 8854
f 8358 8854 8359
f 8359 8854 8855
f 8359 8855 8360
f 8360 8855 8856
f 8360 8856 8361
f 8361 8856 8857
f 8361 8857 8362
f 8362 8857 8858
f 8362 8858 8363
f 8363 8858 8859
f 8363 8859 8364
f 8364 8859 8860
f 8364 8860 8365
f 8365 8860 8861
f 8365 8861 8366
f 8366 8861 8862
f 8366 8862 8367
f 8367 8862 8863
f 8367 8863 8368
f 8368 8863 8864
f 8368 8864 8369
f 8369 8864 8865
f 8369 8865 8370
f 8370 8865 8866
f 8370 8866 8371
f 8371 8866 8867
f 8371 8867 8372
f 8372 8867 8868
f 8372 8868 8373
f 8373 8868 8869
f 8373 8869 8374
f 8374 8869 8870
f 8374 8870 8375
f 8375 8870 8871
f 8375 8871 8376
f 8376 8871 8872
f 8376 8872 8377
f 8377 8872 8873
f 8377 8873 8378
f 8378 8873 8874
f 8378 8874 8379
f 8379 8874 8875
f 8434 8930 8380
f 8380 8930 8876
f 8380 8876 8381
f 8381 8876 8877
f 8381 8877 8382
f 8382 8877 8878
f 8382 8878 8383
f 8383 8878 8879
f 8383 8879 8384
f 8384 8879 8880
f 8384 8880 8385
f 8385 8880 8881
f 8385 8881 8386
f 8386 8881 8882
f 8386 8882 8387
f 8387 8882 8883
f 8387 8883 8388
f 8388 8883 8884
f 8388 8884 8389
f 8389 8884 8885
f 8389 8885 8390
f 8390 8885 8886
f 8390 8886 8391
f 8391 8886 8887
f 8391 8887 8392
f 8392 8887 8888
f 8392 8888 8393
f 8393 8888 8889
f 8393 8889 8394
f 8394 8889 8890
f 8394 8890 8395
f 8395 8890 8891
f 8395 8891 8396
f 8396 8891 8892
f 8396 8892 8397
f 8397 8892 8893
f 8397 8893 8398
f 8398 8893 8894
f 8398 8894 8399
f 8399 8894 8895
f 8399 8895 8400
f 8400 8895 8896
f 8400 8896 8401
f 8401 8896 8897
f 8401 8897 8402
f 8402 8897 8898
f 8402 8898 8403
f 8403 8898 8899
f 8403 8899 8404
f 8404 8899 8900
f 8404 8900 8405
f 8405 8900 8901
f 8405 8901 8406
f 8406 8901 8902
f 8406 8902 8407
f 8407 8902 8903
f 8407 8903 8408
f 8408 8903 8904
f 8408 8904 8409
f 8409 8904 8905
f 8409 8905 8410
f 8410 8905 8906
f 8410 8906 8411
f 8411 8906 8907
f 8411 8907 8412
f 8412 8907 8908
f 8412 8908 8413
f 8413 8908 8909
f 8413 8909 8414
f 8414 8909 8910
f 8414 8910 8415
f 8415 8910 8911
f 8415 8911 8416
f 8416 8911 8912
f 8416 8912 8417
f 8417 8912 8913
f 8417 8913 8418
f 8418 8913 8914
f 8418 8914 8419
f 8419 8914 8915
f 8419 8915 8420
f 8420 8915 8916
f 8420 8916 8421
f 8421 8916 8917
f 8421 8917 8422
f 8422 8917 8918
f 8422 8918 8423
f 8423 8918 8919
f 8423 8919 8424
f 8424 8919 8920
f 8424 8920 8425
f 8425 8920 8921
f 8425 8921 8426
f 8426 8921 8922
f 8426 8922 8427
f 8427 8922 8923
f 8427 8923 8428
f 8428 8923 8924
f 8428 8924 8429
f 8429 8924 8925
f 8429 8925 8430
f 8430 8925 8926
f 8430 8926 8431
f 8431 8926 8927
f 8431 8927 8432
f 8432 8927 8928
f 8432 8928 8433
f 8433 8928 8929
f 8433 8929 8434
f 8434 8929 8930
f 8489 8985 8435
f 8435 8985 8931
f 8435 8931 8436
f 8436 8931 8932
f 8436 8932 8437
f 8437 8932 8933
f 8437 8933 8438
f 8438 8933 8934
f 8438 8934 8439
f 8439 8934 8935
f 8439 8935 8440
f 8440 8935 8936
f 8440 8936 8441
f 8441 8936 8937
f 8441 8937 8442
f 8442 8937 8938
f 8442 8938 8443
f 8443 8938 8939
f 8443 8939 8444
f 8444 8939 8940
f 8444 8940 8445
f 8445 8940 8941
f 8445 8941 8446
f 8446 8941 8942
f 8446 8942 8447
f 8447 8942 8943
f 8447 8943 8448
f 8448 8943 8944
f 8448 8944 8449
f 8449 8944 8945
f 8449 8945 8450
f 8450 8945 8946
f 8450 8946 8451
f 8451 8946 8947
f 8451 8947 8452
f 8452 8947 8948
f 8452 8948 8453
f 8453 8948 8949
f 8453 8949 8454
f 8454 8949 8950
f 8454 8950 8455
f 8455 8950 8951
f 8455 8951 8456
f 8456 8951 8952
f 8456 8952 8457
f 8457 8952 8953
f 8457 8953 8458
f 8458 8953 8954
f 8458 8954 8459
f 8459 8954 8955
f 8459 8955 8460
f 8460 8955 8956
f 8460 8956 8461
f 8461 8956 8957
f 8461 8957 8462
f 8462 8957 8958
f 8462 8958 8463
f 8463 8958 8959
f 8463 8959 8464
f 8464 8959 8960
f 8464 8960 8465
f 8465 8960 8961
f 8465 8961 8466
f 8466 8961 8962
f 8466 8962 8467
f 8467 8962 8963
f 8467 8963 8468
f 8468 8963 8964
f 8468 8964 8469
f 8469 8964 8965
f 8469 8965 8470
f 8470 8965 8966
f 8470 8966 8471
f 8471 8966 8967
f 8471 8967 8472
f 8472 8967 8968
f 8472 8968 8473
f 8473 8968 8969
f 8473 8969 8474
f 8474 8969 8970
f 8474 8970 8475
f 8475 8970 8971
f 8475 8971 8476
f 8476 8971 8972
f 8476 8972 8477
f 8477 8972 8973
f 8477 8973 8478
f 8478 8973 8974
f 8478 8974 8479
f 8479 8974 8975
f 8479 8975 8480
f 8480 8975 8976
f 8480 8976 8481
f 8481 8976 8977
f 8481 8977 8482
f 8482 8977 8978
f 8482 8978 8483
f 8483 8978 8979
f 8483 8979 8484
f 8484 8979 8980
f 8484 8980 8485
f 8485 8980 8981
f 8485 8981 8486
f 8486 8981 8982
f 8486 8982 8487
f 8487 8982 8983
f 8487 8983 8488
f 8488 8983 8984
f 8488 8984 8489
f 8489 8984 8985
f 8544 9040 8490
f 8490 9040 8986
f 8490 8986 8491
f 8491 8986 8987
f 8491 8987 8492
f 8492 8987 8988
f 8492 8988 8493
f 8493 8988 8989
f 8493 8989 8494
f 8494 8989 8990
f 8494 8990 8495
f 8495 8990 8991
f 8495 8991 8496
f 8496 8991 8992
f 8496 8992 8497
f 8497 8992 8993
f 8497 8993 8498
f 8498 8993 8994
f 8498 8994 8499
f 8499 8994 8995
f 8499 8995 8500
f 8500 8995 8996
f 8500 8996 8501
f 8501 8996 8997
f 8501 8997 8502
f 8502 8997 8998
f 8502 8998 8503
f 8503 8998 8999
f 8503 8999 8504
f 8504 8999 9000
f 8504 9000 8505
f 8505 9000 9001
f 8505 9001 8506
f 8506 9001 9002
f 8506 9002 8507
f 8507 9002 9003
f 8507 9003 8508
f 8508 9003 9004
f 8508 9004 8509
f 8509 9004 9005
f 8509 9005 8510
f 8510 9005 9006
f 8510 9006 8511
f 8511 9006 9007
f 8511 9007 8512
f 8512 9007 9008
f 8512 9008 8513
f 8513 9008 9009
f 8513 9009 8514
f 8514 9009 9010
f 8514 9010 8515
f 8515 9010 9011
f 8515 9011 8516
f 8516 9011 9012
f 8516 9012 8517
f 8517 9012 9013
f 8517 9013 8518
f 8518 9013 9014
f 8518 9014 8519
f 8519 9014 9015
f 8519 9015 8520
f 8520 9015 9016
f 8520 9016 8521
f 8521 9016 9017
f 8521 9017 8522
f 8522 9017 9018
f 8522 9018 8523
f 8523 9018 9019
f 8523 9019 8524
f 8524 9019 9020
f 8524 9020 8525
f 8525 9020 9021
f 8525 9021 8526
f 8526 9021 9022
f 8526 9022 8527
f 8527 9022 9023
f 8527 9023 8528
f 8528 9023 9024
f 8528 9024 8529
f 8529 9024 9025
f 8529 9025 8530
f 8530 9025 9026
f 8530 9026 8531
f 8531 9026 9027
f 8531 9027 8532
f 8532 9027 9028
f 8532 9028 8533
f 8533 9028 9029
f 8533 9029 8534
f 8534 9029 9030
f 8534 9030 8535
f 8535 9030 9031
f 8535 9031 8536
f 8536 9031 9032
f 8536 9032 8537
f 8537 9032 9033
f 8537 9033 8538
f 8538 9033 9034
f 8538 9034 8539
f 8539 9034 9035
f 8539 9035 8540
f 8540 9035 9036
f 8540 9036 8541
f 8541 9036 9037
f 8541 9037 8542
f 8542 9037 9038
f 8542 9038 8543
f 8543 9038 9039
f 8543 9039 8544
f 8544 9039 9040
f 8599 9095 8545
f 8545 9095 9041
f 8545 9041 8546
f 8546 9041 9042
f 8546 9042 8547
f 8547 9042 9043
f 8547 9043 8548
f 8548 9043 9044
f 8548 9044 8549
f 8549 9044 9045
f 8549 9045 8550
f 8550 9045 9046
f 8550 9046 8551
f 8551 9046 9047
f 8551 9047 8552
f 8552 9047 9048
f 8552 9048 8553
f 8553 9048 9049
f 8553 9049 8554
f 8554 9049 9050
f 8554 9050 8555
f 8555 9050 9051
f 8555 9051 8556
f 8556 9051 9052
f 8556 9052 8557
f 8557 9052 9053
f 8557 9053 8558
f 8558 9053 9054
f 8558 9054 8559
f 8559 9054 9055
f 8559 9055 8560
f 8560 9055 9056
f 8560 9056 8561
f 8561 9056 9057
f 8561 9057 8562
f 8562 9057 9058
f 8562 9058 8563
f 8563 9058 9059
f 8563 9059 8564
f 8564 9059 9060
f 8564 9060 8565
f 8565 9060 9061
f 8565 9061 8566
f 8566 9061 9062
f 8566 9062 8567
f 8567 9062 9063
f 8567 9063 8568
f 8568 9063 9064
f 8568 9064 8569
f 8569 9064 9065
f 8569 9065 8570
f 8570 9065 9066
f 8570 9066 8571
f 8571 9066 9067
f 8571 9067 8572
f 8572 9067 9068
f 8572 9068 8573
f 8573 9068 9069
f 8573 9069 8574
f 8574 9069 9070
f 8574 9070 8575
f 8575 9070 9071
f 8575 9071 8576
f 8576 9071 9072
f 8576 9072 8577
f 8577 9072 9073
f 8577 9073 8578
f 8578 9073 9074
f 8578 9074 8579
f 8579 9074 9075
f 8579 9075 8580
f 8580 9075 9076
f 8580 9076 8581
f 8581 9076 9077
f 8581 9077 8582
f 8582 9077 9078
f 8582 9078 8583
f 8583 9078 9079
f 8583 9079 8584
f 8584 9079 9080
f 8584 9080 8585
f 8585 9080 9081
f 8585 9081 8586
f 8586 9081 9082
f 8586 9082 8587
f 8587 9082 9083
f 8587 9083 8588
f 8588 9083 9084
f 8588 9084 8589
f 8589 9084 9085
f 8589 9085 8590
f 8590 9085 9086
f 8590 9086 8591
f 8591 9086 9087
f 8591 9087 8592
f 8592 9087 9088
f 8592 9088 8593
f 8593 9088 9089
f 8593 9089 8594
f 8594 9089 9090
f 8594 9090 8595
f 8595 9090 9091
f 8595 9091 8596
f 8596 9091 9092
f 8596 9092 8597
f 8597 9092 9093
f 8597 9093 8598
f 8598 9093 9094
f 8598 9094 8599
f 8599 9094 9095
f 8102 9096 8103
f 8103 9096 9097
f 8103 9097 8104
f 8104 9097 9098
f 8104 9098 8105
f 8105 9098 9099
f 8105 9099 8106
f 8106 9099 9100
f 8106 9100 8107
f 8107 9100 9101
f 8107 9101 8108
f 8108 9101 9102
f 8108 9102 8109
f 8109 9102 9103
f 8109 9103 8110
f 8110 9103 9104
f 8110 9104 8111
f 8111 9104 9105
f 8111 9105 8112
f 8112 9105 9106
f 8112 9106 8012
f 8012 9106 8013
f 9107 9096 8101
f 8101 9096 8102
f 8090 9108 8091
f 8091 9108 9109
f 8091 9109 8092
f 8092 9109 9110
f 8092 9110 8093
f 8093 9110 9111
f 8093 9111 8094
f 8094 9111 9112
f 8094 9112 8095
f 8095 9112 9113
f 8095 9113 8096
f 8096 9113 9114
f 8096 9114 8097
f 8097 9114 9115
f 8097 9115 8098
f 8098 9115 9116
f 8098 9116 8099
f 8099 9116 9117
f 8099 9117 8100
f 8100 9117 9118
f 8100 9118 8101
f 8101 9118 9107
f 9119 9108 8089
f 8089 9108 8090
f 8078 9120 8079
f 8079 9120 9121
f 8079 9121 8080
f 8080 9121 9122
f 8080 9122 8081
f 8081 9122 9123
f 8081 9123 8082
f 8082 9123 9124
f 8082 9124 8083
f 8083 9124 9125
f 8083 9125 8084
f 8084 9125 9126
f 8084 9126 8085
f 8085 9126 9127
f 8085 9127 8086
f 8086 9127 9128
f 8086 9128 8087
f 8087 9128 9129
f 8087 9129 8088
f 8088 9129 9130
f 8088 9130 8089
f 8089 9130 9119
f 9131 9120 8077
f 8077 9120 8078
f 8066 9132 8067
f 8067 9132 9133
f 8067 9133 8068
f 8068 9133 9134
f 8068 9134 8069
f 8069 9134 9135
f 8069 9135 8070
f 8070 9135 9136
f 8070 9136 8071
f 8071 9136 9137
f 8071 9137 8072
f 8072 9137 9138
f 8072 9138 8073
f 8073 9138 9139
f 8073 9139 8074
f 8074 9139 9140
f 8074 9140 8075
f 8075 9140 9141
f 8075 9141 8076
f 8076 9141 9142
f 8076 9142 8077
f 8077 9142 9131
f 9143 9132 8065
f 8065 9132 8066
f 8054 9144 8055
f 8055 9144 9145
f 8055 9145 8056
f 8056 9145 9146
f 8056 9146 8057
f 8057 9146 9147
f 8057 9147 8058
f 8058 9147 9148
f 8058 9148 8059
f 8059 9148 9149
f 8059 9149 8060
f 8060 9149 9150
f 8060 9150 8061
f 8061 9150 9151
f 8061 9151 8062
f 8062 9151 9152
f 8062 9152 8063
f 8063 9152 9153
f 8063 9153 8064
f 8064 9153 9154
f 8064 9154 8065
f 8065 9154 9143
f 9155 9144 8053
f 8053 9144 8054
f 8034 9156 8035
f 8035 9156 9157
f 8035 9157 8036
f 8036 9157 9158
f 8036 9158 8037
f 8037 9158 9159
f 8037 9159 8038
f 8038 9159 9160
f 8038 9160 8039
f 8039 9160 9161
f 8039 9161 8040
f 8040 9161 9162
f 8040 9162 8041
f 8041 9162 9163
f 8041 9163 8042
f 8042 9163 9164
f 8042 9164 8043
f 8043 9164 9165
f 8043 9165 8044
f 8044 9165 9166
f 8044 9166 8045
f 8045 9166 9167
f 8045 9167 8046
f 8046 9167 9168
f 8046 9168 8047
f 8047 9168 9169
f 8047 9169 8048
f 8048 9169 9170
f 8048 9170 8049
f 8049 9170 9171
f 8049 9171 8050
f 8050 9171 9172
f 8050 9172 8051
f 8051 9172 9173
f 8051 9173 8052
f 8052 9173 9174
f 8052 9174 8053
f 8053 9174 9155
f 9175 9156 8033
f 8033 9156 8034
f 8014 9176 8015
f 8015 9176 9177
f 8015 9177 8016
f 8016 9177 9178
f 8016 9178 8017
f 8017 9178 9179
f 8017 9179 8018
f 8018 9179 9180
f 8018 9180 8019
f 8019 9180 9181
f 8019 9181 8020
f 8020 9181 9182
f 8020 9182 8021
f 8021 9182 9183
f 8021 9183 8022
f 8022 9183 9184
f 8022 9184 8023
f 8023 9184 9185
f 8023 9185 8024
f 8024 9185 9186
f 8024 9186 8025
f 8025 9186 9187
f 8025 9187 8026
f 8026 9187 9188
f 8026 9188 8027
f 8027 9188 9189
f 8027 9189 8028
f 8028 9189 9190
f 8028 9190 8029
f 8029 9190 9191
f 8029 9191 8030
f 8030 9191 9192
f 8030 9192 8031
f 8031 9192 9193
f 8031 9193 8032
f 8032 9193 9194
f 8032 9194 8033
f 8033 9194 9175
f 8010 9176 8011
f 8011 9176 8014
f 8010 8794 9176
f 9176 8794 8793
f 9176 8793 8792
f 8013 8686 8010
f 8010 8686 8685
f 8010 8685 8684
f 9106 8690 8013
f 8013 8690 8689
f 8013 8689 8688
f 8690 9106 8680
f 8680 9106 9105
f 8680 9105 9104
f 9104 9103 8680
f 8680 9103 9102
f 8680 9102 9101
f 9101 9100 8680
f 8680 9100 9099
f 8680 9099 8669
f 8669 9099 9098
f 8669 9098 9097
f 9097 9096 8669
f 8669 9096 9108
f 8669 9108 8670
f 8670 9108 8960
f 8670 8960 8671
f 8671 8960 8959
f 8671 8959 8672
f 8672 8959 8673
f 8673 8959 8958
f 8673 8958 8674
f 8674 8958 8675
f 8675 8958 8957
f 8675 8957 8676
f 8676 8957 8956
f 8676 8956 8677
f 8677 8956 8955
f 8677 8955 8678
f 8678 8955 8954
f 8678 8954 8953
f 9096 9107 9108
f 9108 9107 9109
f 9109 9107 9110
f 9110 9107 9111
f 9111 9107 9112
f 9112 9107 9113
f 9113 9107 9114
f 9114 9107 9115
f 9115 9107 9116
f 9116 9107 9117
f 9117 9107 9118
f 9119 8972 9108
f 9108 8972 8971
f 9108 8971 8970
f 9130 9120 9119
f 9119 9120 8873
f 9119 8873 8872
f 9130 9129 9120
f 9120 9129 9128
f 9120 9128 9127
f 9127 9126 9120
f 9120 9126 9125
f 9120 9125 9124
f 9124 9123 9120
f 9120 9123 9122
f 9120 9122 9121
f 9131 9093 9120
f 9120 9093 9092
f 9120 9092 8825
f 8825 9092 8826
f 8826 9092 9091
f 8826 9091 9090
f 9142 9141 9131
f 9131 9141 9140
f 9131 9140 9139
f 9139 9138 9131
f 9131 9138 9137
f 9131 9137 9136
f 9136 9135 9131
f 9131 9135 9134
f 9131 9134 9133
f 9133 9132 9131
f 9131 9132 9044
f 9131 9044 9043
f 9143 8996 9132
f 9132 8996 8995
f 9132 8995 8994
f 9154 9014 9143
f 9143 9014 9013
f 9143 9013 9012
f 9014 9154 9015
f 9015 9154 9153
f 9015 9153 8668
f 8668 9153 9152
f 8668 9152 9151
f 9151 9150 8668
f 8668 9150 9149
f 8668 9149 9148
f 9148 9147 8668
f 8668 9147 9146
f 8668 9146 9145
f 9145 9144 8668
f 8668 9144 8657
f 8657 9144 8759
f 8657 8759 8758
f 9155 8765 9144
f 9144 8765 8764
f 9144 8764 8763
f 9174 8876 9155
f 9155 8876 8930
f 9155 8930 8929
f 9174 9173 8876
f 8876 9173 8877
f 8877 9173 9172
f 8877 9172 9171
f 9171 9170 8877
f 8877 9170 8878
f 8878 9170 9169
f 8878 9169 9168
f 8878 9168 8879
f 8879 9168 9167
f 8879 9167 8880
f 8880 9167 9166
f 8880 9166 9165
f 8880 9165 8881
f 8881 9165 9164
f 8881 9164 8882
f 8882 9164 9163
f 8882 9163 8883
f 8883 9163 9162
f 8883 9162 8884
f 8884 9162 9161
f 8884 9161 8885
f 8885 9161 9160
f 8885 9160 8886
f 8886 9160 9159
f 8886 9159 8887
f 8887 9159 9158
f 8887 9158 8888
f 8888 9158 9157
f 8888 9157 8889
f 8889 9157 9156
f 8889 9156 8890
f 8890 9156 8891
f 8891 9156 8892
f 8892 9156 8893
f 8893 9156 8894
f 8894 9156 8895
f 8895 9156 8896
f 8896 9156 8897
f 8897 9156 8898
f 8898 9156 8606
f 8898 8606 8605
f 9156 9175 8606
f 8606 9175 8607
f 8607 9175 8608
f 8608 9175 8609
f 8609 9175 8610
f 8610 9175 8611
f 8611 9175 8612
f 8612 9175 8613
f 8613 9175 8614
f 8614 9175 9194
f 8614 9194 8615
f 8615 9194 9193
f 8615 9193 8616
f 8616 9193 9192
f 8616 9192 8617
f 8617 9192 9191
f 8617 9191 8618
f 8618 9191 9190
f 8618 9190 8619
f 8619 9190 9189
f 8619 9189 8620
f 8620 9189 9188
f 8620 9188 8621
f 8621 9188 9187
f 8621 9187 8622
f 8622 9187 9186
f 8622 9186 8623
f 8623 9186 9185
f 8623 9185 8624
f 8624 9185 9184
f 8624 9184 8625
f 8625 9184 9183
f 8625 9183 9182
f 8625 9182 8626
f 8626 9182 9181
f 8626 9181 9180
f 8626 9180 8627
f 8627 9180 9179
f 8627 9179 9178
f 9178 9177 8627
f 8627 9177 9176
f 8627 9176 8628
f 8628 9176 8629
f 8629 9176 8630
f 8630 9176 8631
f 8631 9176 8632
f 8632 9176 8633
f 8633 9176 8634
f 8634 9176 8787
f 8634 8787 8635
f 8635 8787 8786
f 8635 8786 8636
f 8636 8786 8785
f 8636 8785 8637
f 8637 8785 8784
f 8637 8784 8638
f 8638 8784 8783
f 8638 8783 8639
f 8639 8783 8782
f 8639 8782 8640
f 8640 8782 8781
f 8640 8781 8641
f 8641 8781 8780
f 8641 8780 8779
f 9042 9041 9131
f 9131 9041 9095
f 9131 9095 9094
f 9094 9093 9131
f 8826 9090 8827
f 8827 9090 9089
f 8827 9089 8828
f 8828 9089 9088
f 8828 9088 8829
f 8829 9088 9087
f 8829 9087 8830
f 8830 9087 9086
f 8830 9086 8831
f 8831 9086 9085
f 8831 9085 8832
f 8832 9085 9084
f 8832 9084 8833
f 8833 9084 9083
f 8833 9083 8834
f 8834 9083 9082
f 8834 9082 8835
f 8835 9082 8836
f 8836 9082 9081
f 8836 9081 8837
f 8837 9081 9080
f 8837 9080 8838
f 8838 9080 9079
f 8838 9079 8839
f 8839 9079 9078
f 8839 9078 8840
f 8840 9078 9077
f 8840 9077 8841
f 8841 9077 9076
f 8841 9076 8842
f 8842 9076 9075
f 8842 9075 8843
f 8843 9075 9074
f 8843 9074 8844
f 8844 9074 9073
f 8844 9073 8845
f 8845 9073 9072
f 8845 9072 9038
f 9038 9072 9071
f 9038 9071 9039
f 9039 9071 9070
f 9039 9070 9040
f 9040 9070 9069
f 9040 9069 8986
f 8986 9069 9068
f 8986 9068 8987
f 8987 9068 9067
f 8987 9067 8988
f 8988 9067 9066
f 8988 9066 8989
f 8989 9066 9065
f 8989 9065 8990
f 8990 9065 9064
f 8990 9064 8991
f 8991 9064 9063
f 8991 9063 8992
f 8992 9063 9062
f 8992 9062 8993
f 8993 9062 9061
f 8993 9061 8994
f 8994 9061 9060
f 8994 9060 9132
f 9132 9060 9059
f 9132 9059 9058
f 9058 9057 9132
f 9132 9057 9056
f 9132 9056 9055
f 9055 9054 9132
f 9132 9054 9053
f 9132 9053 9052
f 9052 9051 9132
f 9132 9051 9050
f 9132 9050 9049
f 9049 9048 9132
f 9132 9048 9047
f 9132 9047 9046
f 9046 9045 9132
f 9132 9045 9044
f 9043 9042 9131
f 8845 9038 8934
f 8934 9038 9037
f 8934 9037 8935
f 8935 9037 9036
f 8935 9036 8936
f 8936 9036 9035
f 8936 9035 8937
f 8937 9035 9034
f 8937 9034 8938
f 8938 9034 9033
f 8938 9033 8939
f 8939 9033 9032
f 8939 9032 8940
f 8940 9032 9031
f 8940 9031 8941
f 8941 9031 9030
f 8941 9030 8942
f 8942 9030 9029
f 8942 9029 8943
f 8943 9029 9028
f 8943 9028 8944
f 8944 9028 9027
f 8944 9027 8945
f 8945 9027 9026
f 8945 9026 8946
f 8946 9026 9025
f 8946 9025 8947
f 8947 9025 9024
f 8947 9024 8948
f 8948 9024 9023
f 8948 9023 8949
f 8949 9023 9022
f 8949 9022 8950
f 8950 9022 9021
f 8950 9021 8951
f 8951 9021 8668
f 8951 8668 8952
f 8952 8668 8679
f 8952 8679 8953
f 8953 8679 8678
f 9021 9020 8668
f 8668 9020 9019
f 8668 9019 9018
f 9018 9017 8668
f 8668 9017 9016
f 8668 9016 9015
f 9012 9011 9143
f 9143 9011 9010
f 9143 9010 9009
f 9009 9008 9143
f 9143 9008 9007
f 9143 9007 9006
f 9006 9005 9143
f 9143 9005 9004
f 9143 9004 9003
f 9003 9002 9143
f 9143 9002 9001
f 9143 9001 9000
f 9000 8999 9143
f 9143 8999 8998
f 9143 8998 8997
f 8997 8996 9143
f 8985 8849 8931
f 8931 8849 8848
f 8931 8848 8932
f 8932 8848 8847
f 8932 8847 8933
f 8933 8847 8846
f 8933 8846 8934
f 8934 8846 8845
f 8849 8985 8850
f 8850 8985 8984
f 8850 8984 8851
f 8851 8984 8983
f 8851 8983 8852
f 8852 8983 8982
f 8852 8982 8853
f 8853 8982 8981
f 8853 8981 8854
f 8854 8981 8980
f 8854 8980 8855
f 8855 8980 8979
f 8855 8979 8856
f 8856 8979 8978
f 8856 8978 8857
f 8857 8978 8977
f 8857 8977 9119
f 9119 8977 8976
f 9119 8976 8975
f 8975 8974 9119
f 9119 8974 8973
f 9119 8973 8972
f 8970 8969 9108
f 9108 8969 8968
f 9108 8968 8967
f 8967 8966 9108
f 9108 8966 8965
f 9108 8965 8964
f 8964 8963 9108
f 9108 8963 8962
f 9108 8962 8961
f 8961 8960 9108
f 8929 8928 9155
f 9155 8928 8927
f 9155 8927 8926
f 8926 8925 9155
f 9155 8925 8717
f 9155 8717 8716
f 8925 8924 8717
f 8717 8924 8718
f 8718 8924 8923
f 8718 8923 8719
f 8719 8923 8922
f 8719 8922 8720
f 8720 8922 8921
f 8720 8921 8721
f 8721 8921 8920
f 8721 8920 8722
f 8722 8920 8919
f 8722 8919 8723
f 8723 8919 8918
f 8723 8918 8724
f 8724 8918 8917
f 8724 8917 8725
f 8725 8917 8726
f 8726 8917 8916
f 8726 8916 8727
f 8727 8916 8915
f 8727 8915 8728
f 8728 8915 8914
f 8728 8914 8729
f 8729 8914 8913
f 8729 8913 8730
f 8730 8913 8912
f 8730 8912 8731
f 8731 8912 8911
f 8731 8911 8732
f 8732 8911 8910
f 8732 8910 8733
f 8733 8910 8909
f 8733 8909 8734
f 8734 8909 8908
f 8734 8908 8907
f 8906 8652 8907
f 8907 8652 8735
f 8907 8735 8734
f 8652 8906 8653
f 8653 8906 8905
f 8653 8905 8654
f 8654 8905 8904
f 8654 8904 8600
f 8600 8904 8903
f 8600 8903 8601
f 8601 8903 8902
f 8601 8902 8602
f 8602 8902 8901
f 8602 8901 8603
f 8603 8901 8900
f 8603 8900 8604
f 8604 8900 8899
f 8604 8899 8605
f 8605 8899 8898
f 8822 8821 9120
f 9120 8821 8875
f 9120 8875 8874
f 8874 8873 9120
f 8872 8871 9119
f 9119 8871 8870
f 9119 8870 8869
f 8869 8868 9119
f 9119 8868 8867
f 9119 8867 8866
f 8866 8865 9119
f 9119 8865 8864
f 9119 8864 8863
f 8863 8862 9119
f 9119 8862 8861
f 9119 8861 8860
f 8860 8859 9119
f 9119 8859 8858
f 9119 8858 8857
f 8825 8824 9120
f 9120 8824 8823
f 9120 8823 8822
f 8820 8656 8766
f 8766 8656 8738
f 8766 8738 8767
f 8767 8738 8737
f 8767 8737 8768
f 8768 8737 8736
f 8768 8736 8769
f 8769 8736 8735
f 8769 8735 8652
f 8820 8819 8656
f 8656 8819 8818
f 8656 8818 8817
f 8817 8816 8656
f 8656 8816 8701
f 8701 8816 8815
f 8701 8815 8702
f 8702 8815 8814
f 8702 8814 8703
f 8703 8814 8813
f 8703 8813 8704
f 8704 8813 8812
f 8704 8812 8705
f 8705 8812 8706
f 8706 8812 8811
f 8706 8811 8707
f 8707 8811 8810
f 8707 8810 8708
f 8708 8810 8809
f 8708 8809 8709
f 8709 8809 8808
f 8709 8808 8807
f 8709 8807 8710
f 8710 8807 8806
f 8710 8806 8700
f 8700 8806 8805
f 8700 8805 8804
f 8804 8803 8700
f 8700 8803 8802
f 8700 8802 8801
f 8801 8800 8700
f 8700 8800 8681
f 8681 8800 8799
f 8681 8799 8798
f 8798 8797 8681
f 8681 8797 8010
f 8681 8010 8682
f 8682 8010 8683
f 8683 8010 8684
f 8797 8796 8010
f 8010 8796 8795
f 8010 8795 8794
f 8792 8791 9176
f 9176 8791 8790
f 9176 8790 8789
f 8789 8788 9176
f 9176 8788 8787
f 8641 8779 8642
f 8642 8779 8778
f 8642 8778 8643
f 8643 8778 8777
f 8643 8777 8644
f 8644 8777 8776
f 8644 8776 8645
f 8645 8776 8775
f 8645 8775 8646
f 8646 8775 8774
f 8646 8774 8647
f 8647 8774 8773
f 8647 8773 8648
f 8648 8773 8772
f 8648 8772 8649
f 8649 8772 8771
f 8649 8771 8650
f 8650 8771 8770
f 8650 8770 8651
f 8651 8770 8769
f 8651 8769 8652
f 8712 8711 9155
f 9155 8711 8765
f 8763 8762 9144
f 9144 8762 8761
f 9144 8761 8760
f 8760 8759 9144
f 8758 8757 8657
f 8657 8757 8756
f 8657 8756 8755
f 8755 8754 8657
f 8657 8754 8753
f 8657 8753 8658
f 8658 8753 8752
f 8658 8752 8659
f 8659 8752 8751
f 8659 8751 8660
f 8660 8751 8750
f 8660 8750 8661
f 8661 8750 8749
f 8661 8749 8662
f 8662 8749 8748
f 8662 8748 8663
f 8663 8748 8747
f 8663 8747 8664
f 8664 8747 8746
f 8664 8746 8665
f 8665 8746 8745
f 8665 8745 8666
f 8666 8745 8744
f 8666 8744 8667
f 8667 8744 8743
f 8667 8743 8655
f 8655 8743 8742
f 8655 8742 8741
f 8741 8740 8655
f 8655 8740 8739
f 8655 8739 8738
f 8716 8715 9155
f 9155 8715 8714
f 9155 8714 8713
f 8713 8712 9155
f 8656 8655 8738
f 8688 8687 8013
f 8013 8687 8686
f 9196 9300 9195
f 9195 9300 9303
f 9195 9303 9296
f 9296 9303 9500
f 9296 9500 9295
f 9295 9500 9498
f 9295 9498 9294
f 9294 9498 9496
f 9294 9496 9293
f 9293 9496 9494
f 9293 9494 9292
f 9292 9494 9492
f 9292 9492 9291
f 9291 9492 9490
f 9291 9490 9290
f 9290 9490 9488
f 9290 9488 9289
f 9289 9488 9486
f 9289 9486 9288
f 9288 9486 9484
f 9288 9484 9287
f 9287 9484 9482
f 9287 9482 9286
f 9286 9482 9480
f 9286 9480 9285
f 9285 9480 9478
f 9285 9478 9284
f 9284 9478 9476
f 9284 9476 9283
f 9283 9476 9474
f 9283 9474 9282
f 9282 9474 9472
f 9282 9472 9281
f 9281 9472 9470
f 9281 9470 9280
f 9280 9470 9468
f 9280 9468 9279
f 9279 9468 9466
f 9279 9466 9278
f 9278 9466 9464
f 9278 9464 9277
f 9277 9464 9462
f 9277 9462 9276
f 9276 9462 9460
f 9276 9460 9275
f 9275 9460 9458
f 9275 9458 9274
f 9274 9458 9456
f 9274 9456 9273
f 9273 9456 9454
f 9273 9454 9272
f 9272 9454 9452
f 9272 9452 9271
f 9271 9452 9450
f 9271 9450 9270
f 9270 9450 9448
f 9270 9448 9269
f 9269 9448 9446
f 9269 9446 9268
f 9268 9446 9444
f 9268 9444 9267
f 9267 9444 9442
f 9267 9442 9266
f 9266 9442 9440
f 9266 9440 9265
f 9265 9440 9438
f 9265 9438 9264
f 9264 9438 9436
f 9264 9436 9263
f 9263 9436 9434
f 9263 9434 9262
f 9262 9434 9432
f 9262 9432 9261
f 9261 9432 9430
f 9261 9430 9260
f 9260 9430 9428
f 9260 9428 9259
f 9259 9428 9426
f 9259 9426 9258
f 9258 9426 9424
f 9258 9424 9257
f 9257 9424 9422
f 9257 9422 9256
f 9256 9422 9420
f 9256 9420 9255
f 9255 9420 9418
f 9255 9418 9254
f 9254 9418 9416
f 9254 9416 9253
f 9253 9416 9414
f 9253 9414 9252
f 9252 9414 9412
f 9252 9412 9251
f 9251 9412 9410
f 9251 9410 9250
f 9250 9410 9408
f 9250 9408 9249
f 9249 9408 9406
f 9249 9406 9248
f 9248 9406 9404
f 9248 9404 9247
f 9247 9404 9402
f 9247 9402 9246
f 9246 9402 9298
f 9246 9298 9245
f 9245 9298 9400
f 9245 9400 9244
f 9244 9400 9398
f 9244 9398 9243
f 9243 9398 9396
f 9243 9396 9242
f 9242 9396 9394
f 9242 9394 9241
f 9241 9394 9392
f 9241 9392 9240
f 9240 9392 9390
f 9240 9390 9239
f 9239 9390 9388
f 9239 9388 9238
f 9238 9388 9386
f 9238 9386 9237
f 9237 9386 9384
f 9237 9384 9236
f 9236 9384 9382
f 9236 9382 9235
f 9235 9382 9380
f 9235 9380 9234
f 9234 9380 9378
f 9234 9378 9233
f 9233 9378 9376
f 9233 9376 9232
f 9232 9376 9374
f 9232 9374 9231
f 9231 9374 9372
f 9231 9372 9230
f 9230 9372 9370
f 9230 9370 9229
f 9229 9370 9368
f 9229 9368 9228
f 9228 9368 9366
f 9228 9366 9227
f 9227 9366 9364
f 9227 9364 9226
f 9226 9364 9362
f 9226 9362 9225
f 9225 9362 9360
f 9225 9360 9224
f 9224 9360 9358
f 9224 9358 9223
f 9223 9358 9356
f 9223 9356 9222
f 9222 9356 9354
f 9222 9354 9221
f 9221 9354 9352
f 9221 9352 9220
f 9220 9352 9350
f 9220 9350 9219
f 9219 9350 9348
f 9219 9348 9218
f 9218 9348 9346
f 9218 9346 9217
f 9217 9346 9344
f 9217 9344 9216
f 9216 9344 9342
f 9216 9342 9215
f 9215 9342 9340
f 9215 9340 9214
f 9214 9340 9338
f 9214 9338 9213
f 9213 9338 9336
f 9213 9336 9212
f 9212 9336 9334
f 9212 9334 9211
f 9211 9334 9332
f 9211 9332 9210
f 9210 9332 9330
f 9210 9330 9209
f 9209 9330 9328
f 9209 9328 9208
f 9208 9328 9326
f 9208 9326 9207
f 9207 9326 9324
f 9207 9324 9206
f 9206 9324 9322
f 9206 9322 9205
f 9205 9322 9320
f 9205 9320 9204
f 9204 9320 9318
f 9204 9318 9203
f 9203 9318 9316
f 9203 9316 9202
f 9202 9316 9314
f 9202 9314 9201
f 9201 9314 9312
f 9201 9312 9200
f 9200 9312 9310
f 9200 9310 9199
f 9199 9310 9308
f 9199 9308 9198
f 9198 9308 9306
f 9198 9306 9197
f 9197 9306 9304
f 9197 9304 9196
f 9196 9304 9300
f 9299 9297 9401
f 9401 9297 9399
f 9399 9297 9397
f 9397 9297 9395
f 9395 9297 9393
f 9393 9297 9391
f 9391 9297 9389
f 9389 9297 9387
f 9387 9297 9385
f 9385 9297 9383
f 9383 9297 9381
f 9381 9297 9379
f 9379 9297 9377
f 9377 9297 9375
f 9375 9297 9373
f 9373 9297 9371
f 9371 9297 9369
f 9369 9297 9367
f 9367 9297 9365
f 9365 9297 9363
f 9363 9297 9361
f 9361 9297 9359
f 9359 9297 9357
f 9357 9297 9355
f 9355 9297 9353
f 9353 9297 9351
f 9351 9297 9349
f 9349 9297 9347
f 9347 9297 9345
f 9345 9297 9343
f 9343 9297 9341
f 9341 9297 9339
f 9339 9297 9337
f 9337 9297 9335
f 9333 9297 9331
f 9331 9297 9329
f 9329 9297 9327
f 9327 9297 9325
f 9325 9297 9323
f 9323 9297 9321
f 9321 9297 9319
f 9319 9297 9317
f 9317 9297 9315
f 9315 9297 9313
f 9313 9297 9311
f 9311 9297 9309
f 9309 9297 9307
f 9307 9297 9305
f 9305 9297 9301
f 9301 9297 9302
f 9302 9297 9501
f 9501 9297 9499
f 9499 9297 9497
f 9497 9297 9495
f 9495 9297 9493
f 9493 9297 9491
f 9491 9297 9489
f 9489 9297 9487
f 9487 9297 9485
f 9485 9297 9483
f 9483 9297 9481
f 9481 9297 9479
f 9479 9297 9477
f 9477 9297 9475
f 9475 9297 9473
f 9473 9297 9471
f 9471 9297 9469
f 9467 9297 9465
f 9465 9297 9463
f 9463 9297 9461
f 9461 9297 9459
f 9459 9297 9457
f 9457 9297 9455
f 9455 9297 9453
f 9453 9297 9451
f 9451 9297 9449
f 9449 9297 9447
f 9447 9297 9445
f 9445 9297 9443
f 9443 9297 9441
f 9441 9297 9439
f 9439 9297 9437
f 9437 9297 9435
f 9435 9297 9433
f 9433 9297 9431
f 9431 9297 9429
f 9429 9297 9427
f 9427 9297 9425
f 9425 9297 9423
f 9423 9297 9421
f 9421 9297 9419
f 9419 9297 9417
f 9417 9297 9415
f 9415 9297 9413
f 9413 9297 9411
f 9411 9297 9409
f 9409 9297 9407
f 9407 9297 9405
f 9405 9297 9403
f 9403 9297 9299
f 9298 9299 9400
f 9400 9299 9401
f 9400 9401 9398
f 9398 9401 9399
f 9398 9399 9396
f 9396 9399 9397
f 9396 9397 9394
f 9394 9397 9395
f 9394 9395 9392
f 9392 9395 9393
f 9392 9393 9390
f 9390 9393 9391
f 9390 9391 9388
f 9388 9391 9389
f 9388 9389 9386
f 9386 9389 9387
f 9386 9387 9384
f 9384 9387 9385
f 9384 9385 9382
f 9382 9385 9383
f 9382 9383 9380
f 9380 9383 9381
f 9380 9381 9378
f 9378 9381 9379
f 9378 9379 9376
f 9376 9379 9377
f 9376 9377 9374
f 9374 9377 9375
f 9374 9375 9372
f 9372 9375 9373
f 9372 9373 9370
f 9370 9373 9371
f 9370 9371 9368
f 9368 9371 9369
f 9368 9369 9366
f 9366 9369 9367
f 9366 9367 9364
f 9364 9367 9365
f 9364 9365 9362
f 9362 9365 9363
f 9362 9363 9360
f 9360 9363 9361
f 9360 9361 9358
f 9358 9361 9359
f 9358 9359 9356
f 9356 9359 9357
f 9356 9357 9354
f 9354 9357 9355
f 9354 9355 9352
f 9352 9355 9353
f 9352 9353 9350
f 9350 9353 9351
f 9350 9351 9348
f 9348 9351 9349
f 9348 9349 9346
f 9346 9349 9347
f 9346 9347 9344
f 9344 9347 9345
f 9344 9345 9342
f 9342 9345 9343
f 9342 9343 9340
f 9340 9343 9341
f 9340 9341 9338
f 9338 9341 9339
f 9338 9339 9336
f 9336 9339 9337
f 9336 9337 9334
f 9334 9337 9335
f 9334 9335 9332
f 9332 9335 9333
f 9332 9333 9330
f 9330 9333 9331
f 9330 9331 9328
f 9328 9331 9329
f 9328 9329 9326
f 9326 9329 9327
f 9326 9327 9324
f 9324 9327 9325
f 9324 9325 9322
f 9322 9325 9323
f 9322 9323 9320
f 9320 9323 9321
f 9320 9321 9318
f 9318 9321 9319
f 9318 9319 9316
f 9316 9319 9317
f 9316 9317 9314
f 9314 9317 9315
f 9314 9315 9312
f 9312 9315 9313
f 9312 9313 9310
f 9310 9313 9311
f 9310 9311 9308
f 9308 9311 9309
f 9308 9309 9306
f 9306 9309 9307
f 9306 9307 9304
f 9304 9307 9305
f 9304 9305 9300
f 9300 9305 9301
f 9300 9301 9303
f 9303 9301 9302
f 9303 9302 9500
f 9500 9302 9501
f 9500 9501 9498
f 9498 9501 9499
f 9498 9499 9496
f 9496 9499 9497
f 9496 9497 9494
f 9494 9497 9495
f 9494 9495 9492
f 9492 9495 9493
f 9492 9493 9490
f 9490 9493 9491
f 9490 9491 9488
f 9488 9491 9489
f 9488 9489 9486
f 9486 9489 9487
f 9486 9487 9484
f 9484 9487 9485
f 9484 9485 9482
f 9482 9485 9483
f 9482 9483 9480
f 9480 9483 9481
f 9480 9481 9478
f 9478 9481 9479
f 9478 9479 9476
f 9476 9479 9477
f 9476 9477 9474
f 9474 9477 9475
f 9474 9475 9472
f 9472 9475 9473
f 9472 9473 9470
f 9470 9473 9471
f 9470 9471 9468
f 9468 9471 9469
f 9468 9469 9466
f 9466 9469 9467
f 9466 9467 9464
f 9464 9467 9465
f 9464 9465 9462
f 9462 9465 9463
f 9462 9463 9460
f 9460 9463 9461
f 9460 9461 9458
f 9458 9461 9459
f 9458 9459 9456
f 9456 9459 9457
f 9456 9457 9454
f 9454 9457 9455
f 9454 9455 9452
f 9452 9455 9453
f 9452 9453 9450
f 9450 9453 9451
f 9450 9451 9448
f 9448 9451 9449
f 9448 9449 9446
f 9446 9449 9447
f 9446 9447 9444
f 9444 9447 9445
f 9444 9445 9442
f 9442 9445 9443
f 9442 9443 9440
f 9440 9443 9441
f 9440 9441 9438
f 9438 9441 9439
f 9438 9439 9436
f 9436 9439 9437
f 9436 9437 9434
f 9434 9437 9435
f 9434 9435 9432
f 9432 9435 9433
f 9432 9433 9430
f 9430 9433 9431
f 9430 9431 9428
f 9428 9431 9429
f 9428 9429 9426
f 9426 9429 9427
f 9426 9427 9424
f 9424 9427 9425
f 9424 9425 9422
f 9422 9425 9423
f 9422 9423 9420
f 9420 9423 9421
f 9420 9421 9418
f 9418 9421 9419
f 9418 9419 9416
f 9416 9419 9417
f 9416 9417 9414
f 9414 9417 9415
f 9414 9415 9412
f 9412 9415 9413
f 9412 9413 9410
f 9410 9413 9411
f 9410 9411 9408
f 9408 9411 9409
f 9408 9409 9406
f 9406 9409 9407
f 9406 9407 9404
f 9404 9407 9405
f 9404 9405 9402
f 9402 9405 9403
f 9402 9403 9298
f 9298 9403 9299
f 9335 9297 9333
f 9469 9297 9467
f 9196 9195 9216
f 9216 9195 9296
f 9216 9296 9295
f 9295 9294 9216
f 9216 9294 9293
f 9216 9293 9292
f 9292 9291 9216
f 9216 9291 9290
f 9216 9290 9289
f 9289 9288 9216
f 9216 9288 9287
f 9216 9287 9286
f 9286 9285 9216
f 9216 9285 9284
f 9216 9284 9283
f 9283 9282 9216
f 9216 9282 9281
f 9216 9281 9280
f 9280 9279 9216
f 9216 9279 9278
f 9216 9278 9277
f 9277 9276 9216
f 9216 9276 9217
f 9217 9276 9275
f 9217 9275 9218
f 9218 9275 9274
f 9218 9274 9219
f 9219 9274 9273
f 9219 9273 9220
f 9220 9273 9272
f 9220 9272 9221
f 9221 9272 9271
f 9221 9271 9222
f 9222 9271 9270
f 9222 9270 9223
f 9223 9270 9269
f 9223 9269 9224
f 9224 9269 9268
f 9224 9268 9225
f 9225 9268 9267
f 9225 9267 9226
f 9226 9267 9266
f 9226 9266 9227
f 9227 9266 9265
f 9227 9265 9228
f 9228 9265 9264
f 9228 9264 9229
f 9229 9264 9263
f 9229 9263 9230
f 9230 9263 9262
f 9230 9262 9231
f 9231 9262 9261
f 9231 9261 9232
f 9232 9261 9260
f 9232 9260 9233
f 9233 9260 9259
f 9233 9259 9234
f 9234 9259 9258
f 9234 9258 9235
f 9235 9258 9257
f 9235 9257 9236
f 9236 9257 9256
f 9236 9256 9237
f 9237 9256 9255
f 9237 9255 9238
f 9238 9255 9254
f 9238 9254 9239
f 9239 9254 9253
f 9239 9253 9240
f 9240 9253 9252
f 9240 9252 9241
f 9241 9252 9251
f 9241 9251 9242
f 9242 9251 9250
f 9242 9250 9243
f 9243 9250 9249
f 9243 9249 9244
f 9244 9249 9248
f 9244 9248 9245
f 9245 9248 9247
f 9245 9247 9246
f 9215 9214 9216
f 9216 9214 9213
f 9216 9213 9212
f 9212 9211 9216
f 9216 9211 9210
f 9216 9210 9209
f 9209 9208 9216
f 9216 9208 9207
f 9216 9207 9206
f 9206 9205 9216
f 9216 9205 9204
f 9216 9204 9203
f 9203 9202 9216
f 9216 9202 9201
f 9216 9201 9200
f 9200 9199 9216
f 9216 9199 9198
f 9216 9198 9197
f 9197 9196 9216
# 19086 faces, 0 coords texture

# End of File
