####
#
# OBJ File Generated by Meshlab
#
####
# Object BambuLab_BuildPlate.obj
#
# Vertices: 3789
# Faces: 7586
#
####
v 108.5209503 259.9254761 0.0000000
v 108.3473053 259.9102783 0.0000000
v 108.1789322 259.8651733 0.0000000
v 108.0209503 259.7915039 0.0000000
v 107.8781662 259.6915283 0.0000000
v 107.7549133 259.5682678 0.0000000
v 107.6549301 259.4254761 0.0000000
v 107.5812607 259.2675171 0.0000000
v 107.5361481 259.0991211 0.0000000
v 107.5209503 258.9254761 0.0000000
v 107.5361481 258.7518311 0.0000000
v 107.5812607 258.5834656 0.0000000
v 107.6549301 258.4254761 0.0000000
v 107.7549133 258.2826843 0.0000000
v 107.8781662 258.1594543 0.0000000
v 108.0209503 258.0594482 0.0000000
v 108.1789322 257.9857788 0.0000000
v 108.3473053 257.9406738 0.0000000
v 108.5209503 257.9254761 0.0000000
v 108.5209503 257.9254761 -0.7500000
v 108.3473053 257.9406738 -0.7500000
v 108.1789322 257.9857788 -0.7500000
v 108.0209503 258.0594482 -0.7500000
v 107.8781662 258.1594543 -0.7500000
v 107.7549133 258.2826843 -0.7500000
v 107.6549301 258.4254761 -0.7500000
v 107.5812607 258.5834656 -0.7500000
v 107.5361481 258.7518311 -0.7500000
v 107.5209503 258.9254761 -0.7500000
v 107.5361481 259.0991211 -0.7500000
v 107.5812607 259.2675171 -0.7500000
v 107.6549301 259.4254761 -0.7500000
v 107.7549133 259.5682678 -0.7500000
v 107.8781662 259.6915283 -0.7500000
v 108.0209503 259.7915039 -0.7500000
v 108.1789322 259.8651733 -0.7500000
v 108.3473053 259.9102783 -0.7500000
v 108.5209503 259.9254761 -0.7500000
v 237.0674591 -0.0033580 0.0000000
v 236.9839172 -0.0103860 0.0000000
v 236.9027405 -0.0312720 0.0000000
v 236.8261719 -0.0654310 0.0000000
v 236.7563934 -0.1119000 0.0000000
v 236.6953735 -0.1693740 0.0000000
v 236.6447906 -0.2362380 0.0000000
v 236.6061096 -0.3106100 0.0000000
v 236.5803833 -0.3904020 0.0000000
v 236.5683594 -0.4733680 0.0000000
v 236.5703735 -0.5571780 0.0000000
v 236.5863495 -0.6394750 0.0000000
v 236.6158600 -0.7179450 0.0000000
v 236.6580505 -0.7903830 0.0000000
v 236.7117615 -0.8547520 0.0000000
v 236.7117615 -0.8547520 -0.7500000
v 236.6580505 -0.7903830 -0.7500000
v 236.6158600 -0.7179450 -0.7500000
v 236.5863495 -0.6394750 -0.7500000
v 236.5703735 -0.5571780 -0.7500000
v 236.5683594 -0.4733680 -0.7500000
v 236.5803833 -0.3904020 -0.7500000
v 236.6061096 -0.3106100 -0.7500000
v 236.6447906 -0.2362380 -0.7500000
v 236.6953735 -0.1693740 -0.7500000
v 236.7563934 -0.1119000 -0.7500000
v 236.8261719 -0.0654310 -0.7500000
v 236.9027405 -0.0312720 -0.7500000
v 236.9839172 -0.0103860 -0.7500000
v 237.0674591 -0.0033580 -0.7500000
v 84.1174622 -1.0569640 0.0000000
v 84.1174622 -8.0569639 0.0000000
v 201.2976379 -8.0569639 0.0000000
v 201.2976379 -1.0569640 0.0000000
v 87.8674622 -4.3236618 0.0000000
v 85.8674622 -4.9841318 0.0000000
v 85.8674622 -1.8069640 0.0000000
v 87.8674622 -1.8069640 0.0000000
v 85.8674622 -7.3069639 0.0000000
v 85.8674622 -5.5106912 0.0000000
v 87.8674622 -4.8502202 0.0000000
v 87.8674622 -7.3069639 0.0000000
v 173.9212799 -1.7400520 0.0000000
v 173.9415436 -1.7235230 0.0000000
v 173.9643707 -1.7107641 0.0000000
v 173.9890594 -1.7021610 0.0000000
v 174.0148621 -1.6979769 0.0000000
v 174.0410156 -1.6983380 0.0000000
v 174.0666962 -1.7032330 0.0000000
v 174.0911407 -1.7125140 0.0000000
v 174.1136017 -1.7258990 0.0000000
v 174.1333923 -1.7429800 0.0000000
v 174.1499176 -1.7632400 0.0000000
v 174.1626892 -1.7860620 0.0000000
v 174.1712799 -1.8107530 0.0000000
v 174.1754761 -1.8365630 0.0000000
v 174.1751099 -1.8627070 0.0000000
v 174.1702118 -1.8883910 0.0000000
v 174.1609344 -1.9128360 0.0000000
v 174.1475525 -1.9352970 0.0000000
v 174.1304626 -1.9550920 0.0000000
v 173.8167725 -2.3083961 0.0000000
v 173.7079163 -2.4721241 0.0000000
v 173.6280823 -2.6280360 0.0000000
v 173.5750427 -2.7767301 0.0000000
v 173.5465698 -2.9188070 0.0000000
v 173.5404358 -3.0548649 0.0000000
v 173.5544281 -3.1855049 0.0000000
v 173.5862885 -3.3113251 0.0000000
v 173.6338043 -3.4329269 0.0000000
v 173.7669067 -3.6658680 0.0000000
v 174.1229248 -4.1074920 0.0000000
v 174.4798889 -4.5487452 0.0000000
v 174.6141663 -4.7812228 0.0000000
v 174.6624451 -4.9025230 0.0000000
v 174.6951904 -5.0279961 0.0000000
v 174.7101746 -5.1582422 0.0000000
v 174.7051697 -5.2938600 0.0000000
v 174.6779327 -5.4354501 0.0000000
v 174.6262512 -5.5836110 0.0000000
v 174.5478973 -5.7389431 0.0000000
v 174.4406281 -5.9020448 0.0000000
v 174.1304626 -6.2539592 0.0000000
v 174.1102600 -6.2705469 0.0000000
v 174.0874634 -6.2833738 0.0000000
v 174.0628052 -6.2920499 0.0000000
v 174.0370026 -6.2963109 0.0000000
v 174.0108643 -6.2960272 0.0000000
v 173.9851685 -6.2912078 0.0000000
v 173.9606934 -6.2819991 0.0000000
v 173.9381866 -6.2686810 0.0000000
v 173.9183502 -6.2516580 0.0000000
v 173.9017639 -6.2314472 0.0000000
v 173.8889313 -6.2086630 0.0000000
v 173.8802490 -6.1839981 0.0000000
v 173.8759918 -6.1581998 0.0000000
v 173.8762817 -6.1320548 0.0000000
v 173.8811035 -6.1063561 0.0000000
v 173.8903046 -6.0818849 0.0000000
v 173.9036255 -6.0593839 0.0000000
v 173.9206543 -6.0395379 0.0000000
v 174.1986084 -5.7247701 0.0000000
v 174.2880554 -5.5886359 0.0000000
v 174.3502808 -5.4659600 0.0000000
v 174.3884125 -5.3572640 0.0000000
v 174.4070892 -5.2599630 0.0000000
v 174.4106445 -5.1704249 0.0000000
v 174.4004517 -5.0839119 0.0000000
v 174.3771362 -4.9961948 0.0000000
v 174.3410950 -4.9061708 0.0000000
v 174.2321320 -4.7179151 0.0000000
v 173.8970490 -4.3049240 0.0000000
v 173.5185394 -3.8341460 0.0000000
v 173.3588715 -3.5560920 0.0000000
v 173.2992401 -3.4028690 0.0000000
v 173.2592621 -3.2391670 0.0000000
v 173.2429962 -3.0649180 0.0000000
v 173.2523193 -2.8828139 0.0000000
v 173.2885132 -2.6962430 0.0000000
v 173.3528900 -2.5085869 0.0000000
v 173.4472656 -2.3215411 0.0000000
v 173.5755615 -2.1300249 0.0000000
v 175.4212799 -1.7400520 0.0000000
v 175.4415436 -1.7235230 0.0000000
v 175.4643707 -1.7107641 0.0000000
v 175.4890594 -1.7021610 0.0000000
v 175.5148621 -1.6979769 0.0000000
v 175.5410156 -1.6983380 0.0000000
v 175.5666962 -1.7032330 0.0000000
v 175.5911407 -1.7125140 0.0000000
v 175.6136017 -1.7258990 0.0000000
v 175.6333923 -1.7429800 0.0000000
v 175.6499176 -1.7632400 0.0000000
v 175.6626892 -1.7860620 0.0000000
v 175.6712799 -1.8107530 0.0000000
v 175.6754761 -1.8365630 0.0000000
v 175.6751099 -1.8627070 0.0000000
v 175.6702118 -1.8883910 0.0000000
v 175.6609344 -1.9128360 0.0000000
v 175.6475525 -1.9352970 0.0000000
v 175.6304626 -1.9550920 0.0000000
v 175.3167725 -2.3083961 0.0000000
v 175.2079163 -2.4721241 0.0000000
v 175.1280823 -2.6280360 0.0000000
v 175.0750427 -2.7767301 0.0000000
v 175.0465698 -2.9188070 0.0000000
v 175.0404358 -3.0548649 0.0000000
v 175.0544281 -3.1855049 0.0000000
v 175.0862885 -3.3113251 0.0000000
v 175.1338043 -3.4329269 0.0000000
v 175.2669067 -3.6658680 0.0000000
v 175.6229248 -4.1074920 0.0000000
v 175.9798889 -4.5487452 0.0000000
v 176.1141663 -4.7812228 0.0000000
v 176.1624451 -4.9025230 0.0000000
v 176.1951904 -5.0279961 0.0000000
v 176.2101746 -5.1582422 0.0000000
v 176.2051697 -5.2938600 0.0000000
v 176.1779327 -5.4354501 0.0000000
v 176.1262512 -5.5836110 0.0000000
v 176.0478973 -5.7389431 0.0000000
v 175.9406281 -5.9020448 0.0000000
v 175.6304626 -6.2539592 0.0000000
v 175.6102600 -6.2705469 0.0000000
v 175.5874634 -6.2833738 0.0000000
v 175.5628052 -6.2920499 0.0000000
v 175.5370026 -6.2963109 0.0000000
v 175.5108643 -6.2960272 0.0000000
v 175.4851685 -6.2912078 0.0000000
v 175.4606934 -6.2819991 0.0000000
v 175.4381866 -6.2686810 0.0000000
v 175.4183502 -6.2516580 0.0000000
v 175.4017639 -6.2314472 0.0000000
v 175.3889313 -6.2086630 0.0000000
v 175.3802490 -6.1839981 0.0000000
v 175.3759918 -6.1581998 0.0000000
v 175.3762817 -6.1320548 0.0000000
v 175.3811035 -6.1063561 0.0000000
v 175.3903046 -6.0818849 0.0000000
v 175.4036255 -6.0593839 0.0000000
v 175.4206543 -6.0395379 0.0000000
v 175.6986084 -5.7247701 0.0000000
v 175.7880554 -5.5886359 0.0000000
v 175.8502808 -5.4659600 0.0000000
v 175.8884125 -5.3572640 0.0000000
v 175.9070892 -5.2599630 0.0000000
v 175.9106445 -5.1704249 0.0000000
v 175.9004517 -5.0839119 0.0000000
v 175.8771362 -4.9961948 0.0000000
v 175.8410950 -4.9061708 0.0000000
v 175.7321320 -4.7179151 0.0000000
v 175.3970490 -4.3049240 0.0000000
v 175.0185394 -3.8341460 0.0000000
v 174.8588715 -3.5560920 0.0000000
v 174.7992401 -3.4028690 0.0000000
v 174.7592621 -3.2391670 0.0000000
v 174.7429962 -3.0649180 0.0000000
v 174.7523193 -2.8828139 0.0000000
v 174.7885132 -2.6962430 0.0000000
v 174.8528900 -2.5085869 0.0000000
v 174.9472656 -2.3215411 0.0000000
v 175.0755615 -2.1300249 0.0000000
v 90.3674622 -3.6293869 0.0000000
v 88.3674622 -4.2898579 0.0000000
v 88.3674622 -1.8200390 0.0000000
v 90.3674622 -1.8200390 0.0000000
v 90.3674622 -4.1559458 0.0000000
v 90.3674622 -7.3200388 0.0000000
v 88.3674622 -7.3200388 0.0000000
v 88.3674622 -4.8164158 0.0000000
v 176.9212799 -1.7400520 0.0000000
v 176.9415436 -1.7235230 0.0000000
v 176.9643707 -1.7107641 0.0000000
v 176.9890594 -1.7021610 0.0000000
v 177.0148621 -1.6979769 0.0000000
v 177.0410156 -1.6983380 0.0000000
v 177.0666962 -1.7032330 0.0000000
v 177.0911407 -1.7125140 0.0000000
v 177.1136017 -1.7258990 0.0000000
v 177.1333923 -1.7429800 0.0000000
v 177.1499176 -1.7632400 0.0000000
v 177.1626892 -1.7860620 0.0000000
v 177.1712799 -1.8107530 0.0000000
v 177.1754761 -1.8365630 0.0000000
v 177.1751099 -1.8627070 0.0000000
v 177.1702118 -1.8883910 0.0000000
v 177.1609344 -1.9128360 0.0000000
v 177.1475525 -1.9352970 0.0000000
v 177.1304626 -1.9550920 0.0000000
v 176.8167725 -2.3083961 0.0000000
v 176.7079163 -2.4721241 0.0000000
v 176.6280823 -2.6280360 0.0000000
v 176.5750427 -2.7767301 0.0000000
v 176.5465698 -2.9188070 0.0000000
v 176.5404358 -3.0548649 0.0000000
v 176.5544281 -3.1855049 0.0000000
v 176.5862885 -3.3113251 0.0000000
v 176.6338043 -3.4329269 0.0000000
v 176.7669067 -3.6658680 0.0000000
v 177.1229248 -4.1074920 0.0000000
v 177.4798889 -4.5487452 0.0000000
v 177.6141663 -4.7812228 0.0000000
v 177.6624451 -4.9025230 0.0000000
v 177.6951904 -5.0279961 0.0000000
v 177.7101746 -5.1582422 0.0000000
v 177.7051697 -5.2938600 0.0000000
v 177.6779327 -5.4354501 0.0000000
v 177.6262512 -5.5836110 0.0000000
v 177.5478973 -5.7389431 0.0000000
v 177.4406281 -5.9020448 0.0000000
v 177.1304626 -6.2539592 0.0000000
v 177.1102600 -6.2705469 0.0000000
v 177.0874634 -6.2833738 0.0000000
v 177.0628052 -6.2920499 0.0000000
v 177.0370026 -6.2963109 0.0000000
v 177.0108643 -6.2960272 0.0000000
v 176.9851685 -6.2912078 0.0000000
v 176.9606934 -6.2819991 0.0000000
v 176.9381866 -6.2686810 0.0000000
v 176.9183502 -6.2516580 0.0000000
v 176.9017639 -6.2314472 0.0000000
v 176.8889313 -6.2086630 0.0000000
v 176.8802490 -6.1839981 0.0000000
v 176.8759918 -6.1581998 0.0000000
v 176.8762817 -6.1320548 0.0000000
v 176.8811035 -6.1063561 0.0000000
v 176.8903046 -6.0818849 0.0000000
v 176.9036255 -6.0593839 0.0000000
v 176.9206543 -6.0395379 0.0000000
v 177.1986084 -5.7247701 0.0000000
v 177.2880554 -5.5886359 0.0000000
v 177.3502808 -5.4659600 0.0000000
v 177.3884125 -5.3572640 0.0000000
v 177.4070892 -5.2599630 0.0000000
v 177.4106445 -5.1704249 0.0000000
v 177.4004517 -5.0839119 0.0000000
v 177.3771362 -4.9961948 0.0000000
v 177.3410950 -4.9061708 0.0000000
v 177.2321320 -4.7179151 0.0000000
v 176.8970490 -4.3049240 0.0000000
v 176.5185394 -3.8341460 0.0000000
v 176.3588715 -3.5560920 0.0000000
v 176.2992401 -3.4028690 0.0000000
v 176.2592621 -3.2391670 0.0000000
v 176.2429962 -3.0649180 0.0000000
v 176.2523193 -2.8828139 0.0000000
v 176.2885132 -2.6962430 0.0000000
v 176.3528900 -2.5085869 0.0000000
v 176.4472656 -2.3215411 0.0000000
v 176.5755615 -2.1300249 0.0000000
v 178.0257568 -7.0100322 0.0000000
v 173.1661224 -7.0100322 0.0000000
v 173.1308594 -7.0069470 0.0000000
v 173.0966644 -6.9977860 0.0000000
v 173.0645905 -6.9828262 0.0000000
v 173.0355835 -6.9625230 0.0000000
v 173.0105591 -6.9374938 0.0000000
v 172.9902649 -6.9084978 0.0000000
v 172.9752960 -6.8764172 0.0000000
v 172.9661407 -6.8422260 0.0000000
v 172.9630585 -6.8069639 0.0000000
v 172.9661407 -6.7717018 0.0000000
v 172.9752960 -6.7375112 0.0000000
v 172.9902649 -6.7054300 0.0000000
v 173.0105591 -6.6764340 0.0000000
v 173.0355835 -6.6514049 0.0000000
v 173.0645905 -6.6311021 0.0000000
v 173.0966644 -6.6161418 0.0000000
v 173.1308594 -6.6069808 0.0000000
v 173.1661224 -6.6038961 0.0000000
v 178.0257568 -6.6038961 0.0000000
v 178.0610199 -6.6069808 0.0000000
v 178.0951996 -6.6161418 0.0000000
v 178.1272888 -6.6311021 0.0000000
v 178.1562805 -6.6514049 0.0000000
v 178.1813049 -6.6764340 0.0000000
v 178.2016144 -6.7054300 0.0000000
v 178.2165680 -6.7375112 0.0000000
v 178.2257385 -6.7717018 0.0000000
v 178.2288208 -6.8069639 0.0000000
v 178.2257385 -6.8422260 0.0000000
v 178.2165680 -6.8764172 0.0000000
v 178.2016144 -6.9084978 0.0000000
v 178.1813049 -6.9374938 0.0000000
v 178.1562805 -6.9625230 0.0000000
v 178.1272888 -6.9828262 0.0000000
v 178.0951996 -6.9977860 0.0000000
v 178.0610199 -7.0069470 0.0000000
v 100.4379883 -4.9181228 0.0000000
v 100.4379883 -5.9639339 0.0000000
v 99.9624023 -5.9639339 0.0000000
v 99.9624023 -2.9681530 0.0000000
v 102.2794647 -2.9681530 0.0000000
v 102.3331528 -2.9707949 0.0000000
v 102.3862457 -2.9791491 0.0000000
v 102.4381027 -2.9933000 0.0000000
v 102.4880219 -3.0132251 0.0000000
v 102.5354385 -3.0385270 0.0000000
v 102.5802841 -3.0681970 0.0000000
v 102.6219406 -3.1021161 0.0000000
v 102.6601257 -3.1399601 0.0000000
v 102.6949615 -3.1808910 0.0000000
v 102.7257843 -3.2249119 0.0000000
v 102.7524338 -3.2715900 0.0000000
v 102.7748795 -3.3204319 0.0000000
v 102.7926407 -3.3711720 0.0000000
v 102.8047028 -3.4235210 0.0000000
v 102.8141251 -3.5305400 0.0000000
v 102.8141251 -4.3557358 0.0000000
v 102.8043900 -4.4624028 0.0000000
v 102.7920837 -4.5145311 0.0000000
v 102.7742004 -4.5650620 0.0000000
v 102.7254028 -4.6603742 0.0000000
v 102.6948776 -4.7044148 0.0000000
v 102.6603851 -4.7454309 0.0000000
v 102.6221619 -4.7829928 0.0000000
v 102.5803986 -4.8165698 0.0000000
v 102.5354462 -4.8457389 0.0000000
v 102.4877701 -4.8702102 0.0000000
v 102.4377975 -4.8896041 0.0000000
v 102.3859940 -4.9032578 0.0000000
v 102.3329697 -4.9111772 0.0000000
v 102.2794647 -4.9139042 0.0000000
v 105.9431152 -5.4600158 0.0000000
v 105.9431152 -5.9639339 0.0000000
v 103.0914001 -5.9639339 0.0000000
v 103.0914001 -2.9597139 0.0000000
v 103.5663834 -2.9597139 0.0000000
v 103.5663834 -5.4600158 0.0000000
v 106.6567993 -4.9350009 0.0000000
v 106.6567993 -5.9639339 0.0000000
v 106.1812134 -5.9639339 0.0000000
v 106.1812134 -3.5263209 0.0000000
v 106.1831055 -3.4723990 0.0000000
v 106.1904526 -3.4190040 0.0000000
v 106.2024918 -3.3664169 0.0000000
v 106.2190170 -3.3150849 0.0000000
v 106.2406845 -3.2657139 0.0000000
v 106.2669907 -3.2186191 0.0000000
v 106.2974625 -3.1741331 0.0000000
v 106.3321075 -3.1328001 0.0000000
v 106.3707886 -3.0952280 0.0000000
v 106.4129791 -3.0616400 0.0000000
v 106.4581757 -3.0322170 0.0000000
v 106.5060959 -3.0074730 0.0000000
v 106.5564804 -2.9882369 0.0000000
v 106.6086807 -2.9746950 0.0000000
v 106.6620178 -2.9666820 0.0000000
v 106.7158737 -2.9639339 0.0000000
v 108.4982681 -2.9639339 0.0000000
v 108.5520248 -2.9667039 0.0000000
v 108.6052933 -2.9746101 0.0000000
v 108.6573715 -2.9882500 0.0000000
v 108.7075348 -3.0078080 0.0000000
v 108.7552185 -3.0327930 0.0000000
v 108.8001633 -3.0624471 0.0000000
v 108.8419418 -3.0963831 0.0000000
v 108.8803101 -3.1341591 0.0000000
v 108.9150620 -3.1752751 0.0000000
v 108.9454575 -3.2197039 0.0000000
v 108.9937592 -3.3158391 0.0000000
v 109.0115280 -3.3666689 0.0000000
v 109.0235596 -3.4191110 0.0000000
v 109.0329285 -3.5263209 0.0000000
v 109.0329285 -5.9639339 0.0000000
v 108.5537262 -5.9639339 0.0000000
v 108.5537262 -4.9350009 0.0000000
v 111.3168335 -3.5058270 0.0000000
v 109.4235229 -5.9428372 0.0000000
v 109.2927246 -5.9639339 0.0000000
v 109.2927246 -5.4142051 0.0000000
v 111.1902542 -2.9808111 0.0000000
v 111.3168335 -2.9639339 0.0000000
v 112.0190659 -4.9350009 0.0000000
v 112.0190659 -5.9639339 0.0000000
v 111.5434799 -5.9639339 0.0000000
v 111.5434799 -3.5263209 0.0000000
v 111.5453720 -3.4723990 0.0000000
v 111.5527191 -3.4190040 0.0000000
v 111.5647583 -3.3664169 0.0000000
v 111.5812836 -3.3150849 0.0000000
v 111.6029510 -3.2657139 0.0000000
v 111.6292572 -3.2186191 0.0000000
v 111.6597290 -3.1741331 0.0000000
v 111.6943741 -3.1328001 0.0000000
v 111.7330551 -3.0952280 0.0000000
v 111.7752457 -3.0616400 0.0000000
v 111.8204422 -3.0322170 0.0000000
v 111.8683624 -3.0074730 0.0000000
v 111.9187469 -2.9882369 0.0000000
v 111.9709473 -2.9746950 0.0000000
v 112.0242844 -2.9666820 0.0000000
v 112.0781403 -2.9639339 0.0000000
v 113.8605347 -2.9639339 0.0000000
v 113.9142914 -2.9667039 0.0000000
v 113.9675598 -2.9746101 0.0000000
v 114.0196381 -2.9882500 0.0000000
v 114.0698013 -3.0078080 0.0000000
v 114.1174850 -3.0327930 0.0000000
v 114.1624298 -3.0624471 0.0000000
v 114.2042084 -3.0963831 0.0000000
v 114.2425766 -3.1341591 0.0000000
v 114.2773285 -3.1752751 0.0000000
v 114.3077164 -3.2197039 0.0000000
v 114.3560257 -3.3158391 0.0000000
v 114.3737946 -3.3666689 0.0000000
v 114.3858261 -3.4191110 0.0000000
v 114.3951950 -3.5263209 0.0000000
v 114.3951950 -5.9639339 0.0000000
v 113.9159927 -5.9639339 0.0000000
v 113.9159927 -4.9350009 0.0000000
v 117.7170792 -5.4015470 0.0000000
v 117.7076797 -5.5087681 0.0000000
v 117.6956940 -5.5612321 0.0000000
v 117.6780853 -5.6121278 0.0000000
v 117.6560364 -5.6612620 0.0000000
v 117.6297379 -5.7082372 0.0000000
v 117.5992203 -5.7526059 0.0000000
v 117.5647278 -5.7939501 0.0000000
v 117.5264587 -5.8318272 0.0000000
v 117.4845963 -5.8656950 0.0000000
v 117.4395065 -5.8951249 0.0000000
v 117.3916550 -5.9198179 0.0000000
v 117.3414841 -5.9393950 0.0000000
v 117.2894516 -5.9531851 0.0000000
v 117.2361755 -5.9611821 0.0000000
v 117.1824188 -5.9639339 0.0000000
v 114.8653564 -5.9639339 0.0000000
v 114.8653564 -2.9639339 0.0000000
v 117.0672836 -2.9639339 0.0000000
v 117.1210632 -2.9667070 0.0000000
v 117.1743622 -2.9746189 0.0000000
v 117.2264557 -2.9882741 0.0000000
v 117.2766342 -3.0078461 0.0000000
v 117.3243484 -3.0328450 0.0000000
v 117.3692474 -3.0625761 0.0000000
v 117.4112167 -3.0963621 0.0000000
v 117.4497299 -3.1339891 0.0000000
v 117.4841919 -3.1753840 0.0000000
v 117.5148163 -3.2197101 0.0000000
v 117.5412216 -3.2666240 0.0000000
v 117.5633316 -3.3157549 0.0000000
v 117.5811234 -3.3666041 0.0000000
v 117.5931778 -3.4190609 0.0000000
v 117.6025467 -3.5263209 0.0000000
v 117.6025467 -4.1224632 0.0000000
v 117.6004639 -4.1757059 0.0000000
v 117.5931168 -4.2284732 0.0000000
v 117.5809631 -4.2803521 0.0000000
v 117.5627670 -4.3304200 0.0000000
v 117.6218338 -4.4254012 0.0000000
v 117.6709366 -4.5259242 0.0000000
v 117.7052536 -4.6322751 0.0000000
v 117.7142563 -4.6874671 0.0000000
v 117.7170792 -4.7433190 0.0000000
v 120.4379883 -5.9639339 0.0000000
v 118.6513748 -5.9639339 0.0000000
v 118.5976944 -5.9612069 0.0000000
v 118.5445251 -5.9531970 0.0000000
v 118.4925461 -5.9395289 0.0000000
v 118.4423676 -5.9202080 0.0000000
v 118.3945389 -5.8956699 0.0000000
v 118.3496323 -5.8661418 0.0000000
v 118.3078232 -5.8323150 0.0000000
v 118.2696609 -5.7944860 0.0000000
v 118.2054214 -5.7083731 0.0000000
v 118.1791000 -5.6615081 0.0000000
v 118.1577072 -5.6121941 0.0000000
v 118.1295319 -5.5085201 0.0000000
v 118.1221924 -5.4553008 0.0000000
v 118.1203308 -5.4015470 0.0000000
v 118.1203308 -5.2014260 0.0000000
v 118.5959167 -5.2014260 0.0000000
v 118.5959167 -5.3846688 0.0000000
v 118.5959167 -5.3918700 0.0000000
v 118.5966034 -5.3991089 0.0000000
v 118.5979691 -5.4062972 0.0000000
v 118.6000061 -5.4133439 0.0000000
v 118.6026993 -5.4201608 0.0000000
v 118.6060486 -5.4266572 0.0000000
v 118.6100464 -5.4327440 0.0000000
v 118.6146698 -5.4383321 0.0000000
v 118.6199188 -5.4433360 0.0000000
v 118.6257172 -5.4477181 0.0000000
v 118.6319809 -5.4514618 0.0000000
v 118.6386108 -5.4545498 0.0000000
v 118.6455307 -5.4569659 0.0000000
v 118.6526337 -5.4586930 0.0000000
v 118.6598358 -5.4597158 0.0000000
v 118.6670456 -5.4600158 0.0000000
v 120.4180984 -5.4600158 0.0000000
v 120.4255219 -5.4596882 0.0000000
v 120.4328918 -5.4586501 0.0000000
v 120.4401474 -5.4569211 0.0000000
v 120.4472122 -5.4545202 0.0000000
v 120.4540176 -5.4514651 0.0000000
v 120.4604950 -5.4477739 0.0000000
v 120.4665604 -5.4434652 0.0000000
v 120.4721527 -5.4385571 0.0000000
v 120.4772034 -5.4330821 0.0000000
v 120.4816666 -5.4271069 0.0000000
v 120.4854965 -5.4207010 0.0000000
v 120.4886322 -5.4139342 0.0000000
v 120.4910507 -5.4068770 0.0000000
v 120.4926834 -5.3996010 0.0000000
v 120.4934998 -5.3921752 0.0000000
v 120.4934464 -5.3846688 0.0000000
v 120.4934464 -4.7891302 0.0000000
v 120.4933395 -4.7817812 0.0000000
v 120.4922867 -4.7746501 0.0000000
v 120.4903564 -4.7677698 0.0000000
v 120.4876328 -4.7611780 0.0000000
v 120.4841919 -4.7549081 0.0000000
v 120.4801178 -4.7489958 0.0000000
v 120.4754868 -4.7434769 0.0000000
v 120.4703751 -4.7383862 0.0000000
v 120.4589615 -4.7296429 0.0000000
v 120.4527435 -4.7260761 0.0000000
v 120.4462357 -4.7231021 0.0000000
v 120.4394760 -4.7207651 0.0000000
v 120.4325104 -4.7191072 0.0000000
v 120.4253693 -4.7181721 0.0000000
v 120.4180984 -4.7180028 0.0000000
v 118.6513748 -4.7180028 0.0000000
v 118.5977325 -4.7154279 -0.0000000
v 118.5447464 -4.7069421 -0.0000000
v 118.4928513 -4.6931019 -0.0000000
v 118.4427643 -4.6738210 -0.0000000
v 118.3953552 -4.6486449 -0.0000000
v 118.3507156 -4.6187992 -0.0000000
v 118.3091125 -4.5848880 -0.0000000
v 118.2710266 -4.5470572 -0.0000000
v 118.2061920 -4.4616041 -0.0000000
v 118.1795349 -4.4149990 -0.0000000
v 118.1577682 -4.3659358 -0.0000000
v 118.1414108 -4.3148112 -0.0000000
v 118.1294937 -4.2624440 -0.0000000
v 118.1221924 -4.2092962 -0.0000000
v 118.1203308 -4.1556158 -0.0000000
v 118.1203308 -3.5263209 0.0000000
v 118.1222076 -3.4725859 0.0000000
v 118.1295090 -3.4193730 0.0000000
v 118.1414642 -3.3669620 0.0000000
v 118.1578674 -3.3157899 0.0000000
v 118.1793747 -3.2665491 0.0000000
v 118.2055435 -3.2195990 0.0000000
v 118.2357635 -3.1751630 0.0000000
v 118.2699051 -3.1336610 0.0000000
v 118.3081360 -3.0959001 0.0000000
v 118.3499527 -3.0621409 0.0000000
v 118.3948135 -3.0325489 0.0000000
v 118.4424362 -3.0076511 0.0000000
v 118.4925766 -2.9882951 0.0000000
v 118.5445633 -2.9746799 0.0000000
v 118.5977020 -2.9666481 0.0000000
v 118.6513748 -2.9639339 0.0000000
v 120.4379883 -2.9639339 0.0000000
v 120.4917450 -2.9666729 0.0000000
v 120.5449905 -2.9746921 0.0000000
v 120.5970383 -2.9884291 0.0000000
v 120.6471634 -3.0080471 0.0000000
v 120.6948090 -3.0331011 0.0000000
v 120.7398605 -3.0625899 0.0000000
v 120.7817230 -3.0963910 0.0000000
v 120.8200607 -3.1342001 0.0000000
v 120.8548126 -3.1753111 0.0000000
v 120.8852005 -3.2197340 0.0000000
v 120.9334869 -3.3158619 0.0000000
v 120.9512558 -3.3666871 0.0000000
v 120.9632797 -3.4191229 0.0000000
v 120.9726486 -3.5263209 0.0000000
v 120.9726486 -3.7264409 0.0000000
v 120.4934464 -3.7264409 0.0000000
v 120.4934464 -3.5431981 0.0000000
v 120.4935608 -3.5356419 0.0000000
v 120.4927292 -3.5282490 0.0000000
v 120.4910202 -3.5210669 0.0000000
v 120.4885025 -3.5141461 0.0000000
v 120.4852295 -3.5075331 0.0000000
v 120.4812927 -3.5012770 0.0000000
v 120.4767380 -3.4954259 0.0000000
v 120.4716415 -3.4900291 0.0000000
v 120.4660721 -3.4851329 0.0000000
v 120.4600830 -3.4807820 0.0000000
v 120.4537201 -3.4770169 0.0000000
v 120.4470367 -3.4738801 0.0000000
v 120.4400787 -3.4714141 0.0000000
v 120.4329071 -3.4696600 0.0000000
v 120.4255600 -3.4686589 0.0000000
v 120.4180984 -3.4684551 0.0000000
v 118.6670456 -3.4684551 0.0000000
v 118.6597900 -3.4686351 0.0000000
v 118.6526184 -3.4696209 0.0000000
v 118.6455917 -3.4713709 0.0000000
v 118.6387939 -3.4738469 0.0000000
v 118.6322784 -3.4770091 0.0000000
v 118.6261292 -3.4808190 0.0000000
v 118.6203995 -3.4852359 0.0000000
v 118.6151657 -3.4902220 0.0000000
v 118.6104889 -3.4957311 0.0000000
v 118.6063995 -3.5016961 0.0000000
v 118.6029358 -3.5080490 0.0000000
v 118.6001129 -3.5147190 0.0000000
v 118.5979691 -3.5216391 0.0000000
v 118.5965347 -3.5287380 0.0000000
v 118.5958405 -3.5359471 0.0000000
v 118.5959167 -3.5431981 0.0000000
v 118.5959167 -4.1393409 0.0000000
v 118.5960464 -4.1463380 -0.0000000
v 118.5969315 -4.1532779 -0.0000000
v 118.5985413 -4.1600900 -0.0000000
v 118.6008377 -4.1667061 -0.0000000
v 118.6037903 -4.1730571 -0.0000000
v 118.6073761 -4.1790738 -0.0000000
v 118.6115417 -4.1846871 -0.0000000
v 118.6162720 -4.1898279 -0.0000000
v 118.6215134 -4.1944370 -0.0000000
v 118.6272125 -4.1984892 -0.0000000
v 118.6332932 -4.2019601 -0.0000000
v 118.6396866 -4.2048292 -0.0000000
v 118.6463318 -4.2070761 -0.0000000
v 118.6531448 -4.2086792 -0.0000000
v 118.6600723 -4.2096162 -0.0000000
v 118.6670456 -4.2098651 -0.0000000
v 120.4379883 -4.2098651 0.0000000
v 120.4916763 -4.2125068 0.0000000
v 120.5447845 -4.2208619 0.0000000
v 120.5966415 -4.2350130 0.0000000
v 120.6465607 -4.2549391 0.0000000
v 120.6939774 -4.2802420 0.0000000
v 120.7388153 -4.3099141 0.0000000
v 120.7804794 -4.3438339 0.0000000
v 120.8186646 -4.3816810 0.0000000
v 120.8534927 -4.4226141 0.0000000
v 120.8843231 -4.4666338 0.0000000
v 120.9109573 -4.5133200 0.0000000
v 120.9334259 -4.5621562 0.0000000
v 120.9513092 -4.6128550 0.0000000
v 120.9633255 -4.6652098 0.0000000
v 120.9726486 -4.7722521 0.0000000
v 120.9726486 -5.4015470 0.0000000
v 120.9632568 -5.5087681 0.0000000
v 120.9512711 -5.5612321 0.0000000
v 120.9336624 -5.6121278 0.0000000
v 120.9116058 -5.6612620 0.0000000
v 120.8853149 -5.7082372 0.0000000
v 120.8547974 -5.7526059 0.0000000
v 120.8203049 -5.7939501 0.0000000
v 120.7820358 -5.8318272 0.0000000
v 120.7401733 -5.8656950 0.0000000
v 120.6950836 -5.8951249 0.0000000
v 120.6472321 -5.9198179 0.0000000
v 120.5970612 -5.9393950 0.0000000
v 120.5450287 -5.9531851 0.0000000
v 120.4917526 -5.9611821 0.0000000
v 123.2372665 -3.5058270 0.0000000
v 121.3439636 -5.9428372 0.0000000
v 121.2131577 -5.9639339 0.0000000
v 121.2131577 -5.4142051 0.0000000
v 123.1106873 -2.9808111 0.0000000
v 123.2372665 -2.9639339 0.0000000
v 123.9316635 -4.9181228 0.0000000
v 123.9316635 -5.9639339 0.0000000
v 123.4560776 -5.9639339 0.0000000
v 123.4560776 -2.9681530 0.0000000
v 125.7731323 -2.9681530 0.0000000
v 125.8268204 -2.9707949 0.0000000
v 125.8799210 -2.9791491 0.0000000
v 125.9317780 -2.9933000 0.0000000
v 125.9816971 -3.0132251 0.0000000
v 126.0291138 -3.0385270 0.0000000
v 126.0739517 -3.0681970 0.0000000
v 126.1156158 -3.1021161 0.0000000
v 126.1538010 -3.1399601 0.0000000
v 126.1886292 -3.1808910 0.0000000
v 126.2194519 -3.2249119 0.0000000
v 126.2461014 -3.2715900 0.0000000
v 126.2685471 -3.3204319 0.0000000
v 126.2863083 -3.3711720 0.0000000
v 126.2983780 -3.4235210 0.0000000
v 126.3077927 -3.5305400 0.0000000
v 126.3077927 -4.3557358 0.0000000
v 126.2980576 -4.4624028 0.0000000
v 126.2857513 -4.5145311 0.0000000
v 126.2678757 -4.5650620 0.0000000
v 126.2190781 -4.6603742 0.0000000
v 126.1885452 -4.7044148 0.0000000
v 126.1540604 -4.7454309 0.0000000
v 126.1158371 -4.7829928 0.0000000
v 126.0740738 -4.8165698 0.0000000
v 126.0291138 -4.8457389 0.0000000
v 125.9814377 -4.8702102 0.0000000
v 125.9314728 -4.8896041 0.0000000
v 125.8796692 -4.9032578 0.0000000
v 125.8266373 -4.9111772 0.0000000
v 125.7731323 -4.9139042 0.0000000
v 129.2071228 -5.4600158 0.0000000
v 129.2071228 -5.9639339 0.0000000
v 126.5886841 -5.9639339 0.0000000
v 126.5886841 -2.9639339 0.0000000
v 129.2071228 -2.9639339 0.0000000
v 129.2071228 -3.4684551 0.0000000
v 127.0678864 -3.4684551 0.0000000
v 127.0678864 -4.2098651 0.0000000
v 128.7912140 -4.2098651 0.0000000
v 128.7912140 -4.7180028 0.0000000
v 127.0678864 -4.7180028 0.0000000
v 127.0678864 -5.4600158 0.0000000
v 131.1534882 -3.4684551 0.0000000
v 131.1534882 -5.9639339 0.0000000
v 130.6742859 -5.9639339 0.0000000
v 130.6742859 -3.4684551 0.0000000
v 129.4856110 -3.4684551 0.0000000
v 129.4856110 -2.9639339 0.0000000
v 132.3379364 -2.9639339 0.0000000
v 132.3379364 -3.4684551 0.0000000
v 134.9545746 -5.9639339 -0.0000000
v 133.1721649 -5.9639339 0.0000000
v 133.1183014 -5.9611740 0.0000000
v 133.0649414 -5.9531832 0.0000000
v 133.0127411 -5.9395871 0.0000000
v 132.9623260 -5.9203849 0.0000000
v 132.9141998 -5.8959990 0.0000000
v 132.8689575 -5.8666468 0.0000000
v 132.8267822 -5.8329911 0.0000000
v 132.7881470 -5.7953548 0.0000000
v 132.7537689 -5.7537870 0.0000000
v 132.7231750 -5.7093482 0.0000000
v 132.6967163 -5.6623430 0.0000000
v 132.6751404 -5.6128998 0.0000000
v 132.6467743 -5.5088902 0.0000000
v 132.6393890 -5.4554892 0.0000000
v 132.6375122 -5.4015470 0.0000000
v 132.6375122 -3.5263209 0.0000000
v 132.6394043 -3.4723990 0.0000000
v 132.6467590 -3.4190040 0.0000000
v 132.6587982 -3.3664169 0.0000000
v 132.6753082 -3.3150849 0.0000000
v 132.6969910 -3.2657139 0.0000000
v 132.7232971 -3.2186191 0.0000000
v 132.7537689 -3.1741331 0.0000000
v 132.7884064 -3.1328001 0.0000000
v 132.8270874 -3.0952280 0.0000000
v 132.8692780 -3.0616400 0.0000000
v 132.9144745 -3.0322170 0.0000000
v 132.9623871 -3.0074730 0.0000000
v 133.0127716 -2.9882369 0.0000000
v 133.0649719 -2.9746950 0.0000000
v 133.1183167 -2.9666820 0.0000000
v 133.1721649 -2.9639339 0.0000000
v 134.9545746 -2.9639339 0.0000000
v 135.0083160 -2.9666729 -0.0000000
v 135.0615692 -2.9746921 -0.0000000
v 135.1136169 -2.9884291 -0.0000000
v 135.1637421 -3.0080471 -0.0000000
v 135.2113800 -3.0331011 -0.0000000
v 135.2564392 -3.0625899 -0.0000000
v 135.2983093 -3.0963910 -0.0000000
v 135.3366394 -3.1342001 -0.0000000
v 135.3713837 -3.1753111 -0.0000000
v 135.4017792 -3.2197340 -0.0000000
v 135.4500732 -3.3158619 -0.0000000
v 135.4678345 -3.3666871 -0.0000000
v 135.4798584 -3.4191229 -0.0000000
v 135.4892273 -3.5263209 -0.0000000
v 135.4892273 -3.7306609 0.0000000
v 135.0100250 -3.7306609 0.0000000
v 135.0100250 -3.5431981 0.0000000
v 135.0100403 -3.5357010 0.0000000
v 135.0091858 -3.5283101 0.0000000
v 135.0074921 -3.5210891 0.0000000
v 135.0050354 -3.5140989 0.0000000
v 135.0018616 -3.5074041 0.0000000
v 134.9980011 -3.5010641 0.0000000
v 134.9935303 -3.4951429 0.0000000
v 134.9884796 -3.4897020 0.0000000
v 134.9829102 -3.4847989 0.0000000
v 134.9768829 -3.4804730 0.0000000
v 134.9704742 -3.4767561 0.0000000
v 134.9637146 -3.4736810 0.0000000
v 134.9566956 -3.4712801 0.0000000
v 134.9494781 -3.4695871 0.0000000
v 134.9421234 -3.4686351 0.0000000
v 134.9346771 -3.4684551 0.0000000
v 133.1842194 -3.4684551 0.0000000
v 133.1772919 -3.4688661 0.0000000
v 133.1703339 -3.4700339 0.0000000
v 133.1634521 -3.4719429 0.0000000
v 133.1567230 -3.4745700 0.0000000
v 133.1502075 -3.4778831 0.0000000
v 133.1440277 -3.4818399 0.0000000
v 133.1382294 -3.4863949 0.0000000
v 133.1328888 -3.4914889 0.0000000
v 133.1280670 -3.4970620 0.0000000
v 133.1238403 -3.5030451 0.0000000
v 133.1202545 -3.5093639 0.0000000
v 133.1173401 -3.5159421 0.0000000
v 133.1151581 -3.5226970 0.0000000
v 133.1137085 -3.5295479 0.0000000
v 133.1130219 -3.5364101 0.0000000
v 133.1130981 -3.5431981 0.0000000
v 133.1130981 -5.3846688 0.0000000
v 133.1131134 -5.3918848 0.0000000
v 133.1138916 -5.3990631 0.0000000
v 133.1153870 -5.4061332 0.0000000
v 133.1175842 -5.4130259 0.0000000
v 133.1204376 -5.4196701 0.0000000
v 133.1239319 -5.4259968 0.0000000
v 133.1280365 -5.4319348 0.0000000
v 133.1327057 -5.4374151 0.0000000
v 133.1379395 -5.4423690 0.0000000
v 133.1436462 -5.4467540 0.0000000
v 133.1497803 -5.4505501 0.0000000
v 133.1562653 -5.4537392 0.0000000
v 133.1630249 -5.4562988 0.0000000
v 133.1699829 -5.4582119 0.0000000
v 133.1770782 -5.4594569 0.0000000
v 133.1842194 -5.4600158 0.0000000
v 134.9346771 -5.4600158 0.0000000
v 134.9420624 -5.4597101 0.0000000
v 134.9494629 -5.4587178 0.0000000
v 134.9567566 -5.4570489 0.0000000
v 134.9638977 -5.4547129 0.0000000
v 134.9707642 -5.4517179 0.0000000
v 134.9772949 -5.4480739 0.0000000
v 134.9833984 -5.4437909 0.0000000
v 134.9889832 -5.4388781 0.0000000
v 134.9939880 -5.4333611 0.0000000
v 134.9983826 -5.4273162 0.0000000
v 135.0021057 -5.4208269 0.0000000
v 135.0051727 -5.4139791 0.0000000
v 135.0075226 -5.4068551 0.0000000
v 135.0091248 -5.3995399 0.0000000
v 135.0099792 -5.3921161 0.0000000
v 135.0100250 -5.3846688 0.0000000
v 135.0100250 -4.7975688 0.0000000
v 134.3524017 -4.7975688 0.0000000
v 134.3524017 -4.2930479 0.0000000
v 135.4892273 -4.2930479 0.0000000
v 135.4892273 -5.4015470 0.0000000
v 135.4798279 -5.5087681 -0.0000000
v 135.4678497 -5.5612321 -0.0000000
v 135.4502411 -5.6121278 -0.0000000
v 135.4281921 -5.6612620 -0.0000000
v 135.4018860 -5.7082372 -0.0000000
v 135.3713684 -5.7526059 -0.0000000
v 135.3368835 -5.7939501 -0.0000000
v 135.2986145 -5.8318272 -0.0000000
v 135.2567444 -5.8656950 -0.0000000
v 135.2116547 -5.8951249 -0.0000000
v 135.1638031 -5.9198179 -0.0000000
v 135.1136322 -5.9393950 -0.0000000
v 135.0615997 -5.9531851 -0.0000000
v 135.0083313 -5.9611821 -0.0000000
v 180.4184570 -3.3836920 0.0000000
v 180.4184570 -4.3398309 0.0000000
v 179.9914398 -4.3398309 0.0000000
v 179.9914398 -2.0236559 0.0000000
v 180.4184570 -2.0236559 0.0000000
v 180.4184570 -2.9797940 0.0000000
v 181.9600983 -2.9797940 0.0000000
v 181.9600983 -2.0236559 0.0000000
v 182.3903351 -2.0236559 0.0000000
v 182.3903351 -4.3398309 0.0000000
v 181.9600983 -4.3398309 0.0000000
v 181.9600983 -3.3836920 0.0000000
v 184.6117859 -4.3398309 0.0000000
v 183.1694794 -4.3398309 0.0000000
v 183.1265411 -4.3379278 0.0000000
v 183.0839844 -4.3319349 0.0000000
v 183.0421753 -4.3219070 0.0000000
v 183.0016022 -4.3077312 0.0000000
v 182.9628296 -4.2891960 0.0000000
v 182.9260101 -4.2669740 0.0000000
v 182.8915710 -4.2412920 0.0000000
v 182.8598480 -4.2122722 0.0000000
v 182.8308258 -4.1805582 0.0000000
v 182.8051758 -4.1460981 0.0000000
v 182.7828827 -4.1093149 0.0000000
v 182.7642365 -4.0705972 0.0000000
v 182.7501984 -4.0299749 0.0000000
v 182.7402039 -3.9881520 0.0000000
v 182.7341309 -3.9456201 0.0000000
v 182.7323151 -3.9026599 0.0000000
v 182.7323151 -2.4603651 0.0000000
v 182.7342224 -2.4174900 0.0000000
v 182.7401886 -2.3749771 0.0000000
v 182.7503815 -2.3332880 0.0000000
v 182.7648926 -2.2928870 0.0000000
v 182.7835388 -2.2542241 0.0000000
v 182.8060303 -2.2176881 0.0000000
v 182.8316956 -2.1832650 0.0000000
v 182.8602753 -2.1512511 0.0000000
v 182.8922272 -2.1226020 0.0000000
v 182.9266663 -2.0969729 0.0000000
v 182.9632111 -2.0744720 0.0000000
v 183.0018768 -2.0558319 0.0000000
v 183.0423889 -2.0416551 0.0000000
v 183.0841217 -2.0315859 0.0000000
v 183.1266022 -2.0255270 0.0000000
v 183.1694794 -2.0236559 0.0000000
v 184.6117859 -2.0236559 0.0000000
v 184.7001038 -2.0311670 0.0000000
v 184.7433777 -2.0407259 0.0000000
v 184.7853851 -2.0549240 0.0000000
v 184.8647308 -2.0943770 0.0000000
v 184.9015350 -2.1191111 0.0000000
v 184.9360504 -2.1469591 0.0000000
v 184.9676056 -2.1780939 0.0000000
v 184.9958496 -2.2122910 0.0000000
v 185.0205383 -2.2491140 0.0000000
v 185.0411377 -2.2883730 0.0000000
v 185.0577240 -2.3295140 0.0000000
v 185.0694885 -2.3722370 0.0000000
v 185.0761414 -2.4161069 0.0000000
v 185.0785217 -2.4603651 0.0000000
v 185.0785217 -3.9026599 0.0000000
v 185.0762634 -3.9469800 0.0000000
v 185.0691071 -3.9907610 0.0000000
v 185.0574646 -4.0335879 0.0000000
v 185.0412750 -4.0748911 0.0000000
v 185.0205078 -4.1141129 0.0000000
v 184.9958496 -4.1510038 0.0000000
v 184.9676514 -4.1852598 0.0000000
v 184.9361877 -4.2165499 0.0000000
v 184.9018402 -4.2446270 0.0000000
v 184.8650208 -4.2694001 0.0000000
v 184.8262024 -4.2909060 0.0000000
v 184.7856293 -4.3088589 0.0000000
v 184.7434845 -4.3227620 0.0000000
v 184.7001495 -4.3322630 0.0000000
v 186.6774750 -2.4210839 0.0000000
v 186.6774750 -4.3398309 0.0000000
v 186.2472382 -4.3398309 0.0000000
v 186.2472382 -2.4210839 0.0000000
v 185.2878723 -2.4210839 0.0000000
v 185.2878723 -2.0236559 0.0000000
v 187.6336212 -2.0236559 0.0000000
v 187.6336212 -2.4210839 0.0000000
v 187.5559845 -5.8187938 0.0000000
v 187.5484619 -5.9003649 -0.0000000
v 187.5388794 -5.9402041 -0.0000000
v 187.5249176 -5.9787521 -0.0000000
v 187.5071259 -6.0156741 -0.0000000
v 187.4858093 -6.0506921 -0.0000000
v 187.4611053 -6.0833869 -0.0000000
v 187.4332275 -6.1134472 -0.0000000
v 187.4026947 -6.1407928 -0.0000000
v 187.3696136 -6.1649880 -0.0000000
v 187.3343811 -6.1859341 -0.0000000
v 187.2973633 -6.2035279 -0.0000000
v 187.2587433 -6.2173018 -0.0000000
v 187.2188721 -6.2267580 -0.0000000
v 187.1372986 -6.2342448 -0.0000000
v 186.9052429 -6.2347341 0.0000000
v 187.5430450 -6.9912071 0.0000000
v 187.5430450 -7.0549812 0.0000000
v 187.1405334 -7.0549812 0.0000000
v 186.4552155 -6.2356820 0.0000000
v 185.6011963 -6.2374802 0.0000000
v 185.6011963 -7.0549812 0.0000000
v 185.2559814 -7.0549812 0.0000000
v 185.2559814 -4.7582150 0.0000000
v 187.1372986 -4.7582150 0.0000000
v 187.1781311 -4.7602038 0.0000000
v 187.2186432 -4.7658639 0.0000000
v 187.2583618 -4.7755871 0.0000000
v 187.2967834 -4.7895880 0.0000000
v 187.3334656 -4.8076229 0.0000000
v 187.3684692 -4.8288188 0.0000000
v 187.4014130 -4.8530111 0.0000000
v 187.4318085 -4.8803649 0.0000000
v 187.4595642 -4.9103918 0.0000000
v 187.4843445 -4.9429188 0.0000000
v 187.5058746 -4.9776812 0.0000000
v 187.5240021 -5.0143342 0.0000000
v 187.5382690 -5.0526662 0.0000000
v 187.5481415 -5.0923319 0.0000000
v 187.5559845 -5.1736670 0.0000000
v 181.8635254 -7.0549812 0.0000000
v 180.3939514 -7.0549812 0.0000000
v 180.3532257 -7.0528579 0.0000000
v 180.3128204 -7.0471482 0.0000000
v 180.2732239 -7.0373979 0.0000000
v 180.2348633 -7.0235028 0.0000000
v 180.1980743 -7.0058570 0.0000000
v 180.1631775 -6.9847431 0.0000000
v 180.1304474 -6.9603958 0.0000000
v 180.1001434 -6.9330831 0.0000000
v 180.0725098 -6.9030752 0.0000000
v 180.0480194 -6.8704529 0.0000000
v 180.0269012 -6.8355489 0.0000000
v 180.0092621 -6.7987652 0.0000000
v 179.9954376 -6.7603769 0.0000000
v 179.9859619 -6.7207150 0.0000000
v 179.9785004 -6.6395302 0.0000000
v 179.9785004 -6.5055132 0.0000000
v 180.3237152 -6.5055132 0.0000000
v 180.3237152 -6.6302872 0.0000000
v 180.3239288 -6.6382408 0.0000000
v 180.3250885 -6.6459918 0.0000000
v 180.3271027 -6.6535020 0.0000000
v 180.3299103 -6.6607380 0.0000000
v 180.3334503 -6.6676612 0.0000000
v 180.3376465 -6.6742382 0.0000000
v 180.3477478 -6.6862040 0.0000000
v 180.3597107 -6.6963072 0.0000000
v 180.3662872 -6.7005048 0.0000000
v 180.3732147 -6.7040429 0.0000000
v 180.3804474 -6.7068529 0.0000000
v 180.3879547 -6.7088680 0.0000000
v 180.3957062 -6.7100172 0.0000000
v 180.4036560 -6.7102351 0.0000000
v 181.8538208 -6.7102351 0.0000000
v 181.8616791 -6.7101150 0.0000000
v 181.8693085 -6.7089939 0.0000000
v 181.8766632 -6.7069530 0.0000000
v 181.8837128 -6.7040749 0.0000000
v 181.8904266 -6.7004418 0.0000000
v 181.8967743 -6.6961389 0.0000000
v 181.9082184 -6.6858459 0.0000000
v 181.9177704 -6.6737900 0.0000000
v 181.9216919 -6.6672130 0.0000000
v 181.9249878 -6.6603179 0.0000000
v 181.9275665 -6.6531420 0.0000000
v 181.9293976 -6.6457200 0.0000000
v 181.9304047 -6.6380901 0.0000000
v 181.9305267 -6.6302872 0.0000000
v 181.9305267 -6.1575322 0.0000000
v 181.9293976 -6.1424241 0.0000000
v 181.9278870 -6.1349788 0.0000000
v 181.9256134 -6.1277428 0.0000000
v 181.9225311 -6.1208138 0.0000000
v 181.9186707 -6.1142812 0.0000000
v 181.9141235 -6.1082158 0.0000000
v 181.9089661 -6.1026530 0.0000000
v 181.9032745 -6.0976052 0.0000000
v 181.8971252 -6.0931139 0.0000000
v 181.8905640 -6.0892320 0.0000000
v 181.8836670 -6.0860128 0.0000000
v 181.8764801 -6.0835090 0.0000000
v 181.8690643 -6.0817742 0.0000000
v 181.8614960 -6.0808592 0.0000000
v 181.8538208 -6.0808191 0.0000000
v 180.3939514 -6.0808191 0.0000000
v 180.3531189 -6.0787568 0.0000000
v 180.3126526 -6.0727448 0.0000000
v 180.2730408 -6.0625968 0.0000000
v 180.2346954 -6.0483470 0.0000000
v 180.1979675 -6.0303578 0.0000000
v 180.1631012 -6.0089622 0.0000000
v 180.1305237 -5.9842558 0.0000000
v 180.1004944 -5.9564929 0.0000000
v 180.0729523 -5.9262581 0.0000000
v 180.0483856 -5.8935671 0.0000000
v 180.0271454 -5.8586140 0.0000000
v 180.0094299 -5.8217540 0.0000000
v 179.9955292 -5.7832799 0.0000000
v 179.9859924 -5.7435250 0.0000000
v 179.9785004 -5.6621332 0.0000000
v 179.9785004 -5.1704321 0.0000000
v 179.9859619 -5.0892458 0.0000000
v 179.9954376 -5.0495839 0.0000000
v 180.0092621 -5.0111961 0.0000000
v 180.0269012 -4.9744120 0.0000000
v 180.0480194 -4.9395080 0.0000000
v 180.0725098 -4.9068871 0.0000000
v 180.1001434 -4.8768778 0.0000000
v 180.1304474 -4.8495650 0.0000000
v 180.1631775 -4.8252182 0.0000000
v 180.1980743 -4.8041039 0.0000000
v 180.2348633 -4.7864580 0.0000000
v 180.2732239 -4.7725630 0.0000000
v 180.3128204 -4.7628131 0.0000000
v 180.3532257 -4.7571030 0.0000000
v 180.3939514 -4.7549810 0.0000000
v 181.8635254 -4.7549810 0.0000000
v 181.9446106 -4.7627921 0.0000000
v 181.9841461 -4.7726011 0.0000000
v 182.0223846 -4.7867560 0.0000000
v 182.0590973 -4.8044858 0.0000000
v 182.0940399 -4.8254838 0.0000000
v 182.1268005 -4.8497248 0.0000000
v 182.1570435 -4.8770528 0.0000000
v 182.1846466 -4.9070559 0.0000000
v 182.2090912 -4.9396610 0.0000000
v 182.2301941 -4.9745488 0.0000000
v 182.2478027 -5.0113101 0.0000000
v 182.2615967 -5.0496740 0.0000000
v 182.2710724 -5.0893068 0.0000000
v 182.2785034 -5.1704321 0.0000000
v 182.2785034 -5.3044481 0.0000000
v 181.9305267 -5.3044481 0.0000000
v 181.9305267 -5.1801362 0.0000000
v 181.9304047 -5.1723342 0.0000000
v 181.9293976 -5.1647029 0.0000000
v 181.9275665 -5.1572819 0.0000000
v 181.9249878 -5.1501050 0.0000000
v 181.9216919 -5.1432099 0.0000000
v 181.9177704 -5.1366329 0.0000000
v 181.9082184 -5.1245770 0.0000000
v 181.8967743 -5.1142850 0.0000000
v 181.8904266 -5.1099811 0.0000000
v 181.8837128 -5.1063490 0.0000000
v 181.8766632 -5.1034708 0.0000000
v 181.8693085 -5.1014299 0.0000000
v 181.8616791 -5.1003079 0.0000000
v 181.8538208 -5.1001892 0.0000000
v 180.4036560 -5.1001892 0.0000000
v 180.3957062 -5.1004062 0.0000000
v 180.3879547 -5.1015558 0.0000000
v 180.3804474 -5.1035700 0.0000000
v 180.3732147 -5.1063800 0.0000000
v 180.3662872 -5.1099181 0.0000000
v 180.3597107 -5.1141162 0.0000000
v 180.3477478 -5.1242189 0.0000000
v 180.3376465 -5.1361861 0.0000000
v 180.3334503 -5.1427622 0.0000000
v 180.3299103 -5.1496859 0.0000000
v 180.3271027 -5.1569209 0.0000000
v 180.3250885 -5.1644320 0.0000000
v 180.3239288 -5.1721821 0.0000000
v 180.3237152 -5.1801362 0.0000000
v 180.3237152 -5.6528912 0.0000000
v 180.3238525 -5.6606550 0.0000000
v 180.3248596 -5.6683078 0.0000000
v 180.3266754 -5.6758089 0.0000000
v 180.3292389 -5.6831179 0.0000000
v 180.3324585 -5.6901751 0.0000000
v 180.3364563 -5.6967888 0.0000000
v 180.3413391 -5.7027540 0.0000000
v 180.3469391 -5.7081141 0.0000000
v 180.3594208 -5.7173619 0.0000000
v 180.3661804 -5.7211738 0.0000000
v 180.3732147 -5.7243609 0.0000000
v 180.3805237 -5.7268610 0.0000000
v 180.3880615 -5.7286100 0.0000000
v 180.3957825 -5.7295451 0.0000000
v 180.4036560 -5.7296038 0.0000000
v 181.8635254 -5.7296038 0.0000000
v 181.9042969 -5.7317529 -0.0000000
v 181.9447327 -5.7376490 -0.0000000
v 181.9842834 -5.7478490 -0.0000000
v 182.0224762 -5.7623482 -0.0000000
v 182.0591125 -5.7803979 -0.0000000
v 182.0939789 -5.8016901 -0.0000000
v 182.1266632 -5.8261909 -0.0000000
v 182.1567993 -5.8537531 -0.0000000
v 182.1842957 -5.8839631 -0.0000000
v 182.2087860 -5.9166498 -0.0000000
v 182.2299957 -5.9515672 -0.0000000
v 182.2476654 -5.9883928 -0.0000000
v 182.2615204 -6.0268259 -0.0000000
v 182.2710419 -6.0665350 -0.0000000
v 182.2785034 -6.1478281 -0.0000000
v 182.2785034 -6.6395302 0.0000000
v 182.2710724 -6.7206540 0.0000000
v 182.2615967 -6.7602878 0.0000000
v 182.2478027 -6.7986512 0.0000000
v 182.2301941 -6.8354120 0.0000000
v 182.2090912 -6.8702998 0.0000000
v 182.1846466 -6.9029050 0.0000000
v 182.1570435 -6.9329081 0.0000000
v 182.1268005 -6.9602361 0.0000000
v 182.0940399 -6.9844770 0.0000000
v 182.0590973 -7.0054750 0.0000000
v 182.0223846 -7.0232048 0.0000000
v 181.9841461 -7.0373602 0.0000000
v 181.9446106 -7.0471702 0.0000000
v 184.5018005 -7.0549812 0.0000000
v 183.0326996 -7.0549812 0.0000000
v 182.9514618 -7.0475192 0.0000000
v 182.9117737 -7.0380239 0.0000000
v 182.8733673 -7.0241861 0.0000000
v 182.8365631 -7.0065322 0.0000000
v 182.8016663 -6.9853592 0.0000000
v 182.7689819 -6.9609051 0.0000000
v 182.7387848 -6.9334421 0.0000000
v 182.7113190 -6.9032450 0.0000000
v 182.6868744 -6.8705611 0.0000000
v 182.6656952 -6.8356652 0.0000000
v 182.6480408 -6.7988591 0.0000000
v 182.6342010 -6.7604489 0.0000000
v 182.6247101 -6.7207661 0.0000000
v 182.6172485 -6.6395302 0.0000000
v 182.6172485 -4.7549810 0.0000000
v 182.9624481 -4.7549810 0.0000000
v 182.9624481 -6.6302872 0.0000000
v 182.9627533 -6.6381831 0.0000000
v 182.9639130 -6.6459279 0.0000000
v 182.9658966 -6.6534739 0.0000000
v 182.9686584 -6.6607680 0.0000000
v 182.9721069 -6.6677618 0.0000000
v 182.9762421 -6.6744041 0.0000000
v 182.9809723 -6.6806450 0.0000000
v 182.9862518 -6.6864338 0.0000000
v 182.9920349 -6.6917191 0.0000000
v 182.9982758 -6.6964502 0.0000000
v 183.0049286 -6.7005730 0.0000000
v 183.0119171 -6.7040362 0.0000000
v 183.0192108 -6.7067862 0.0000000
v 183.0267639 -6.7087712 0.0000000
v 183.0345001 -6.7099380 0.0000000
v 183.0424042 -6.7102351 0.0000000
v 184.4893188 -6.7102351 0.0000000
v 184.4971619 -6.7100310 0.0000000
v 184.5049286 -6.7090378 0.0000000
v 184.5125732 -6.7072659 0.0000000
v 184.5199890 -6.7047248 0.0000000
v 184.5271149 -6.7014270 0.0000000
v 184.5338287 -6.6973772 0.0000000
v 184.5400238 -6.6925941 0.0000000
v 184.5457001 -6.6871800 0.0000000
v 184.5508881 -6.6812549 0.0000000
v 184.5555267 -6.6748900 0.0000000
v 184.5595703 -6.6681371 0.0000000
v 184.5629578 -6.6610451 0.0000000
v 184.5656433 -6.6536632 0.0000000
v 184.5675354 -6.6460428 0.0000000
v 184.5686188 -6.6382341 0.0000000
v 184.5688019 -6.6302872 0.0000000
v 184.5688019 -4.7549810 0.0000000
v 184.9172516 -4.7549810 0.0000000
v 184.9172516 -6.6395302 0.0000000
v 184.9097900 -6.7207088 0.0000000
v 184.9003143 -6.7603669 0.0000000
v 184.8864899 -6.7987528 0.0000000
v 184.8688660 -6.8355341 0.0000000
v 184.8477478 -6.8704381 0.0000000
v 184.8232574 -6.9030542 0.0000000
v 184.7956238 -6.9330649 0.0000000
v 184.7653351 -6.9603949 0.0000000
v 184.7325439 -6.9846268 0.0000000
v 184.6975555 -7.0056281 0.0000000
v 184.6608124 -7.0233369 0.0000000
v 184.6225128 -7.0373688 0.0000000
v 184.5829315 -7.0471678 0.0000000
v 184.5425110 -7.0528460 0.0000000
v 188.2427063 -6.0808191 0.0000000
v 188.2427063 -7.0549812 0.0000000
v 187.8947296 -7.0549812 0.0000000
v 187.8947296 -4.7549810 0.0000000
v 190.0029449 -4.7549810 0.0000000
v 190.0029449 -5.1001892 0.0000000
v 188.2427063 -5.1001892 0.0000000
v 188.2427063 -5.7296038 0.0000000
v 189.6577301 -5.7296038 0.0000000
v 189.6577301 -6.0808191 0.0000000
v 190.5464020 -6.2499571 0.0000000
v 190.5464020 -7.0549812 0.0000000
v 190.2016602 -7.0549812 0.0000000
v 190.2016602 -5.1704321 0.0000000
v 190.2091064 -5.0892520 0.0000000
v 190.2185822 -5.0495949 0.0000000
v 190.2324066 -5.0112090 0.0000000
v 190.2500305 -4.9744229 0.0000000
v 190.2711792 -4.9395428 0.0000000
v 190.2956085 -4.9068718 0.0000000
v 190.3230286 -4.8766832 0.0000000
v 190.3531952 -4.8492222 0.0000000
v 190.3858337 -4.8247638 0.0000000
v 190.4206848 -4.8035798 0.0000000
v 190.4574585 -4.7859092 0.0000000
v 190.4958191 -4.7720451 0.0000000
v 190.5354767 -4.7625160 0.0000000
v 190.6166382 -4.7549810 0.0000000
v 192.0829620 -4.7549810 0.0000000
v 192.1645355 -4.7624679 0.0000000
v 192.2044067 -4.7719231 0.0000000
v 192.2430267 -4.7856979 0.0000000
v 192.2800446 -4.8032918 0.0000000
v 192.3152924 -4.8242378 0.0000000
v 192.3483582 -4.8484330 0.0000000
v 192.3789062 -4.8757782 0.0000000
v 192.4067688 -4.9058390 0.0000000
v 192.4314728 -4.9385338 0.0000000
v 192.4527893 -4.9735522 0.0000000
v 192.4705963 -5.0104742 0.0000000
v 192.4845581 -5.0490222 0.0000000
v 192.4941254 -5.0888610 0.0000000
v 192.5016479 -5.1704321 0.0000000
v 192.5016479 -7.0549812 0.0000000
v 192.1532135 -7.0549812 0.0000000
v 192.1532135 -6.2499571 0.0000000
v 195.1505585 -7.0549812 0.0000000
v 193.2724762 -7.0549812 0.0000000
v 193.1912384 -7.0475192 0.0000000
v 193.1515656 -7.0380239 0.0000000
v 193.1131439 -7.0241861 0.0000000
v 193.0763397 -7.0065322 0.0000000
v 193.0414429 -6.9853592 0.0000000
v 193.0087585 -6.9609051 0.0000000
v 192.9785614 -6.9334421 0.0000000
v 192.9511108 -6.9032450 0.0000000
v 192.9266510 -6.8705611 0.0000000
v 192.9054718 -6.8356652 0.0000000
v 192.8878174 -6.7988591 0.0000000
v 192.8739777 -6.7604489 0.0000000
v 192.8644867 -6.7207661 0.0000000
v 192.8570251 -6.6395302 0.0000000
v 192.8570251 -5.1704321 0.0000000
v 192.8644867 -5.0891962 0.0000000
v 192.8739777 -5.0495119 0.0000000
v 192.8878174 -5.0111032 0.0000000
v 192.9054718 -4.9742961 0.0000000
v 192.9266510 -4.9394002 0.0000000
v 192.9511108 -4.9067159 0.0000000
v 192.9785614 -4.8765202 0.0000000
v 193.0087585 -4.8490558 0.0000000
v 193.0414429 -4.8246021 0.0000000
v 193.0763397 -4.8034291 0.0000000
v 193.1131439 -4.7857752 0.0000000
v 193.1515656 -4.7719369 0.0000000
v 193.1912384 -4.7624431 0.0000000
v 193.2724762 -4.7549810 0.0000000
v 195.1505585 -4.7549810 0.0000000
v 195.1505585 -5.1001892 0.0000000
v 193.3200836 -5.1001892 0.0000000
v 193.2968445 -5.1022921 0.0000000
v 193.2853851 -5.1046438 0.0000000
v 193.2742615 -5.1081691 0.0000000
v 193.2636719 -5.1130328 0.0000000
v 193.2536469 -5.1190600 0.0000000
v 193.2442474 -5.1260142 0.0000000
v 193.2355957 -5.1338382 0.0000000
v 193.2277832 -5.1425090 0.0000000
v 193.2208862 -5.1519389 0.0000000
v 193.2149811 -5.1620269 0.0000000
v 193.2102203 -5.1726842 0.0000000
v 193.2067261 -5.1838121 0.0000000
v 193.2043304 -5.1952610 0.0000000
v 193.2022400 -5.2184930 0.0000000
v 193.2022400 -6.5919309 0.0000000
v 193.2043457 -6.6151528 0.0000000
v 193.2066803 -6.6266232 0.0000000
v 193.2102051 -6.6377320 0.0000000
v 193.2151031 -6.6483102 0.0000000
v 193.2210999 -6.6583481 0.0000000
v 193.2279205 -6.6678429 0.0000000
v 193.2356110 -6.6766028 0.0000000
v 193.2442474 -6.6844430 0.0000000
v 193.2536621 -6.6913729 0.0000000
v 193.2636871 -6.6973929 0.0000000
v 193.2742767 -6.7022591 0.0000000
v 193.2853851 -6.7057829 0.0000000
v 193.2968597 -6.7081318 0.0000000
v 193.3200836 -6.7102351 0.0000000
v 195.1505585 -6.7102351 0.0000000
v 197.6039886 -6.7102351 0.0000000
v 197.6039886 -7.0549812 0.0000000
v 195.4957733 -7.0549812 0.0000000
v 195.4957733 -4.7549810 0.0000000
v 197.6039886 -4.7549810 0.0000000
v 197.6039886 -5.1001892 0.0000000
v 195.8437500 -5.1001892 0.0000000
v 195.8437500 -5.7296038 0.0000000
v 197.2587738 -5.7296038 0.0000000
v 197.2587738 -6.0808191 0.0000000
v 195.8437500 -6.0808191 0.0000000
v 195.8437500 -6.7102351 0.0000000
v 192.1532135 -5.9052119 0.0000000
v 190.5464020 -5.9052119 0.0000000
v 190.5464020 -5.1801362 0.0000000
v 190.5466156 -5.1721821 0.0000000
v 190.5477600 -5.1644320 0.0000000
v 190.5497742 -5.1569209 0.0000000
v 190.5525970 -5.1496859 0.0000000
v 190.5561218 -5.1427622 0.0000000
v 190.5603333 -5.1361861 0.0000000
v 190.5704346 -5.1242189 0.0000000
v 190.5823975 -5.1141162 0.0000000
v 190.5889740 -5.1099181 0.0000000
v 190.5959015 -5.1063800 0.0000000
v 190.6031342 -5.1035700 0.0000000
v 190.6106415 -5.1015558 0.0000000
v 190.6183929 -5.1004062 0.0000000
v 190.6263428 -5.1001892 0.0000000
v 192.0732574 -5.1001892 0.0000000
v 192.0811157 -5.1003928 0.0000000
v 192.0889130 -5.1013908 0.0000000
v 192.0965576 -5.1031709 0.0000000
v 192.1039886 -5.1057220 0.0000000
v 192.1111298 -5.1090322 0.0000000
v 192.1178436 -5.1131001 0.0000000
v 192.1240387 -5.1179080 0.0000000
v 192.1297302 -5.1233382 0.0000000
v 192.1396942 -5.1355782 0.0000000
v 192.1438446 -5.1422830 0.0000000
v 192.1473389 -5.1493258 0.0000000
v 192.1501007 -5.1566710 0.0000000
v 192.1520386 -5.1642799 0.0000000
v 192.1531067 -5.1721139 0.0000000
v 192.1532135 -5.1801362 0.0000000
v 187.1280518 -5.8858018 0.0000000
v 185.6806793 -5.8858018 0.0000000
v 185.6685028 -5.8850489 0.0000000
v 185.6564636 -5.8823209 0.0000000
v 185.6448975 -5.8776979 0.0000000
v 185.6341248 -5.8713121 0.0000000
v 185.6244812 -5.8633480 0.0000000
v 185.6162262 -5.8540359 0.0000000
v 185.6096039 -5.8436441 0.0000000
v 185.6048126 -5.8324718 0.0000000
v 185.6019745 -5.8208418 0.0000000
v 185.6011963 -5.8090892 0.0000000
v 185.6011963 -5.1833711 0.0000000
v 185.6014709 -5.1754832 0.0000000
v 185.6026306 -5.1677589 0.0000000
v 185.6046143 -5.1602421 0.0000000
v 185.6073456 -5.1529779 0.0000000
v 185.6108093 -5.1460128 0.0000000
v 185.6148987 -5.1393909 0.0000000
v 185.6196136 -5.1331582 0.0000000
v 185.6248474 -5.1273599 0.0000000
v 185.6305847 -5.1220441 0.0000000
v 185.6367645 -5.1172681 0.0000000
v 185.6433563 -5.1130962 0.0000000
v 185.6502838 -5.1095872 0.0000000
v 185.6575317 -5.1068039 0.0000000
v 185.6650391 -5.1048079 0.0000000
v 185.6727753 -5.1036611 0.0000000
v 185.6806793 -5.1034231 0.0000000
v 187.1280518 -5.1034231 0.0000000
v 187.1358948 -5.1036272 0.0000000
v 187.1436768 -5.1046200 0.0000000
v 187.1513062 -5.1063919 0.0000000
v 187.1587372 -5.1089330 0.0000000
v 187.1658478 -5.1122308 0.0000000
v 187.1725616 -5.1162820 0.0000000
v 187.1787567 -5.1210642 0.0000000
v 187.1844482 -5.1264791 0.0000000
v 187.1896210 -5.1324029 0.0000000
v 187.1942596 -5.1387682 0.0000000
v 187.1983032 -5.1455212 0.0000000
v 187.2016907 -5.1526132 0.0000000
v 187.2043762 -5.1599951 0.0000000
v 187.2062836 -5.1676149 0.0000000
v 187.2073517 -5.1754241 0.0000000
v 187.2075348 -5.1833711 0.0000000
v 187.2075348 -5.8090892 0.0000000
v 187.2073212 -5.8168230 0.0000000
v 187.2062531 -5.8244748 0.0000000
v 187.2043915 -5.8319712 0.0000000
v 187.2017517 -5.8392382 0.0000000
v 187.1984100 -5.8462029 0.0000000
v 187.1943665 -5.8527918 0.0000000
v 187.1896820 -5.8589339 0.0000000
v 187.1844025 -5.8645530 0.0000000
v 187.1785583 -5.8695898 0.0000000
v 187.1722260 -5.8740082 0.0000000
v 187.1654816 -5.8777761 0.0000000
v 187.1583862 -5.8808651 0.0000000
v 187.1510315 -5.8832431 0.0000000
v 187.1434631 -5.8848791 0.0000000
v 187.1357880 -5.8857422 0.0000000
v 184.5993042 -3.9419401 0.0000000
v 183.1791840 -3.9419401 0.0000000
v 183.1785278 -3.9403551 -0.0000000
v 183.1776428 -3.9389400 -0.0000000
v 183.1765747 -3.9376581 -0.0000000
v 183.1753845 -3.9364750 -0.0000000
v 183.1701965 -3.9320190 -0.0000000
v 183.1679688 -3.9294989 -0.0000000
v 183.1661224 -3.9266801 -0.0000000
v 183.1646423 -3.9236131 -0.0000000
v 183.1634674 -3.9203510 -0.0000000
v 183.1618500 -3.9134469 -0.0000000
v 183.1609344 -3.9063809 -0.0000000
v 183.1597748 -3.8934169 0.0000000
v 183.1597748 -2.4700699 0.0000000
v 183.1605225 -2.4567370 0.0000000
v 183.1616974 -2.4498370 0.0000000
v 183.1636505 -2.4431469 0.0000000
v 183.1649780 -2.4399660 0.0000000
v 183.1665649 -2.4369409 0.0000000
v 183.1684418 -2.4341061 0.0000000
v 183.1706085 -2.4314940 0.0000000
v 183.1754913 -2.4266961 0.0000000
v 183.1776428 -2.4241011 0.0000000
v 183.1785126 -2.4226589 0.0000000
v 183.1791840 -2.4210839 0.0000000
v 184.5993042 -2.4210839 0.0000000
v 184.6042480 -2.4210460 0.0000000
v 184.6090393 -2.4216371 0.0000000
v 184.6136627 -2.4228060 0.0000000
v 184.6181030 -2.4245031 0.0000000
v 184.6223450 -2.4266770 0.0000000
v 184.6263580 -2.4292779 0.0000000
v 184.6336517 -2.4355540 0.0000000
v 184.6398010 -2.4429600 0.0000000
v 184.6423340 -2.4470201 0.0000000
v 184.6444702 -2.4512899 0.0000000
v 184.6461182 -2.4557500 0.0000000
v 184.6472626 -2.4603801 0.0000000
v 184.6478577 -2.4651599 0.0000000
v 184.6478271 -2.4700699 0.0000000
v 184.6478271 -3.8934169 0.0000000
v 184.6477661 -3.8982201 0.0000000
v 184.6472015 -3.9029961 0.0000000
v 184.6461487 -3.9076951 0.0000000
v 184.6446228 -3.9122679 0.0000000
v 184.6426544 -3.9166639 0.0000000
v 184.6402435 -3.9208331 0.0000000
v 184.6374207 -3.9247260 0.0000000
v 184.6342163 -3.9282911 0.0000000
v 184.6306305 -3.9314871 0.0000000
v 184.6267242 -3.9342909 0.0000000
v 184.6225433 -3.9366860 0.0000000
v 184.6181488 -3.9386549 0.0000000
v 184.6135712 -3.9401820 0.0000000
v 184.6088715 -3.9412501 0.0000000
v 184.6041107 -3.9418421 0.0000000
v 125.7532425 -4.4099860 0.0000000
v 124.0027924 -4.4099860 0.0000000
v 123.9956360 -4.4094272 0.0000000
v 123.9885483 -4.4081821 0.0000000
v 123.9815826 -4.4062691 0.0000000
v 123.9748306 -4.4037089 0.0000000
v 123.9683456 -4.4005198 0.0000000
v 123.9622116 -4.3967242 0.0000000
v 123.9564972 -4.3923392 0.0000000
v 123.9512787 -4.3873849 0.0000000
v 123.9466019 -4.3819051 0.0000000
v 123.9425049 -4.3759670 0.0000000
v 123.9390106 -4.3696399 0.0000000
v 123.9361496 -4.3629961 0.0000000
v 123.9339600 -4.3561029 0.0000000
v 123.9324570 -4.3490329 0.0000000
v 123.9316864 -4.3418550 0.0000000
v 123.9316635 -4.3346391 0.0000000
v 123.9316635 -3.5431981 0.0000000
v 123.9318390 -3.5359361 0.0000000
v 123.9328461 -3.5288761 0.0000000
v 123.9346161 -3.5220389 0.0000000
v 123.9370956 -3.5154469 0.0000000
v 123.9402237 -3.5091200 0.0000000
v 123.9439240 -3.5030780 0.0000000
v 123.9528198 -3.4919381 0.0000000
v 123.9633331 -3.4822681 0.0000000
v 123.9691315 -3.4781630 0.0000000
v 123.9752579 -3.4746630 0.0000000
v 123.9817047 -3.4718549 0.0000000
v 123.9884567 -3.4698250 0.0000000
v 123.9954910 -3.4686630 0.0000000
v 124.0027924 -3.4684551 0.0000000
v 125.7532425 -3.4684551 0.0000000
v 125.7608185 -3.4683559 0.0000000
v 125.7681732 -3.4692290 0.0000000
v 125.7752762 -3.4709949 0.0000000
v 125.7821045 -3.4735761 0.0000000
v 125.7886200 -3.4768920 0.0000000
v 125.7947998 -3.4808650 0.0000000
v 125.8060226 -3.4904661 0.0000000
v 125.8154907 -3.5017951 0.0000000
v 125.8194275 -3.5079999 0.0000000
v 125.8227463 -3.5145249 0.0000000
v 125.8253860 -3.5213370 0.0000000
v 125.8272858 -3.5284081 0.0000000
v 125.8283768 -3.5357051 0.0000000
v 125.8285904 -3.5431981 0.0000000
v 125.8285904 -4.3346391 0.0000000
v 125.8285370 -4.3420858 0.0000000
v 125.8276978 -4.3495102 0.0000000
v 125.8260803 -4.3568249 0.0000000
v 125.8237381 -4.3639488 0.0000000
v 125.8206787 -4.3707972 0.0000000
v 125.8169403 -4.3772860 0.0000000
v 125.8125534 -4.3833299 0.0000000
v 125.8075485 -4.3888469 0.0000000
v 125.8019638 -4.3937612 0.0000000
v 125.7958603 -4.3980441 0.0000000
v 125.7893295 -4.4016881 0.0000000
v 125.7824554 -4.4046831 0.0000000
v 125.7753296 -4.4070191 0.0000000
v 125.7680283 -4.4086881 0.0000000
v 125.7606354 -4.4096799 0.0000000
v 117.1625214 -5.4600158 0.0000000
v 115.4120712 -5.4600158 0.0000000
v 115.4048767 -5.4595170 0.0000000
v 115.3977356 -5.4583201 0.0000000
v 115.3907242 -5.4564462 0.0000000
v 115.3839188 -5.4539151 0.0000000
v 115.3773804 -5.4507480 0.0000000
v 115.3712006 -5.4469652 0.0000000
v 115.3654327 -5.4425850 0.0000000
v 115.3601608 -5.4376302 0.0000000
v 115.3554382 -5.4321408 0.0000000
v 115.3513031 -5.4261861 0.0000000
v 115.3477707 -5.4198370 0.0000000
v 115.3448792 -5.4131651 0.0000000
v 115.3426666 -5.4062409 0.0000000
v 115.3411484 -5.3991361 0.0000000
v 115.3403625 -5.3919220 0.0000000
v 115.3403397 -5.3846688 0.0000000
v 115.3403397 -4.7638130 0.0000000
v 115.3403015 -4.7565098 0.0000000
v 115.3410950 -4.7493248 0.0000000
v 115.3426743 -4.7423100 0.0000000
v 115.3450012 -4.7355161 0.0000000
v 115.3480072 -4.7289920 0.0000000
v 115.3516541 -4.7227898 0.0000000
v 115.3558884 -4.7169609 0.0000000
v 115.3606567 -4.7115560 0.0000000
v 115.3659210 -4.7066240 0.0000000
v 115.3716125 -4.7022109 0.0000000
v 115.3776932 -4.6983619 0.0000000
v 115.3841095 -4.6951180 0.0000000
v 115.3908081 -4.6925240 0.0000000
v 115.3977356 -4.6906219 0.0000000
v 115.4048386 -4.6894560 0.0000000
v 115.4120712 -4.6890688 0.0000000
v 117.1625214 -4.6890688 0.0000000
v 117.1699677 -4.6892490 0.0000000
v 117.1773300 -4.6902022 0.0000000
v 117.1845474 -4.6918950 0.0000000
v 117.1915665 -4.6942959 0.0000000
v 117.1983185 -4.6973710 0.0000000
v 117.2047348 -4.7010880 0.0000000
v 117.2107620 -4.7054138 0.0000000
v 117.2163239 -4.7103171 0.0000000
v 117.2213745 -4.7157578 0.0000000
v 117.2258530 -4.7216792 0.0000000
v 117.2297058 -4.7280192 0.0000000
v 117.2328873 -4.7347140 0.0000000
v 117.2353439 -4.7417040 0.0000000
v 117.2370300 -4.7489252 0.0000000
v 117.2378845 -4.7563162 0.0000000
v 117.2378693 -4.7638130 0.0000000
v 117.2378693 -5.3846688 0.0000000
v 117.2378235 -5.3921161 0.0000000
v 117.2369766 -5.3995399 0.0000000
v 117.2353668 -5.4068551 0.0000000
v 117.2330170 -5.4139791 0.0000000
v 117.2299576 -5.4208269 0.0000000
v 117.2262268 -5.4273162 0.0000000
v 117.2218399 -5.4333611 0.0000000
v 117.2168350 -5.4388781 0.0000000
v 117.2112427 -5.4437909 0.0000000
v 117.2051468 -5.4480739 0.0000000
v 117.1986160 -5.4517179 0.0000000
v 117.1917419 -5.4547129 0.0000000
v 117.1846085 -5.4570489 0.0000000
v 117.1773071 -5.4587178 0.0000000
v 117.1699142 -5.4597101 0.0000000
v 117.0479965 -4.1851511 0.0000000
v 115.4120712 -4.1851511 0.0000000
v 115.4048386 -4.1846771 0.0000000
v 115.3977814 -4.1833839 0.0000000
v 115.3909531 -4.1813302 0.0000000
v 115.3843765 -4.1785712 0.0000000
v 115.3780975 -4.1751652 0.0000000
v 115.3721542 -4.1711669 0.0000000
v 115.3665924 -4.1666341 0.0000000
v 115.3614502 -4.1616220 0.0000000
v 115.3567581 -4.1561861 0.0000000
v 115.3525696 -4.1503682 0.0000000
v 115.3489227 -4.1442108 0.0000000
v 115.3458633 -4.1377568 0.0000000
v 115.3434296 -4.1310468 0.0000000
v 115.3416672 -4.1241231 0.0000000
v 115.3406296 -4.1170292 0.0000000
v 115.3403397 -4.1098051 0.0000000
v 115.3403397 -3.5431981 0.0000000
v 115.3403015 -3.5358951 0.0000000
v 115.3410950 -3.5287111 0.0000000
v 115.3426743 -3.5216961 0.0000000
v 115.3450012 -3.5149009 0.0000000
v 115.3480072 -3.5083771 0.0000000
v 115.3516541 -3.5021760 0.0000000
v 115.3558884 -3.4963460 0.0000000
v 115.3606567 -3.4909410 0.0000000
v 115.3659210 -3.4860089 0.0000000
v 115.3716125 -3.4815960 0.0000000
v 115.3776932 -3.4777470 0.0000000
v 115.3841095 -3.4745030 0.0000000
v 115.3908081 -3.4719090 0.0000000
v 115.3977356 -3.4700069 0.0000000
v 115.4048386 -3.4688411 0.0000000
v 115.4120712 -3.4684551 0.0000000
v 117.0479965 -3.4684551 0.0000000
v 117.0552521 -3.4686351 0.0000000
v 117.0624313 -3.4696209 0.0000000
v 117.0694504 -3.4713709 0.0000000
v 117.0762482 -3.4738469 0.0000000
v 117.0827637 -3.4770091 0.0000000
v 117.0889130 -3.4808190 0.0000000
v 117.0946426 -3.4852359 0.0000000
v 117.0998764 -3.4902220 0.0000000
v 117.1045532 -3.4957311 0.0000000
v 117.1086426 -3.5016961 0.0000000
v 117.1121140 -3.5080490 0.0000000
v 117.1149292 -3.5147190 0.0000000
v 117.1170731 -3.5216391 0.0000000
v 117.1185074 -3.5287380 0.0000000
v 117.1192017 -3.5359471 0.0000000
v 117.1191254 -3.5431981 0.0000000
v 117.1191254 -4.1098051 0.0000000
v 117.1189041 -4.1170030 0.0000000
v 117.1179810 -4.1241379 0.0000000
v 117.1163788 -4.1311522 0.0000000
v 117.1141281 -4.1379871 0.0000000
v 117.1112595 -4.1445832 0.0000000
v 117.1077805 -4.1508851 0.0000000
v 117.1037292 -4.1568322 0.0000000
v 117.0991211 -4.1623678 0.0000000
v 117.0940018 -4.1674342 0.0000000
v 117.0884018 -4.1719751 0.0000000
v 117.0823898 -4.1759372 0.0000000
v 117.0760193 -4.1792660 0.0000000
v 117.0693436 -4.1819062 0.0000000
v 117.0624084 -4.1838040 0.0000000
v 117.0552750 -4.1849041 0.0000000
v 113.9159927 -4.4346991 0.0000000
v 112.0190659 -4.4346991 0.0000000
v 112.0190659 -3.5431981 0.0000000
v 112.0190201 -3.5359330 0.0000000
v 112.0198059 -3.5287840 0.0000000
v 112.0213699 -3.5218029 0.0000000
v 112.0236664 -3.5150380 0.0000000
v 112.0266418 -3.5085421 0.0000000
v 112.0302505 -3.5023620 0.0000000
v 112.0344467 -3.4965501 0.0000000
v 112.0391769 -3.4911549 0.0000000
v 112.0443878 -3.4862270 0.0000000
v 112.0500336 -3.4818110 0.0000000
v 112.0560608 -3.4779489 0.0000000
v 112.0624237 -3.4746850 0.0000000
v 112.0690689 -3.4720609 0.0000000
v 112.0759506 -3.4701200 0.0000000
v 112.0830078 -3.4689031 0.0000000
v 112.0901947 -3.4684551 0.0000000
v 113.8412476 -3.4684551 0.0000000
v 113.8486404 -3.4686890 0.0000000
v 113.8559647 -3.4696870 0.0000000
v 113.8631363 -3.4714179 0.0000000
v 113.8701019 -3.4738469 0.0000000
v 113.8768005 -3.4769440 0.0000000
v 113.8831635 -3.4806750 0.0000000
v 113.8891373 -3.4850080 0.0000000
v 113.8946609 -3.4899099 0.0000000
v 113.8996582 -3.4953430 0.0000000
v 113.9040985 -3.5012500 0.0000000
v 113.9079132 -3.5075679 0.0000000
v 113.9110641 -3.5142369 0.0000000
v 113.9134903 -3.5211959 0.0000000
v 113.9151611 -3.5283830 0.0000000
v 113.9160080 -3.5357380 0.0000000
v 113.9159927 -3.5431981 0.0000000
v 108.5537262 -4.4346991 0.0000000
v 106.6567993 -4.4346991 0.0000000
v 106.6567993 -3.5431981 0.0000000
v 106.6567535 -3.5359330 0.0000000
v 106.6575394 -3.5287840 0.0000000
v 106.6591034 -3.5218029 0.0000000
v 106.6613998 -3.5150380 0.0000000
v 106.6643753 -3.5085421 0.0000000
v 106.6679916 -3.5023620 0.0000000
v 106.6721802 -3.4965501 0.0000000
v 106.6769104 -3.4911549 0.0000000
v 106.6821213 -3.4862270 0.0000000
v 106.6877670 -3.4818110 0.0000000
v 106.6937943 -3.4779489 0.0000000
v 106.7001648 -3.4746850 0.0000000
v 106.7068024 -3.4720609 0.0000000
v 106.7136841 -3.4701200 0.0000000
v 106.7207413 -3.4689031 0.0000000
v 106.7279282 -3.4684551 0.0000000
v 108.4789810 -3.4684551 0.0000000
v 108.4863815 -3.4686890 0.0000000
v 108.4936905 -3.4696870 0.0000000
v 108.5008698 -3.4714179 0.0000000
v 108.5078354 -3.4738469 0.0000000
v 108.5145340 -3.4769440 0.0000000
v 108.5209045 -3.4806750 0.0000000
v 108.5268784 -3.4850080 0.0000000
v 108.5323944 -3.4899099 0.0000000
v 108.5373917 -3.4953430 0.0000000
v 108.5418320 -3.5012500 0.0000000
v 108.5456467 -3.5075679 0.0000000
v 108.5487976 -3.5142369 0.0000000
v 108.5512314 -3.5211959 0.0000000
v 108.5528946 -3.5283830 0.0000000
v 108.5537415 -3.5357380 0.0000000
v 108.5537262 -3.5431981 0.0000000
v 102.2595673 -4.4099860 0.0000000
v 100.5091171 -4.4099860 0.0000000
v 100.5019684 -4.4094272 0.0000000
v 100.4948730 -4.4081821 0.0000000
v 100.4879150 -4.4062691 0.0000000
v 100.4811554 -4.4037089 0.0000000
v 100.4746704 -4.4005198 0.0000000
v 100.4685440 -4.3967242 0.0000000
v 100.4628296 -4.3923392 0.0000000
v 100.4576035 -4.3873849 0.0000000
v 100.4529343 -4.3819051 0.0000000
v 100.4488297 -4.3759670 0.0000000
v 100.4453354 -4.3696399 0.0000000
v 100.4424820 -4.3629961 0.0000000
v 100.4402847 -4.3561029 0.0000000
v 100.4387894 -4.3490329 0.0000000
v 100.4380112 -4.3418550 0.0000000
v 100.4379883 -4.3346391 0.0000000
v 100.4379883 -3.5431981 0.0000000
v 100.4381638 -3.5359361 0.0000000
v 100.4391708 -3.5288761 0.0000000
v 100.4409485 -3.5220389 0.0000000
v 100.4434280 -3.5154469 0.0000000
v 100.4465485 -3.5091200 0.0000000
v 100.4502563 -3.5030780 0.0000000
v 100.4591522 -3.4919381 0.0000000
v 100.4696655 -3.4822681 0.0000000
v 100.4754562 -3.4781630 0.0000000
v 100.4815903 -3.4746630 0.0000000
v 100.4880371 -3.4718549 0.0000000
v 100.4947891 -3.4698250 0.0000000
v 100.5018234 -3.4686630 0.0000000
v 100.5091171 -3.4684551 0.0000000
v 102.2595673 -3.4684551 0.0000000
v 102.2671432 -3.4683559 0.0000000
v 102.2744980 -3.4692290 0.0000000
v 102.2816086 -3.4709949 0.0000000
v 102.2884293 -3.4735761 0.0000000
v 102.2949524 -3.4768920 0.0000000
v 102.3011246 -3.4808650 0.0000000
v 102.3123474 -3.4904661 0.0000000
v 102.3218155 -3.5017951 0.0000000
v 102.3257523 -3.5079999 0.0000000
v 102.3290787 -3.5145249 0.0000000
v 102.3317184 -3.5213370 0.0000000
v 102.3336182 -3.5284081 0.0000000
v 102.3347015 -3.5357051 0.0000000
v 102.3349152 -3.5431981 0.0000000
v 102.3349152 -4.3346391 0.0000000
v 102.3348694 -4.3420858 0.0000000
v 102.3340225 -4.3495102 0.0000000
v 102.3324127 -4.3568249 0.0000000
v 102.3300629 -4.3639488 0.0000000
v 102.3270035 -4.3707972 0.0000000
v 102.3232727 -4.3772860 0.0000000
v 102.3188858 -4.3833299 0.0000000
v 102.3138809 -4.3888469 0.0000000
v 102.3082886 -4.3937612 0.0000000
v 102.3021927 -4.3980441 0.0000000
v 102.2956619 -4.4016881 0.0000000
v 102.2887878 -4.4046831 0.0000000
v 102.2816544 -4.4070191 0.0000000
v 102.2743530 -4.4086881 0.0000000
v 102.2669678 -4.4096799 0.0000000
v 6.8448172 138.2370911 0.0000000
v 6.7463660 138.2327881 -0.0000000
v 6.6488409 138.2185822 -0.0000000
v 6.5533028 138.1944427 -0.0000000
v 6.4608288 138.1603851 -0.0000000
v 6.3724442 138.1168060 -0.0000000
v 6.2888379 138.0646515 -0.0000000
v 6.2105460 138.0048218 -0.0000000
v 6.1378298 137.9383240 -0.0000000
v 6.0708590 137.8660431 -0.0000000
v 6.0109181 137.7878571 -0.0000000
v 5.9587722 137.7042084 -0.0000000
v 5.9152098 137.6158295 -0.0000000
v 5.8813829 137.5232849 -0.0000000
v 5.8571630 137.4277496 -0.0000000
v 5.8427000 137.3302917 -0.0000000
v 5.8384881 137.2318115 0.0000000
v 5.8384881 133.9427795 0.0000000
v 6.7931290 133.9427795 0.0000000
v 6.7931290 137.1948853 0.0000000
v 6.7933578 137.2035522 0.0000000
v 6.7945151 137.2120972 0.0000000
v 6.7965560 137.2204742 0.0000000
v 6.7994370 137.2285919 0.0000000
v 6.8031111 137.2363892 0.0000000
v 6.8075342 137.2438049 0.0000000
v 6.8126602 137.2507324 0.0000000
v 6.8184462 137.2571259 0.0000000
v 6.8248401 137.2629089 0.0000000
v 6.8317761 137.2680359 0.0000000
v 6.8391800 137.2724609 0.0000000
v 6.8469791 137.2761383 0.0000000
v 6.8551021 137.2790222 0.0000000
v 6.8634748 137.2810516 0.0000000
v 6.8720260 137.2822113 0.0000000
v 6.8806820 137.2824402 0.0000000
v 7.4713988 137.2824402 0.0000000
v 7.4713988 133.9427795 0.0000000
v 9.0610619 133.9427795 0.0000000
v 9.1596622 133.9472656 0.0000000
v 9.2574568 133.9609222 0.0000000
v 9.3533363 133.9843750 0.0000000
v 9.4461966 134.0178833 0.0000000
v 9.5349989 134.0610199 0.0000000
v 9.6189394 134.1129303 0.0000000
v 9.6977587 134.1724091 0.0000000
v 9.7706757 134.2389221 0.0000000
v 9.8362770 134.3126678 0.0000000
v 9.8952971 134.3918304 0.0000000
v 9.9472847 134.4757233 0.0000000
v 9.9907980 134.5643463 0.0000000
v 10.0246506 134.6570740 0.0000000
v 10.0487814 134.7528076 0.0000000
v 10.0631056 134.8504791 0.0000000
v 10.0673914 134.9491119 0.0000000
v 10.0673914 137.2318115 0.0000000
v 10.0631990 137.3302765 0.0000000
v 10.0486946 137.4277039 0.0000000
v 10.0245447 137.5232544 0.0000000
v 9.9907017 137.6157837 0.0000000
v 9.9465437 137.7038574 0.0000000
v 9.8940868 137.7872925 0.0000000
v 9.8344736 137.8657074 0.0000000
v 9.7679720 137.9384003 0.0000000
v 9.6952877 138.0049133 0.0000000
v 9.6169596 138.0646820 0.0000000
v 9.5333796 138.1168518 0.0000000
v 9.4450006 138.1604004 0.0000000
v 9.3525362 138.1944427 0.0000000
v 9.2570114 138.2185974 0.0000000
v 9.1594992 138.2327881 0.0000000
v 9.0610619 138.2370911 0.0000000
v 8.3321590 134.8984833 0.0000000
v 8.3321590 137.2824402 0.0000000
v 9.0251970 137.2824402 0.0000000
v 9.0338831 137.2823639 0.0000000
v 9.0424023 137.2812500 0.0000000
v 9.0506926 137.2791748 0.0000000
v 9.0586987 137.2762299 0.0000000
v 9.0663605 137.2724457 0.0000000
v 9.0736179 137.2678986 0.0000000
v 9.0804119 137.2626648 0.0000000
v 9.0866861 137.2568207 0.0000000
v 9.0923796 137.2503967 0.0000000
v 9.0974436 137.2434845 0.0000000
v 9.1018238 137.2361298 0.0000000
v 9.1054707 137.2283936 0.0000000
v 9.1083326 137.2203369 0.0000000
v 9.1103582 137.2120361 0.0000000
v 9.1114960 137.2035370 0.0000000
v 9.1116953 137.1948853 0.0000000
v 9.1116953 134.9860382 0.0000000
v 9.1114960 134.9773865 0.0000000
v 9.1103582 134.9688873 0.0000000
v 9.1083326 134.9605865 0.0000000
v 9.1054707 134.9525299 0.0000000
v 9.1018238 134.9447937 0.0000000
v 9.0974436 134.9374390 0.0000000
v 9.0923796 134.9305267 0.0000000
v 9.0866861 134.9241028 0.0000000
v 9.0804119 134.9182587 0.0000000
v 9.0736179 134.9130249 0.0000000
v 9.0663605 134.9084778 0.0000000
v 9.0586987 134.9046936 0.0000000
v 9.0506926 134.9017334 0.0000000
v 9.0424023 134.8996735 0.0000000
v 9.0338831 134.8985596 0.0000000
v 9.0251970 134.8984833 0.0000000
v 7.5000000 258.0000000 0.0000000
v 6.5210538 257.9358215 0.0000000
v 5.5588570 257.7444458 0.0000000
v 4.6298742 257.4291077 0.0000000
v 3.7500000 256.9951782 0.0000000
v 2.9342890 256.4501648 0.0000000
v 2.1966989 255.8032990 0.0000000
v 1.5498500 255.0657043 0.0000000
v 1.0048090 254.2500000 0.0000000
v 0.5709040 253.3701324 0.0000000
v 0.2555560 252.4411469 0.0000000
v 0.0641640 251.4789429 0.0000000
v -0.0000000 250.5000000 0.0000000
v 0.0000000 0.0000000 0.0000000
v 70.0000000 0.0000000 0.0000000
v 70.7821732 -0.0615590 0.0000000
v 71.5450897 -0.2447180 0.0000000
v 72.2699585 -0.5449690 0.0000000
v 72.9389267 -0.9549180 0.0000000
v 73.5355377 -1.4644710 0.0000000
v 80.6280136 -8.5569496 0.0000000
v 81.1562729 -9.0159483 0.0000000
v 81.7434387 -9.3966951 0.0000000
v 82.3780212 -9.6917343 0.0000000
v 83.0475693 -9.8952837 0.0000000
v 83.7389908 -10.0033579 0.0000000
v 250.5000000 -10.0033579 0.0000000
v 251.4793396 -9.9391422 0.0000000
v 252.4419098 -9.7475967 0.0000000
v 253.3712158 -9.4320011 0.0000000
v 254.2513733 -8.9977579 0.0000000
v 255.0672760 -8.4523048 0.0000000
v 255.8049774 -7.8049831 0.0000000
v 256.4518433 -7.0668750 0.0000000
v 256.9967651 -6.2506208 0.0000000
v 257.4304504 -5.3701992 0.0000000
v 257.7454529 -4.4406848 0.0000000
v 257.9364014 -3.4779971 0.0000000
v 258.0000000 -2.4986179 0.0000000
v 258.0000000 250.4968109 0.0000000
v 257.9364014 251.4715576 0.0000000
v 257.7466431 252.4297485 0.0000000
v 257.4339600 253.3551636 0.0000000
v 257.0036621 254.2320862 0.0000000
v 256.4630432 255.0456543 0.0000000
v 255.8212891 255.7820587 0.0000000
v 255.0892639 256.4288330 0.0000000
v 254.2793884 256.9749451 0.0000000
v 253.4054108 257.4111938 0.0000000
v 252.4821472 257.7301636 0.0000000
v 251.5252533 257.9264221 0.0000000
v 250.5509644 257.9966431 0.0000000
v 165.6914215 257.9966431 0.0000000
v 164.9505463 258.0518494 0.0000000
v 164.2260284 258.2161865 0.0000000
v 163.5338745 258.4861145 0.0000000
v 162.8893280 258.8555908 0.0000000
v 162.3066711 259.3164978 0.0000000
v 161.7987213 259.8586731 0.0000000
v 157.8126221 264.3372498 0.0000000
v 157.2360382 264.8892212 0.0000000
v 156.5789642 265.3424377 0.0000000
v 155.8581390 265.6853027 0.0000000
v 155.0919342 265.9090881 0.0000000
v 104.0919418 265.9090881 0.0000000
v 103.3059311 265.8469238 0.0000000
v 102.5394669 265.6619568 0.0000000
v 101.8116074 265.3587952 0.0000000
v 101.1404495 264.9450073 0.0000000
v 100.5426941 264.4308472 0.0000000
v 96.1392212 259.6223450 0.0000000
v 95.5165100 259.0485229 0.0000000
v 94.8059082 258.5880127 0.0000000
v 94.0277786 258.2540283 0.0000000
v 93.2044525 258.0561218 0.0000000
v 92.3595428 258.0000000 0.0000000
v 216.9773254 -6.8069639 0.0000000
v 211.9773254 -6.8069639 0.0000000
v 211.9773254 -1.8069640 0.0000000
v 216.9773254 -1.8069640 0.0000000
v 209.6495209 -5.7398901 0.0000000
v 207.7076721 -5.7398901 0.0000000
v 207.7076721 -5.0602460 0.0000000
v 209.6495209 -5.0602460 0.0000000
v 209.6495209 -6.8069639 0.0000000
v 207.7076721 -6.8069639 0.0000000
v 207.7076721 -6.5166268 0.0000000
v 209.6495209 -6.5166268 0.0000000
v 209.6495209 -4.2596512 0.0000000
v 207.7076721 -4.2596512 0.0000000
v 207.7076721 -3.1550541 0.0000000
v 206.7367554 -3.1550541 0.0000000
v 208.6785889 -1.8069640 0.0000000
v 210.6204376 -3.1550541 0.0000000
v 209.6495209 -3.1550541 0.0000000
v 219.3051300 -6.5166268 0.0000000
v 221.2469635 -6.5166268 0.0000000
v 221.2469635 -6.8069639 0.0000000
v 219.3051300 -6.8069639 0.0000000
v 219.3051300 -5.0602460 0.0000000
v 221.2469635 -5.0602460 0.0000000
v 221.2469635 -5.7398901 0.0000000
v 219.3051300 -5.7398901 0.0000000
v 218.3341980 -3.1550541 0.0000000
v 220.2760468 -1.8069640 0.0000000
v 222.2178802 -3.1550541 0.0000000
v 221.2469635 -3.1550541 0.0000000
v 221.2469635 -4.2596512 0.0000000
v 219.3051300 -4.2596512 0.0000000
v 219.3051300 -3.1550541 0.0000000
v 6.8522010 234.6685181 0.0000000
v 6.7525821 234.6728210 0.0000000
v 6.6539211 234.6872864 0.0000000
v 6.5572939 234.7118530 0.0000000
v 6.4637070 234.7462616 0.0000000
v 6.3740640 234.7899170 0.0000000
v 6.2892952 234.8424072 0.0000000
v 6.2100062 234.9028625 0.0000000
v 6.1367469 234.9704895 0.0000000
v 6.0702291 235.0447540 0.0000000
v 6.0108342 235.1248474 0.0000000
v 5.9591231 235.2100830 0.0000000
v 5.9158502 235.2999115 0.0000000
v 5.8817592 235.3936157 0.0000000
v 5.8573670 235.4902954 0.0000000
v 5.8429089 235.5889435 0.0000000
v 5.8384881 235.6885681 0.0000000
v 5.8384881 239.9174652 0.0000000
v 11.0884876 239.9174652 0.0000000
v 11.0884876 235.8932037 0.0000000
v 11.0842619 235.7939301 0.0000000
v 11.0698166 235.6956787 0.0000000
v 11.0455446 235.5993195 0.0000000
v 11.0113411 235.5060577 0.0000000
v 10.9669323 235.4172363 0.0000000
v 10.9146967 235.3326721 0.0000000
v 10.8550482 235.2533112 0.0000000
v 10.7878551 235.1801300 0.0000000
v 10.7146692 235.1129303 0.0000000
v 10.6353083 235.0532837 0.0000000
v 10.5507460 235.0010529 0.0000000
v 10.4619179 234.9566345 0.0000000
v 10.3686619 234.9224396 0.0000000
v 10.2723045 234.8981628 0.0000000
v 10.1740446 234.8837128 0.0000000
v 10.0747747 234.8794861 0.0000000
v 9.0462942 234.8794861 0.0000000
v 8.9503984 234.8829041 0.0000000
v 8.8589592 234.8951569 0.0000000
v 8.7739334 234.9159546 0.0000000
v 8.6971378 234.9448853 0.0000000
v 8.5344439 234.8377533 0.0000000
v 8.3600187 234.7510223 0.0000000
v 8.2691174 234.7160339 0.0000000
v 8.1753168 234.6898193 0.0000000
v 8.0791664 234.6743622 0.0000000
v 7.9819479 234.6685181 0.0000000
v 5.8384881 229.5978394 0.0000000
v 5.8384881 232.8868713 0.0000000
v 5.8427911 232.9855042 0.0000000
v 5.8570771 233.0832062 0.0000000
v 5.8812680 233.1789246 0.0000000
v 5.9151049 233.2716675 0.0000000
v 5.9580412 233.3605652 0.0000000
v 6.0096130 233.4447479 0.0000000
v 6.0691309 233.5235138 0.0000000
v 6.1356401 233.5964661 0.0000000
v 6.2082500 233.6633606 0.0000000
v 6.2868209 233.7231140 0.0000000
v 6.3708668 233.7749329 0.0000000
v 6.4596529 233.8180847 0.0000000
v 6.5525179 233.8516083 0.0000000
v 6.6484089 233.8750610 0.0000000
v 6.7462072 233.8887329 0.0000000
v 6.8448172 233.8932037 0.0000000
v 8.4344788 233.8932037 0.0000000
v 8.4344788 230.5535431 0.0000000
v 9.0251970 230.5535431 0.0000000
v 9.0338831 230.5536346 0.0000000
v 9.0424023 230.5547333 0.0000000
v 9.0506926 230.5568085 0.0000000
v 9.0586987 230.5597534 0.0000000
v 9.0663605 230.5635376 0.0000000
v 9.0736179 230.5680847 0.0000000
v 9.0804119 230.5733185 0.0000000
v 9.0866861 230.5791779 0.0000000
v 9.0923796 230.5855865 0.0000000
v 9.0974436 230.5924988 0.0000000
v 9.1018238 230.5998535 0.0000000
v 9.1054707 230.6075897 0.0000000
v 9.1083326 230.6156464 0.0000000
v 9.1103582 230.6239471 0.0000000
v 9.1114960 230.6324615 0.0000000
v 9.1116953 230.6410980 0.0000000
v 9.1116953 233.8932037 0.0000000
v 10.0673914 233.8932037 0.0000000
v 10.0673914 230.6041718 0.0000000
v 10.0631056 230.5055389 0.0000000
v 10.0487814 230.4078674 0.0000000
v 10.0246506 230.3121338 0.0000000
v 9.9907980 230.2194061 0.0000000
v 9.9472847 230.1307983 0.0000000
v 9.8952971 230.0468903 0.0000000
v 9.8362770 229.9677277 0.0000000
v 9.7706757 229.8939819 0.0000000
v 9.6977587 229.8274689 0.0000000
v 9.6189394 229.7680054 0.0000000
v 9.5349989 229.7160797 0.0000000
v 9.4461966 229.6729431 0.0000000
v 9.3533363 229.6394348 0.0000000
v 9.2574568 229.6159821 0.0000000
v 9.1596622 229.6023254 0.0000000
v 9.0610619 229.5978394 0.0000000
v 9.0251970 227.8594513 0.0000000
v 5.8384881 227.8594513 0.0000000
v 5.8384881 228.8151398 0.0000000
v 10.0673914 228.8151398 0.0000000
v 10.0673914 223.5725250 0.0000000
v 10.0634956 223.4737701 0.0000000
v 10.0496063 223.3759766 0.0000000
v 10.0262051 223.2799683 0.0000000
v 9.9931250 223.1868591 0.0000000
v 9.9494734 223.0982513 0.0000000
v 9.8972731 223.0143280 0.0000000
v 9.8379230 222.9353790 0.0000000
v 9.7715807 222.8621674 0.0000000
v 9.6986609 222.7955017 0.0000000
v 9.6196146 222.7362518 0.0000000
v 9.5353088 222.6847076 0.0000000
v 9.4465036 222.6414337 0.0000000
v 9.3535814 222.6078491 0.0000000
v 9.2576151 222.5843658 0.0000000
v 9.1597490 222.5706787 0.0000000
v 9.0610619 222.5661926 0.0000000
v 5.8384881 222.5661926 0.0000000
v 5.8384881 223.5145111 0.0000000
v 9.0251970 223.5145111 0.0000000
v 9.0344009 223.5146179 0.0000000
v 9.0432167 223.5160370 0.0000000
v 9.0516262 223.5186157 0.0000000
v 9.0596094 223.5222321 0.0000000
v 9.0671473 223.5267792 0.0000000
v 9.0742207 223.5321198 0.0000000
v 9.0869007 223.5446472 0.0000000
v 9.0974360 223.5589752 0.0000000
v 9.1017666 223.5666809 0.0000000
v 9.1053963 223.5747223 0.0000000
v 9.1082621 223.5830383 0.0000000
v 9.1103067 223.5916290 0.0000000
v 9.1114712 223.6004333 0.0000000
v 9.1116953 223.6094513 0.0000000
v 9.1116953 225.1178894 0.0000000
v 9.1114960 225.1265259 0.0000000
v 9.1103582 225.1350250 0.0000000
v 9.1083326 225.1433411 0.0000000
v 9.1054707 225.1513824 0.0000000
v 9.1018238 225.1591187 0.0000000
v 9.0974436 225.1664734 0.0000000
v 9.0923796 225.1733856 0.0000000
v 9.0866861 225.1798096 0.0000000
v 9.0804119 225.1856689 0.0000000
v 9.0736179 225.1909027 0.0000000
v 9.0663605 225.1954346 0.0000000
v 9.0586987 225.1992188 0.0000000
v 9.0506926 225.2021790 0.0000000
v 9.0424023 225.2042389 0.0000000
v 9.0338831 225.2053528 0.0000000
v 9.0251970 225.2054443 0.0000000
v 5.8384881 225.2054443 0.0000000
v 5.8384881 226.1685181 0.0000000
v 9.0251970 226.1685181 0.0000000
v 9.0338831 226.1686096 0.0000000
v 9.0424023 226.1697235 0.0000000
v 9.0506926 226.1717834 0.0000000
v 9.0586987 226.1747437 0.0000000
v 9.0663605 226.1785278 0.0000000
v 9.0736179 226.1830597 0.0000000
v 9.0804119 226.1882935 0.0000000
v 9.0866861 226.1941528 0.0000000
v 9.0923796 226.2005615 0.0000000
v 9.0974436 226.2074890 0.0000000
v 9.1018238 226.2148438 0.0000000
v 9.1054707 226.2225800 0.0000000
v 9.1083326 226.2306213 0.0000000
v 9.1103582 226.2389374 0.0000000
v 9.1114960 226.2474365 0.0000000
v 9.1116953 226.2560730 0.0000000
v 9.1116953 227.7718964 0.0000000
v 9.1114960 227.7805328 0.0000000
v 9.1103582 227.7890320 0.0000000
v 9.1083326 227.7973480 0.0000000
v 9.1054707 227.8053894 0.0000000
v 9.1018238 227.8131256 0.0000000
v 9.0974436 227.8204803 0.0000000
v 9.0923796 227.8274078 0.0000000
v 9.0866861 227.8338165 0.0000000
v 9.0804119 227.8396759 0.0000000
v 9.0736179 227.8449097 0.0000000
v 9.0663605 227.8494415 0.0000000
v 9.0586987 227.8532257 0.0000000
v 9.0506926 227.8561859 0.0000000
v 9.0424023 227.8582458 0.0000000
v 9.0338831 227.8593597 0.0000000
v 6.8448172 217.3647156 0.0000000
v 6.7462411 217.3691864 0.0000000
v 6.6484861 217.3828583 0.0000000
v 6.5526190 217.4062805 0.0000000
v 6.4597878 217.4397736 0.0000000
v 6.3710771 217.4829865 0.0000000
v 6.2867680 217.5343475 0.0000000
v 6.2079449 217.5936584 0.0000000
v 6.1354332 217.6606140 0.0000000
v 6.0689702 217.7335663 0.0000000
v 6.0094838 217.8123016 0.0000000
v 5.9579530 217.8964691 0.0000000
v 5.9150472 217.9853363 0.0000000
v 5.8812351 218.0780640 0.0000000
v 5.8570619 218.1737366 0.0000000
v 5.8427868 218.2713928 0.0000000
v 5.8384881 218.3699951 0.0000000
v 5.8384881 221.6590271 0.0000000
v 11.4524117 221.6590271 0.0000000
v 11.4524117 220.7033386 0.0000000
v 10.0673914 220.7033386 0.0000000
v 10.0673914 218.3699951 0.0000000
v 10.0631113 218.2714081 0.0000000
v 10.0487957 218.1737823 0.0000000
v 10.0246916 218.0780792 0.0000000
v 9.9908667 217.9853821 0.0000000
v 9.9473686 217.8968201 0.0000000
v 9.8955126 217.8128510 0.0000000
v 9.8363419 217.7339172 0.0000000
v 9.7703590 217.6605530 0.0000000
v 9.6978912 217.5935669 0.0000000
v 9.6190290 217.5343170 0.0000000
v 9.5347462 217.4829407 0.0000000
v 9.4460402 217.4397583 0.0000000
v 9.3532200 217.4062653 0.0000000
v 9.2573662 217.3828430 0.0000000
v 9.1596241 217.3691864 0.0000000
v 9.0610619 217.3647156 0.0000000
v 5.8384881 213.5166168 0.0000000
v 5.8384881 215.7993164 0.0000000
v 5.8427911 215.8979645 0.0000000
v 5.8570771 215.9956512 0.0000000
v 5.8812680 216.0913696 0.0000000
v 5.9151049 216.1841125 0.0000000
v 5.9580412 216.2730255 0.0000000
v 6.0096130 216.3572083 0.0000000
v 6.0691309 216.4359589 0.0000000
v 6.1356401 216.5089111 0.0000000
v 6.2082500 216.5758057 0.0000000
v 6.2868209 216.6355591 0.0000000
v 6.3708668 216.6873779 0.0000000
v 6.4596529 216.7305298 0.0000000
v 6.5525179 216.7640533 0.0000000
v 6.6484089 216.7875061 0.0000000
v 6.7462072 216.8011780 0.0000000
v 6.8448172 216.8056488 0.0000000
v 10.0673914 216.8056488 0.0000000
v 10.0673914 215.8499603 0.0000000
v 6.8806820 215.8499603 0.0000000
v 6.8720260 215.8497314 0.0000000
v 6.8634748 215.8485718 0.0000000
v 6.8551021 215.8465271 0.0000000
v 6.8469791 215.8436432 0.0000000
v 6.8391800 215.8399811 0.0000000
v 6.8317761 215.8355560 0.0000000
v 6.8248401 215.8304291 0.0000000
v 6.8184462 215.8246460 0.0000000
v 6.8126602 215.8182373 0.0000000
v 6.8075342 215.8113098 0.0000000
v 6.8031111 215.8039093 0.0000000
v 6.7994370 215.7961121 0.0000000
v 6.7965560 215.7879791 0.0000000
v 6.7945151 215.7796021 0.0000000
v 6.7933578 215.7710571 0.0000000
v 6.7931290 215.7624054 0.0000000
v 6.7931290 213.5535431 0.0000000
v 6.7933578 213.5448914 0.0000000
v 6.7945151 213.5363312 0.0000000
v 6.7965560 213.5279694 0.0000000
v 6.7994370 213.5198364 0.0000000
v 6.8031111 213.5120392 0.0000000
v 6.8075342 213.5046387 0.0000000
v 6.8126602 213.4976959 0.0000000
v 6.8184462 213.4913025 0.0000000
v 6.8248401 213.4855194 0.0000000
v 6.8317761 213.4803925 0.0000000
v 6.8391800 213.4759674 0.0000000
v 6.8469791 213.4722900 0.0000000
v 6.8551021 213.4694214 0.0000000
v 6.8634748 213.4673767 0.0000000
v 6.8720260 213.4662170 0.0000000
v 6.8806820 213.4659882 0.0000000
v 10.0673914 213.4659882 0.0000000
v 10.0673914 212.5102997 0.0000000
v 6.8448172 212.5102997 0.0000000
v 6.7461381 212.5147705 0.0000000
v 6.6482821 212.5284576 0.0000000
v 6.5523200 212.5519409 0.0000000
v 6.4594059 212.5855103 0.0000000
v 6.3706260 212.6287994 0.0000000
v 6.2862401 212.6802521 0.0000000
v 6.2074151 212.7397156 0.0000000
v 6.1348381 212.8067627 0.0000000
v 6.0679808 212.8795013 0.0000000
v 6.0082359 212.9581451 0.0000000
v 5.9563432 213.0422363 0.0000000
v 5.9131780 213.1310883 0.0000000
v 5.8799958 213.2241364 0.0000000
v 5.8564429 213.3200989 0.0000000
v 5.8424988 213.4178925 0.0000000
v 10.1180239 206.6410980 0.0000000
v 5.8384881 206.6410980 0.0000000
v 5.8384881 207.6115570 0.0000000
v 10.1180239 207.6115570 0.0000000
v 10.1180239 209.7550201 0.0000000
v 11.0884876 209.7550201 0.0000000
v 11.0884876 204.5050201 0.0000000
v 10.1180239 204.5050201 0.0000000
v 5.8384881 199.6980591 0.0000000
v 5.8384881 202.9870911 0.0000000
v 5.8427000 203.0855560 0.0000000
v 5.8571630 203.1830139 0.0000000
v 5.8813829 203.2785492 0.0000000
v 5.9152098 203.3711090 0.0000000
v 5.9587722 203.4594879 0.0000000
v 6.0109181 203.5431366 0.0000000
v 6.0708590 203.6213074 0.0000000
v 6.1378298 203.6936035 0.0000000
v 6.2105460 203.7601013 0.0000000
v 6.2888379 203.8199158 0.0000000
v 6.3724442 203.8720856 0.0000000
v 6.4608288 203.9156647 0.0000000
v 6.5533028 203.9497070 0.0000000
v 6.6488409 203.9738617 0.0000000
v 6.7463660 203.9880676 0.0000000
v 6.8448172 203.9923553 0.0000000
v 9.0610619 203.9923553 0.0000000
v 9.1594992 203.9880676 0.0000000
v 9.2570114 203.9738617 0.0000000
v 9.3525362 203.9497223 0.0000000
v 9.4450006 203.9156799 0.0000000
v 9.5333796 203.8721313 0.0000000
v 9.6169596 203.8199463 0.0000000
v 9.6952877 203.7601776 0.0000000
v 9.7679720 203.6936798 0.0000000
v 9.8344736 203.6209869 0.0000000
v 9.8940868 203.5425568 0.0000000
v 9.9465437 203.4591217 0.0000000
v 9.9907017 203.3710632 0.0000000
v 10.0245447 203.2785339 0.0000000
v 10.0486946 203.1829834 0.0000000
v 10.0631990 203.0855560 0.0000000
v 10.0673914 202.9870911 0.0000000
v 10.0673914 200.7043915 0.0000000
v 10.0631056 200.6057434 0.0000000
v 10.0487814 200.5080872 0.0000000
v 10.0246506 200.4123535 0.0000000
v 9.9907980 200.3196106 0.0000000
v 9.9472847 200.2310028 0.0000000
v 9.8952971 200.1470947 0.0000000
v 9.8362770 200.0679474 0.0000000
v 9.7706757 199.9942017 0.0000000
v 9.6977587 199.9276886 0.0000000
v 9.6189394 199.8682098 0.0000000
v 9.5349989 199.8162994 0.0000000
v 9.4461966 199.7731628 0.0000000
v 9.3533363 199.7396393 0.0000000
v 9.2574568 199.7161865 0.0000000
v 9.1596622 199.7025299 0.0000000
v 9.0610619 199.6980591 0.0000000
v 7.4713988 199.6980591 0.0000000
v 7.4713988 203.0377197 0.0000000
v 6.8806820 203.0377197 0.0000000
v 6.8720260 203.0374908 0.0000000
v 6.8634748 203.0363312 0.0000000
v 6.8551021 203.0342865 0.0000000
v 6.8469791 203.0314178 0.0000000
v 6.8391800 203.0277405 0.0000000
v 6.8317761 203.0233154 0.0000000
v 6.8248401 203.0181885 0.0000000
v 6.8184462 203.0124054 0.0000000
v 6.8126602 203.0060120 0.0000000
v 6.8075342 202.9990692 0.0000000
v 6.8031111 202.9916687 0.0000000
v 6.7994370 202.9838715 0.0000000
v 6.7965560 202.9757385 0.0000000
v 6.7945151 202.9673767 0.0000000
v 6.7933578 202.9588165 0.0000000
v 6.7931290 202.9501648 0.0000000
v 6.7931290 199.6980591 0.0000000
v 7.2382770 196.7929993 0.0000000
v 5.8384881 197.9311829 0.0000000
v 5.8384881 198.9659882 0.0000000
v 6.0937619 198.9659882 0.0000000
v 7.9893322 197.4132385 0.0000000
v 9.8121166 198.9659882 0.0000000
v 10.0673914 198.9659882 0.0000000
v 10.0673914 197.9311829 0.0000000
v 8.7256193 196.7929993 0.0000000
v 10.0673914 195.6558685 0.0000000
v 10.0673914 194.6199951 0.0000000
v 9.8121166 194.6199951 0.0000000
v 7.9893322 196.1737976 0.0000000
v 6.0937619 194.6199951 0.0000000
v 5.8384881 194.6199951 0.0000000
v 5.8384881 195.6484833 0.0000000
v 5.8384881 191.2486877 0.0000000
v 5.8384881 192.8457336 0.0000000
v 5.8427038 192.9442596 0.0000000
v 5.8571811 193.0417480 0.0000000
v 5.8814220 193.1373291 0.0000000
v 5.9152789 193.2299194 0.0000000
v 5.9588838 193.3183289 0.0000000
v 6.0110540 193.4020081 0.0000000
v 6.0710850 193.4801636 0.0000000
v 6.1380801 193.5525055 0.0000000
v 6.2104139 193.6194916 0.0000000
v 6.2885690 193.6795349 0.0000000
v 6.3722658 193.7316742 0.0000000
v 6.4606662 193.7752991 0.0000000
v 6.5531750 193.8093719 0.0000000
v 6.6487560 193.8335419 0.0000000
v 6.7463212 193.8477631 0.0000000
v 6.8448172 193.8520660 0.0000000
v 11.3648586 193.8520660 0.0000000
v 11.3648586 192.8963623 0.0000000
v 10.0673914 192.8963623 0.0000000
v 10.0673914 191.2486877 0.0000000
v 9.1116953 191.2486877 0.0000000
v 9.1116953 192.8963623 0.0000000
v 6.8806820 192.8963623 0.0000000
v 6.8720260 192.8961334 0.0000000
v 6.8634748 192.8949890 0.0000000
v 6.8551021 192.8929443 0.0000000
v 6.8469791 192.8900604 0.0000000
v 6.8391800 192.8863831 0.0000000
v 6.8317761 192.8819580 0.0000000
v 6.8248401 192.8768311 0.0000000
v 6.8184462 192.8710480 0.0000000
v 6.8126602 192.8646545 0.0000000
v 6.8075342 192.8577271 0.0000000
v 6.8031111 192.8503113 0.0000000
v 6.7994370 192.8425140 0.0000000
v 6.7965560 192.8343964 0.0000000
v 6.7945151 192.8260193 0.0000000
v 6.7933578 192.8174744 0.0000000
v 6.7931290 192.8088226 0.0000000
v 6.7931290 191.2486877 0.0000000
v 5.8384881 187.3900452 0.0000000
v 5.8384881 189.6727448 0.0000000
v 5.8427911 189.7713776 0.0000000
v 5.8570771 189.8690643 0.0000000
v 5.8812680 189.9647827 0.0000000
v 5.9151049 190.0575256 0.0000000
v 5.9580412 190.1464386 0.0000000
v 6.0096130 190.2306213 0.0000000
v 6.0691309 190.3093872 0.0000000
v 6.1356401 190.3823395 0.0000000
v 6.2082500 190.4492188 0.0000000
v 6.2868209 190.5089722 0.0000000
v 6.3708668 190.5607910 0.0000000
v 6.4596529 190.6039581 0.0000000
v 6.5525179 190.6374817 0.0000000
v 6.6484089 190.6609344 0.0000000
v 6.7462072 190.6745911 0.0000000
v 6.8448172 190.6790619 0.0000000
v 10.0673914 190.6790619 0.0000000
v 10.0673914 189.7233734 0.0000000
v 6.8806820 189.7233734 0.0000000
v 6.8720260 189.7231445 0.0000000
v 6.8634748 189.7219849 0.0000000
v 6.8551021 189.7199402 0.0000000
v 6.8469791 189.7170715 0.0000000
v 6.8391800 189.7133942 0.0000000
v 6.8317761 189.7089691 0.0000000
v 6.8248401 189.7038422 0.0000000
v 6.8184462 189.6980591 0.0000000
v 6.8126602 189.6916656 0.0000000
v 6.8075342 189.6847229 0.0000000
v 6.8031111 189.6773224 0.0000000
v 6.7994370 189.6695251 0.0000000
v 6.7965560 189.6614075 0.0000000
v 6.7945151 189.6530304 0.0000000
v 6.7933578 189.6444702 0.0000000
v 6.7931290 189.6358185 0.0000000
v 6.7931290 187.4269562 0.0000000
v 6.7933578 187.4183044 0.0000000
v 6.7945151 187.4097595 0.0000000
v 6.7965560 187.4013824 0.0000000
v 6.7994370 187.3932495 0.0000000
v 6.8031111 187.3854523 0.0000000
v 6.8075342 187.3780518 0.0000000
v 6.8126602 187.3711243 0.0000000
v 6.8184462 187.3647156 0.0000000
v 6.8248401 187.3589325 0.0000000
v 6.8317761 187.3538055 0.0000000
v 6.8391800 187.3493805 0.0000000
v 6.8469791 187.3457184 0.0000000
v 6.8551021 187.3428345 0.0000000
v 6.8634748 187.3407898 0.0000000
v 6.8720260 187.3396301 0.0000000
v 6.8806820 187.3394012 0.0000000
v 10.0673914 187.3394012 0.0000000
v 10.0673914 186.3837128 0.0000000
v 6.8448172 186.3837128 0.0000000
v 6.7461381 186.3881836 0.0000000
v 6.6482821 186.4018860 0.0000000
v 6.5523200 186.4253540 0.0000000
v 6.4594059 186.4589233 0.0000000
v 6.3706260 186.5022278 0.0000000
v 6.2862401 186.5536652 0.0000000
v 6.2074151 186.6131287 0.0000000
v 6.1348381 186.6801910 0.0000000
v 6.0679808 186.7529144 0.0000000
v 6.0082359 186.8315582 0.0000000
v 5.9563432 186.9156494 0.0000000
v 5.9131780 187.0045013 0.0000000
v 5.8799958 187.0975494 0.0000000
v 5.8564429 187.1935120 0.0000000
v 5.8424988 187.2913055 0.0000000
v 9.0251970 184.6674652 0.0000000
v 5.8384881 184.6674652 0.0000000
v 5.8384881 185.6231689 0.0000000
v 9.0610619 185.6231689 0.0000000
v 9.1594810 185.6188660 0.0000000
v 9.2569714 185.6046753 0.0000000
v 9.3524828 185.5805511 0.0000000
v 9.4449301 185.5465088 0.0000000
v 9.5332680 185.5029449 0.0000000
v 9.6169567 185.4509277 0.0000000
v 9.6949949 185.3908691 0.0000000
v 9.7668695 185.3234863 0.0000000
v 9.8330832 185.2505341 0.0000000
v 9.8922758 185.1718597 0.0000000
v 9.9442921 185.0881500 0.0000000
v 9.9886599 185.0002136 0.0000000
v 10.0232182 184.9079895 0.0000000
v 10.0479908 184.8126068 0.0000000
v 10.0629034 184.7152557 0.0000000
v 10.0673914 184.6168365 0.0000000
v 10.0673914 182.2687378 0.0000000
v 9.1116953 182.2687378 0.0000000
v 9.1116953 184.5799103 0.0000000
v 9.1114960 184.5885468 0.0000000
v 9.1103582 184.5970612 0.0000000
v 9.1083326 184.6053619 0.0000000
v 9.1054707 184.6134186 0.0000000
v 9.1018238 184.6211395 0.0000000
v 9.0974436 184.6284943 0.0000000
v 9.0923796 184.6354218 0.0000000
v 9.0866861 184.6418304 0.0000000
v 9.0804119 184.6476898 0.0000000
v 9.0736179 184.6529236 0.0000000
v 9.0663605 184.6574707 0.0000000
v 9.0586987 184.6612396 0.0000000
v 9.0506926 184.6641998 0.0000000
v 9.0424023 184.6662750 0.0000000
v 9.0338831 184.6673737 0.0000000
v 5.8384881 177.5545959 0.0000000
v 5.8384881 180.8436279 0.0000000
v 5.8427000 180.9420929 0.0000000
v 5.8571630 181.0395660 0.0000000
v 5.8813829 181.1351013 0.0000000
v 5.9152098 181.2276459 0.0000000
v 5.9587722 181.3160248 0.0000000
v 6.0109181 181.3996735 0.0000000
v 6.0708590 181.4778595 0.0000000
v 6.1378298 181.5501404 0.0000000
v 6.2105460 181.6166382 0.0000000
v 6.2888379 181.6764526 0.0000000
v 6.3724442 181.7286224 0.0000000
v 6.4608288 181.7722015 0.0000000
v 6.5533028 181.8062439 0.0000000
v 6.6488409 181.8303986 0.0000000
v 6.7463660 181.8446045 0.0000000
v 6.8448172 181.8489075 0.0000000
v 9.0610619 181.8489075 0.0000000
v 9.1594992 181.8446045 0.0000000
v 9.2570114 181.8304138 0.0000000
v 9.3525362 181.8062592 0.0000000
v 9.4450006 181.7722168 0.0000000
v 9.5333796 181.7286682 0.0000000
v 9.6169596 181.6764984 0.0000000
v 9.6952877 181.6167297 0.0000000
v 9.7679720 181.5502167 0.0000000
v 9.8344736 181.4775238 0.0000000
v 9.8940868 181.3991089 0.0000000
v 9.9465437 181.3156586 0.0000000
v 9.9907017 181.2276001 0.0000000
v 10.0245447 181.1350708 0.0000000
v 10.0486946 181.0395203 0.0000000
v 10.0631990 180.9420929 0.0000000
v 10.0673914 180.8436279 0.0000000
v 10.0673914 178.5609283 0.0000000
v 10.0631056 178.4622955 0.0000000
v 10.0487814 178.3646240 0.0000000
v 10.0246506 178.2688904 0.0000000
v 9.9907980 178.1761475 0.0000000
v 9.9472847 178.0875397 0.0000000
v 9.8952971 178.0036469 0.0000000
v 9.8362770 177.9244843 0.0000000
v 9.7706757 177.8507385 0.0000000
v 9.6977587 177.7842255 0.0000000
v 9.6189394 177.7247467 0.0000000
v 9.5349989 177.6728363 0.0000000
v 9.4461966 177.6296997 0.0000000
v 9.3533363 177.5961914 0.0000000
v 9.2574568 177.5727234 0.0000000
v 9.1596622 177.5590820 0.0000000
v 9.0610619 177.5545959 0.0000000
v 7.4713988 177.5545959 0.0000000
v 7.4713988 180.8942566 0.0000000
v 6.8806820 180.8942566 0.0000000
v 6.8720260 180.8940277 0.0000000
v 6.8634748 180.8928680 0.0000000
v 6.8551021 180.8908386 0.0000000
v 6.8469791 180.8879547 0.0000000
v 6.8391800 180.8842773 0.0000000
v 6.8317761 180.8798523 0.0000000
v 6.8248401 180.8747253 0.0000000
v 6.8184462 180.8689423 0.0000000
v 6.8126602 180.8625488 0.0000000
v 6.8075342 180.8556061 0.0000000
v 6.8031111 180.8482056 0.0000000
v 6.7994370 180.8404083 0.0000000
v 6.7965560 180.8322906 0.0000000
v 6.7945151 180.8239136 0.0000000
v 6.7933578 180.8153687 0.0000000
v 6.7931290 180.8067017 0.0000000
v 6.7931290 177.5545959 0.0000000
v 5.8384881 172.6885681 0.0000000
v 5.8384881 175.9839172 0.0000000
v 5.8426032 176.0826416 0.0000000
v 5.8562670 176.1805115 0.0000000
v 5.8797731 176.2764740 0.0000000
v 5.9131832 176.3694611 0.0000000
v 5.9560509 176.4584808 0.0000000
v 6.0076241 176.5427856 0.0000000
v 6.0675058 176.6213379 0.0000000
v 6.1347580 176.6937256 0.0000000
v 6.2073770 176.7607422 0.0000000
v 6.2861662 176.8202667 0.0000000
v 6.3705759 176.8717041 0.0000000
v 6.4593620 176.9150085 0.0000000
v 6.5522852 176.9485931 0.0000000
v 6.6482592 176.9720764 0.0000000
v 6.7461252 176.9857635 0.0000000
v 6.8448172 176.9902496 0.0000000
v 9.0610619 176.9902496 0.0000000
v 9.1597385 176.9857788 0.0000000
v 9.2575932 176.9720764 0.0000000
v 9.3535528 176.9486084 0.0000000
v 9.4464664 176.9150391 0.0000000
v 9.5352459 176.8717499 0.0000000
v 9.6196280 176.8202972 0.0000000
v 9.6984577 176.7608337 0.0000000
v 9.7710295 176.6937866 0.0000000
v 9.8378010 176.6209717 0.0000000
v 9.8973789 176.5422211 0.0000000
v 9.9493008 176.4581299 0.0000000
v 9.9927464 176.3694305 0.0000000
v 10.0261478 176.2764435 0.0000000
v 10.0495911 176.1804657 0.0000000
v 10.0632973 176.0826263 0.0000000
v 10.0673914 175.9839172 0.0000000
v 10.0673914 173.6432037 0.0000000
v 11.4524117 173.6432037 0.0000000
v 11.4524117 172.6885681 0.0000000
v 7.6317372 168.6991119 0.0000000
v 5.8384881 168.6991119 0.0000000
v 5.8384881 169.6611328 0.0000000
v 11.0811043 169.6611328 0.0000000
v 11.0811043 165.4322357 0.0000000
v 11.0768003 165.3325806 0.0000000
v 11.0623913 165.2339020 0.0000000
v 11.0381556 165.1371307 0.0000000
v 11.0041170 165.0433960 0.0000000
v 10.9602842 164.9538269 0.0000000
v 10.9083738 164.8686371 0.0000000
v 10.8491669 164.7884064 0.0000000
v 10.7827044 164.7140350 0.0000000
v 10.7094688 164.6463165 0.0000000
v 10.6298733 164.5862885 0.0000000
v 10.5451012 164.5336609 0.0000000
v 10.4559927 164.4889221 0.0000000
v 10.3624182 164.4544373 0.0000000
v 10.2657013 164.4299622 0.0000000
v 10.1670561 164.4154053 0.0000000
v 10.0673914 164.4111328 0.0000000
v 8.6528339 164.4111328 0.0000000
v 8.5529852 164.4153748 0.0000000
v 8.4542027 164.4300995 0.0000000
v 8.3572826 164.4544678 0.0000000
v 8.2633247 164.4884186 0.0000000
v 8.1736307 164.5323792 0.0000000
v 8.0883369 164.5844574 0.0000000
v 8.0080566 164.6438904 0.0000000
v 7.9341092 164.7110748 0.0000000
v 7.8676882 164.7856903 0.0000000
v 7.8086128 164.8662872 0.0000000
v 7.7572608 164.9519653 0.0000000
v 7.7144980 165.0422668 0.0000000
v 7.6810331 165.1363983 0.0000000
v 7.6574359 165.2334747 0.0000000
v 7.6436210 165.3324432 0.0000000
v 7.6391211 165.4322357 0.0000000
v 6.8078971 159.0735779 0.0000000
v 5.8384881 159.0735779 0.0000000
v 5.8384881 163.9079742 0.0000000
v 11.0884876 163.9079742 0.0000000
v 11.0884876 159.0735779 0.0000000
v 10.1180239 159.0735779 0.0000000
v 10.1180239 162.9385681 0.0000000
v 8.9513569 162.9385681 0.0000000
v 8.9513569 159.8320160 0.0000000
v 7.9745641 159.8320160 0.0000000
v 7.9745641 162.9385681 0.0000000
v 6.8078971 162.9385681 0.0000000
v 11.0884876 157.4659882 0.0000000
v 5.8384881 157.4659882 0.0000000
v 5.8384881 158.4216919 0.0000000
v 11.0884876 158.4216919 0.0000000
v 7.6317372 153.5767517 0.0000000
v 5.8384881 153.5767517 0.0000000
v 5.8384881 154.5387726 0.0000000
v 11.0811043 154.5387726 0.0000000
v 11.0811043 150.3098755 0.0000000
v 11.0768003 150.2102203 0.0000000
v 11.0623913 150.1115417 0.0000000
v 11.0381556 150.0147705 0.0000000
v 11.0041170 149.9210205 0.0000000
v 10.9602842 149.8314514 0.0000000
v 10.9083738 149.7462616 0.0000000
v 10.8491669 149.6660309 0.0000000
v 10.7827044 149.5916748 0.0000000
v 10.7094688 149.5239563 0.0000000
v 10.6298733 149.4639282 0.0000000
v 10.5451012 149.4113007 0.0000000
v 10.4559927 149.3665466 0.0000000
v 10.3624182 149.3320618 0.0000000
v 10.2657013 149.3076019 0.0000000
v 10.1670561 149.2930450 0.0000000
v 10.0673914 149.2887726 0.0000000
v 8.6528339 149.2887726 0.0000000
v 8.5529852 149.2930145 0.0000000
v 8.4542027 149.3077240 0.0000000
v 8.3572826 149.3321075 0.0000000
v 8.2633247 149.3660431 0.0000000
v 8.1736307 149.4100189 0.0000000
v 8.0883369 149.4620819 0.0000000
v 8.0080566 149.5215302 0.0000000
v 7.9341092 149.5887146 0.0000000
v 7.8676882 149.6633301 0.0000000
v 7.8086128 149.7439117 0.0000000
v 7.7572608 149.8296051 0.0000000
v 7.7144980 149.9199066 0.0000000
v 7.6810331 150.0140381 0.0000000
v 7.6574359 150.1111145 0.0000000
v 7.6436210 150.2100830 0.0000000
v 7.6391211 150.3098755 0.0000000
v 5.8384881 146.9702148 0.0000000
v 5.8384881 147.8235779 0.0000000
v 5.8427038 147.9221039 0.0000000
v 5.8571811 148.0196075 0.0000000
v 5.8814220 148.1151886 0.0000000
v 5.9152789 148.2077637 0.0000000
v 5.9588838 148.2961731 0.0000000
v 6.0110540 148.3798676 0.0000000
v 6.0710850 148.4580231 0.0000000
v 6.1380801 148.5303497 0.0000000
v 6.2104139 148.5973358 0.0000000
v 6.2885690 148.6573792 0.0000000
v 6.3722658 148.7095184 0.0000000
v 6.4606662 148.7531433 0.0000000
v 6.5531750 148.7872314 0.0000000
v 6.6487560 148.8114014 0.0000000
v 6.7463212 148.8256073 0.0000000
v 6.8448172 148.8299103 0.0000000
v 11.4597960 148.8299103 0.0000000
v 11.4597960 147.8668365 0.0000000
v 6.8806820 147.8668365 0.0000000
v 6.8720260 147.8666077 0.0000000
v 6.8634748 147.8654480 0.0000000
v 6.8551021 147.8634033 0.0000000
v 6.8469791 147.8605194 0.0000000
v 6.8391800 147.8568573 0.0000000
v 6.8317761 147.8524323 0.0000000
v 6.8248401 147.8473053 0.0000000
v 6.8184462 147.8415222 0.0000000
v 6.8126602 147.8351288 0.0000000
v 6.8075342 147.8281860 0.0000000
v 6.8031111 147.8207855 0.0000000
v 6.7994370 147.8129883 0.0000000
v 6.7965560 147.8048553 0.0000000
v 6.7945151 147.7964935 0.0000000
v 6.7933578 147.7879333 0.0000000
v 6.7931290 147.7792816 0.0000000
v 6.7931290 146.9702148 0.0000000
v 5.8384881 142.1716919 0.0000000
v 5.8384881 145.4607086 0.0000000
v 5.8427911 145.5593567 0.0000000
v 5.8570771 145.6570435 0.0000000
v 5.8812680 145.7527618 0.0000000
v 5.9151049 145.8455048 0.0000000
v 5.9580412 145.9344177 0.0000000
v 6.0096130 146.0186005 0.0000000
v 6.0691309 146.0973511 0.0000000
v 6.1356401 146.1703033 0.0000000
v 6.2082500 146.2371979 0.0000000
v 6.2868209 146.2969513 0.0000000
v 6.3708668 146.3487701 0.0000000
v 6.4596529 146.3919220 0.0000000
v 6.5525179 146.4254456 0.0000000
v 6.6484089 146.4488983 0.0000000
v 6.7462072 146.4625702 0.0000000
v 6.8448172 146.4670410 0.0000000
v 8.4344788 146.4670410 0.0000000
v 8.4344788 143.1273804 0.0000000
v 9.0251970 143.1273804 0.0000000
v 9.0338831 143.1274719 0.0000000
v 9.0424023 143.1285706 0.0000000
v 9.0506926 143.1306458 0.0000000
v 9.0586987 143.1336060 0.0000000
v 9.0663605 143.1373901 0.0000000
v 9.0736179 143.1419220 0.0000000
v 9.0804119 143.1471558 0.0000000
v 9.0866861 143.1530151 0.0000000
v 9.0923796 143.1594238 0.0000000
v 9.0974436 143.1663513 0.0000000
v 9.1018238 143.1737061 0.0000000
v 9.1054707 143.1814270 0.0000000
v 9.1083326 143.1894836 0.0000000
v 9.1103582 143.1977844 0.0000000
v 9.1114960 143.2062988 0.0000000
v 9.1116953 143.2149353 0.0000000
v 9.1116953 146.4670410 0.0000000
v 10.0673914 146.4670410 0.0000000
v 10.0673914 143.1780090 0.0000000
v 10.0631056 143.0793762 -0.0000000
v 10.0487814 142.9817047 -0.0000000
v 10.0246506 142.8859711 -0.0000000
v 9.9907980 142.7932434 -0.0000000
v 9.9472847 142.7046356 -0.0000000
v 9.8952971 142.6207275 -0.0000000
v 9.8362770 142.5415802 -0.0000000
v 9.7706757 142.4678192 -0.0000000
v 9.6977587 142.4013214 -0.0000000
v 9.6189394 142.3418427 -0.0000000
v 9.5349989 142.2899170 -0.0000000
v 9.4461966 142.2467957 -0.0000000
v 9.3533363 142.2132721 -0.0000000
v 9.2574568 142.1898193 -0.0000000
v 9.1596622 142.1761627 -0.0000000
v 9.0610619 142.1716919 -0.0000000
v 5.8384881 138.7929993 0.0000000
v 5.8384881 140.3900452 0.0000000
v 5.8427038 140.4885559 0.0000000
v 5.8571811 140.5860596 0.0000000
v 5.8814220 140.6816406 0.0000000
v 5.9152789 140.7742310 0.0000000
v 5.9588838 140.8626251 0.0000000
v 6.0110540 140.9463196 0.0000000
v 6.0710850 141.0244751 0.0000000
v 6.1380801 141.0968018 0.0000000
v 6.2104139 141.1637878 0.0000000
v 6.2885690 141.2238312 0.0000000
v 6.3722658 141.2759705 0.0000000
v 6.4606662 141.3195953 0.0000000
v 6.5531750 141.3536835 0.0000000
v 6.6487560 141.3778534 0.0000000
v 6.7463212 141.3920593 0.0000000
v 6.8448172 141.3963623 0.0000000
v 11.3648586 141.3963623 0.0000000
v 11.3648586 140.4406738 0.0000000
v 10.0673914 140.4406738 0.0000000
v 10.0673914 138.7929993 0.0000000
v 9.1116953 138.7929993 0.0000000
v 9.1116953 140.4406738 0.0000000
v 6.8806820 140.4406738 0.0000000
v 6.8720260 140.4404449 0.0000000
v 6.8634748 140.4392853 0.0000000
v 6.8551021 140.4372406 0.0000000
v 6.8469791 140.4343719 0.0000000
v 6.8391800 140.4306946 0.0000000
v 6.8317761 140.4262695 0.0000000
v 6.8248401 140.4211426 0.0000000
v 6.8184462 140.4153595 0.0000000
v 6.8126602 140.4089661 0.0000000
v 6.8075342 140.4020233 0.0000000
v 6.8031111 140.3946228 0.0000000
v 6.7994370 140.3868256 0.0000000
v 6.7965560 140.3786926 0.0000000
v 6.7945151 140.3703308 0.0000000
v 6.7933578 140.3617706 0.0000000
v 6.7931290 140.3531189 0.0000000
v 6.7931290 138.7929993 0.0000000
v 75.7419662 0.7641230 0.0000000
v 222.7969971 0.7641230 0.0000000
v 222.7969971 0.2641230 0.0000000
v 75.7419662 0.2641230 0.0000000
v 150.6629333 257.9254761 0.0000000
v 150.6629333 259.9254761 0.0000000
v 150.8365784 259.9102783 0.0000000
v 151.0049438 259.8651733 0.0000000
v 151.1629333 259.7915039 0.0000000
v 151.3057098 259.6915283 0.0000000
v 151.4289703 259.5682678 0.0000000
v 151.5289612 259.4254761 0.0000000
v 151.6026154 259.2675171 0.0000000
v 151.6477356 259.0991211 0.0000000
v 151.6629333 258.9254761 0.0000000
v 151.6477356 258.7518311 0.0000000
v 151.6026154 258.5834656 0.0000000
v 151.5289612 258.4254761 0.0000000
v 151.4289703 258.2826843 0.0000000
v 151.3057098 258.1594543 0.0000000
v 151.1629333 258.0594482 0.0000000
v 151.0049438 257.9857788 0.0000000
v 150.8365784 257.9406738 0.0000000
v 224.9831085 -6.0033579 0.0000000
v 224.9831085 -1.0033580 0.0000000
v 224.9982910 -0.8297090 0.0000000
v 225.0434113 -0.6613370 0.0000000
v 225.1170807 -0.5033580 0.0000000
v 225.2170563 -0.3605700 0.0000000
v 225.3403168 -0.2373130 0.0000000
v 225.4831085 -0.1373320 0.0000000
v 225.6410828 -0.0636650 0.0000000
v 225.8094482 -0.0185500 0.0000000
v 225.9831085 -0.0033580 0.0000000
v 231.9100494 -0.0033580 0.0000000
v 232.0664825 -0.0156690 0.0000000
v 232.2190704 -0.0523010 0.0000000
v 232.3640442 -0.1123510 0.0000000
v 232.4978333 -0.1943400 0.0000000
v 232.6171570 -0.2962500 0.0000000
v 238.4263153 -6.1765852 0.0000000
v 238.4796448 -6.2404270 0.0000000
v 238.5216675 -6.3122301 0.0000000
v 238.5511932 -6.3900051 0.0000000
v 238.5674286 -6.4716001 0.0000000
v 238.5699005 -6.5547552 0.0000000
v 238.5585480 -6.6371698 0.0000000
v 238.5336761 -6.7165608 0.0000000
v 238.4960022 -6.7907319 0.0000000
v 238.4465485 -6.8576288 0.0000000
v 238.3866882 -6.9154000 0.0000000
v 238.3180695 -6.9624462 0.0000000
v 238.2426147 -6.9974642 0.0000000
v 238.1623840 -7.0194840 0.0000000
v 238.0796204 -7.0278978 0.0000000
v 237.9966125 -7.0224729 0.0000000
v 237.9156342 -7.0033579 0.0000000
v 225.9831085 -7.0033579 0.0000000
v 225.8094482 -6.9881649 0.0000000
v 225.6410828 -6.9430499 0.0000000
v 225.4831085 -6.8693829 0.0000000
v 225.3403168 -6.7694020 0.0000000
v 225.2170563 -6.6461449 0.0000000
v 225.1170807 -6.5033579 0.0000000
v 225.0434113 -6.3453779 0.0000000
v 224.9982910 -6.1770058 0.0000000
v 249.0000000 -0.0033580 0.0000000
v 249.1736450 -0.0185500 0.0000000
v 249.3420258 -0.0636650 0.0000000
v 249.5000000 -0.1373320 0.0000000
v 249.6427917 -0.2373130 0.0000000
v 249.7660370 -0.3605700 0.0000000
v 249.8660278 -0.5033580 0.0000000
v 249.9396973 -0.6613370 0.0000000
v 249.9848022 -0.8297090 0.0000000
v 250.0000000 -1.0033580 0.0000000
v 250.0000000 -6.0093699 0.0000000
v 249.9859161 -6.1766310 0.0000000
v 249.9440460 -6.3391790 0.0000000
v 249.8755798 -6.4924350 0.0000000
v 249.7824554 -6.6320810 0.0000000
v 249.6672668 -6.7541819 0.0000000
v 249.5332947 -6.8552990 0.0000000
v 249.3842926 -6.9325809 0.0000000
v 249.2244568 -6.9838529 0.0000000
v 249.0583038 -7.0076690 0.0000000
v 248.8905029 -7.0033579 0.0000000
v 243.1948242 -7.0033579 0.0000000
v 243.0259094 -6.9889889 0.0000000
v 242.8618622 -6.9462962 0.0000000
v 242.7073669 -6.8765049 0.0000000
v 242.5668945 -6.7816219 0.0000000
v 6.7931290 143.1273804 0.0000000
v 6.7931290 145.4237976 0.0000000
v 6.7933578 145.4324493 0.0000000
v 6.7945151 145.4409943 0.0000000
v 6.7965560 145.4493713 0.0000000
v 6.7994370 145.4575043 0.0000000
v 6.8031111 145.4653015 0.0000000
v 6.8075342 145.4727020 0.0000000
v 6.8126602 145.4796295 0.0000000
v 6.8184462 145.4860382 0.0000000
v 6.8248401 145.4918213 0.0000000
v 6.8317761 145.4969482 0.0000000
v 6.8391800 145.5013733 0.0000000
v 6.8469791 145.5050354 0.0000000
v 6.8551021 145.5079193 0.0000000
v 6.8634748 145.5099640 0.0000000
v 6.8720260 145.5111237 0.0000000
v 6.8806820 145.5113525 0.0000000
v 7.5737200 145.5113525 0.0000000
v 7.5737200 143.1273804 0.0000000
v 8.6095848 150.3531189 0.0000000
v 8.6095848 153.4891968 0.0000000
v 8.6107922 153.5056152 0.0000000
v 8.6145391 153.5219574 0.0000000
v 8.6174212 153.5298462 0.0000000
v 8.6210060 153.5373840 0.0000000
v 8.6253147 153.5445099 0.0000000
v 8.6303711 153.5510712 0.0000000
v 8.6361790 153.5570068 0.0000000
v 8.6426582 153.5622559 0.0000000
v 8.6497040 153.5667572 0.0000000
v 8.6572113 153.5704956 0.0000000
v 8.6650753 153.5733948 0.0000000
v 8.6731901 153.5754395 0.0000000
v 8.6814508 153.5765686 0.0000000
v 8.6897535 153.5767517 0.0000000
v 10.0304708 153.5767517 0.0000000
v 10.0391273 153.5765228 0.0000000
v 10.0476780 153.5753632 0.0000000
v 10.0560513 153.5733185 0.0000000
v 10.0641727 153.5704346 0.0000000
v 10.0719728 153.5667725 0.0000000
v 10.0793772 153.5623474 0.0000000
v 10.0863132 153.5572205 0.0000000
v 10.0927067 153.5514374 0.0000000
v 10.0984926 153.5450439 0.0000000
v 10.1036186 153.5381012 0.0000000
v 10.1080418 153.5307007 0.0000000
v 10.1117163 153.5229034 0.0000000
v 10.1145973 153.5147705 0.0000000
v 10.1166382 153.5064087 0.0000000
v 10.1177950 153.4978485 0.0000000
v 10.1180239 153.4891968 0.0000000
v 10.1180239 150.3531189 0.0000000
v 10.1176672 150.3441772 -0.0000000
v 10.1164036 150.3354034 -0.0000000
v 10.1142855 150.3268433 -0.0000000
v 10.1113596 150.3185272 -0.0000000
v 10.1076794 150.3105164 -0.0000000
v 10.1032944 150.3028259 -0.0000000
v 10.0926113 150.2886658 -0.0000000
v 10.0796938 150.2764435 -0.0000000
v 10.0724936 150.2713013 -0.0000000
v 10.0648451 150.2669220 -0.0000000
v 10.0567827 150.2634277 -0.0000000
v 10.0483437 150.2609253 -0.0000000
v 10.0395613 150.2594910 -0.0000000
v 10.0304708 150.2592316 -0.0000000
v 8.6897535 150.2592316 0.0000000
v 8.6809807 150.2594452 0.0000000
v 8.6724730 150.2608643 0.0000000
v 8.6642933 150.2633820 0.0000000
v 8.6565027 150.2669067 0.0000000
v 8.6491652 150.2713470 0.0000000
v 8.6423407 150.2765656 0.0000000
v 8.6360931 150.2825012 0.0000000
v 8.6304836 150.2890320 0.0000000
v 8.6255608 150.2960510 0.0000000
v 8.6213226 150.3034973 0.0000000
v 8.6148520 150.3193817 0.0000000
v 8.6109734 150.3361206 0.0000000
v 8.6095848 165.4754791 0.0000000
v 8.6095848 168.6115570 0.0000000
v 8.6107922 168.6279755 0.0000000
v 8.6145391 168.6443176 0.0000000
v 8.6174212 168.6522064 0.0000000
v 8.6210060 168.6597595 0.0000000
v 8.6253147 168.6668701 0.0000000
v 8.6303711 168.6734314 0.0000000
v 8.6361790 168.6793671 0.0000000
v 8.6426582 168.6846161 0.0000000
v 8.6497040 168.6891174 0.0000000
v 8.6572113 168.6928558 0.0000000
v 8.6650753 168.6957550 0.0000000
v 8.6731901 168.6977997 0.0000000
v 8.6814508 168.6989288 0.0000000
v 8.6897535 168.6991119 0.0000000
v 10.0304708 168.6991119 0.0000000
v 10.0391273 168.6988831 0.0000000
v 10.0476780 168.6977234 0.0000000
v 10.0560513 168.6956787 0.0000000
v 10.0641727 168.6928101 0.0000000
v 10.0719728 168.6891327 0.0000000
v 10.0793772 168.6847076 0.0000000
v 10.0863132 168.6795807 0.0000000
v 10.0927067 168.6737976 0.0000000
v 10.0984926 168.6674042 0.0000000
v 10.1036186 168.6604614 0.0000000
v 10.1080418 168.6530609 0.0000000
v 10.1117163 168.6452637 0.0000000
v 10.1145973 168.6371307 0.0000000
v 10.1166382 168.6287689 0.0000000
v 10.1177950 168.6202087 0.0000000
v 10.1180239 168.6115570 0.0000000
v 10.1180239 165.4754791 0.0000000
v 10.1176672 165.4665375 0.0000000
v 10.1164036 165.4577637 0.0000000
v 10.1142855 165.4492035 0.0000000
v 10.1113596 165.4408875 0.0000000
v 10.1076794 165.4328766 0.0000000
v 10.1032944 165.4252014 0.0000000
v 10.0926113 165.4110260 0.0000000
v 10.0796938 165.3988190 0.0000000
v 10.0724936 165.3936615 0.0000000
v 10.0648451 165.3892975 0.0000000
v 10.0567827 165.3858032 0.0000000
v 10.0483437 165.3832855 0.0000000
v 10.0395613 165.3818512 0.0000000
v 10.0304708 165.3816071 0.0000000
v 8.6897535 165.3816071 0.0000000
v 8.6809807 165.3818054 0.0000000
v 8.6724730 165.3832245 0.0000000
v 8.6642933 165.3857422 0.0000000
v 8.6565027 165.3892670 0.0000000
v 8.6491652 165.3937073 0.0000000
v 8.6423407 165.3989410 0.0000000
v 8.6360931 165.4048615 0.0000000
v 8.6304836 165.4113922 0.0000000
v 8.6255608 165.4184113 0.0000000
v 8.6213226 165.4258575 0.0000000
v 8.6148520 165.4417419 0.0000000
v 8.6109734 165.4584808 0.0000000
v 6.7931290 173.7307587 0.0000000
v 6.7931290 175.9406738 0.0000000
v 6.7933578 175.9493256 0.0000000
v 6.7945151 175.9578857 0.0000000
v 6.7965560 175.9662476 0.0000000
v 6.7994370 175.9743805 0.0000000
v 6.8031111 175.9821777 0.0000000
v 6.8075342 175.9895782 0.0000000
v 6.8126602 175.9965210 0.0000000
v 6.8184462 176.0029144 0.0000000
v 6.8248401 176.0086975 0.0000000
v 6.8317761 176.0138245 0.0000000
v 6.8391800 176.0182495 0.0000000
v 6.8469791 176.0219116 0.0000000
v 6.8551021 176.0247955 0.0000000
v 6.8634748 176.0268402 0.0000000
v 6.8720260 176.0279999 0.0000000
v 6.8806820 176.0282288 0.0000000
v 9.0251970 176.0282288 0.0000000
v 9.0338831 176.0281372 0.0000000
v 9.0424023 176.0270233 0.0000000
v 9.0506926 176.0249634 0.0000000
v 9.0586987 176.0220032 0.0000000
v 9.0663605 176.0182190 0.0000000
v 9.0736179 176.0136871 0.0000000
v 9.0804119 176.0084534 0.0000000
v 9.0866861 176.0025940 0.0000000
v 9.0923796 175.9961700 0.0000000
v 9.0974436 175.9892578 0.0000000
v 9.1018238 175.9819031 0.0000000
v 9.1054707 175.9741669 0.0000000
v 9.1083326 175.9661255 0.0000000
v 9.1103582 175.9578094 0.0000000
v 9.1114960 175.9493103 0.0000000
v 9.1116953 175.9406738 0.0000000
v 9.1116953 173.7307587 0.0000000
v 9.1116896 173.7219696 0.0000000
v 9.1105967 173.7134552 0.0000000
v 9.1085062 173.7052155 0.0000000
v 9.1055031 173.6973114 0.0000000
v 9.1016788 173.6897430 0.0000000
v 9.0971222 173.6825409 0.0000000
v 9.0861616 173.6693573 0.0000000
v 9.0732441 173.6580658 0.0000000
v 9.0661421 173.6533508 0.0000000
v 9.0586452 173.6493835 0.0000000
v 9.0507774 173.6463013 0.0000000
v 9.0425634 173.6441650 0.0000000
v 9.0340281 173.6430969 0.0000000
v 9.0251970 173.6432037 0.0000000
v 6.8806820 173.6432037 0.0000000
v 6.8718882 173.6432495 0.0000000
v 6.8633232 173.6443634 0.0000000
v 6.8550282 173.6464691 0.0000000
v 6.8470421 173.6494751 0.0000000
v 6.8394032 173.6533356 0.0000000
v 6.8321519 173.6579285 0.0000000
v 6.8189688 173.6690521 0.0000000
v 6.8078561 173.6822357 0.0000000
v 6.8032579 173.6894836 0.0000000
v 6.7994070 173.6971130 0.0000000
v 6.7963872 173.7050934 0.0000000
v 6.7942791 173.7133942 0.0000000
v 6.7931662 173.7219543 0.0000000
v 8.3321590 178.5102997 0.0000000
v 8.3321590 180.8942566 0.0000000
v 9.0251970 180.8942566 0.0000000
v 9.0338831 180.8941803 0.0000000
v 9.0424023 180.8930664 0.0000000
v 9.0506926 180.8909912 0.0000000
v 9.0586987 180.8880463 0.0000000
v 9.0663605 180.8842621 0.0000000
v 9.0736179 180.8797150 0.0000000
v 9.0804119 180.8744812 0.0000000
v 9.0866861 180.8686218 0.0000000
v 9.0923796 180.8622131 0.0000000
v 9.0974436 180.8553009 0.0000000
v 9.1018238 180.8479462 0.0000000
v 9.1054707 180.8402100 0.0000000
v 9.1083326 180.8321533 0.0000000
v 9.1103582 180.8238525 0.0000000
v 9.1114960 180.8153534 0.0000000
v 9.1116953 180.8067017 0.0000000
v 9.1116953 178.5978394 0.0000000
v 9.1114960 178.5892029 0.0000000
v 9.1103582 178.5807037 0.0000000
v 9.1083326 178.5723877 0.0000000
v 9.1054707 178.5643463 0.0000000
v 9.1018238 178.5566101 0.0000000
v 9.0974436 178.5492554 0.0000000
v 9.0923796 178.5423431 0.0000000
v 9.0866861 178.5359192 0.0000000
v 9.0804119 178.5300598 0.0000000
v 9.0736179 178.5248413 0.0000000
v 9.0663605 178.5202942 0.0000000
v 9.0586987 178.5165100 0.0000000
v 9.0506926 178.5135498 0.0000000
v 9.0424023 178.5114899 0.0000000
v 9.0338831 178.5103760 0.0000000
v 9.0251970 178.5102997 0.0000000
v 8.3321590 200.6537476 0.0000000
v 8.3321590 203.0377197 0.0000000
v 9.0251970 203.0377197 0.0000000
v 9.0338831 203.0376282 0.0000000
v 9.0424023 203.0365295 0.0000000
v 9.0506926 203.0344543 0.0000000
v 9.0586987 203.0314941 0.0000000
v 9.0663605 203.0277100 0.0000000
v 9.0736179 203.0231781 0.0000000
v 9.0804119 203.0179443 0.0000000
v 9.0866861 203.0120850 0.0000000
v 9.0923796 203.0056763 0.0000000
v 9.0974436 202.9987488 0.0000000
v 9.1018238 202.9913940 0.0000000
v 9.1054707 202.9836731 0.0000000
v 9.1083326 202.9756165 0.0000000
v 9.1103582 202.9673157 0.0000000
v 9.1114960 202.9588013 0.0000000
v 9.1116953 202.9501648 0.0000000
v 9.1116953 200.7413025 0.0000000
v 9.1114960 200.7326660 0.0000000
v 9.1103582 200.7241669 0.0000000
v 9.1083326 200.7158508 0.0000000
v 9.1054707 200.7078094 0.0000000
v 9.1018238 200.7000732 0.0000000
v 9.0974436 200.6927185 0.0000000
v 9.0923796 200.6858063 0.0000000
v 9.0866861 200.6793823 0.0000000
v 9.0804119 200.6735229 0.0000000
v 9.0736179 200.6682892 0.0000000
v 9.0663605 200.6637573 0.0000000
v 9.0586987 200.6599731 0.0000000
v 9.0506926 200.6570129 0.0000000
v 9.0424023 200.6549530 0.0000000
v 9.0338831 200.6538391 0.0000000
v 9.0251970 200.6537476 0.0000000
v 6.7931290 218.4069214 0.0000000
v 6.7931290 220.6157837 0.0000000
v 6.7933578 220.6244354 0.0000000
v 6.7945151 220.6329803 0.0000000
v 6.7965560 220.6413574 0.0000000
v 6.7994370 220.6494751 0.0000000
v 6.8031111 220.6572876 0.0000000
v 6.8075342 220.6646881 0.0000000
v 6.8126602 220.6716156 0.0000000
v 6.8184462 220.6780090 0.0000000
v 6.8248401 220.6838074 0.0000000
v 6.8317761 220.6889191 0.0000000
v 6.8391800 220.6933441 0.0000000
v 6.8469791 220.6970215 0.0000000
v 6.8551021 220.6999054 0.0000000
v 6.8634748 220.7019501 0.0000000
v 6.8720260 220.7030945 0.0000000
v 6.8806820 220.7033386 0.0000000
v 9.0251970 220.7033386 0.0000000
v 9.0338831 220.7032471 0.0000000
v 9.0424023 220.7021332 0.0000000
v 9.0506926 220.7000732 0.0000000
v 9.0586987 220.6971130 0.0000000
v 9.0663605 220.6933289 0.0000000
v 9.0736179 220.6887817 0.0000000
v 9.0804119 220.6835632 0.0000000
v 9.0866861 220.6777039 0.0000000
v 9.0923796 220.6712799 0.0000000
v 9.0974436 220.6643677 0.0000000
v 9.1018238 220.6570129 0.0000000
v 9.1054707 220.6492767 0.0000000
v 9.1083326 220.6412354 0.0000000
v 9.1103582 220.6329193 0.0000000
v 9.1114960 220.6244202 0.0000000
v 9.1116953 220.6157837 0.0000000
v 9.1116953 218.4069214 0.0000000
v 9.1114960 218.3982849 0.0000000
v 9.1103582 218.3897705 0.0000000
v 9.1083326 218.3814697 0.0000000
v 9.1054707 218.3734131 0.0000000
v 9.1018238 218.3656769 0.0000000
v 9.0974436 218.3583221 0.0000000
v 9.0923796 218.3514099 0.0000000
v 9.0866861 218.3450012 0.0000000
v 9.0804119 218.3391418 0.0000000
v 9.0736179 218.3339081 0.0000000
v 9.0663605 218.3293610 0.0000000
v 9.0586987 218.3255768 0.0000000
v 9.0506926 218.3226318 0.0000000
v 9.0424023 218.3205566 0.0000000
v 9.0338831 218.3194427 0.0000000
v 9.0251970 218.3193665 0.0000000
v 6.8806820 218.3193665 0.0000000
v 6.8720260 218.3195953 0.0000000
v 6.8634748 218.3207550 0.0000000
v 6.8551021 218.3227844 0.0000000
v 6.8469791 218.3256683 0.0000000
v 6.8391800 218.3293457 0.0000000
v 6.8317761 218.3337708 0.0000000
v 6.8248401 218.3388977 0.0000000
v 6.8184462 218.3446808 0.0000000
v 6.8126602 218.3510742 0.0000000
v 6.8075342 218.3580170 0.0000000
v 6.8031111 218.3654175 0.0000000
v 6.7994370 218.3732147 0.0000000
v 6.7965560 218.3813324 0.0000000
v 6.7945151 218.3897095 0.0000000
v 6.7933578 218.3982544 0.0000000
v 6.7931290 230.5535431 0.0000000
v 6.7931290 232.8499603 0.0000000
v 6.7933578 232.8586121 0.0000000
v 6.7945151 232.8671570 0.0000000
v 6.7965560 232.8755341 0.0000000
v 6.7994370 232.8836517 0.0000000
v 6.8031111 232.8914642 0.0000000
v 6.8075342 232.8988647 0.0000000
v 6.8126602 232.9057922 0.0000000
v 6.8184462 232.9121857 0.0000000
v 6.8248401 232.9179840 0.0000000
v 6.8317761 232.9230957 0.0000000
v 6.8391800 232.9275208 0.0000000
v 6.8469791 232.9311981 0.0000000
v 6.8551021 232.9340820 0.0000000
v 6.8634748 232.9361267 0.0000000
v 6.8720260 232.9372864 0.0000000
v 6.8806820 232.9375153 0.0000000
v 7.5737200 232.9375153 0.0000000
v 7.5737200 230.5535431 0.0000000
v 6.8078971 235.7328644 0.0000000
v 6.8078971 238.8678894 0.0000000
v 6.8081260 238.8765411 0.0000000
v 6.8092828 238.8851013 0.0000000
v 6.8113241 238.8934631 0.0000000
v 6.8142042 238.9015961 0.0000000
v 6.8178792 238.9093933 0.0000000
v 6.8223009 238.9167938 0.0000000
v 6.8274279 238.9237366 0.0000000
v 6.8332138 238.9301300 0.0000000
v 6.8396082 238.9359131 0.0000000
v 6.8465438 238.9410400 0.0000000
v 6.8539481 238.9454651 0.0000000
v 6.8617468 238.9491272 0.0000000
v 6.8698702 238.9520111 0.0000000
v 6.8782430 238.9540558 0.0000000
v 6.8867941 238.9552155 0.0000000
v 6.8954501 238.9554443 0.0000000
v 7.9386988 238.9554443 0.0000000
v 7.9474978 238.9553986 0.0000000
v 7.9560628 238.9542847 0.0000000
v 7.9643559 238.9521790 0.0000000
v 7.9723392 238.9491577 0.0000000
v 7.9799738 238.9453125 0.0000000
v 7.9872222 238.9407196 0.0000000
v 8.0004072 238.9295959 0.0000000
v 8.0115252 238.9164124 0.0000000
v 8.0161238 238.9091644 0.0000000
v 8.0199728 238.9015350 0.0000000
v 8.0229931 238.8935394 0.0000000
v 8.0250998 238.8852386 0.0000000
v 8.0262127 238.8766785 0.0000000
v 8.0262518 238.8678894 0.0000000
v 8.0262518 235.7328644 0.0000000
v 8.0261917 235.7237091 0.0000000
v 8.0250530 235.7148438 0.0000000
v 8.0229263 235.7062683 0.0000000
v 8.0198994 235.6979980 0.0000000
v 8.0160637 235.6900635 0.0000000
v 8.0115099 235.6824493 0.0000000
v 8.0006046 235.6682739 0.0000000
v 7.9878020 235.6557312 0.0000000
v 7.9807391 235.6503296 0.0000000
v 7.9732299 235.6457214 0.0000000
v 7.9652739 235.6420441 0.0000000
v 7.9568691 235.6394196 0.0000000
v 7.9480109 235.6380005 0.0000000
v 7.9386988 235.6379242 0.0000000
v 6.8954501 235.6379242 0.0000000
v 6.8862939 235.6381836 0.0000000
v 6.8774509 235.6396484 0.0000000
v 6.8689551 235.6421967 0.0000000
v 6.8608451 235.6457367 0.0000000
v 6.8531542 235.6501770 0.0000000
v 6.8459191 235.6553802 0.0000000
v 6.8329620 235.6677551 0.0000000
v 6.8222828 235.6820831 0.0000000
v 6.8179178 235.6898346 0.0000000
v 6.8142719 235.6979370 0.0000000
v 6.8113952 235.7063446 0.0000000
v 6.8093400 235.7149811 0.0000000
v 6.8081570 235.7238464 0.0000000
v 8.9956608 235.9364471 0.0000000
v 8.9956608 238.8678894 0.0000000
v 8.9958887 238.8765411 0.0000000
v 8.9970474 238.8851013 0.0000000
v 8.9990883 238.8934631 0.0000000
v 9.0019684 238.9015961 0.0000000
v 9.0056419 238.9093933 0.0000000
v 9.0100651 238.9167938 0.0000000
v 9.0151920 238.9237366 0.0000000
v 9.0209770 238.9301300 0.0000000
v 9.0273724 238.9359131 0.0000000
v 9.0343065 238.9410400 0.0000000
v 9.0417109 238.9454651 0.0000000
v 9.0495110 238.9491272 0.0000000
v 9.0576344 238.9520111 0.0000000
v 9.0660067 238.9540558 0.0000000
v 9.0745583 238.9552155 0.0000000
v 9.0832138 238.9554443 0.0000000
v 10.0304708 238.9554443 0.0000000
v 10.0391273 238.9552155 0.0000000
v 10.0476780 238.9540558 0.0000000
v 10.0560513 238.9520111 0.0000000
v 10.0641727 238.9491272 0.0000000
v 10.0719728 238.9454651 0.0000000
v 10.0793772 238.9410400 0.0000000
v 10.0863132 238.9359131 0.0000000
v 10.0927067 238.9301300 0.0000000
v 10.0984926 238.9237366 0.0000000
v 10.1036186 238.9167938 0.0000000
v 10.1080418 238.9093933 0.0000000
v 10.1117163 238.9015961 0.0000000
v 10.1145973 238.8934631 0.0000000
v 10.1166382 238.8851013 0.0000000
v 10.1177950 238.8765411 0.0000000
v 10.1180239 238.8678894 0.0000000
v 10.1180239 235.9364471 0.0000000
v 10.1180401 235.9279938 -0.0000000
v 10.1169538 235.9197083 -0.0000000
v 10.1148481 235.9116821 -0.0000000
v 10.1118011 235.9039764 -0.0000000
v 10.1078949 235.8966675 -0.0000000
v 10.1032114 235.8897858 -0.0000000
v 10.0978298 235.8834381 -0.0000000
v 10.0918322 235.8776703 -0.0000000
v 10.0852947 235.8725281 -0.0000000
v 10.0782928 235.8680573 -0.0000000
v 10.0708952 235.8642731 -0.0000000
v 10.0631742 235.8611908 -0.0000000
v 10.0551996 235.8588257 -0.0000000
v 10.0470438 235.8572083 -0.0000000
v 10.0387774 235.8563538 -0.0000000
v 10.0304708 235.8562775 -0.0000000
v 9.0832138 235.8562775 0.0000000
v 9.0749073 235.8563538 0.0000000
v 9.0666409 235.8572083 0.0000000
v 9.0584850 235.8588257 0.0000000
v 9.0505114 235.8611908 0.0000000
v 9.0427895 235.8642731 0.0000000
v 9.0353918 235.8680573 0.0000000
v 9.0283890 235.8725281 0.0000000
v 9.0218534 235.8776703 0.0000000
v 9.0158548 235.8834381 0.0000000
v 9.0104733 235.8897858 0.0000000
v 9.0057888 235.8966675 0.0000000
v 9.0018826 235.9039764 0.0000000
v 8.9988375 235.9116821 0.0000000
v 8.9967299 235.9197083 0.0000000
v 8.9956446 235.9279938 0.0000000
v 216.4773254 -6.3069639 0.0000000
v 212.4773254 -6.3069639 0.0000000
v 212.4773254 -2.3069639 0.0000000
v 216.4773254 -2.3069639 0.0000000
v -0.0000000 250.5000000 -0.7500000
v 0.0641640 251.4789429 -0.7500000
v 0.2555560 252.4411469 -0.7500000
v 0.5709040 253.3701324 -0.7500000
v 1.0048090 254.2500000 -0.7500000
v 1.5498500 255.0657043 -0.7500000
v 2.1966989 255.8032990 -0.7500000
v 2.9342890 256.4501648 -0.7500000
v 3.7500000 256.9951782 -0.7500000
v 4.6298742 257.4291077 -0.7500000
v 5.5588570 257.7444458 -0.7500000
v 6.5210538 257.9358215 -0.7500000
v 7.5000000 258.0000000 -0.7500000
v 92.3595428 258.0000000 -0.7500000
v 93.2044525 258.0561218 -0.7500000
v 94.0277786 258.2540283 -0.7500000
v 94.8059082 258.5880127 -0.7500000
v 95.5165100 259.0485229 -0.7500000
v 96.1392212 259.6223450 -0.7500000
v 100.5426941 264.4308472 -0.7500000
v 101.1404495 264.9450073 -0.7500000
v 101.8116074 265.3587952 -0.7500000
v 102.5394669 265.6619568 -0.7500000
v 103.3059311 265.8469238 -0.7500000
v 104.0919418 265.9090881 -0.7500000
v 155.0919342 265.9090881 -0.7500000
v 155.8581390 265.6853027 -0.7500000
v 156.5789642 265.3424377 -0.7500000
v 157.2360382 264.8892212 -0.7500000
v 157.8126221 264.3372498 -0.7500000
v 161.7987213 259.8586731 -0.7500000
v 162.3066711 259.3164978 -0.7500000
v 162.8893280 258.8555908 -0.7500000
v 163.5338745 258.4861145 -0.7500000
v 164.2260284 258.2161865 -0.7500000
v 164.9505463 258.0518494 -0.7500000
v 165.6914215 257.9966431 -0.7500000
v 250.5509644 257.9966431 -0.7500000
v 251.5252533 257.9264221 -0.7500000
v 252.4821472 257.7301636 -0.7500000
v 253.4054108 257.4111938 -0.7500000
v 254.2793884 256.9749451 -0.7500000
v 255.0892639 256.4288330 -0.7500000
v 255.8212891 255.7820587 -0.7500000
v 256.4630432 255.0456543 -0.7500000
v 257.0036621 254.2320862 -0.7500000
v 257.4339600 253.3551636 -0.7500000
v 257.7466431 252.4297485 -0.7500000
v 257.9364014 251.4715576 -0.7500000
v 258.0000000 250.4968109 -0.7500000
v 258.0000000 -2.4986179 -0.7500000
v 257.9364014 -3.4779971 -0.7500000
v 257.7454529 -4.4406848 -0.7500000
v 257.4304504 -5.3701992 -0.7500000
v 256.9967651 -6.2506208 -0.7500000
v 256.4518433 -7.0668750 -0.7500000
v 255.8049774 -7.8049831 -0.7500000
v 255.0672760 -8.4523048 -0.7500000
v 254.2513733 -8.9977579 -0.7500000
v 253.3712158 -9.4320011 -0.7500000
v 252.4419098 -9.7475967 -0.7500000
v 251.4793396 -9.9391422 -0.7500000
v 250.5000000 -10.0033579 -0.7500000
v 83.7389908 -10.0033579 -0.7500000
v 83.0475693 -9.8952837 -0.7500000
v 82.3780212 -9.6917343 -0.7500000
v 81.7434387 -9.3966951 -0.7500000
v 81.1562729 -9.0159483 -0.7500000
v 80.6280136 -8.5569496 -0.7500000
v 73.5355377 -1.4644710 -0.7500000
v 72.9389267 -0.9549180 -0.7500000
v 72.2699585 -0.5449690 -0.7500000
v 71.5450897 -0.2447180 -0.7500000
v 70.7821732 -0.0615590 -0.7500000
v 70.0000000 0.0000000 -0.7500000
v 0.0000000 0.0000000 -0.7500000
v 250.0000000 -1.0033580 -0.7500000
v 249.9848022 -0.8297090 -0.7500000
v 249.9396973 -0.6613370 -0.7500000
v 249.8660278 -0.5033580 -0.7500000
v 249.7660370 -0.3605700 -0.7500000
v 249.6427917 -0.2373130 -0.7500000
v 249.5000000 -0.1373320 -0.7500000
v 249.3420258 -0.0636650 -0.7500000
v 249.1736450 -0.0185500 -0.7500000
v 249.0000000 -0.0033580 -0.7500000
v 242.5668945 -6.7816219 -0.7500000
v 242.7073669 -6.8765049 -0.7500000
v 242.8618622 -6.9462962 -0.7500000
v 243.0259094 -6.9889889 -0.7500000
v 243.1948242 -7.0033579 -0.7500000
v 248.8905029 -7.0033579 -0.7500000
v 249.0583038 -7.0076690 -0.7500000
v 249.2244568 -6.9838529 -0.7500000
v 249.3842926 -6.9325809 -0.7500000
v 249.5332947 -6.8552990 -0.7500000
v 249.6672668 -6.7541819 -0.7500000
v 249.7824554 -6.6320810 -0.7500000
v 249.8755798 -6.4924350 -0.7500000
v 249.9440460 -6.3391790 -0.7500000
v 249.9859161 -6.1766310 -0.7500000
v 250.0000000 -6.0093699 -0.7500000
v 150.6629333 257.9254761 -0.7500000
v 150.8365784 257.9406738 -0.7500000
v 151.0049438 257.9857788 -0.7500000
v 151.1629333 258.0594482 -0.7500000
v 151.3057098 258.1594543 -0.7500000
v 151.4289703 258.2826843 -0.7500000
v 151.5289612 258.4254761 -0.7500000
v 151.6026154 258.5834656 -0.7500000
v 151.6477356 258.7518311 -0.7500000
v 151.6629333 258.9254761 -0.7500000
v 151.6477356 259.0991211 -0.7500000
v 151.6026154 259.2675171 -0.7500000
v 151.5289612 259.4254761 -0.7500000
v 151.4289703 259.5682678 -0.7500000
v 151.3057098 259.6915283 -0.7500000
v 151.1629333 259.7915039 -0.7500000
v 151.0049438 259.8651733 -0.7500000
v 150.8365784 259.9102783 -0.7500000
v 150.6629333 259.9254761 -0.7500000
v 225.9831085 -0.0033580 -0.7500000
v 225.8094482 -0.0185500 -0.7500000
v 225.6410828 -0.0636650 -0.7500000
v 225.4831085 -0.1373320 -0.7500000
v 225.3403168 -0.2373130 -0.7500000
v 225.2170563 -0.3605700 -0.7500000
v 225.1170807 -0.5033580 -0.7500000
v 225.0434113 -0.6613370 -0.7500000
v 224.9982910 -0.8297090 -0.7500000
v 224.9831085 -1.0033580 -0.7500000
v 224.9831085 -6.0033579 -0.7500000
v 224.9982910 -6.1770058 -0.7500000
v 225.0434113 -6.3453779 -0.7500000
v 225.1170807 -6.5033579 -0.7500000
v 225.2170563 -6.6461449 -0.7500000
v 225.3403168 -6.7694020 -0.7500000
v 225.4831085 -6.8693829 -0.7500000
v 225.6410828 -6.9430499 -0.7500000
v 225.8094482 -6.9881649 -0.7500000
v 225.9831085 -7.0033579 -0.7500000
v 237.9156342 -7.0033579 -0.7500000
v 237.9966125 -7.0224729 -0.7500000
v 238.0796204 -7.0278978 -0.7500000
v 238.1623840 -7.0194840 -0.7500000
v 238.2426147 -6.9974642 -0.7500000
v 238.3180695 -6.9624462 -0.7500000
v 238.3866882 -6.9154000 -0.7500000
v 238.4465485 -6.8576288 -0.7500000
v 238.4960022 -6.7907319 -0.7500000
v 238.5336761 -6.7165608 -0.7500000
v 238.5585480 -6.6371698 -0.7500000
v 238.5699005 -6.5547552 -0.7500000
v 238.5674286 -6.4716001 -0.7500000
v 238.5511932 -6.3900051 -0.7500000
v 238.5216675 -6.3122301 -0.7500000
v 238.4796448 -6.2404270 -0.7500000
v 238.4263153 -6.1765852 -0.7500000
v 232.6171570 -0.2962500 -0.7500000
v 232.4978333 -0.1943400 -0.7500000
v 232.3640442 -0.1123510 -0.7500000
v 232.2190704 -0.0523010 -0.7500000
v 232.0664825 -0.0156690 -0.7500000
v 231.9100494 -0.0033580 -0.7500000
# 3789 vertices, 0 vertices normals

f 38 1 37
f 37 1 2
f 37 2 36
f 36 2 3
f 36 3 35
f 35 3 4
f 35 4 34
f 34 4 5
f 34 5 33
f 33 5 6
f 33 6 32
f 32 6 7
f 32 7 31
f 31 7 8
f 31 8 30
f 30 8 9
f 30 9 29
f 29 9 10
f 29 10 28
f 28 10 11
f 28 11 27
f 27 11 12
f 27 12 26
f 26 12 13
f 26 13 25
f 25 13 14
f 25 14 24
f 24 14 15
f 24 15 23
f 23 15 16
f 23 16 22
f 22 16 17
f 22 17 21
f 21 17 18
f 21 18 20
f 20 18 19
f 68 39 67
f 67 39 40
f 67 40 66
f 66 40 41
f 66 41 65
f 65 41 42
f 65 42 64
f 64 42 43
f 64 43 63
f 63 43 44
f 63 44 62
f 62 44 45
f 62 45 61
f 61 45 46
f 61 46 60
f 60 46 47
f 60 47 59
f 59 47 48
f 59 48 58
f 58 48 49
f 58 49 57
f 57 49 50
f 57 50 56
f 56 50 51
f 56 51 55
f 55 51 52
f 55 52 54
f 54 52 53
f 70 74 69
f 69 74 75
f 69 75 76
f 71 330 70
f 70 330 246
f 70 246 247
f 72 1431 71
f 71 1431 1432
f 71 1432 1435
f 1435 1432 1433
f 1435 1433 1434
f 69 85 72
f 72 85 165
f 72 165 253
f 253 165 166
f 253 166 252
f 252 166 167
f 252 167 251
f 251 167 168
f 251 168 250
f 250 168 169
f 250 169 249
f 249 169 170
f 249 170 171
f 74 79 73
f 73 79 248
f 73 248 242
f 242 248 245
f 242 245 241
f 241 245 370
f 241 370 244
f 244 370 405
f 244 405 406
f 73 242 76
f 76 242 243
f 76 243 244
f 78 70 77
f 77 70 247
f 77 247 80
f 80 247 79
f 79 247 248
f 70 78 74
f 74 78 79
f 160 81 829
f 829 81 82
f 829 82 83
f 83 84 829
f 829 84 85
f 829 85 828
f 828 85 793
f 828 793 827
f 827 793 826
f 826 793 825
f 825 793 824
f 824 793 823
f 823 793 822
f 822 793 821
f 821 793 820
f 820 793 819
f 819 793 818
f 818 793 817
f 817 793 794
f 817 794 816
f 816 794 815
f 815 794 814
f 814 794 813
f 813 794 812
f 812 794 787
f 812 787 811
f 811 787 788
f 811 788 810
f 810 788 809
f 809 788 808
f 808 788 807
f 807 788 806
f 806 788 805
f 805 788 804
f 804 788 803
f 803 788 802
f 802 788 801
f 801 788 800
f 800 788 799
f 799 788 798
f 798 788 797
f 797 788 796
f 796 788 246
f 796 246 330
f 85 86 165
f 165 86 164
f 164 86 87
f 164 87 163
f 163 87 88
f 163 88 162
f 162 88 89
f 162 89 161
f 161 89 90
f 161 90 91
f 91 92 161
f 161 92 93
f 161 93 94
f 94 95 161
f 161 95 96
f 161 96 97
f 97 98 161
f 161 98 240
f 240 98 99
f 240 99 100
f 240 100 239
f 239 100 101
f 239 101 238
f 238 101 102
f 238 102 237
f 237 102 103
f 237 103 236
f 236 103 104
f 236 104 235
f 235 104 105
f 235 105 106
f 235 106 234
f 234 106 107
f 234 107 233
f 233 107 108
f 233 108 232
f 232 108 109
f 232 109 231
f 231 109 110
f 231 110 230
f 230 110 111
f 230 111 229
f 229 111 112
f 229 112 228
f 228 112 113
f 228 113 227
f 227 113 114
f 227 114 226
f 226 114 115
f 226 115 225
f 225 115 224
f 224 115 116
f 224 116 223
f 223 116 117
f 223 117 222
f 222 117 118
f 222 118 221
f 221 118 220
f 220 118 119
f 220 119 120
f 121 217 120
f 120 217 218
f 120 218 219
f 122 209 121
f 121 209 210
f 121 210 211
f 209 122 208
f 208 122 123
f 208 123 207
f 207 123 124
f 207 124 206
f 206 124 125
f 206 125 348
f 348 125 126
f 348 126 127
f 348 127 347
f 347 127 128
f 347 128 129
f 129 130 347
f 347 130 131
f 347 131 931
f 931 131 132
f 931 132 133
f 931 133 930
f 930 133 134
f 930 134 135
f 135 136 930
f 930 136 929
f 929 136 137
f 929 137 928
f 928 137 138
f 928 138 139
f 140 924 139
f 139 924 925
f 139 925 926
f 141 921 140
f 140 921 922
f 140 922 923
f 142 919 141
f 141 919 920
f 141 920 921
f 919 142 918
f 918 142 143
f 918 143 144
f 144 145 918
f 918 145 146
f 918 146 147
f 147 148 918
f 918 148 149
f 918 149 917
f 917 149 150
f 917 150 151
f 917 151 844
f 844 151 152
f 844 152 843
f 843 152 153
f 843 153 842
f 842 153 841
f 841 153 154
f 841 154 840
f 840 154 839
f 839 154 155
f 839 155 838
f 838 155 837
f 837 155 836
f 836 155 835
f 835 155 156
f 835 156 834
f 834 156 833
f 833 156 832
f 832 156 157
f 832 157 831
f 831 157 158
f 831 158 830
f 830 158 159
f 830 159 160
f 830 160 829
f 171 172 249
f 249 172 173
f 249 173 174
f 174 175 249
f 249 175 176
f 249 176 177
f 177 178 249
f 249 178 328
f 328 178 179
f 328 179 180
f 328 180 327
f 327 180 181
f 327 181 326
f 326 181 182
f 326 182 325
f 325 182 183
f 325 183 324
f 324 183 184
f 324 184 323
f 323 184 185
f 323 185 186
f 323 186 322
f 322 186 187
f 322 187 321
f 321 187 188
f 321 188 320
f 320 188 189
f 320 189 319
f 319 189 190
f 319 190 318
f 318 190 191
f 318 191 317
f 317 191 192
f 317 192 316
f 316 192 193
f 316 193 315
f 315 193 194
f 315 194 314
f 314 194 195
f 314 195 313
f 313 195 312
f 312 195 196
f 312 196 311
f 311 196 197
f 311 197 310
f 310 197 198
f 310 198 309
f 309 198 308
f 308 198 199
f 308 199 200
f 201 305 200
f 200 305 306
f 200 306 307
f 202 297 201
f 201 297 298
f 201 298 299
f 297 202 296
f 296 202 203
f 296 203 295
f 295 203 204
f 295 204 294
f 294 204 205
f 294 205 349
f 349 205 348
f 348 205 206
f 211 212 121
f 121 212 213
f 121 213 214
f 214 215 121
f 121 215 216
f 121 216 217
f 219 220 120
f 370 245 369
f 369 245 246
f 369 246 368
f 368 246 404
f 368 404 401
f 401 404 400
f 400 404 399
f 399 404 398
f 398 404 397
f 397 404 396
f 396 404 395
f 395 404 394
f 394 404 393
f 393 404 392
f 392 404 391
f 391 404 390
f 390 404 389
f 389 404 388
f 388 404 387
f 387 404 405
f 387 405 386
f 386 405 385
f 385 405 384
f 384 405 383
f 383 405 382
f 382 405 381
f 381 405 380
f 380 405 379
f 379 405 378
f 378 405 377
f 377 405 376
f 376 405 375
f 375 405 374
f 374 405 373
f 373 405 372
f 372 405 371
f 371 405 370
f 253 254 72
f 72 254 1016
f 72 1016 1017
f 255 980 254
f 254 980 1015
f 254 1015 1016
f 980 255 979
f 979 255 256
f 979 256 941
f 941 256 257
f 941 257 258
f 941 258 940
f 940 258 259
f 940 259 260
f 940 260 937
f 937 260 261
f 937 261 262
f 937 262 936
f 936 262 263
f 936 263 264
f 264 265 936
f 936 265 266
f 936 266 267
f 267 268 936
f 936 268 269
f 936 269 270
f 270 271 936
f 936 271 272
f 936 272 273
f 273 274 936
f 936 274 935
f 935 274 275
f 935 275 276
f 276 277 935
f 935 277 278
f 935 278 279
f 280 1153 279
f 279 1153 1154
f 279 1154 934
f 934 1154 1155
f 934 1155 943
f 943 1155 942
f 942 1155 1264
f 942 1264 946
f 946 1264 1265
f 946 1265 1300
f 1300 1265 1299
f 1299 1265 1266
f 1299 1266 1267
f 281 1147 280
f 280 1147 1148
f 280 1148 1149
f 282 1143 281
f 281 1143 1144
f 281 1144 1145
f 283 1140 282
f 282 1140 1141
f 282 1141 1142
f 1140 283 1139
f 1139 283 284
f 1139 284 285
f 1139 285 1138
f 1138 285 286
f 1138 286 287
f 288 1135 287
f 287 1135 1136
f 287 1136 1137
f 289 1127 288
f 288 1127 1128
f 288 1128 1129
f 290 1107 289
f 289 1107 1123
f 289 1123 1124
f 290 291 1107
f 1107 291 1076
f 1107 1076 1106
f 1106 1076 1077
f 1106 1077 1105
f 1105 1077 1078
f 1105 1078 1104
f 1104 1078 1079
f 1104 1079 1103
f 1103 1079 1080
f 1103 1080 1102
f 1102 1080 1081
f 1102 1081 1101
f 1101 1081 1082
f 1101 1082 1100
f 1100 1082 1083
f 1100 1083 1099
f 1099 1083 1084
f 1099 1084 1085
f 291 292 1076
f 1076 292 1075
f 1075 292 293
f 1075 293 349
f 349 293 294
f 299 300 201
f 201 300 301
f 201 301 302
f 302 303 201
f 201 303 304
f 201 304 305
f 307 308 200
f 330 1059 329
f 329 1059 1060
f 329 1060 1061
f 796 330 795
f 795 330 331
f 795 331 332
f 332 333 795
f 795 333 334
f 795 334 335
f 795 335 932
f 932 335 336
f 932 336 337
f 337 338 932
f 932 338 339
f 932 339 340
f 340 341 932
f 932 341 342
f 932 342 343
f 343 344 932
f 932 344 345
f 932 345 346
f 932 346 931
f 931 346 347
f 349 350 1075
f 1075 350 1074
f 1074 350 351
f 1074 351 352
f 352 353 1074
f 1074 353 354
f 1074 354 1073
f 1073 354 355
f 1073 355 356
f 1073 356 1072
f 1072 356 357
f 1072 357 1071
f 1071 357 358
f 1071 358 1070
f 1070 358 359
f 1070 359 1069
f 1069 359 360
f 1069 360 1068
f 1068 360 361
f 1068 361 1067
f 1067 361 362
f 1067 362 1066
f 1066 362 363
f 1066 363 1065
f 1065 363 364
f 1065 364 365
f 1065 365 1064
f 1064 365 366
f 1064 366 1063
f 1063 366 1062
f 1062 366 329
f 1062 329 1061
f 367 368 401
f 403 410 402
f 402 410 411
f 402 411 407
f 407 411 406
f 406 411 412
f 406 412 413
f 410 403 246
f 246 403 404
f 445 408 444
f 444 408 409
f 444 409 246
f 246 409 410
f 413 414 406
f 406 414 415
f 406 415 416
f 416 417 406
f 406 417 418
f 406 418 419
f 419 420 406
f 406 420 421
f 406 421 422
f 422 423 406
f 406 423 424
f 406 424 425
f 425 426 406
f 406 426 427
f 406 427 244
f 244 427 428
f 244 428 451
f 451 428 429
f 451 429 450
f 450 429 430
f 450 430 431
f 431 432 450
f 450 432 433
f 450 433 434
f 434 435 450
f 450 435 436
f 450 436 437
f 437 438 450
f 450 438 439
f 450 439 440
f 440 441 450
f 450 441 442
f 450 442 449
f 449 442 443
f 449 443 448
f 448 443 246
f 448 246 454
f 454 246 453
f 453 246 488
f 453 488 452
f 452 488 489
f 443 444 246
f 447 455 446
f 446 455 456
f 446 456 457
f 455 447 454
f 454 447 448
f 446 459 451
f 451 459 460
f 451 460 461
f 457 458 446
f 446 458 459
f 461 462 451
f 451 462 463
f 451 463 464
f 464 465 451
f 451 465 466
f 451 466 467
f 467 468 451
f 451 468 469
f 451 469 470
f 470 471 451
f 451 471 244
f 471 472 244
f 244 472 507
f 244 507 508
f 472 473 507
f 507 473 474
f 507 474 475
f 475 476 507
f 507 476 477
f 507 477 478
f 478 479 507
f 507 479 480
f 507 480 481
f 481 482 507
f 507 482 483
f 507 483 484
f 484 485 507
f 507 485 486
f 507 486 506
f 506 486 487
f 506 487 246
f 246 487 488
f 491 548 490
f 490 548 549
f 490 549 550
f 548 491 547
f 547 491 492
f 547 492 546
f 546 492 493
f 546 493 494
f 546 494 545
f 545 494 495
f 545 495 544
f 544 495 496
f 544 496 543
f 543 496 497
f 543 497 498
f 543 498 542
f 542 498 499
f 542 499 541
f 541 499 500
f 541 500 540
f 540 500 501
f 540 501 539
f 539 501 502
f 539 502 538
f 538 502 503
f 538 503 537
f 537 503 536
f 536 503 504
f 536 504 505
f 506 246 505
f 505 246 535
f 505 535 536
f 509 633 508
f 508 633 634
f 508 634 244
f 244 634 635
f 244 635 739
f 739 635 636
f 739 636 738
f 738 636 637
f 738 637 638
f 509 510 633
f 633 510 632
f 632 510 631
f 631 510 511
f 631 511 630
f 630 511 512
f 630 512 629
f 629 512 513
f 629 513 628
f 628 513 514
f 628 514 627
f 627 514 515
f 627 515 626
f 626 515 516
f 626 516 625
f 625 516 517
f 625 517 624
f 624 517 518
f 624 518 623
f 623 518 519
f 623 519 520
f 623 520 622
f 622 520 521
f 622 521 621
f 621 521 522
f 621 522 620
f 620 522 619
f 619 522 523
f 619 523 618
f 618 523 524
f 618 524 617
f 617 524 525
f 617 525 616
f 616 525 526
f 616 526 615
f 615 526 527
f 615 527 614
f 614 527 528
f 614 528 613
f 613 528 529
f 613 529 612
f 612 529 611
f 611 529 530
f 611 530 610
f 610 530 609
f 609 530 531
f 609 531 608
f 608 531 607
f 607 531 532
f 607 532 606
f 606 532 605
f 605 532 604
f 604 532 533
f 604 533 603
f 603 533 602
f 602 533 586
f 602 586 587
f 586 533 550
f 550 533 490
f 535 246 534
f 534 246 736
f 534 736 733
f 733 736 732
f 732 736 731
f 731 736 730
f 730 736 729
f 729 736 728
f 728 736 727
f 727 736 726
f 726 736 725
f 725 736 724
f 724 736 723
f 723 736 722
f 722 736 737
f 722 737 721
f 721 737 720
f 720 737 719
f 719 737 718
f 718 737 738
f 718 738 717
f 717 738 716
f 716 738 715
f 715 738 714
f 714 738 713
f 713 738 712
f 712 738 711
f 711 738 650
f 711 650 710
f 710 650 709
f 709 650 708
f 708 650 707
f 707 650 706
f 706 650 705
f 705 650 704
f 704 650 703
f 703 650 686
f 703 686 687
f 550 551 586
f 586 551 585
f 585 551 552
f 585 552 553
f 585 553 584
f 584 553 554
f 584 554 583
f 583 554 555
f 583 555 582
f 582 555 556
f 582 556 581
f 581 556 557
f 581 557 580
f 580 557 558
f 580 558 579
f 579 558 559
f 579 559 578
f 578 559 577
f 577 559 560
f 577 560 576
f 576 560 561
f 576 561 575
f 575 561 562
f 575 562 569
f 569 562 568
f 568 562 563
f 568 563 564
f 564 565 568
f 568 565 566
f 568 566 567
f 570 571 569
f 569 571 572
f 569 572 573
f 573 574 569
f 569 574 575
f 587 588 602
f 602 588 589
f 602 589 590
f 590 591 602
f 602 591 592
f 602 592 593
f 593 594 602
f 602 594 595
f 602 595 601
f 601 595 596
f 601 596 597
f 597 598 601
f 601 598 599
f 601 599 600
f 638 639 738
f 738 639 640
f 738 640 641
f 641 642 738
f 738 642 643
f 738 643 644
f 644 645 738
f 738 645 646
f 738 646 647
f 647 648 738
f 738 648 649
f 738 649 650
f 650 651 686
f 686 651 685
f 685 651 652
f 685 652 684
f 684 652 653
f 684 653 683
f 683 653 654
f 683 654 682
f 682 654 655
f 682 655 681
f 681 655 656
f 681 656 680
f 680 656 657
f 680 657 679
f 679 657 658
f 679 658 678
f 678 658 659
f 678 659 660
f 678 660 677
f 677 660 661
f 677 661 676
f 676 661 662
f 676 662 675
f 675 662 668
f 675 668 669
f 662 663 668
f 668 663 664
f 668 664 665
f 665 666 668
f 668 666 667
f 670 671 669
f 669 671 672
f 669 672 673
f 673 674 669
f 669 674 675
f 687 688 703
f 703 688 689
f 703 689 690
f 690 691 703
f 703 691 692
f 703 692 693
f 693 694 703
f 703 694 695
f 703 695 696
f 703 696 702
f 702 696 697
f 702 697 698
f 698 699 702
f 702 699 700
f 702 700 701
f 735 742 734
f 734 742 743
f 734 743 739
f 739 743 744
f 739 744 778
f 778 744 745
f 778 745 746
f 735 736 742
f 742 736 246
f 742 246 741
f 741 246 777
f 741 777 774
f 774 777 773
f 773 777 772
f 772 777 771
f 771 777 770
f 770 777 769
f 769 777 768
f 768 777 767
f 767 777 766
f 766 777 765
f 765 777 764
f 764 777 763
f 763 777 762
f 762 777 761
f 761 777 760
f 760 777 778
f 760 778 759
f 759 778 758
f 758 778 757
f 757 778 756
f 756 778 755
f 755 778 754
f 754 778 753
f 753 778 752
f 752 778 751
f 751 778 750
f 750 778 749
f 749 778 748
f 748 778 747
f 747 778 746
f 740 741 774
f 776 789 775
f 775 789 784
f 775 784 786
f 786 784 785
f 789 776 246
f 246 776 777
f 779 69 778
f 778 69 244
f 778 244 739
f 780 791 779
f 779 791 792
f 779 792 69
f 69 792 793
f 69 793 85
f 791 780 783
f 783 780 781
f 783 781 782
f 791 783 790
f 790 783 784
f 790 784 789
f 788 789 246
f 844 845 917
f 917 845 916
f 916 845 879
f 916 879 880
f 845 846 879
f 879 846 878
f 878 846 847
f 878 847 877
f 877 847 848
f 877 848 876
f 876 848 849
f 876 849 875
f 875 849 850
f 875 850 874
f 874 850 851
f 874 851 873
f 873 851 852
f 873 852 872
f 872 852 853
f 872 853 871
f 871 853 854
f 871 854 870
f 870 854 855
f 870 855 869
f 869 855 856
f 869 856 862
f 862 856 857
f 862 857 858
f 858 859 862
f 862 859 860
f 862 860 861
f 869 862 868
f 868 862 863
f 868 863 867
f 867 863 866
f 866 863 865
f 865 863 864
f 881 913 880
f 880 913 915
f 880 915 916
f 913 881 912
f 912 881 882
f 912 882 911
f 911 882 883
f 911 883 910
f 910 883 884
f 910 884 909
f 909 884 885
f 909 885 908
f 908 885 886
f 908 886 907
f 907 886 887
f 907 887 906
f 906 887 888
f 906 888 905
f 905 888 889
f 905 889 904
f 904 889 890
f 904 890 903
f 903 890 897
f 903 897 902
f 902 897 901
f 901 897 900
f 900 897 899
f 899 897 898
f 890 891 897
f 897 891 896
f 896 891 892
f 896 892 893
f 893 894 896
f 896 894 895
f 913 914 915
f 923 924 140
f 926 927 139
f 139 927 928
f 944 933 943
f 943 933 934
f 934 935 279
f 938 939 937
f 937 939 940
f 942 962 941
f 941 962 963
f 941 963 964
f 946 1300 945
f 945 1300 1301
f 945 1301 1012
f 1012 1301 1041
f 1012 1041 1042
f 946 947 942
f 942 947 948
f 942 948 949
f 949 950 942
f 942 950 951
f 942 951 952
f 952 953 942
f 942 953 954
f 942 954 955
f 955 956 942
f 942 956 957
f 942 957 958
f 958 959 942
f 942 959 960
f 942 960 961
f 961 962 942
f 964 965 941
f 941 965 966
f 941 966 967
f 967 968 941
f 941 968 969
f 941 969 970
f 970 971 941
f 941 971 972
f 941 972 973
f 973 974 941
f 941 974 975
f 941 975 976
f 976 977 941
f 941 977 978
f 941 978 979
f 980 981 1015
f 1015 981 982
f 1015 982 983
f 983 984 1015
f 1015 984 985
f 1015 985 986
f 986 987 1015
f 1015 987 988
f 1015 988 989
f 1015 989 1014
f 1014 989 990
f 1014 990 991
f 991 992 1014
f 1014 992 993
f 1014 993 994
f 1014 994 1013
f 1013 994 995
f 1013 995 1012
f 1012 995 996
f 1012 996 997
f 997 998 1012
f 1012 998 999
f 1012 999 1000
f 1000 1001 1012
f 1012 1001 1002
f 1012 1002 1003
f 1003 1004 1012
f 1012 1004 1005
f 1012 1005 1006
f 1006 1007 1012
f 1012 1007 1008
f 1012 1008 1009
f 1009 945 1012
f 1010 1011 1017
f 1017 1011 1431
f 1017 1431 72
f 1012 1042 1011
f 1011 1042 1320
f 1011 1320 1321
f 1019 1319 1018
f 1018 1319 1320
f 1018 1320 1057
f 1057 1320 1056
f 1056 1320 1055
f 1055 1320 1054
f 1054 1320 1053
f 1053 1320 1052
f 1052 1320 1051
f 1051 1320 1050
f 1050 1320 1049
f 1049 1320 1048
f 1048 1320 1047
f 1047 1320 1046
f 1046 1320 1045
f 1045 1320 1044
f 1044 1320 1043
f 1043 1320 1042
f 1019 1020 1319
f 1319 1020 1021
f 1319 1021 1022
f 1022 1023 1319
f 1319 1023 1024
f 1319 1024 1025
f 1025 1026 1319
f 1319 1026 1027
f 1319 1027 1028
f 1028 1029 1319
f 1319 1029 1030
f 1319 1030 1031
f 1319 1031 1034
f 1034 1031 1032
f 1034 1032 1033
f 1034 1035 1319
f 1319 1035 71
f 1319 71 1318
f 1318 71 1329
f 1318 1329 1326
f 1326 1329 1330
f 1326 1330 1325
f 1325 1330 1324
f 1324 1330 1323
f 1323 1330 1322
f 1322 1330 1331
f 1322 1331 1332
f 1035 1036 71
f 71 1036 1039
f 71 1039 1040
f 1036 1037 1039
f 1039 1037 1038
f 1041 1302 1040
f 1040 1302 1303
f 1040 1303 1304
f 1059 71 1058
f 1058 71 1249
f 1058 1249 1250
f 1099 1085 1098
f 1098 1085 1086
f 1098 1086 1097
f 1097 1086 1091
f 1097 1091 1092
f 1086 1087 1091
f 1091 1087 1088
f 1091 1088 1089
f 1089 1090 1091
f 1093 1094 1092
f 1092 1094 1095
f 1092 1095 1096
f 1096 1097 1092
f 1107 1108 1123
f 1123 1108 1109
f 1123 1109 1110
f 1110 1111 1123
f 1123 1111 1112
f 1123 1112 1113
f 1113 1114 1123
f 1123 1114 1115
f 1123 1115 1116
f 1116 1117 1123
f 1123 1117 1122
f 1122 1117 1118
f 1122 1118 1119
f 1119 1120 1122
f 1122 1120 1121
f 1124 1125 289
f 289 1125 1126
f 289 1126 1127
f 1129 1130 288
f 288 1130 1131
f 288 1131 1132
f 1132 1133 288
f 288 1133 1134
f 288 1134 1135
f 1137 1138 287
f 1142 1143 282
f 1145 1146 281
f 281 1146 1147
f 1149 1150 280
f 280 1150 1151
f 280 1151 1152
f 1152 1153 280
f 1155 1156 1264
f 1264 1156 1157
f 1264 1157 1158
f 1158 1159 1264
f 1264 1159 1160
f 1264 1160 1161
f 1161 1162 1264
f 1264 1162 1163
f 1264 1163 1164
f 1164 1165 1264
f 1264 1165 1166
f 1264 1166 1167
f 1167 1168 1264
f 1264 1168 1169
f 1264 1169 1170
f 1171 1202 1170
f 1170 1202 1218
f 1170 1218 1219
f 1202 1171 1201
f 1201 1171 1172
f 1201 1172 1173
f 1201 1173 1200
f 1200 1173 1174
f 1200 1174 1199
f 1199 1174 1175
f 1199 1175 1198
f 1198 1175 1176
f 1198 1176 1197
f 1197 1176 1177
f 1197 1177 1196
f 1196 1177 1178
f 1196 1178 1195
f 1195 1178 1179
f 1195 1179 1194
f 1194 1179 1193
f 1193 1179 1180
f 1193 1180 1192
f 1192 1180 1181
f 1192 1181 1187
f 1187 1181 1186
f 1186 1181 1182
f 1186 1182 1183
f 1183 1184 1186
f 1186 1184 1185
f 1188 1189 1187
f 1187 1189 1190
f 1187 1190 1191
f 1191 1192 1187
f 1202 1203 1218
f 1218 1203 1204
f 1218 1204 1205
f 1205 1206 1218
f 1218 1206 1207
f 1218 1207 1208
f 1208 1209 1218
f 1218 1209 1210
f 1218 1210 1211
f 1218 1211 1217
f 1217 1211 1212
f 1217 1212 1213
f 1213 1214 1217
f 1217 1214 1215
f 1217 1215 1216
f 1219 1220 1170
f 1170 1220 1221
f 1170 1221 1222
f 1222 1223 1170
f 1170 1223 1224
f 1170 1224 1225
f 1225 1226 1170
f 1170 1226 1227
f 1170 1227 1228
f 1228 1229 1170
f 1170 1229 1230
f 1170 1230 1231
f 1170 1231 1263
f 1263 1231 1232
f 1263 1232 1233
f 1233 1234 1263
f 1263 1234 1235
f 1263 1235 1262
f 1262 1235 1236
f 1262 1236 1261
f 1261 1236 1237
f 1261 1237 1260
f 1260 1237 1238
f 1260 1238 1259
f 1259 1238 1239
f 1259 1239 1258
f 1258 1239 1240
f 1258 1240 1257
f 1257 1240 1241
f 1257 1241 1256
f 1256 1241 1242
f 1256 1242 1255
f 1255 1242 1243
f 1255 1243 1254
f 1254 1243 1244
f 1254 1244 1253
f 1253 1244 1245
f 1253 1245 1252
f 1252 1245 1246
f 1252 1246 1251
f 1251 1246 1247
f 1251 1247 1250
f 1250 1247 1058
f 1249 71 1248
f 1248 71 1040
f 1248 1040 1316
f 1316 1040 1315
f 1315 1040 1314
f 1314 1040 1313
f 1313 1040 1312
f 1312 1040 1311
f 1311 1040 1310
f 1310 1040 1309
f 1309 1040 1308
f 1308 1040 1307
f 1307 1040 1306
f 1306 1040 1305
f 1305 1040 1304
f 1263 1264 1170
f 1299 1267 1298
f 1298 1267 1268
f 1298 1268 1297
f 1297 1268 1269
f 1297 1269 1296
f 1296 1269 1270
f 1296 1270 1295
f 1295 1270 1271
f 1295 1271 1294
f 1294 1271 1272
f 1294 1272 1293
f 1293 1272 1273
f 1293 1273 1292
f 1292 1273 1274
f 1292 1274 1291
f 1291 1274 1275
f 1291 1275 1290
f 1290 1275 1276
f 1290 1276 1289
f 1289 1276 1277
f 1289 1277 1288
f 1288 1277 1283
f 1288 1283 1287
f 1287 1283 1286
f 1286 1283 1285
f 1285 1283 1284
f 1283 1277 1282
f 1282 1277 1278
f 1282 1278 1279
f 1279 1280 1282
f 1282 1280 1281
f 1301 1302 1041
f 1317 1318 1326
f 1322 1334 1321
f 1321 1334 1335
f 1321 1335 1336
f 1362 1327 1361
f 1361 1327 1328
f 1361 1328 71
f 71 1328 1329
f 1332 1333 1322
f 1322 1333 1334
f 1336 1337 1321
f 1321 1337 1338
f 1321 1338 1339
f 1339 1340 1321
f 1321 1340 1341
f 1321 1341 1342
f 1342 1343 1321
f 1321 1343 1344
f 1321 1344 1011
f 1011 1344 1345
f 1011 1345 1393
f 1393 1345 1392
f 1392 1345 1346
f 1392 1346 1347
f 1392 1347 1391
f 1391 1347 1348
f 1391 1348 1390
f 1390 1348 1349
f 1390 1349 1389
f 1389 1349 1350
f 1389 1350 1388
f 1388 1350 1351
f 1388 1351 1387
f 1387 1351 1352
f 1387 1352 1386
f 1386 1352 1353
f 1386 1353 1385
f 1385 1353 1354
f 1385 1354 1384
f 1384 1354 1355
f 1384 1355 1383
f 1383 1355 1356
f 1383 1356 1382
f 1382 1356 1357
f 1382 1357 1381
f 1381 1357 1358
f 1381 1358 1380
f 1380 1358 1359
f 1380 1359 1379
f 1379 1359 1378
f 1378 1359 1360
f 1378 1360 1377
f 1377 1360 1376
f 1376 1360 1375
f 1375 1360 1374
f 1374 1360 1373
f 1373 1360 1372
f 1372 1360 1371
f 1371 1360 1370
f 1370 1360 1369
f 1369 1360 1368
f 1368 1360 1367
f 1367 1360 1366
f 1366 1360 1365
f 1365 1360 1364
f 1364 1360 71
f 1364 71 1363
f 1363 71 1429
f 1363 1429 1426
f 1426 1429 1395
f 1426 1395 1410
f 1410 1395 1409
f 1409 1395 1408
f 1408 1395 1407
f 1407 1395 1406
f 1406 1395 1405
f 1405 1395 1404
f 1404 1395 1403
f 1403 1395 1402
f 1402 1395 1401
f 1401 1395 1400
f 1400 1395 1396
f 1400 1396 1399
f 1399 1396 1398
f 1398 1396 1397
f 1360 1361 71
f 1393 1394 1011
f 1011 1394 1430
f 1011 1430 1431
f 1394 1395 1430
f 1430 1395 1429
f 1410 1411 1426
f 1426 1411 1412
f 1426 1412 1413
f 1413 1414 1426
f 1426 1414 1415
f 1426 1415 1416
f 1416 1417 1426
f 1426 1417 1418
f 1426 1418 1419
f 1419 1420 1426
f 1426 1420 1421
f 1426 1421 1425
f 1425 1421 1422
f 1425 1422 1423
f 1423 1424 1425
f 1428 71 1427
f 1427 71 1436
f 1427 1436 1438
f 1438 1436 1437
f 1428 1429 71
f 1435 1436 71
f 76 244 69
f 330 71 1059
f 1428 1438 1429
f 1429 1438 1437
f 1429 1437 1434
f 1434 1437 1436
f 1434 1436 1435
f 1428 1427 1438
f 1429 1434 1430
f 1430 1434 1433
f 1430 1433 1431
f 1431 1433 1432
f 1328 1327 1329
f 1329 1327 1330
f 1330 1327 1440
f 1330 1440 1441
f 1327 1362 1440
f 1440 1362 1439
f 1439 1362 1359
f 1439 1359 1471
f 1471 1359 1470
f 1470 1359 1358
f 1470 1358 1469
f 1469 1358 1468
f 1468 1358 1357
f 1468 1357 1467
f 1467 1357 1356
f 1467 1356 1355
f 1361 1360 1362
f 1362 1360 1359
f 1467 1355 1466
f 1466 1355 1354
f 1466 1354 1465
f 1465 1354 1353
f 1465 1353 1464
f 1464 1353 1352
f 1464 1352 1463
f 1463 1352 1351
f 1463 1351 1350
f 1463 1350 1462
f 1462 1350 1349
f 1462 1349 1461
f 1461 1349 1348
f 1461 1348 1460
f 1460 1348 1347
f 1460 1347 1459
f 1459 1347 1346
f 1459 1346 1458
f 1458 1346 1345
f 1458 1345 1457
f 1457 1345 1456
f 1456 1345 1344
f 1456 1344 1455
f 1455 1344 1454
f 1454 1344 1343
f 1454 1343 1453
f 1453 1343 1342
f 1453 1342 1341
f 1341 1340 1453
f 1453 1340 1339
f 1453 1339 1338
f 1338 1337 1453
f 1453 1337 1336
f 1453 1336 1335
f 1335 1334 1453
f 1453 1334 1333
f 1453 1333 1452
f 1452 1333 1451
f 1451 1333 1450
f 1450 1333 1449
f 1449 1333 1448
f 1448 1333 1447
f 1447 1333 1446
f 1446 1333 1445
f 1445 1333 1332
f 1445 1332 1444
f 1444 1332 1331
f 1444 1331 1443
f 1443 1331 1442
f 1442 1331 1330
f 1442 1330 1441
f 1377 1413 1378
f 1378 1413 1412
f 1378 1412 1411
f 1413 1377 1414
f 1414 1377 1376
f 1414 1376 1375
f 1414 1375 1415
f 1415 1375 1374
f 1415 1374 1416
f 1416 1374 1373
f 1416 1373 1417
f 1417 1373 1418
f 1418 1373 1419
f 1419 1373 1420
f 1420 1373 1421
f 1421 1373 1422
f 1422 1373 1372
f 1422 1372 1371
f 1371 1370 1422
f 1422 1370 1369
f 1422 1369 1368
f 1368 1367 1422
f 1422 1367 1366
f 1422 1366 1365
f 1422 1365 1423
f 1423 1365 1364
f 1423 1364 1424
f 1424 1364 1425
f 1425 1364 1363
f 1425 1363 1426
f 1411 1410 1378
f 1378 1410 1379
f 1379 1410 1409
f 1379 1409 1408
f 1379 1408 1380
f 1380 1408 1407
f 1380 1407 1381
f 1381 1407 1406
f 1381 1406 1382
f 1382 1406 1383
f 1383 1406 1405
f 1383 1405 1384
f 1384 1405 1404
f 1384 1404 1385
f 1385 1404 1403
f 1385 1403 1386
f 1386 1403 1387
f 1387 1403 1402
f 1387 1402 1388
f 1388 1402 1401
f 1388 1401 1389
f 1389 1401 1400
f 1389 1400 1390
f 1390 1400 1391
f 1391 1400 1399
f 1391 1399 1392
f 1392 1399 1398
f 1392 1398 1393
f 1393 1398 1397
f 1393 1397 1396
f 1395 1394 1396
f 1396 1394 1393
f 1440 1439 1441
f 1441 1439 1471
f 1441 1471 1455
f 1455 1471 1456
f 1456 1471 1470
f 1456 1470 1469
f 1469 1468 1456
f 1456 1468 1467
f 1456 1467 1466
f 1466 1465 1456
f 1456 1465 1464
f 1456 1464 1463
f 1463 1462 1456
f 1456 1462 1461
f 1456 1461 1460
f 1460 1459 1456
f 1456 1459 1458
f 1456 1458 1457
f 1454 1453 1455
f 1455 1453 1452
f 1455 1452 1451
f 1451 1450 1455
f 1455 1450 1449
f 1455 1449 1448
f 1448 1447 1455
f 1455 1447 1446
f 1455 1446 1445
f 1445 1444 1455
f 1455 1444 1443
f 1455 1443 1442
f 1442 1441 1455
f 1032 1472 1033
f 1033 1472 1037
f 1033 1037 1036
f 1031 1532 1032
f 1032 1532 1533
f 1032 1533 1472
f 1532 1031 1531
f 1531 1031 1030
f 1531 1030 1530
f 1530 1030 1029
f 1530 1029 1529
f 1529 1029 1028
f 1529 1028 1528
f 1528 1028 1027
f 1528 1027 1527
f 1527 1027 1026
f 1527 1026 1526
f 1526 1026 1025
f 1526 1025 1525
f 1525 1025 1024
f 1525 1024 1524
f 1524 1024 1023
f 1524 1023 1022
f 1524 1022 1523
f 1523 1022 1021
f 1523 1021 1522
f 1522 1021 1020
f 1522 1020 1521
f 1521 1020 1019
f 1521 1019 1520
f 1520 1019 1519
f 1519 1019 1018
f 1519 1018 1518
f 1518 1018 1517
f 1517 1018 1057
f 1517 1057 1516
f 1516 1057 1056
f 1516 1056 1515
f 1515 1056 1514
f 1514 1056 1055
f 1514 1055 1513
f 1513 1055 1054
f 1513 1054 1512
f 1512 1054 1053
f 1512 1053 1511
f 1511 1053 1052
f 1511 1052 1510
f 1510 1052 1051
f 1510 1051 1509
f 1509 1051 1050
f 1509 1050 1508
f 1508 1050 1049
f 1508 1049 1507
f 1507 1049 1048
f 1507 1048 1047
f 1507 1047 1506
f 1506 1047 1046
f 1506 1046 1505
f 1505 1046 1045
f 1505 1045 1504
f 1504 1045 1044
f 1504 1044 1503
f 1503 1044 1043
f 1503 1043 1502
f 1502 1043 1042
f 1502 1042 1501
f 1501 1042 1500
f 1500 1042 1041
f 1500 1041 1499
f 1499 1041 1498
f 1498 1041 1497
f 1497 1041 1496
f 1496 1041 1495
f 1495 1041 1494
f 1494 1041 1493
f 1493 1041 1492
f 1492 1041 1491
f 1491 1041 1490
f 1490 1041 1489
f 1489 1041 1488
f 1488 1041 1487
f 1487 1041 1486
f 1486 1041 1485
f 1485 1041 1484
f 1484 1041 1483
f 1483 1041 1040
f 1483 1040 1482
f 1482 1040 1038
f 1482 1038 1481
f 1481 1038 1480
f 1480 1038 1479
f 1479 1038 1478
f 1478 1038 1477
f 1477 1038 1476
f 1476 1038 1475
f 1475 1038 1474
f 1474 1038 1473
f 1473 1038 1037
f 1473 1037 1472
f 1040 1039 1038
f 1035 1034 1036
f 1036 1034 1033
f 1318 1317 1319
f 1319 1317 1324
f 1319 1324 1320
f 1320 1324 1323
f 1320 1323 1321
f 1321 1323 1322
f 1317 1326 1324
f 1324 1326 1325
f 1262 1267 1263
f 1263 1267 1266
f 1263 1266 1264
f 1264 1266 1265
f 1261 1269 1262
f 1262 1269 1268
f 1262 1268 1267
f 1269 1261 1270
f 1270 1261 1260
f 1270 1260 1271
f 1271 1260 1259
f 1271 1259 1258
f 1271 1258 1272
f 1272 1258 1257
f 1272 1257 1273
f 1273 1257 1256
f 1273 1256 1274
f 1274 1256 1255
f 1274 1255 1275
f 1275 1255 1276
f 1276 1255 1254
f 1276 1254 1277
f 1277 1254 1253
f 1277 1253 1252
f 1277 1252 1278
f 1278 1252 1251
f 1278 1251 1279
f 1279 1251 1250
f 1279 1250 1280
f 1280 1250 1281
f 1281 1250 1249
f 1281 1249 1282
f 1282 1249 1283
f 1283 1249 1248
f 1283 1248 1284
f 1284 1248 1316
f 1284 1316 1285
f 1285 1316 1315
f 1285 1315 1314
f 1314 1313 1285
f 1285 1313 1312
f 1285 1312 1311
f 1311 1310 1285
f 1285 1310 1309
f 1285 1309 1308
f 1308 1307 1285
f 1285 1307 1306
f 1285 1306 1286
f 1286 1306 1287
f 1287 1306 1288
f 1288 1306 1289
f 1289 1306 1290
f 1290 1306 1291
f 1291 1306 1292
f 1292 1306 1305
f 1292 1305 1293
f 1293 1305 1294
f 1294 1305 1295
f 1295 1305 1304
f 1295 1304 1296
f 1296 1304 1303
f 1296 1303 1297
f 1297 1303 1298
f 1298 1303 1302
f 1298 1302 1299
f 1299 1302 1301
f 1299 1301 1300
f 1073 1078 1074
f 1074 1078 1077
f 1074 1077 1075
f 1075 1077 1076
f 1072 1080 1073
f 1073 1080 1079
f 1073 1079 1078
f 1080 1072 1081
f 1081 1072 1071
f 1081 1071 1070
f 1081 1070 1082
f 1082 1070 1069
f 1082 1069 1083
f 1083 1069 1068
f 1083 1068 1084
f 1084 1068 1067
f 1084 1067 1066
f 1084 1066 1085
f 1085 1066 1065
f 1085 1065 1086
f 1086 1065 1064
f 1086 1064 1087
f 1087 1064 1063
f 1087 1063 1062
f 1087 1062 1088
f 1088 1062 1061
f 1088 1061 1089
f 1089 1061 1060
f 1089 1060 1090
f 1090 1060 1059
f 1090 1059 1091
f 1091 1059 1058
f 1091 1058 1235
f 1235 1058 1247
f 1235 1247 1246
f 1246 1245 1235
f 1235 1245 1244
f 1235 1244 1243
f 1243 1242 1235
f 1235 1242 1241
f 1235 1241 1240
f 1240 1239 1235
f 1235 1239 1238
f 1235 1238 1237
f 1237 1236 1235
f 1234 1105 1235
f 1235 1105 1104
f 1235 1104 1103
f 1233 1107 1234
f 1234 1107 1106
f 1234 1106 1105
f 1107 1233 1108
f 1108 1233 1232
f 1108 1232 1109
f 1109 1232 1231
f 1109 1231 1110
f 1110 1231 1230
f 1110 1230 1111
f 1111 1230 1229
f 1111 1229 1112
f 1112 1229 1228
f 1112 1228 1113
f 1113 1228 1227
f 1113 1227 1226
f 1113 1226 1114
f 1114 1226 1225
f 1114 1225 1115
f 1115 1225 1224
f 1115 1224 1116
f 1116 1224 1223
f 1116 1223 1117
f 1117 1223 1222
f 1117 1222 1118
f 1118 1222 1221
f 1118 1221 1119
f 1119 1221 1220
f 1119 1220 1120
f 1120 1220 1219
f 1120 1219 1121
f 1121 1219 1122
f 1122 1219 1217
f 1122 1217 1123
f 1123 1217 1216
f 1123 1216 1124
f 1124 1216 1215
f 1124 1215 1125
f 1125 1215 1214
f 1125 1214 1126
f 1126 1214 1213
f 1126 1213 1127
f 1127 1213 1212
f 1127 1212 1128
f 1128 1212 1211
f 1128 1211 1129
f 1129 1211 1130
f 1130 1211 1210
f 1130 1210 1131
f 1131 1210 1209
f 1131 1209 1132
f 1132 1209 1208
f 1132 1208 1133
f 1133 1208 1134
f 1134 1208 1207
f 1134 1207 1135
f 1135 1207 1206
f 1135 1206 1136
f 1136 1206 1205
f 1136 1205 1137
f 1137 1205 1204
f 1137 1204 1203
f 1219 1218 1217
f 1137 1203 1138
f 1138 1203 1202
f 1138 1202 1201
f 1138 1201 1139
f 1139 1201 1200
f 1139 1200 1140
f 1140 1200 1199
f 1140 1199 1198
f 1140 1198 1141
f 1141 1198 1197
f 1141 1197 1142
f 1142 1197 1143
f 1143 1197 1196
f 1143 1196 1144
f 1144 1196 1195
f 1144 1195 1145
f 1145 1195 1194
f 1145 1194 1146
f 1146 1194 1147
f 1147 1194 1193
f 1147 1193 1148
f 1148 1193 1192
f 1148 1192 1149
f 1149 1192 1191
f 1149 1191 1150
f 1150 1191 1151
f 1151 1191 1190
f 1151 1190 1152
f 1152 1190 1189
f 1152 1189 1153
f 1153 1189 1188
f 1153 1188 1154
f 1154 1188 1187
f 1154 1187 1155
f 1155 1187 1186
f 1155 1186 1185
f 1155 1185 1156
f 1156 1185 1184
f 1156 1184 1183
f 1182 1165 1183
f 1183 1165 1164
f 1183 1164 1163
f 1182 1181 1165
f 1165 1181 1180
f 1165 1180 1179
f 1179 1178 1165
f 1165 1178 1177
f 1165 1177 1166
f 1166 1177 1176
f 1166 1176 1167
f 1167 1176 1175
f 1167 1175 1168
f 1168 1175 1174
f 1168 1174 1169
f 1169 1174 1173
f 1169 1173 1172
f 1171 1170 1172
f 1172 1170 1169
f 1163 1162 1183
f 1183 1162 1161
f 1183 1161 1160
f 1160 1159 1183
f 1183 1159 1158
f 1183 1158 1157
f 1157 1156 1183
f 1103 1102 1235
f 1235 1102 1101
f 1235 1101 1100
f 1100 1099 1235
f 1235 1099 1098
f 1235 1098 1097
f 1097 1096 1235
f 1235 1096 1095
f 1235 1095 1094
f 1094 1093 1235
f 1235 1093 1092
f 1235 1092 1091
f 1482 1474 1483
f 1483 1474 1533
f 1483 1533 1518
f 1518 1533 1519
f 1519 1533 1520
f 1520 1533 1521
f 1521 1533 1522
f 1522 1533 1523
f 1523 1533 1524
f 1524 1533 1525
f 1525 1533 1526
f 1526 1533 1527
f 1527 1533 1528
f 1528 1533 1529
f 1529 1533 1530
f 1530 1533 1531
f 1531 1533 1532
f 1482 1481 1474
f 1474 1481 1480
f 1474 1480 1479
f 1479 1478 1474
f 1474 1478 1477
f 1474 1477 1476
f 1476 1475 1474
f 1474 1473 1533
f 1533 1473 1472
f 1483 1518 1484
f 1484 1518 1517
f 1484 1517 1500
f 1500 1517 1501
f 1501 1517 1516
f 1501 1516 1515
f 1515 1514 1501
f 1501 1514 1513
f 1501 1513 1512
f 1512 1511 1501
f 1501 1511 1510
f 1501 1510 1509
f 1509 1508 1501
f 1501 1508 1507
f 1501 1507 1506
f 1506 1505 1501
f 1501 1505 1504
f 1501 1504 1503
f 1503 1502 1501
f 1499 1498 1500
f 1500 1498 1497
f 1500 1497 1496
f 1496 1495 1500
f 1500 1495 1494
f 1500 1494 1493
f 1493 1492 1500
f 1500 1492 1491
f 1500 1491 1490
f 1490 1489 1500
f 1500 1489 1488
f 1500 1488 1487
f 1487 1486 1500
f 1500 1486 1485
f 1500 1485 1484
f 961 1547 962
f 962 1547 1548
f 962 1548 963
f 963 1548 1549
f 963 1549 964
f 964 1549 965
f 965 1549 1550
f 965 1550 966
f 966 1550 1551
f 966 1551 967
f 967 1551 1552
f 967 1552 1553
f 960 1535 961
f 961 1535 1540
f 961 1540 1541
f 960 959 1535
f 1535 959 958
f 1535 958 957
f 957 956 1535
f 1535 956 955
f 1535 955 954
f 954 953 1535
f 1535 953 952
f 1535 952 951
f 951 950 1535
f 1535 950 949
f 1535 949 948
f 948 947 1535
f 1535 947 946
f 1535 946 1534
f 1534 946 945
f 1534 945 1590
f 1590 945 1589
f 1589 945 1009
f 1589 1009 1588
f 1588 1009 1008
f 1588 1008 1587
f 1587 1008 1007
f 1587 1007 1586
f 1586 1007 1006
f 1586 1006 1585
f 1585 1006 1005
f 1585 1005 1584
f 1584 1005 1004
f 1584 1004 1583
f 1583 1004 1003
f 1583 1003 1582
f 1582 1003 1002
f 1582 1002 1581
f 1581 1002 1001
f 1581 1001 1580
f 1580 1001 1000
f 1580 1000 1579
f 1579 1000 999
f 1579 999 998
f 1579 998 1578
f 1578 998 997
f 1578 997 1577
f 1577 997 996
f 1577 996 1576
f 1576 996 995
f 1576 995 1575
f 1575 995 1574
f 1574 995 994
f 1574 994 1573
f 1573 994 993
f 1573 993 1572
f 1572 993 992
f 1572 992 1571
f 1571 992 991
f 1571 991 990
f 1571 990 1570
f 1570 990 989
f 1570 989 1569
f 1569 989 988
f 1569 988 1568
f 1568 988 987
f 1568 987 986
f 1568 986 1567
f 1567 986 985
f 1567 985 1566
f 1566 985 984
f 1566 984 1565
f 1565 984 983
f 1565 983 1564
f 1564 983 982
f 1564 982 1563
f 1563 982 981
f 1563 981 1562
f 1562 981 980
f 1562 980 1561
f 1561 980 1560
f 1560 980 979
f 1560 979 1559
f 1559 979 978
f 1559 978 977
f 977 976 1559
f 1559 976 975
f 1559 975 974
f 974 973 1559
f 1559 973 972
f 1559 972 971
f 970 1554 971
f 971 1554 1555
f 971 1555 1559
f 1559 1555 1556
f 1559 1556 1557
f 1554 970 1553
f 1553 970 969
f 1553 969 968
f 968 967 1553
f 1536 1537 1535
f 1535 1537 1538
f 1535 1538 1539
f 1539 1540 1535
f 1541 1542 961
f 961 1542 1543
f 961 1543 1544
f 1544 1545 961
f 961 1545 1546
f 961 1546 1547
f 1557 1558 1559
f 1012 1011 1013
f 1013 1011 1010
f 1013 1010 1016
f 1016 1010 1017
f 1016 1015 1013
f 1013 1015 1014
f 1546 1538 1547
f 1547 1538 1537
f 1547 1537 1536
f 1538 1546 1539
f 1539 1546 1545
f 1539 1545 1544
f 1544 1543 1539
f 1539 1543 1542
f 1539 1542 1540
f 1540 1542 1541
f 1535 1534 1536
f 1536 1534 1547
f 1590 1575 1534
f 1534 1575 1574
f 1534 1574 1560
f 1560 1574 1573
f 1560 1573 1572
f 1590 1589 1575
f 1575 1589 1588
f 1575 1588 1587
f 1587 1586 1575
f 1575 1586 1585
f 1575 1585 1584
f 1584 1583 1575
f 1575 1583 1582
f 1575 1582 1581
f 1581 1580 1575
f 1575 1580 1579
f 1575 1579 1578
f 1578 1577 1575
f 1575 1577 1576
f 1572 1571 1560
f 1560 1571 1570
f 1560 1570 1569
f 1569 1568 1560
f 1560 1568 1567
f 1560 1567 1566
f 1566 1565 1560
f 1560 1565 1564
f 1560 1564 1563
f 1563 1562 1560
f 1560 1562 1561
f 1559 1558 1560
f 1560 1558 1548
f 1560 1548 1534
f 1534 1548 1547
f 1558 1557 1548
f 1548 1557 1556
f 1548 1556 1549
f 1549 1556 1550
f 1550 1556 1555
f 1550 1555 1551
f 1551 1555 1552
f 1552 1555 1553
f 1553 1555 1554
f 934 933 935
f 935 933 938
f 935 938 936
f 936 938 937
f 933 944 938
f 938 944 939
f 939 944 942
f 939 942 941
f 944 943 942
f 941 940 939
f 810 881 811
f 811 881 880
f 811 880 879
f 881 810 882
f 882 810 809
f 882 809 883
f 883 809 884
f 884 809 808
f 884 808 885
f 885 808 807
f 885 807 886
f 886 807 806
f 886 806 887
f 887 806 805
f 887 805 888
f 888 805 804
f 888 804 803
f 888 803 889
f 889 803 802
f 889 802 890
f 890 802 801
f 890 801 891
f 891 801 800
f 891 800 892
f 892 800 799
f 892 799 893
f 893 799 798
f 893 798 894
f 894 798 797
f 894 797 895
f 895 797 796
f 895 796 896
f 896 796 795
f 896 795 919
f 919 795 932
f 919 932 931
f 931 930 919
f 919 930 929
f 919 929 928
f 928 927 919
f 919 927 926
f 919 926 925
f 925 924 919
f 919 924 923
f 919 923 922
f 922 921 919
f 919 921 920
f 918 911 919
f 919 911 910
f 919 910 909
f 917 914 918
f 918 914 913
f 918 913 912
f 917 916 914
f 914 916 915
f 912 911 918
f 909 908 919
f 919 908 907
f 919 907 906
f 906 905 919
f 919 905 904
f 919 904 903
f 903 902 919
f 919 902 901
f 919 901 900
f 900 899 919
f 919 899 898
f 919 898 897
f 897 896 919
f 811 879 812
f 812 879 878
f 812 878 813
f 813 878 877
f 813 877 814
f 814 877 876
f 814 876 815
f 815 876 875
f 815 875 816
f 816 875 874
f 816 874 817
f 817 874 873
f 817 873 818
f 818 873 872
f 818 872 819
f 819 872 871
f 819 871 820
f 820 871 821
f 821 871 870
f 821 870 822
f 822 870 869
f 822 869 823
f 823 869 868
f 823 868 824
f 824 868 867
f 824 867 825
f 825 867 866
f 825 866 826
f 826 866 865
f 826 865 827
f 827 865 864
f 827 864 828
f 828 864 863
f 828 863 862
f 828 862 829
f 829 862 861
f 829 861 830
f 830 861 860
f 830 860 831
f 831 860 859
f 831 859 832
f 832 859 833
f 833 859 834
f 834 859 835
f 835 859 836
f 836 859 837
f 837 859 838
f 838 859 858
f 838 858 857
f 857 856 838
f 838 856 855
f 838 855 854
f 854 853 838
f 838 853 852
f 838 852 839
f 839 852 851
f 839 851 840
f 840 851 850
f 840 850 841
f 841 850 849
f 841 849 842
f 842 849 848
f 842 848 843
f 843 848 847
f 843 847 846
f 845 844 846
f 846 844 843
f 789 788 790
f 790 788 787
f 790 787 793
f 793 787 794
f 793 792 790
f 790 792 791
f 741 740 742
f 742 740 1606
f 742 1606 1607
f 774 1592 740
f 740 1592 1593
f 740 1593 1594
f 773 1654 774
f 774 1654 1591
f 774 1591 1592
f 1654 773 1653
f 1653 773 772
f 1653 772 1652
f 1652 772 771
f 1652 771 1651
f 1651 771 770
f 1651 770 1650
f 1650 770 769
f 1650 769 1649
f 1649 769 768
f 1649 768 1648
f 1648 768 767
f 1648 767 1647
f 1647 767 766
f 1647 766 1646
f 1646 766 765
f 1646 765 1645
f 1645 765 764
f 1645 764 1644
f 1644 764 763
f 1644 763 1643
f 1643 763 762
f 1643 762 1642
f 1642 762 761
f 1642 761 1641
f 1641 761 760
f 1641 760 1640
f 1640 760 1639
f 1639 760 759
f 1639 759 1638
f 1638 759 1637
f 1637 759 758
f 1637 758 1636
f 1636 758 757
f 1636 757 1635
f 1635 757 756
f 1635 756 1634
f 1634 756 755
f 1634 755 1633
f 1633 755 754
f 1633 754 1632
f 1632 754 753
f 1632 753 1631
f 1631 753 752
f 1631 752 751
f 1631 751 1630
f 1630 751 750
f 1630 750 749
f 1630 749 1629
f 1629 749 748
f 1629 748 1628
f 1628 748 747
f 1628 747 1627
f 1627 747 746
f 1627 746 1626
f 1626 746 745
f 1626 745 1625
f 1625 745 744
f 1625 744 1624
f 1624 744 1623
f 1623 744 743
f 1623 743 1622
f 1622 743 1621
f 1621 743 1620
f 1620 743 1619
f 1619 743 1618
f 1618 743 1617
f 1617 743 1616
f 1616 743 1615
f 1615 743 1614
f 1614 743 1613
f 1613 743 1612
f 1612 743 1611
f 1611 743 1610
f 1610 743 1609
f 1609 743 1608
f 1608 743 1607
f 1607 743 742
f 1594 1595 740
f 740 1595 1596
f 740 1596 1597
f 1597 1598 740
f 740 1598 1599
f 740 1599 1600
f 1600 1601 740
f 740 1601 1602
f 740 1602 1603
f 1603 1604 740
f 740 1604 1605
f 740 1605 1606
f 776 786 777
f 777 786 785
f 777 785 782
f 782 785 784
f 782 784 783
f 776 775 786
f 777 782 778
f 778 782 781
f 778 781 779
f 779 781 780
f 1607 1595 1608
f 1608 1595 1652
f 1608 1652 1639
f 1639 1652 1640
f 1640 1652 1641
f 1641 1652 1642
f 1642 1652 1643
f 1643 1652 1644
f 1644 1652 1645
f 1645 1652 1646
f 1646 1652 1647
f 1647 1652 1648
f 1648 1652 1649
f 1649 1652 1650
f 1650 1652 1651
f 1607 1606 1595
f 1595 1606 1605
f 1595 1605 1604
f 1604 1603 1595
f 1595 1603 1602
f 1595 1602 1601
f 1601 1600 1595
f 1595 1600 1599
f 1595 1599 1598
f 1598 1597 1595
f 1595 1597 1596
f 1595 1594 1652
f 1652 1594 1653
f 1653 1594 1593
f 1653 1593 1654
f 1654 1593 1592
f 1654 1592 1591
f 1608 1639 1609
f 1609 1639 1638
f 1609 1638 1624
f 1624 1638 1637
f 1624 1637 1636
f 1636 1635 1624
f 1624 1635 1634
f 1624 1634 1633
f 1633 1632 1624
f 1624 1632 1631
f 1624 1631 1630
f 1630 1629 1624
f 1624 1629 1628
f 1624 1628 1627
f 1627 1626 1624
f 1624 1626 1625
f 1624 1623 1609
f 1609 1623 1610
f 1610 1623 1611
f 1611 1623 1612
f 1612 1623 1613
f 1613 1623 1614
f 1614 1623 1615
f 1615 1623 1616
f 1616 1623 1617
f 1617 1623 1618
f 1618 1623 1619
f 1619 1623 1620
f 1620 1623 1621
f 1621 1623 1622
f 736 735 737
f 737 735 734
f 737 734 738
f 738 734 739
f 505 1656 506
f 506 1656 1657
f 506 1657 1658
f 504 1722 505
f 505 1722 1655
f 505 1655 1656
f 1722 504 1721
f 1721 504 503
f 1721 503 1720
f 1720 503 502
f 1720 502 1719
f 1719 502 501
f 1719 501 1718
f 1718 501 500
f 1718 500 1717
f 1717 500 499
f 1717 499 1716
f 1716 499 498
f 1716 498 1715
f 1715 498 497
f 1715 497 1714
f 1714 497 496
f 1714 496 1713
f 1713 496 495
f 1713 495 494
f 1713 494 1712
f 1712 494 493
f 1712 493 1711
f 1711 493 492
f 1711 492 1710
f 1710 492 491
f 1710 491 1709
f 1709 491 490
f 1709 490 1708
f 1708 490 1707
f 1707 490 1706
f 1706 490 533
f 1706 533 1705
f 1705 533 532
f 1705 532 1704
f 1704 532 531
f 1704 531 1703
f 1703 531 530
f 1703 530 1702
f 1702 530 1701
f 1701 530 529
f 1701 529 1700
f 1700 529 1699
f 1699 529 1698
f 1698 529 528
f 1698 528 1697
f 1697 528 1696
f 1696 528 1695
f 1695 528 1694
f 1694 528 1784
f 1694 1784 1693
f 1693 1784 1785
f 1693 1785 1692
f 1692 1785 1786
f 1692 1786 1691
f 1691 1786 1787
f 1691 1787 1690
f 1690 1787 1788
f 1690 1788 1789
f 527 1778 528
f 528 1778 1779
f 528 1779 1780
f 527 526 1778
f 1778 526 1777
f 1777 526 525
f 1777 525 1776
f 1776 525 524
f 1776 524 1775
f 1775 524 1774
f 1774 524 523
f 1774 523 1773
f 1773 523 1772
f 1772 523 522
f 1772 522 1771
f 1771 522 521
f 1771 521 1770
f 1770 521 520
f 1770 520 1769
f 1769 520 519
f 1769 519 1768
f 1768 519 518
f 1768 518 1767
f 1767 518 517
f 1767 517 516
f 1767 516 1766
f 1766 516 515
f 1766 515 1765
f 1765 515 514
f 1765 514 1764
f 1764 514 513
f 1764 513 1763
f 1763 513 512
f 1763 512 1762
f 1762 512 511
f 1762 511 1761
f 1761 511 510
f 1761 510 1760
f 1760 510 509
f 1760 509 1759
f 1759 509 508
f 1759 508 1758
f 1758 508 1757
f 1757 508 507
f 1757 507 1756
f 1756 507 1755
f 1755 507 1754
f 1754 507 1753
f 1753 507 1752
f 1752 507 1751
f 1751 507 1750
f 1750 507 1749
f 1749 507 1748
f 1748 507 1747
f 1747 507 1746
f 1746 507 1745
f 1745 507 1744
f 1744 507 1743
f 1743 507 1742
f 1742 507 1741
f 1741 507 1740
f 1740 507 1739
f 1739 507 1675
f 1739 1675 1738
f 1738 1675 1676
f 1738 1676 1737
f 1737 1676 1677
f 1737 1677 1736
f 1736 1677 1678
f 1736 1678 1735
f 1735 1678 1679
f 1735 1679 1734
f 1734 1679 1733
f 1733 1679 1680
f 1733 1680 1732
f 1732 1680 1681
f 1732 1681 1731
f 1731 1681 1682
f 1731 1682 1730
f 1730 1682 1683
f 1730 1683 1729
f 1729 1683 1684
f 1729 1684 1728
f 1728 1684 1685
f 1728 1685 1727
f 1727 1685 1686
f 1727 1686 1726
f 1726 1686 1687
f 1726 1687 1725
f 1725 1687 1688
f 1725 1688 1724
f 1724 1688 1689
f 1724 1689 1723
f 1723 1689 1690
f 1723 1690 1790
f 1790 1690 1789
f 507 506 1675
f 1675 506 1674
f 1674 506 1673
f 1673 506 1672
f 1672 506 1671
f 1671 506 1670
f 1670 506 1669
f 1669 506 1668
f 1668 506 1667
f 1667 506 1666
f 1666 506 1665
f 1665 506 1664
f 1664 506 1663
f 1663 506 1662
f 1662 506 1661
f 1661 506 1660
f 1660 506 1659
f 1659 506 1658
f 1780 1781 528
f 528 1781 1782
f 528 1782 1783
f 1783 1784 528
f 1739 1726 1740
f 1740 1726 1775
f 1740 1775 1741
f 1741 1775 1774
f 1741 1774 1757
f 1757 1774 1758
f 1758 1774 1773
f 1758 1773 1772
f 1739 1738 1726
f 1726 1738 1737
f 1726 1737 1736
f 1736 1735 1726
f 1726 1735 1734
f 1726 1734 1733
f 1733 1732 1726
f 1726 1732 1731
f 1726 1731 1730
f 1730 1729 1726
f 1726 1729 1728
f 1726 1728 1727
f 1775 1726 1789
f 1789 1726 1725
f 1789 1725 1790
f 1790 1725 1724
f 1790 1724 1723
f 1788 1787 1789
f 1789 1787 1786
f 1789 1786 1785
f 1785 1784 1789
f 1789 1784 1783
f 1789 1783 1782
f 1782 1781 1789
f 1789 1781 1780
f 1789 1780 1779
f 1779 1778 1789
f 1789 1778 1777
f 1789 1777 1776
f 1776 1775 1789
f 1772 1771 1758
f 1758 1771 1770
f 1758 1770 1769
f 1769 1768 1758
f 1758 1768 1767
f 1758 1767 1766
f 1766 1765 1758
f 1758 1765 1764
f 1758 1764 1763
f 1763 1762 1758
f 1758 1762 1761
f 1758 1761 1760
f 1760 1759 1758
f 1756 1755 1757
f 1757 1755 1754
f 1757 1754 1753
f 1753 1752 1757
f 1757 1752 1751
f 1757 1751 1750
f 1750 1749 1757
f 1757 1749 1748
f 1757 1748 1747
f 1747 1746 1757
f 1757 1746 1745
f 1757 1745 1744
f 1744 1743 1757
f 1757 1743 1742
f 1757 1742 1741
f 548 553 549
f 549 553 552
f 549 552 550
f 550 552 551
f 553 548 554
f 554 548 547
f 554 547 555
f 555 547 556
f 556 547 557
f 557 547 558
f 558 547 559
f 559 547 560
f 560 547 561
f 561 547 562
f 562 547 563
f 563 547 564
f 564 547 565
f 565 547 566
f 566 547 567
f 567 547 568
f 568 547 546
f 568 546 545
f 545 544 568
f 568 544 543
f 568 543 542
f 542 541 568
f 568 541 540
f 568 540 539
f 539 538 568
f 568 538 537
f 568 537 536
f 536 535 568
f 568 535 569
f 569 535 534
f 569 534 570
f 570 534 733
f 570 733 571
f 571 733 732
f 571 732 572
f 572 732 731
f 572 731 573
f 573 731 730
f 573 730 574
f 574 730 729
f 574 729 575
f 575 729 728
f 575 728 576
f 576 728 727
f 576 727 577
f 577 727 726
f 577 726 578
f 578 726 725
f 578 725 579
f 579 725 724
f 579 724 580
f 580 724 723
f 580 723 581
f 581 723 722
f 581 722 721
f 581 721 582
f 582 721 720
f 582 720 583
f 583 720 719
f 583 719 584
f 584 719 585
f 585 719 586
f 586 719 718
f 586 718 587
f 587 718 717
f 587 717 588
f 588 717 589
f 589 717 716
f 589 716 715
f 589 715 590
f 590 715 714
f 590 714 591
f 591 714 713
f 591 713 592
f 592 713 712
f 592 712 593
f 593 712 711
f 593 711 594
f 594 711 710
f 594 710 709
f 594 709 595
f 595 709 708
f 595 708 596
f 596 708 707
f 596 707 597
f 597 707 706
f 597 706 598
f 598 706 705
f 598 705 599
f 599 705 704
f 599 704 600
f 600 704 601
f 601 704 702
f 601 702 602
f 602 702 701
f 602 701 603
f 603 701 700
f 603 700 604
f 604 700 699
f 604 699 605
f 605 699 698
f 605 698 606
f 606 698 697
f 606 697 607
f 607 697 696
f 607 696 608
f 608 696 695
f 608 695 609
f 609 695 694
f 609 694 610
f 610 694 693
f 610 693 611
f 611 693 692
f 611 692 691
f 704 703 702
f 690 613 691
f 691 613 612
f 691 612 611
f 613 690 614
f 614 690 689
f 614 689 615
f 615 689 688
f 615 688 616
f 616 688 687
f 616 687 617
f 617 687 686
f 617 686 685
f 617 685 618
f 618 685 684
f 618 684 619
f 619 684 683
f 619 683 620
f 620 683 682
f 620 682 621
f 621 682 681
f 621 681 680
f 680 679 621
f 621 679 678
f 621 678 677
f 677 676 621
f 621 676 675
f 621 675 674
f 674 673 621
f 621 673 672
f 621 672 671
f 671 670 621
f 621 670 669
f 621 669 622
f 622 669 623
f 623 669 624
f 624 669 625
f 625 669 626
f 626 669 627
f 627 669 628
f 628 669 629
f 629 669 630
f 630 669 631
f 631 669 632
f 632 669 633
f 633 669 634
f 634 669 668
f 634 668 635
f 635 668 667
f 635 667 636
f 636 667 666
f 636 666 637
f 637 666 665
f 637 665 638
f 638 665 664
f 638 664 639
f 639 664 663
f 639 663 640
f 640 663 662
f 640 662 641
f 641 662 661
f 641 661 642
f 642 661 660
f 642 660 643
f 643 660 659
f 643 659 644
f 644 659 658
f 644 658 645
f 645 658 657
f 645 657 646
f 646 657 656
f 646 656 655
f 654 648 655
f 655 648 647
f 655 647 646
f 648 654 649
f 649 654 653
f 649 653 652
f 651 650 652
f 652 650 649
f 453 452 454
f 454 452 455
f 455 452 1792
f 455 1792 1793
f 452 489 1792
f 1792 489 1791
f 1791 489 486
f 1791 486 1826
f 1826 486 1825
f 1825 486 1824
f 1824 486 485
f 1824 485 1823
f 1823 485 484
f 1823 484 1822
f 1822 484 1821
f 1821 484 1820
f 1820 484 1819
f 1819 484 1818
f 1818 484 1817
f 1817 484 1816
f 1816 484 1815
f 1815 484 1814
f 1814 484 1813
f 1813 484 1812
f 1812 484 1811
f 1811 484 483
f 1811 483 482
f 488 487 489
f 489 487 486
f 482 481 1811
f 1811 481 480
f 1811 480 479
f 479 478 1811
f 1811 478 477
f 1811 477 476
f 476 475 1811
f 1811 475 474
f 1811 474 473
f 473 472 1811
f 1811 472 1810
f 1810 472 471
f 1810 471 1809
f 1809 471 1808
f 1808 471 470
f 1808 470 1807
f 1807 470 469
f 1807 469 1806
f 1806 469 468
f 1806 468 1805
f 1805 468 467
f 1805 467 1804
f 1804 467 466
f 1804 466 1803
f 1803 466 465
f 1803 465 1802
f 1802 465 464
f 1802 464 1801
f 1801 464 463
f 1801 463 1800
f 1800 463 462
f 1800 462 461
f 1800 461 1799
f 1799 461 460
f 1799 460 1798
f 1798 460 459
f 1798 459 1797
f 1797 459 458
f 1797 458 1796
f 1796 458 457
f 1796 457 1795
f 1795 457 456
f 1795 456 1794
f 1794 456 455
f 1794 455 1793
f 1671 1659 1672
f 1672 1659 1720
f 1672 1720 1707
f 1707 1720 1708
f 1708 1720 1709
f 1709 1720 1710
f 1710 1720 1711
f 1711 1720 1712
f 1712 1720 1713
f 1713 1720 1714
f 1714 1720 1715
f 1715 1720 1716
f 1716 1720 1717
f 1717 1720 1718
f 1718 1720 1719
f 1671 1670 1659
f 1659 1670 1669
f 1659 1669 1668
f 1668 1667 1659
f 1659 1667 1666
f 1659 1666 1665
f 1665 1664 1659
f 1659 1664 1663
f 1659 1663 1662
f 1662 1661 1659
f 1659 1661 1660
f 1659 1658 1720
f 1720 1658 1721
f 1721 1658 1657
f 1721 1657 1722
f 1722 1657 1656
f 1722 1656 1655
f 1672 1707 1673
f 1673 1707 1706
f 1673 1706 1690
f 1690 1706 1705
f 1690 1705 1704
f 1704 1703 1690
f 1690 1703 1702
f 1690 1702 1701
f 1701 1700 1690
f 1690 1700 1699
f 1690 1699 1698
f 1698 1697 1690
f 1690 1697 1696
f 1690 1696 1695
f 1695 1694 1690
f 1690 1694 1693
f 1690 1693 1692
f 1692 1691 1690
f 1690 1689 1673
f 1673 1689 1674
f 1674 1689 1675
f 1675 1689 1676
f 1676 1689 1677
f 1677 1689 1678
f 1678 1689 1679
f 1679 1689 1680
f 1680 1689 1681
f 1681 1689 1682
f 1682 1689 1683
f 1683 1689 1684
f 1684 1689 1685
f 1685 1689 1686
f 1686 1689 1687
f 1687 1689 1688
f 1792 1791 1793
f 1793 1791 1826
f 1793 1826 1810
f 1810 1826 1825
f 1810 1825 1824
f 1824 1823 1810
f 1810 1823 1822
f 1810 1822 1821
f 1821 1820 1810
f 1810 1820 1819
f 1810 1819 1818
f 1818 1817 1810
f 1810 1817 1816
f 1810 1816 1815
f 1815 1814 1810
f 1810 1814 1813
f 1810 1813 1812
f 1812 1811 1810
f 1810 1809 1793
f 1793 1809 1794
f 1794 1809 1795
f 1795 1809 1796
f 1796 1809 1797
f 1797 1809 1798
f 1798 1809 1799
f 1799 1809 1800
f 1800 1809 1801
f 1801 1809 1802
f 1802 1809 1803
f 1803 1809 1804
f 1804 1809 1805
f 1805 1809 1806
f 1806 1809 1807
f 1807 1809 1808
f 409 408 410
f 410 408 411
f 411 408 1828
f 411 1828 1829
f 408 445 1828
f 1828 445 1827
f 1827 445 442
f 1827 442 1862
f 1862 442 1861
f 1861 442 1860
f 1860 442 441
f 1860 441 1859
f 1859 441 440
f 1859 440 1858
f 1858 440 1857
f 1857 440 1856
f 1856 440 1855
f 1855 440 1854
f 1854 440 1853
f 1853 440 1852
f 1852 440 1851
f 1851 440 1850
f 1850 440 1849
f 1849 440 1848
f 1848 440 1847
f 1847 440 439
f 1847 439 438
f 444 443 445
f 445 443 442
f 438 437 1847
f 1847 437 436
f 1847 436 435
f 435 434 1847
f 1847 434 433
f 1847 433 432
f 432 431 1847
f 1847 431 430
f 1847 430 429
f 429 428 1847
f 1847 428 1846
f 1846 428 427
f 1846 427 1845
f 1845 427 1844
f 1844 427 426
f 1844 426 1843
f 1843 426 425
f 1843 425 1842
f 1842 425 424
f 1842 424 1841
f 1841 424 423
f 1841 423 1840
f 1840 423 422
f 1840 422 1839
f 1839 422 421
f 1839 421 1838
f 1838 421 420
f 1838 420 1837
f 1837 420 419
f 1837 419 1836
f 1836 419 418
f 1836 418 417
f 1836 417 1835
f 1835 417 416
f 1835 416 1834
f 1834 416 415
f 1834 415 1833
f 1833 415 414
f 1833 414 1832
f 1832 414 413
f 1832 413 1831
f 1831 413 412
f 1831 412 1830
f 1830 412 411
f 1830 411 1829
f 448 447 449
f 449 447 446
f 449 446 450
f 450 446 451
f 1828 1827 1829
f 1829 1827 1862
f 1829 1862 1846
f 1846 1862 1861
f 1846 1861 1860
f 1860 1859 1846
f 1846 1859 1858
f 1846 1858 1857
f 1857 1856 1846
f 1846 1856 1855
f 1846 1855 1854
f 1854 1853 1846
f 1846 1853 1852
f 1846 1852 1851
f 1851 1850 1846
f 1846 1850 1849
f 1846 1849 1848
f 1848 1847 1846
f 1846 1845 1829
f 1829 1845 1830
f 1830 1845 1831
f 1831 1845 1832
f 1832 1845 1833
f 1833 1845 1834
f 1834 1845 1835
f 1835 1845 1836
f 1836 1845 1837
f 1837 1845 1838
f 1838 1845 1839
f 1839 1845 1840
f 1840 1845 1841
f 1841 1845 1842
f 1842 1845 1843
f 1843 1845 1844
f 368 367 369
f 369 367 1878
f 369 1878 1879
f 401 1864 367
f 367 1864 1865
f 367 1865 1866
f 400 1926 401
f 401 1926 1863
f 401 1863 1864
f 1926 400 1925
f 1925 400 399
f 1925 399 1924
f 1924 399 398
f 1924 398 1923
f 1923 398 397
f 1923 397 1922
f 1922 397 396
f 1922 396 1921
f 1921 396 395
f 1921 395 1920
f 1920 395 394
f 1920 394 1919
f 1919 394 393
f 1919 393 1918
f 1918 393 392
f 1918 392 1917
f 1917 392 391
f 1917 391 1916
f 1916 391 390
f 1916 390 1915
f 1915 390 389
f 1915 389 1914
f 1914 389 388
f 1914 388 1913
f 1913 388 387
f 1913 387 1912
f 1912 387 1911
f 1911 387 386
f 1911 386 1910
f 1910 386 1909
f 1909 386 385
f 1909 385 1908
f 1908 385 384
f 1908 384 1907
f 1907 384 383
f 1907 383 1906
f 1906 383 382
f 1906 382 1905
f 1905 382 381
f 1905 381 1904
f 1904 381 380
f 1904 380 1903
f 1903 380 379
f 1903 379 378
f 1903 378 1902
f 1902 378 377
f 1902 377 376
f 1902 376 1901
f 1901 376 375
f 1901 375 1900
f 1900 375 374
f 1900 374 1899
f 1899 374 373
f 1899 373 1898
f 1898 373 372
f 1898 372 1897
f 1897 372 371
f 1897 371 1896
f 1896 371 1895
f 1895 371 370
f 1895 370 1894
f 1894 370 1893
f 1893 370 1892
f 1892 370 1891
f 1891 370 1890
f 1890 370 1889
f 1889 370 1888
f 1888 370 1887
f 1887 370 1886
f 1886 370 1885
f 1885 370 1884
f 1884 370 1883
f 1883 370 1882
f 1882 370 1881
f 1881 370 1880
f 1880 370 1879
f 1879 370 369
f 1866 1867 367
f 367 1867 1868
f 367 1868 1869
f 1869 1870 367
f 367 1870 1871
f 367 1871 1872
f 1872 1873 367
f 367 1873 1874
f 367 1874 1875
f 1875 1876 367
f 367 1876 1877
f 367 1877 1878
f 405 404 407
f 407 404 403
f 407 403 402
f 407 406 405
f 1928 1961 1927
f 1927 1961 1962
f 1927 1962 1963
f 1961 1928 1960
f 1960 1928 1929
f 1960 1929 1959
f 1959 1929 1930
f 1959 1930 1958
f 1958 1930 1931
f 1958 1931 1957
f 1957 1931 1932
f 1957 1932 1956
f 1956 1932 1933
f 1956 1933 1955
f 1955 1933 1934
f 1955 1934 1954
f 1954 1934 1935
f 1954 1935 1953
f 1953 1935 1936
f 1953 1936 1952
f 1952 1936 1937
f 1952 1937 1951
f 1951 1937 1938
f 1951 1938 1950
f 1950 1938 1939
f 1950 1939 1940
f 1950 1940 1949
f 1949 1940 1941
f 1949 1941 1948
f 1948 1941 1942
f 1948 1942 1947
f 1947 1942 1943
f 1947 1943 1946
f 1946 1943 1944
f 1946 1944 1945
f 1964 1999 1963
f 1963 1999 2000
f 1963 2000 1927
f 1927 2000 1998
f 1998 2000 2001
f 1998 2001 2002
f 1964 1965 1999
f 1999 1965 1966
f 1999 1966 1967
f 1967 1968 1999
f 1999 1968 1969
f 1999 1969 1970
f 1970 1971 1999
f 1999 1971 1972
f 1999 1972 1973
f 1973 1974 1999
f 1999 1974 1975
f 1999 1975 1976
f 1976 1977 1999
f 1999 1977 1978
f 1999 1978 1979
f 1979 1980 1999
f 1999 1980 2034
f 2034 1980 2033
f 2033 1980 2032
f 2032 1980 2031
f 2031 1980 2030
f 2030 1980 2029
f 2029 1980 2028
f 2028 1980 2027
f 2027 1980 2026
f 2026 1980 2025
f 2025 1980 2024
f 2024 1980 2023
f 2023 1980 2022
f 2022 1980 2021
f 2021 1980 2020
f 2020 1980 2019
f 2019 1980 1981
f 2019 1981 2018
f 2018 1981 2017
f 2017 1981 1982
f 2017 1982 2016
f 2016 1982 1983
f 2016 1983 2015
f 2015 1983 1984
f 2015 1984 2014
f 2014 1984 1985
f 2014 1985 2013
f 2013 1985 1986
f 2013 1986 2012
f 2012 1986 2011
f 2011 1986 2010
f 2010 1986 2009
f 2009 1986 2008
f 2008 1986 2007
f 2007 1986 2006
f 2006 1986 2005
f 2005 1986 2004
f 2004 1986 1987
f 2004 1987 1988
f 1988 1989 2004
f 2004 1989 1990
f 2004 1990 1991
f 1991 1992 2004
f 2004 1992 1993
f 2004 1993 1994
f 2004 1994 2003
f 2003 1994 1995
f 2003 1995 1996
f 1996 1997 2003
f 2003 1997 2002
f 2002 1997 1998
f 2036 2047 2035
f 2035 2047 2162
f 2035 2162 2163
f 2036 2037 2047
f 2047 2037 2038
f 2047 2038 2039
f 2039 2040 2047
f 2047 2040 2041
f 2047 2041 2042
f 2042 2043 2047
f 2047 2043 2044
f 2047 2044 2045
f 2045 2046 2047
f 2048 1944 2047
f 2047 1944 1943
f 2047 1943 2992
f 2992 1943 1942
f 2992 1942 1941
f 2049 1969 2048
f 2048 1969 1968
f 2048 1968 1967
f 2050 3034 2049
f 2049 3034 1973
f 2049 1973 1972
f 2050 2051 3034
f 3034 2051 2052
f 3034 2052 2053
f 3034 2053 3037
f 3037 2053 2054
f 3037 2054 2055
f 2056 70 2055
f 2055 70 69
f 2055 69 3037
f 3037 69 72
f 3037 72 3036
f 3036 72 2127
f 3036 2127 2113
f 2113 2127 2128
f 2113 2128 2112
f 2112 2128 2118
f 2112 2118 2115
f 2056 2057 70
f 70 2057 2058
f 70 2058 2059
f 2059 2060 70
f 70 2060 71
f 71 2060 2061
f 71 2061 3091
f 3091 2061 3089
f 3091 3089 3090
f 2062 3115 2061
f 2061 3115 3116
f 2061 3116 3117
f 2063 3113 2062
f 2062 3113 3114
f 2062 3114 3115
f 3113 2063 3112
f 3112 2063 2064
f 3112 2064 3111
f 3111 2064 2065
f 3111 2065 3110
f 3110 2065 2066
f 3110 2066 2067
f 2067 2068 3110
f 3110 2068 2069
f 3110 2069 2070
f 3110 2070 3109
f 3109 2070 2071
f 3109 2071 2072
f 2072 2073 3109
f 3109 2073 3108
f 3108 2073 3107
f 3107 2073 3106
f 3106 2073 3105
f 3105 2073 3104
f 3104 2073 3103
f 3103 2073 3102
f 3102 2073 2074
f 3102 2074 3101
f 3101 2074 3100
f 3100 2074 39
f 39 2074 3035
f 39 3035 3068
f 3068 3035 3067
f 3067 3035 3066
f 3066 3035 3065
f 3065 3035 3064
f 3064 3035 3063
f 3063 3035 3062
f 3062 3035 3036
f 3062 3036 3061
f 3061 3036 3060
f 3060 3036 3059
f 3059 3036 3058
f 3058 3036 2140
f 3058 2140 3057
f 3057 2140 2135
f 3057 2135 2136
f 2075 2076 2074
f 2074 2076 2077
f 2074 2077 2078
f 2078 2079 2074
f 2074 2079 2080
f 2074 2080 2081
f 2081 2082 2074
f 2074 2082 2083
f 2074 2083 2084
f 2084 2085 2074
f 2074 2085 2086
f 2074 2086 2087
f 2088 3038 2087
f 2087 3038 3035
f 2087 3035 2074
f 3038 2088 3056
f 3056 2088 2089
f 3056 2089 3055
f 3055 2089 2090
f 3055 2090 3054
f 3054 2090 3053
f 3053 2090 2091
f 3053 2091 3052
f 3052 2091 2092
f 3052 2092 3051
f 3051 2092 2093
f 3051 2093 3050
f 3050 2093 3049
f 3049 2093 3048
f 3048 2093 2094
f 3048 2094 3047
f 3047 2094 3046
f 3046 2094 3045
f 3045 2094 2095
f 3045 2095 2096
f 2096 2097 3045
f 3045 2097 3044
f 3044 2097 2098
f 3044 2098 3043
f 3043 2098 3042
f 3042 2098 3041
f 3041 2098 3040
f 3040 2098 3039
f 3039 2098 1
f 1 2098 2099
f 1 2099 2
f 2 2099 3
f 3 2099 4
f 4 2099 5
f 5 2099 6
f 6 2099 7
f 7 2099 2100
f 7 2100 2101
f 7 2101 8
f 8 2101 2102
f 8 2102 2103
f 2103 2104 8
f 8 2104 9
f 9 2104 10
f 10 2104 2105
f 10 2105 11
f 11 2105 12
f 12 2105 13
f 13 2105 14
f 14 2105 2106
f 14 2106 15
f 15 2106 2107
f 15 2107 16
f 16 2107 2108
f 16 2108 17
f 17 2108 2109
f 17 2109 18
f 18 2109 2847
f 18 2847 19
f 19 2847 2848
f 19 2848 2859
f 2859 2848 2849
f 2859 2849 2858
f 2858 2849 2844
f 2858 2844 2845
f 2847 2109 2805
f 2805 2109 2110
f 2805 2110 2804
f 2804 2110 2563
f 2804 2563 2678
f 2678 2563 2677
f 2677 2563 2641
f 2677 2641 2676
f 2676 2641 2675
f 2675 2641 2674
f 2674 2641 2673
f 2673 2641 2672
f 2672 2641 2671
f 2671 2641 2670
f 2670 2641 2669
f 2669 2641 2668
f 2668 2641 2667
f 2667 2641 2666
f 2666 2641 2665
f 2665 2641 2664
f 2664 2641 2663
f 2663 2641 2662
f 2662 2641 2661
f 2661 2641 2642
f 2661 2642 2660
f 2660 2642 2643
f 2660 2643 2644
f 2035 2163 2110
f 2110 2163 2164
f 2110 2164 2165
f 2112 71 2111
f 2111 71 2133
f 2111 2133 2130
f 2113 2114 3036
f 3036 2114 2139
f 3036 2139 2140
f 2139 2114 2138
f 2138 2114 2111
f 2138 2111 2134
f 2134 2111 2137
f 2137 2111 2130
f 2137 2130 2131
f 2112 2115 2122
f 2122 2115 2116
f 2122 2116 2121
f 2121 2116 71
f 2121 71 2120
f 2120 71 2119
f 2119 71 2112
f 2119 2112 2122
f 71 2116 2126
f 2126 2116 2117
f 2126 2117 2124
f 2124 2117 2118
f 2124 2118 2123
f 2123 2118 2128
f 2123 2128 2129
f 2124 2125 2126
f 71 2126 72
f 72 2126 2127
f 2132 3099 2131
f 2131 3099 3057
f 2131 3057 2136
f 2133 3091 2132
f 2132 3091 3092
f 2132 3092 3093
f 2138 2134 2143
f 2143 2134 2135
f 2143 2135 2142
f 2142 2135 2140
f 2142 2140 2141
f 2136 2137 2131
f 2143 2144 2138
f 2191 2145 2209
f 2209 2145 2146
f 2209 2146 2208
f 2208 2146 2147
f 2208 2147 2207
f 2207 2147 2148
f 2207 2148 2206
f 2206 2148 2149
f 2206 2149 2205
f 2205 2149 2150
f 2205 2150 2204
f 2204 2150 2151
f 2204 2151 2203
f 2203 2151 2152
f 2203 2152 2202
f 2202 2152 2153
f 2202 2153 2201
f 2201 2153 2200
f 2200 2153 2154
f 2200 2154 2199
f 2199 2154 2155
f 2199 2155 2198
f 2198 2155 2156
f 2198 2156 2157
f 2198 2157 2197
f 2197 2157 2158
f 2197 2158 2196
f 2196 2158 2159
f 2196 2159 2195
f 2195 2159 2160
f 2195 2160 2194
f 2194 2160 2047
f 2194 2047 2193
f 2193 2047 2192
f 2192 2047 2250
f 2192 2250 2247
f 2247 2250 2251
f 2247 2251 2246
f 2246 2251 2245
f 2245 2251 2244
f 2244 2251 2243
f 2243 2251 2242
f 2242 2251 2241
f 2241 2251 2240
f 2240 2251 2239
f 2239 2251 2238
f 2238 2251 2237
f 2237 2251 2236
f 2236 2251 2235
f 2235 2251 2234
f 2234 2251 2233
f 2233 2251 2232
f 2232 2251 2167
f 2232 2167 2231
f 2231 2167 2168
f 2231 2168 2169
f 2160 2161 2047
f 2047 2161 2162
f 2110 2165 2356
f 2356 2165 2166
f 2356 2166 2167
f 2169 2170 2231
f 2231 2170 2171
f 2231 2171 2230
f 2230 2171 2172
f 2230 2172 2173
f 2173 2174 2230
f 2230 2174 2175
f 2230 2175 2176
f 2176 2177 2230
f 2230 2177 2178
f 2230 2178 2179
f 2179 2180 2230
f 2230 2180 2229
f 2229 2180 2181
f 2229 2181 2182
f 2182 2183 2229
f 2229 2183 2186
f 2229 2186 2210
f 2210 2186 2187
f 2210 2187 2188
f 2183 2184 2186
f 2186 2184 2185
f 2188 2189 2210
f 2210 2189 2190
f 2210 2190 2191
f 2210 2191 2209
f 2229 2210 2228
f 2228 2210 2211
f 2228 2211 2212
f 2212 2213 2228
f 2228 2213 2214
f 2228 2214 2215
f 2215 2216 2228
f 2228 2216 2217
f 2228 2217 2218
f 2218 2219 2228
f 2228 2219 2220
f 2228 2220 2221
f 2221 2222 2228
f 2228 2222 2223
f 2228 2223 2224
f 2224 2225 2228
f 2228 2225 2226
f 2228 2226 2227
f 2249 2305 2248
f 2248 2305 2322
f 2248 2322 2337
f 2337 2322 2323
f 2337 2323 2324
f 2250 2047 2249
f 2249 2047 2304
f 2249 2304 2305
f 2167 2251 2356
f 2356 2251 2252
f 2356 2252 2253
f 2253 2254 2356
f 2356 2254 2255
f 2356 2255 2256
f 2256 2257 2356
f 2356 2257 2258
f 2356 2258 2259
f 2259 2260 2356
f 2356 2260 2261
f 2356 2261 2262
f 2262 2263 2356
f 2356 2263 2264
f 2356 2264 2265
f 2265 2266 2356
f 2356 2266 2267
f 2356 2267 2268
f 2356 2268 2355
f 2355 2268 2269
f 2355 2269 2047
f 2047 2269 2270
f 2047 2270 2303
f 2303 2270 2271
f 2303 2271 2302
f 2302 2271 2285
f 2302 2285 2286
f 2271 2272 2285
f 2285 2272 2273
f 2285 2273 2274
f 2274 2275 2285
f 2285 2275 2276
f 2285 2276 2277
f 2277 2278 2285
f 2285 2278 2279
f 2285 2279 2280
f 2280 2281 2285
f 2285 2281 2282
f 2285 2282 2283
f 2283 2284 2285
f 2302 2286 2301
f 2301 2286 2287
f 2301 2287 2288
f 2288 2289 2301
f 2301 2289 2290
f 2301 2290 2291
f 2291 2292 2301
f 2301 2292 2293
f 2301 2293 2294
f 2294 2295 2301
f 2301 2295 2296
f 2301 2296 2297
f 2297 2298 2301
f 2301 2298 2299
f 2301 2299 2300
f 2303 2304 2047
f 2322 2305 2321
f 2321 2305 2306
f 2321 2306 2307
f 2307 2308 2321
f 2321 2308 2309
f 2321 2309 2310
f 2310 2311 2321
f 2321 2311 2312
f 2321 2312 2313
f 2313 2314 2321
f 2321 2314 2315
f 2321 2315 2316
f 2316 2317 2321
f 2321 2317 2318
f 2321 2318 2319
f 2319 2320 2321
f 2324 2325 2337
f 2337 2325 2326
f 2337 2326 2327
f 2327 2328 2337
f 2337 2328 2329
f 2337 2329 2330
f 2330 2331 2337
f 2337 2331 2332
f 2337 2332 2333
f 2333 2334 2337
f 2337 2334 2335
f 2337 2335 2336
f 2339 2392 2338
f 2338 2392 2393
f 2338 2393 2375
f 2375 2393 2394
f 2375 2394 2374
f 2374 2394 2373
f 2373 2394 2372
f 2372 2394 2371
f 2371 2394 2370
f 2370 2394 2369
f 2369 2394 2368
f 2368 2394 2367
f 2367 2394 2366
f 2366 2394 2365
f 2365 2394 2364
f 2364 2394 2363
f 2363 2394 2362
f 2362 2394 2361
f 2361 2394 2357
f 2361 2357 2360
f 2360 2357 2359
f 2359 2357 2358
f 2392 2339 2391
f 2391 2339 2340
f 2391 2340 2390
f 2390 2340 2341
f 2390 2341 2389
f 2389 2341 2342
f 2389 2342 2388
f 2388 2342 2343
f 2388 2343 2344
f 2388 2344 2387
f 2387 2344 2345
f 2387 2345 2386
f 2386 2345 2385
f 2385 2345 2346
f 2385 2346 2384
f 2384 2346 2347
f 2384 2347 2383
f 2383 2347 2348
f 2383 2348 2382
f 2382 2348 2349
f 2382 2349 2381
f 2381 2349 2350
f 2381 2350 2380
f 2380 2350 2351
f 2380 2351 2379
f 2379 2351 2352
f 2379 2352 2378
f 2378 2352 2353
f 2378 2353 2377
f 2377 2353 2354
f 2377 2354 2047
f 2047 2354 2355
f 2356 2357 2110
f 2110 2357 2453
f 2110 2453 2454
f 2377 2047 2376
f 2376 2047 2450
f 2376 2450 2447
f 2447 2450 2446
f 2446 2450 2445
f 2445 2450 2444
f 2444 2450 2443
f 2443 2450 2442
f 2442 2450 2441
f 2441 2450 2440
f 2440 2450 2439
f 2439 2450 2438
f 2438 2450 2437
f 2437 2450 2436
f 2436 2450 2435
f 2435 2450 2434
f 2434 2450 2433
f 2433 2450 2432
f 2432 2450 2452
f 2432 2452 2431
f 2431 2452 2453
f 2431 2453 2430
f 2430 2453 2395
f 2430 2395 2396
f 2394 2395 2357
f 2357 2395 2453
f 2397 2398 2396
f 2396 2398 2399
f 2396 2399 2400
f 2400 2401 2396
f 2396 2401 2402
f 2396 2402 2403
f 2403 2404 2396
f 2396 2404 2405
f 2396 2405 2406
f 2406 2407 2396
f 2396 2407 2408
f 2396 2408 2409
f 2409 2410 2396
f 2396 2410 2411
f 2396 2411 2412
f 2412 2413 2396
f 2396 2413 2429
f 2396 2429 2430
f 2414 2415 2413
f 2413 2415 2416
f 2413 2416 2417
f 2417 2418 2413
f 2413 2418 2419
f 2413 2419 2420
f 2420 2421 2413
f 2413 2421 2422
f 2413 2422 2423
f 2423 2424 2413
f 2413 2424 2425
f 2413 2425 2426
f 2426 2427 2413
f 2413 2427 2428
f 2413 2428 2429
f 2455 2448 2474
f 2474 2448 2449
f 2474 2449 2473
f 2473 2449 2472
f 2472 2449 2471
f 2471 2449 2470
f 2470 2449 2469
f 2469 2449 2468
f 2468 2449 2467
f 2467 2449 2466
f 2466 2449 2465
f 2465 2449 2464
f 2464 2449 2463
f 2463 2449 2462
f 2462 2449 2461
f 2461 2449 2460
f 2460 2449 2459
f 2459 2449 2458
f 2458 2449 2457
f 2457 2449 2047
f 2457 2047 2456
f 2456 2047 2530
f 2456 2530 2531
f 2449 2450 2047
f 2450 2451 2452
f 2455 2485 2454
f 2454 2485 2486
f 2454 2486 2487
f 2474 2475 2455
f 2455 2475 2476
f 2455 2476 2477
f 2477 2478 2455
f 2455 2478 2479
f 2455 2479 2480
f 2480 2481 2455
f 2455 2481 2482
f 2455 2482 2483
f 2483 2484 2455
f 2455 2484 2485
f 2487 2488 2454
f 2454 2488 2489
f 2454 2489 2490
f 2490 2491 2454
f 2454 2491 2492
f 2454 2492 2534
f 2534 2492 2493
f 2534 2493 2494
f 2494 2495 2534
f 2534 2495 2496
f 2534 2496 2497
f 2497 2498 2534
f 2534 2498 2499
f 2534 2499 2500
f 2500 2501 2534
f 2534 2501 2533
f 2533 2501 2502
f 2533 2502 2503
f 2503 2504 2533
f 2533 2504 2505
f 2533 2505 2506
f 2506 2507 2533
f 2533 2507 2532
f 2532 2507 2508
f 2532 2508 2527
f 2527 2508 2526
f 2526 2508 2509
f 2526 2509 2510
f 2511 2512 2510
f 2510 2512 2513
f 2510 2513 2514
f 2514 2515 2510
f 2510 2515 2516
f 2510 2516 2517
f 2517 2518 2510
f 2510 2518 2519
f 2510 2519 2520
f 2520 2521 2510
f 2510 2521 2522
f 2510 2522 2523
f 2523 2524 2510
f 2510 2524 2525
f 2510 2525 2526
f 2532 2527 2531
f 2531 2527 2456
f 2528 2529 2543
f 2543 2529 2047
f 2543 2047 2542
f 2542 2047 2545
f 2542 2545 2546
f 2529 2530 2047
f 2454 2534 2562
f 2562 2534 2535
f 2562 2535 2537
f 2537 2535 2536
f 2537 2538 2562
f 2562 2538 2539
f 2562 2539 2561
f 2561 2539 2540
f 2561 2540 2541
f 2542 2555 2541
f 2541 2555 2556
f 2541 2556 2557
f 2545 2047 2544
f 2544 2047 2587
f 2544 2587 2588
f 2546 2547 2542
f 2542 2547 2548
f 2542 2548 2549
f 2549 2550 2542
f 2542 2550 2551
f 2542 2551 2552
f 2552 2553 2542
f 2542 2553 2554
f 2542 2554 2555
f 2557 2558 2541
f 2541 2558 2559
f 2541 2559 2560
f 2560 2561 2541
f 2454 2562 2110
f 2110 2562 2563
f 2564 2565 2563
f 2563 2565 2604
f 2563 2604 2605
f 2565 2566 2604
f 2604 2566 2603
f 2603 2566 2585
f 2603 2585 2602
f 2602 2585 2601
f 2601 2585 2600
f 2600 2585 2599
f 2599 2585 2544
f 2599 2544 2598
f 2598 2544 2597
f 2597 2544 2596
f 2596 2544 2595
f 2595 2544 2594
f 2594 2544 2593
f 2593 2544 2592
f 2592 2544 2591
f 2591 2544 2590
f 2590 2544 2589
f 2589 2544 2588
f 2567 2568 2566
f 2566 2568 2585
f 2569 2570 2568
f 2568 2570 2571
f 2568 2571 2572
f 2572 2573 2568
f 2568 2573 2574
f 2568 2574 2575
f 2575 2576 2568
f 2568 2576 2577
f 2568 2577 2578
f 2578 2579 2568
f 2568 2579 2580
f 2568 2580 2581
f 2581 2582 2568
f 2568 2582 2583
f 2568 2583 2584
f 2584 2585 2568
f 2587 2047 2586
f 2586 2047 2660
f 2586 2660 2657
f 2657 2660 2656
f 2656 2660 2655
f 2655 2660 2654
f 2654 2660 2653
f 2653 2660 2652
f 2652 2660 2651
f 2651 2660 2650
f 2650 2660 2649
f 2649 2660 2648
f 2648 2660 2647
f 2647 2660 2646
f 2646 2660 2645
f 2645 2660 2644
f 2563 2605 2640
f 2640 2605 2606
f 2640 2606 2639
f 2639 2606 2623
f 2639 2623 2638
f 2638 2623 2637
f 2637 2623 2636
f 2636 2623 2635
f 2635 2623 2634
f 2634 2623 2633
f 2633 2623 2632
f 2632 2623 2631
f 2631 2623 2630
f 2630 2623 2629
f 2629 2623 2628
f 2628 2623 2627
f 2627 2623 2626
f 2626 2623 2625
f 2625 2623 2624
f 2607 2608 2606
f 2606 2608 2609
f 2606 2609 2610
f 2610 2611 2606
f 2606 2611 2612
f 2606 2612 2613
f 2613 2614 2606
f 2606 2614 2615
f 2606 2615 2616
f 2616 2617 2606
f 2606 2617 2618
f 2606 2618 2619
f 2619 2620 2606
f 2606 2620 2621
f 2606 2621 2622
f 2622 2623 2606
f 2640 2641 2563
f 2659 2713 2658
f 2658 2713 2679
f 2658 2679 2680
f 2660 2047 2659
f 2659 2047 2697
f 2659 2697 2698
f 2679 2718 2678
f 2678 2718 2719
f 2678 2719 2720
f 2658 2680 2695
f 2695 2680 2681
f 2695 2681 2682
f 2682 2683 2695
f 2695 2683 2684
f 2695 2684 2685
f 2685 2686 2695
f 2695 2686 2687
f 2695 2687 2688
f 2688 2689 2695
f 2695 2689 2690
f 2695 2690 2691
f 2691 2692 2695
f 2695 2692 2693
f 2695 2693 2694
f 2697 2047 2696
f 2696 2047 2769
f 2696 2769 2770
f 2698 2699 2659
f 2659 2699 2700
f 2659 2700 2701
f 2701 2702 2659
f 2659 2702 2703
f 2659 2703 2704
f 2704 2705 2659
f 2659 2705 2706
f 2659 2706 2707
f 2707 2708 2659
f 2659 2708 2709
f 2659 2709 2710
f 2710 2711 2659
f 2659 2711 2712
f 2659 2712 2713
f 2713 2714 2679
f 2679 2714 2715
f 2679 2715 2716
f 2716 2717 2679
f 2679 2717 2718
f 2720 2721 2678
f 2678 2721 2722
f 2678 2722 2723
f 2723 2724 2678
f 2678 2724 2725
f 2678 2725 2726
f 2726 2727 2678
f 2678 2727 2728
f 2678 2728 2729
f 2729 2730 2678
f 2678 2730 2804
f 2730 2731 2804
f 2804 2731 2732
f 2804 2732 2733
f 2734 2799 2733
f 2733 2799 2800
f 2733 2800 2804
f 2804 2800 2801
f 2804 2801 2802
f 2799 2734 2798
f 2798 2734 2735
f 2798 2735 2797
f 2797 2735 2736
f 2797 2736 2796
f 2796 2736 2737
f 2796 2737 2738
f 2796 2738 2795
f 2795 2738 2739
f 2795 2739 2794
f 2794 2739 2793
f 2793 2739 2740
f 2793 2740 2792
f 2792 2740 2741
f 2792 2741 2742
f 2743 2790 2742
f 2742 2790 2791
f 2742 2791 2792
f 2743 2744 2790
f 2790 2744 2789
f 2789 2744 2745
f 2789 2745 2788
f 2788 2745 2746
f 2788 2746 2787
f 2787 2746 2747
f 2787 2747 2786
f 2786 2747 2748
f 2786 2748 2785
f 2785 2748 2767
f 2785 2767 2784
f 2784 2767 2783
f 2783 2767 2782
f 2782 2767 2781
f 2781 2767 2696
f 2781 2696 2780
f 2780 2696 2779
f 2779 2696 2778
f 2778 2696 2777
f 2777 2696 2776
f 2776 2696 2775
f 2775 2696 2774
f 2774 2696 2773
f 2773 2696 2772
f 2772 2696 2771
f 2771 2696 2770
f 2767 2748 2766
f 2766 2748 2749
f 2766 2749 2750
f 2751 2752 2750
f 2750 2752 2753
f 2750 2753 2754
f 2754 2755 2750
f 2750 2755 2756
f 2750 2756 2757
f 2757 2758 2750
f 2750 2758 2759
f 2750 2759 2760
f 2760 2761 2750
f 2750 2761 2762
f 2750 2762 2763
f 2763 2764 2750
f 2750 2764 2765
f 2750 2765 2766
f 2769 2047 2768
f 2768 2047 2808
f 2768 2808 2809
f 2802 2803 2804
f 2768 2809 2805
f 2805 2809 2810
f 2805 2810 2847
f 2847 2810 2811
f 2847 2811 2812
f 2806 2807 2843
f 2843 2807 2846
f 2843 2846 2842
f 2842 2846 2841
f 2841 2846 2840
f 2840 2846 2839
f 2839 2846 2838
f 2838 2846 2837
f 2837 2846 2836
f 2836 2846 2835
f 2835 2846 2834
f 2834 2846 2833
f 2833 2846 2832
f 2832 2846 2831
f 2831 2846 2830
f 2830 2846 2829
f 2829 2846 2828
f 2828 2846 2827
f 2827 2846 2847
f 2827 2847 2826
f 2826 2847 2825
f 2825 2847 2824
f 2824 2847 2823
f 2823 2847 2822
f 2822 2847 2821
f 2821 2847 2820
f 2820 2847 2819
f 2819 2847 2818
f 2818 2847 2817
f 2817 2847 2816
f 2816 2847 2815
f 2815 2847 2814
f 2814 2847 2813
f 2813 2847 2812
f 2846 2807 2047
f 2047 2807 2808
f 2858 2845 2047
f 2047 2845 2846
f 2850 2852 2849
f 2849 2852 2853
f 2849 2853 2844
f 2844 2853 2855
f 2855 2853 2854
f 2850 2851 2852
f 2857 2863 2856
f 2856 2863 2916
f 2856 2916 19
f 19 2916 2917
f 19 2917 3010
f 3010 2917 2975
f 3010 2975 2976
f 2858 2047 2857
f 2857 2047 2862
f 2857 2862 2863
f 2859 2856 19
f 2860 2861 2897
f 2897 2861 2910
f 2897 2910 2911
f 2862 2047 2861
f 2861 2047 2899
f 2861 2899 2900
f 2863 2864 2916
f 2916 2864 2865
f 2916 2865 2866
f 2866 2867 2916
f 2916 2867 2868
f 2916 2868 2869
f 2869 2870 2916
f 2916 2870 2871
f 2916 2871 2872
f 2872 2873 2916
f 2916 2873 2874
f 2916 2874 2875
f 2875 2876 2916
f 2916 2876 2877
f 2916 2877 2878
f 2878 2879 2916
f 2916 2879 2880
f 2916 2880 2881
f 2916 2881 2915
f 2915 2881 2882
f 2915 2882 2883
f 2883 2884 2915
f 2915 2884 2885
f 2915 2885 2886
f 2886 2887 2915
f 2915 2887 2888
f 2915 2888 2889
f 2889 2890 2915
f 2915 2890 2891
f 2915 2891 2892
f 2892 2893 2915
f 2915 2893 2894
f 2915 2894 2895
f 2915 2895 2914
f 2914 2895 2896
f 2914 2896 2913
f 2913 2896 2897
f 2913 2897 2912
f 2912 2897 2911
f 2899 2047 2898
f 2898 2047 2937
f 2898 2937 2938
f 2900 2901 2861
f 2861 2901 2902
f 2861 2902 2903
f 2903 2904 2861
f 2861 2904 2905
f 2861 2905 2906
f 2906 2907 2861
f 2861 2907 2908
f 2861 2908 2909
f 2909 2910 2861
f 2918 2973 2917
f 2917 2973 2974
f 2917 2974 2975
f 2919 2920 2918
f 2918 2920 2921
f 2918 2921 2922
f 2922 2923 2918
f 2918 2923 2924
f 2918 2924 2925
f 2925 2926 2918
f 2918 2926 2927
f 2918 2927 2928
f 2928 2929 2918
f 2918 2929 2930
f 2918 2930 2931
f 2931 2932 2918
f 2918 2932 2933
f 2918 2933 2934
f 2934 2935 2918
f 2918 2935 2954
f 2918 2954 2973
f 2973 2954 2972
f 2972 2954 2955
f 2972 2955 2956
f 2898 2949 2935
f 2935 2949 2950
f 2935 2950 2951
f 2937 2047 2936
f 2936 2047 2993
f 2936 2993 2994
f 2938 2939 2898
f 2898 2939 2940
f 2898 2940 2941
f 2941 2942 2898
f 2898 2942 2943
f 2898 2943 2944
f 2944 2945 2898
f 2898 2945 2946
f 2898 2946 2947
f 2947 2948 2898
f 2898 2948 2949
f 2951 2952 2935
f 2935 2952 2953
f 2935 2953 2954
f 2956 2957 2972
f 2972 2957 2958
f 2972 2958 2959
f 2959 2960 2972
f 2972 2960 2961
f 2972 2961 2962
f 2962 2963 2972
f 2972 2963 2964
f 2972 2964 2965
f 2965 2966 2972
f 2972 2966 2967
f 2972 2967 2968
f 2968 2969 2972
f 2972 2969 2970
f 2972 2970 2971
f 2976 2977 3010
f 3010 2977 2978
f 3010 2978 2979
f 2979 2980 3010
f 3010 2980 2981
f 3010 2981 2982
f 2982 2983 3010
f 3010 2983 2984
f 3010 2984 2985
f 2985 2986 3010
f 3010 2986 2987
f 3010 2987 2988
f 2988 2989 3010
f 3010 2989 2990
f 3010 2990 2991
f 3010 2991 3009
f 3009 2991 2936
f 3009 2936 3008
f 3008 2936 3007
f 3007 2936 3006
f 3006 2936 3005
f 3005 2936 3004
f 3004 2936 3003
f 3003 2936 3002
f 3002 2936 3001
f 3001 2936 3000
f 3000 2936 2999
f 2999 2936 2998
f 2998 2936 2997
f 2997 2936 2996
f 2996 2936 2995
f 2995 2936 2994
f 2992 2993 2047
f 3010 3011 19
f 19 3011 3038
f 3038 3011 3034
f 3038 3034 3035
f 3012 3013 3011
f 3011 3013 1984
f 3011 1984 1983
f 3014 1994 3013
f 3013 1994 1993
f 3013 1993 1992
f 3015 3016 3014
f 3014 3016 3033
f 3014 3033 1927
f 1927 3033 1928
f 1928 3033 1929
f 1929 3033 1930
f 1930 3033 1931
f 1931 3033 2992
f 1931 2992 1932
f 1932 2992 1933
f 1933 2992 1934
f 1934 2992 1935
f 1935 2992 1936
f 1936 2992 1937
f 1937 2992 1938
f 1938 2992 1939
f 1939 2992 1940
f 1940 2992 1941
f 3017 3018 3016
f 3016 3018 3019
f 3016 3019 3020
f 3020 3021 3016
f 3016 3021 3022
f 3016 3022 3023
f 3023 3024 3016
f 3016 3024 3025
f 3016 3025 3026
f 3026 3027 3016
f 3016 3027 3028
f 3016 3028 3029
f 3029 3030 3016
f 3016 3030 3031
f 3016 3031 3032
f 3032 3033 3016
f 1927 1998 3014
f 3014 1998 1997
f 3014 1997 1996
f 1996 1995 3014
f 3014 1995 1994
f 1992 1991 3013
f 3013 1991 1990
f 3013 1990 1989
f 1989 1988 3013
f 3013 1988 1987
f 3013 1987 1986
f 1986 1985 3013
f 3013 1985 1984
f 1983 1982 3011
f 3011 1982 1981
f 3011 1981 1980
f 1980 1979 3011
f 3011 1979 3034
f 1979 1978 3034
f 3034 1978 1977
f 3034 1977 1976
f 1976 1975 3034
f 3034 1975 1974
f 3034 1974 1973
f 1972 1971 2049
f 2049 1971 1970
f 2049 1970 1969
f 1967 1966 2048
f 2048 1966 1965
f 2048 1965 1964
f 1963 1946 1964
f 1964 1946 1945
f 1964 1945 2048
f 2048 1945 1944
f 1963 1962 1946
f 1946 1962 1947
f 1947 1962 1948
f 1948 1962 1949
f 1949 1962 1950
f 1950 1962 1951
f 1951 1962 1952
f 1952 1962 1953
f 1953 1962 1954
f 1954 1962 1955
f 1955 1962 1956
f 1956 1962 1957
f 1957 1962 1958
f 1958 1962 1959
f 1959 1962 1960
f 1960 1962 1961
f 3068 3069 39
f 39 3069 40
f 40 3069 3070
f 40 3070 41
f 41 3070 3071
f 41 3071 42
f 42 3071 3072
f 42 3072 43
f 43 3072 3073
f 43 3073 44
f 44 3073 45
f 45 3073 46
f 46 3073 47
f 47 3073 48
f 48 3073 49
f 49 3073 50
f 50 3073 51
f 51 3073 52
f 52 3073 53
f 53 3073 3074
f 53 3074 3125
f 3125 3074 3075
f 3125 3075 3076
f 3076 3077 3125
f 3125 3077 3078
f 3125 3078 3079
f 3079 3080 3125
f 3125 3080 3081
f 3125 3081 3082
f 3082 3083 3125
f 3125 3083 3084
f 3125 3084 3124
f 3124 3084 3085
f 3124 3085 3123
f 3123 3085 3086
f 3123 3086 3122
f 3122 3086 3087
f 3122 3087 2061
f 2061 3087 3088
f 2061 3088 3089
f 3093 3094 2132
f 2132 3094 3095
f 2132 3095 3096
f 3096 3097 2132
f 2132 3097 3098
f 2132 3098 3099
f 3117 3118 2061
f 2061 3118 3119
f 2061 3119 3120
f 3120 3121 2061
f 2061 3121 3122
f 2133 71 3091
f 2000 1999 2001
f 2001 1999 2030
f 2001 2030 2018
f 2018 2030 2029
f 2018 2029 2028
f 2034 2033 1999
f 1999 2033 2032
f 1999 2032 2031
f 2031 2030 1999
f 2028 2027 2018
f 2018 2027 2026
f 2018 2026 2025
f 2025 2024 2018
f 2018 2024 2023
f 2018 2023 2022
f 2022 2021 2018
f 2018 2021 2020
f 2018 2020 2019
f 2018 2017 2001
f 2001 2017 2002
f 2002 2017 2003
f 2003 2017 2004
f 2004 2017 2005
f 2005 2017 2006
f 2006 2017 2007
f 2007 2017 2008
f 2008 2017 2009
f 2009 2017 2010
f 2010 2017 2011
f 2011 2017 2012
f 2012 2017 2013
f 2013 2017 2014
f 2014 2017 2015
f 2015 2017 2016
f 2952 3142 2953
f 2953 3142 3143
f 2953 3143 3144
f 3142 2952 3141
f 3141 2952 2951
f 3141 2951 3140
f 3140 2951 2950
f 3140 2950 3139
f 3139 2950 2949
f 3139 2949 3138
f 3138 2949 2948
f 3138 2948 3137
f 3137 2948 2947
f 3137 2947 3136
f 3136 2947 2946
f 3136 2946 3135
f 3135 2946 2945
f 3135 2945 3134
f 3134 2945 2944
f 3134 2944 3133
f 3133 2944 2943
f 3133 2943 3132
f 3132 2943 2942
f 3132 2942 2941
f 3132 2941 3131
f 3131 2941 2940
f 3131 2940 3130
f 3130 2940 2939
f 3130 2939 3129
f 3129 2939 2938
f 3129 2938 3128
f 3128 2938 2937
f 3128 2937 3127
f 3127 2937 3126
f 3126 2937 2936
f 3126 2936 3145
f 3145 2936 2991
f 3145 2991 2955
f 2955 2991 2956
f 2956 2991 2990
f 2956 2990 2989
f 2989 2988 2956
f 2956 2988 2987
f 2956 2987 2986
f 2986 2985 2956
f 2956 2985 2984
f 2956 2984 2983
f 2983 2982 2956
f 2956 2982 2981
f 2956 2981 2980
f 2980 2979 2956
f 2956 2979 2978
f 2956 2978 2957
f 2957 2978 2958
f 2958 2978 2959
f 2959 2978 2960
f 2960 2978 2961
f 2961 2978 2962
f 2962 2978 2963
f 2963 2978 2964
f 2964 2978 2965
f 2965 2978 2966
f 2966 2978 2967
f 2967 2978 2968
f 2968 2978 2969
f 2969 2978 2977
f 2969 2977 2970
f 2970 2977 2976
f 2970 2976 2971
f 2971 2976 2975
f 2971 2975 2972
f 2972 2975 2974
f 2972 2974 2973
f 3145 2955 3144
f 3144 2955 2954
f 3144 2954 2953
f 3008 3007 3009
f 3009 3007 3006
f 3009 3006 3005
f 3005 3004 3009
f 3009 3004 3003
f 3009 3003 3002
f 3009 3002 3016
f 3016 3002 3001
f 3016 3001 3000
f 3000 2999 3016
f 3016 2999 3017
f 3017 2999 2998
f 3017 2998 3018
f 3018 2998 2997
f 3018 2997 3019
f 3019 2997 2996
f 3019 2996 3020
f 3020 2996 3021
f 3021 2996 2995
f 3021 2995 3022
f 3022 2995 3023
f 3023 2995 3024
f 3024 2995 2994
f 3024 2994 3025
f 3025 2994 3026
f 3026 2994 3027
f 3027 2994 3028
f 3028 2994 2993
f 3028 2993 3029
f 3029 2993 3030
f 3030 2993 3031
f 3031 2993 3032
f 3032 2993 2992
f 3032 2992 3033
f 3016 3015 3009
f 3009 3015 3010
f 3010 3015 3012
f 3010 3012 3011
f 3014 3013 3015
f 3015 3013 3012
f 3142 3129 3143
f 3143 3129 3145
f 3143 3145 3144
f 3142 3141 3129
f 3129 3141 3140
f 3129 3140 3139
f 3139 3138 3129
f 3129 3138 3137
f 3129 3137 3136
f 3129 3136 3130
f 3130 3136 3135
f 3130 3135 3134
f 3134 3133 3130
f 3130 3133 3132
f 3130 3132 3131
f 3129 3128 3145
f 3145 3128 3127
f 3145 3127 3126
f 2861 2860 2862
f 2862 2860 3159
f 2862 3159 3160
f 2897 3147 2860
f 2860 3147 3148
f 2860 3148 3149
f 2896 3206 2897
f 2897 3206 3146
f 2897 3146 3147
f 2896 2895 3206
f 3206 2895 3205
f 3205 2895 2894
f 3205 2894 2893
f 3205 2893 3204
f 3204 2893 2892
f 3204 2892 3203
f 3203 2892 2891
f 3203 2891 3202
f 3202 2891 2890
f 3202 2890 3201
f 3201 2890 2889
f 3201 2889 3200
f 3200 2889 2888
f 3200 2888 2887
f 3200 2887 3199
f 3199 2887 2886
f 3199 2886 3198
f 3198 2886 2885
f 3198 2885 3197
f 3197 2885 2884
f 3197 2884 3196
f 3196 2884 2883
f 3196 2883 2882
f 3196 2882 3195
f 3195 2882 2881
f 3195 2881 3194
f 3194 2881 2880
f 3194 2880 3193
f 3193 2880 3192
f 3192 2880 2879
f 3192 2879 3191
f 3191 2879 2878
f 3191 2878 3190
f 3190 2878 2877
f 3190 2877 2876
f 3190 2876 3189
f 3189 2876 2875
f 3189 2875 3188
f 3188 2875 2874
f 3188 2874 3187
f 3187 2874 2873
f 3187 2873 2872
f 3187 2872 3186
f 3186 2872 2871
f 3186 2871 2870
f 3186 2870 3185
f 3185 2870 2869
f 3185 2869 3184
f 3184 2869 2868
f 3184 2868 3183
f 3183 2868 2867
f 3183 2867 3182
f 3182 2867 2866
f 3182 2866 3181
f 3181 2866 2865
f 3181 2865 3180
f 3180 2865 2864
f 3180 2864 3179
f 3179 2864 3178
f 3178 2864 2863
f 3178 2863 3177
f 3177 2863 3176
f 3176 2863 3175
f 3175 2863 3174
f 3174 2863 3173
f 3173 2863 3172
f 3172 2863 3171
f 3171 2863 3170
f 3170 2863 3169
f 3169 2863 3168
f 3168 2863 3167
f 3167 2863 3166
f 3166 2863 3165
f 3165 2863 3164
f 3164 2863 3163
f 3163 2863 3162
f 3162 2863 3161
f 3161 2863 3160
f 3160 2863 2862
f 3149 3150 2860
f 2860 3150 3151
f 2860 3151 3152
f 3152 3153 2860
f 2860 3153 3154
f 2860 3154 3155
f 3155 3156 2860
f 2860 3156 3157
f 2860 3157 3158
f 3158 3159 2860
f 2914 2913 2915
f 2915 2913 2912
f 2915 2912 2911
f 2911 2910 2915
f 2915 2910 2909
f 2915 2909 2908
f 2908 2907 2915
f 2915 2907 2918
f 2915 2918 2916
f 2916 2918 2917
f 2907 2906 2918
f 2918 2906 2905
f 2918 2905 2904
f 2904 2903 2918
f 2918 2903 2919
f 2919 2903 2902
f 2919 2902 2920
f 2920 2902 2901
f 2920 2901 2921
f 2921 2901 2922
f 2922 2901 2923
f 2923 2901 2900
f 2923 2900 2924
f 2924 2900 2925
f 2925 2900 2926
f 2926 2900 2927
f 2927 2900 2928
f 2928 2900 2899
f 2928 2899 2929
f 2929 2899 2930
f 2930 2899 2931
f 2931 2899 2932
f 2932 2899 2933
f 2933 2899 2934
f 2934 2899 2898
f 2934 2898 2935
f 3160 3147 3161
f 3161 3147 3146
f 3161 3146 3162
f 3162 3146 3179
f 3162 3179 3178
f 3160 3159 3147
f 3147 3159 3158
f 3147 3158 3157
f 3157 3156 3147
f 3147 3156 3155
f 3147 3155 3154
f 3154 3153 3147
f 3147 3153 3152
f 3147 3152 3151
f 3151 3150 3147
f 3147 3150 3149
f 3147 3149 3148
f 3206 3205 3146
f 3146 3205 3204
f 3146 3204 3184
f 3184 3204 3185
f 3185 3204 3203
f 3185 3203 3186
f 3186 3203 3202
f 3186 3202 3201
f 3186 3201 3187
f 3187 3201 3200
f 3187 3200 3199
f 3187 3199 3188
f 3188 3199 3198
f 3188 3198 3189
f 3189 3198 3190
f 3190 3198 3197
f 3190 3197 3191
f 3191 3197 3196
f 3191 3196 3192
f 3192 3196 3195
f 3192 3195 3193
f 3193 3195 3194
f 3146 3184 3179
f 3179 3184 3183
f 3179 3183 3182
f 3182 3181 3179
f 3179 3181 3180
f 3177 3176 3178
f 3178 3176 3175
f 3178 3175 3174
f 3174 3173 3178
f 3178 3173 3172
f 3178 3172 3171
f 3171 3170 3178
f 3178 3170 3169
f 3178 3169 3168
f 3168 3167 3178
f 3178 3167 3166
f 3178 3166 3165
f 3165 3164 3178
f 3178 3164 3163
f 3178 3163 3162
f 2857 2856 2858
f 2858 2856 2859
f 2807 2806 2808
f 2808 2806 3220
f 2808 3220 3221
f 2843 3208 2806
f 2806 3208 3209
f 2806 3209 3210
f 2842 3267 2843
f 2843 3267 3207
f 2843 3207 3208
f 2842 2841 3267
f 3267 2841 3266
f 3266 2841 2840
f 3266 2840 2839
f 3266 2839 3265
f 3265 2839 2838
f 3265 2838 3264
f 3264 2838 2837
f 3264 2837 3263
f 3263 2837 2836
f 3263 2836 3262
f 3262 2836 2835
f 3262 2835 3261
f 3261 2835 2834
f 3261 2834 2833
f 3261 2833 3260
f 3260 2833 2832
f 3260 2832 3259
f 3259 2832 2831
f 3259 2831 3258
f 3258 2831 2830
f 3258 2830 3257
f 3257 2830 2829
f 3257 2829 2828
f 3257 2828 3256
f 3256 2828 2827
f 3256 2827 3255
f 3255 2827 2826
f 3255 2826 3254
f 3254 2826 3253
f 3253 2826 2825
f 3253 2825 3252
f 3252 2825 2824
f 3252 2824 3251
f 3251 2824 2823
f 3251 2823 2822
f 3251 2822 3250
f 3250 2822 2821
f 3250 2821 3249
f 3249 2821 2820
f 3249 2820 3248
f 3248 2820 2819
f 3248 2819 2818
f 3248 2818 3247
f 3247 2818 2817
f 3247 2817 2816
f 3247 2816 3246
f 3246 2816 2815
f 3246 2815 3245
f 3245 2815 2814
f 3245 2814 3244
f 3244 2814 2813
f 3244 2813 3243
f 3243 2813 2812
f 3243 2812 3242
f 3242 2812 2811
f 3242 2811 3241
f 3241 2811 2810
f 3241 2810 3240
f 3240 2810 3239
f 3239 2810 2809
f 3239 2809 3238
f 3238 2809 3237
f 3237 2809 3236
f 3236 2809 3235
f 3235 2809 3234
f 3234 2809 3233
f 3233 2809 3232
f 3232 2809 3231
f 3231 2809 3230
f 3230 2809 3229
f 3229 2809 3228
f 3228 2809 3227
f 3227 2809 3226
f 3226 2809 3225
f 3225 2809 3224
f 3224 2809 3223
f 3223 2809 3222
f 3222 2809 3221
f 3221 2809 2808
f 3210 3211 2806
f 2806 3211 3212
f 2806 3212 3213
f 3213 3214 2806
f 2806 3214 3215
f 2806 3215 3216
f 3216 3217 2806
f 2806 3217 3218
f 2806 3218 3219
f 3219 3220 2806
f 2845 2855 2846
f 2846 2855 2854
f 2846 2854 2851
f 2851 2854 2852
f 2852 2854 2853
f 2845 2844 2855
f 2846 2851 2847
f 2847 2851 2850
f 2847 2850 2848
f 2848 2850 2849
f 2784 3284 2785
f 2785 3284 3285
f 2785 3285 2786
f 2786 3285 3286
f 2786 3286 3287
f 2784 2783 3284
f 3284 2783 2782
f 3284 2782 2781
f 3284 2781 3283
f 3283 2781 2780
f 3283 2780 2779
f 3283 2779 3282
f 3282 2779 2778
f 3282 2778 2777
f 3282 2777 3281
f 3281 2777 2776
f 3281 2776 3280
f 3280 2776 2775
f 3280 2775 3279
f 3279 2775 2774
f 3279 2774 3278
f 3278 2774 2773
f 3278 2773 3277
f 3277 2773 3276
f 3276 2773 2772
f 3276 2772 3275
f 3275 2772 2771
f 3275 2771 3274
f 3274 2771 3273
f 3273 2771 2770
f 3273 2770 3272
f 3272 2770 3271
f 3271 2770 2769
f 3271 2769 3270
f 3270 2769 3269
f 3269 2769 3268
f 3268 2769 2768
f 3268 2768 3331
f 3331 2768 3330
f 3330 2768 3329
f 3329 2768 3328
f 3328 2768 3327
f 3327 2768 3326
f 3326 2768 3325
f 3325 2768 3324
f 3324 2768 3323
f 3323 2768 3322
f 3322 2768 3321
f 3321 2768 3320
f 3320 2768 3319
f 3319 2768 3318
f 3318 2768 3317
f 3317 2768 2805
f 3317 2805 3316
f 3316 2805 3315
f 3315 2805 2803
f 3315 2803 3314
f 3314 2803 3313
f 3313 2803 3312
f 3312 2803 3311
f 3311 2803 3310
f 3310 2803 3309
f 3309 2803 3308
f 3308 2803 3307
f 3307 2803 3306
f 3306 2803 3305
f 3305 2803 3304
f 3304 2803 3303
f 3303 2803 2802
f 3303 2802 3302
f 3302 2802 3301
f 3301 2802 3300
f 3300 2802 2801
f 3300 2801 3299
f 3299 2801 3298
f 3298 2801 2800
f 3298 2800 3297
f 3297 2800 3296
f 3296 2800 2799
f 3296 2799 3295
f 3295 2799 2798
f 3295 2798 3294
f 3294 2798 3293
f 3293 2798 2797
f 3293 2797 3292
f 3292 2797 2796
f 3292 2796 3291
f 3291 2796 2795
f 3291 2795 3290
f 3290 2795 2794
f 3290 2794 3289
f 3289 2794 2793
f 3289 2793 2792
f 2805 2804 2803
f 3289 2792 3288
f 3288 2792 2791
f 3288 2791 2790
f 3288 2790 3287
f 3287 2790 2789
f 3287 2789 2788
f 2788 2787 3287
f 3287 2787 2786
f 3221 3208 3222
f 3222 3208 3207
f 3222 3207 3223
f 3223 3207 3240
f 3223 3240 3239
f 3221 3220 3208
f 3208 3220 3219
f 3208 3219 3218
f 3218 3217 3208
f 3208 3217 3216
f 3208 3216 3215
f 3215 3214 3208
f 3208 3214 3213
f 3208 3213 3212
f 3212 3211 3208
f 3208 3211 3210
f 3208 3210 3209
f 3267 3266 3207
f 3207 3266 3265
f 3207 3265 3245
f 3245 3265 3246
f 3246 3265 3264
f 3246 3264 3247
f 3247 3264 3263
f 3247 3263 3262
f 3247 3262 3248
f 3248 3262 3261
f 3248 3261 3260
f 3248 3260 3249
f 3249 3260 3259
f 3249 3259 3250
f 3250 3259 3251
f 3251 3259 3258
f 3251 3258 3252
f 3252 3258 3257
f 3252 3257 3253
f 3253 3257 3256
f 3253 3256 3254
f 3254 3256 3255
f 3207 3245 3240
f 3240 3245 3244
f 3240 3244 3243
f 3243 3242 3240
f 3240 3242 3241
f 3238 3237 3239
f 3239 3237 3236
f 3239 3236 3235
f 3235 3234 3239
f 3239 3234 3233
f 3239 3233 3232
f 3232 3231 3239
f 3239 3231 3230
f 3239 3230 3229
f 3229 3228 3239
f 3239 3228 3227
f 3239 3227 3226
f 3226 3225 3239
f 3239 3225 3224
f 3239 3224 3223
f 2712 2751 2713
f 2713 2751 2750
f 2713 2750 2749
f 2751 2712 2752
f 2752 2712 2711
f 2752 2711 2753
f 2753 2711 2710
f 2753 2710 2754
f 2754 2710 2709
f 2754 2709 2755
f 2755 2709 2708
f 2755 2708 2756
f 2756 2708 2707
f 2756 2707 2757
f 2757 2707 2706
f 2757 2706 2758
f 2758 2706 2705
f 2758 2705 2759
f 2759 2705 2704
f 2759 2704 2760
f 2760 2704 2703
f 2760 2703 2761
f 2761 2703 2702
f 2761 2702 2762
f 2762 2702 2701
f 2762 2701 2700
f 2762 2700 2763
f 2763 2700 2699
f 2763 2699 2764
f 2764 2699 2698
f 2764 2698 2765
f 2765 2698 2697
f 2765 2697 2766
f 2766 2697 2696
f 2766 2696 2767
f 2748 3332 2749
f 2749 3332 3333
f 2749 3333 2713
f 2713 3333 2714
f 2714 3333 3334
f 2714 3334 3335
f 2748 2747 3332
f 3332 2747 2746
f 3332 2746 2745
f 2745 2744 3332
f 3332 2744 2743
f 3332 2743 2742
f 2742 2741 3332
f 3332 2741 2740
f 3332 2740 2739
f 2739 2738 3332
f 3332 2738 2737
f 3332 2737 2736
f 2736 2735 3332
f 3332 2735 2734
f 3332 2734 2733
f 2733 2732 3332
f 3332 2732 3367
f 3367 2732 3366
f 3366 2732 3365
f 3365 2732 3364
f 3364 2732 3363
f 3363 2732 3362
f 3362 2732 3361
f 3361 2732 3360
f 3360 2732 3359
f 3359 2732 3358
f 3358 2732 3357
f 3357 2732 3356
f 3356 2732 3355
f 3355 2732 3354
f 3354 2732 3353
f 3353 2732 3352
f 3352 2732 2731
f 3352 2731 3351
f 3351 2731 3350
f 3350 2731 2730
f 3350 2730 3349
f 3349 2730 2729
f 3349 2729 3348
f 3348 2729 2728
f 3348 2728 3347
f 3347 2728 2727
f 3347 2727 3346
f 3346 2727 2726
f 3346 2726 3345
f 3345 2726 3344
f 3344 2726 3343
f 3343 2726 3342
f 3342 2726 3341
f 3341 2726 3340
f 3340 2726 3339
f 3339 2726 3338
f 3338 2726 3337
f 3337 2726 2725
f 3337 2725 2724
f 2724 2723 3337
f 3337 2723 2722
f 3337 2722 2721
f 2721 2720 3337
f 3337 2720 2719
f 3337 2719 2718
f 3337 2718 3336
f 3336 2718 2717
f 3336 2717 2716
f 2716 2715 3336
f 3336 2715 3335
f 3335 2715 2714
f 3284 3283 3285
f 3285 3283 3282
f 3285 3282 3281
f 3281 3280 3285
f 3285 3280 3279
f 3285 3279 3278
f 3278 3277 3285
f 3285 3277 3276
f 3285 3276 3275
f 3275 3274 3285
f 3285 3274 3273
f 3285 3273 3272
f 3272 3271 3285
f 3285 3271 3270
f 3285 3270 3269
f 3269 3268 3285
f 3285 3268 3318
f 3285 3318 3317
f 3331 3330 3268
f 3268 3330 3329
f 3268 3329 3328
f 3328 3327 3268
f 3268 3327 3326
f 3268 3326 3325
f 3325 3324 3268
f 3268 3324 3323
f 3268 3323 3322
f 3322 3321 3268
f 3268 3321 3320
f 3268 3320 3319
f 3319 3318 3268
f 3316 3315 3317
f 3317 3315 3314
f 3317 3314 3313
f 3313 3312 3317
f 3317 3312 3311
f 3317 3311 3310
f 3317 3310 3303
f 3303 3310 3309
f 3303 3309 3308
f 3308 3307 3303
f 3303 3307 3306
f 3303 3306 3305
f 3305 3304 3303
f 3317 3303 3286
f 3286 3303 3302
f 3286 3302 3301
f 3301 3300 3286
f 3286 3300 3299
f 3286 3299 3298
f 3298 3297 3286
f 3286 3297 3296
f 3286 3296 3295
f 3295 3294 3286
f 3286 3294 3293
f 3286 3293 3292
f 3292 3291 3286
f 3286 3291 3290
f 3286 3290 3289
f 3289 3288 3286
f 3286 3288 3287
f 3286 3285 3317
f 3333 3332 3334
f 3334 3332 3363
f 3334 3363 3351
f 3351 3363 3362
f 3351 3362 3361
f 3367 3366 3332
f 3332 3366 3365
f 3332 3365 3364
f 3364 3363 3332
f 3361 3360 3351
f 3351 3360 3359
f 3351 3359 3358
f 3358 3357 3351
f 3351 3357 3356
f 3351 3356 3355
f 3355 3354 3351
f 3351 3354 3353
f 3351 3353 3352
f 3351 3350 3334
f 3334 3350 3335
f 3335 3350 3336
f 3336 3350 3337
f 3337 3350 3338
f 3338 3350 3339
f 3339 3350 3340
f 3340 3350 3341
f 3341 3350 3342
f 3342 3350 3343
f 3343 3350 3344
f 3344 3350 3345
f 3345 3350 3346
f 3346 3350 3347
f 3347 3350 3348
f 3348 3350 3349
f 2659 2658 2660
f 2660 2658 2661
f 2661 2658 2695
f 2661 2695 2662
f 2662 2695 2663
f 2663 2695 2664
f 2664 2695 2694
f 2664 2694 2665
f 2665 2694 2666
f 2666 2694 2667
f 2667 2694 2693
f 2667 2693 2668
f 2668 2693 2692
f 2668 2692 2669
f 2669 2692 2670
f 2670 2692 2671
f 2671 2692 2672
f 2672 2692 2691
f 2672 2691 2690
f 2690 2689 2672
f 2672 2689 2688
f 2672 2688 2673
f 2673 2688 2687
f 2673 2687 2674
f 2674 2687 2686
f 2674 2686 2685
f 2674 2685 2675
f 2675 2685 2684
f 2675 2684 2676
f 2676 2684 2683
f 2676 2683 2682
f 2676 2682 2677
f 2677 2682 2681
f 2677 2681 2680
f 2679 2678 2680
f 2680 2678 2677
f 2602 2607 2603
f 2603 2607 2606
f 2603 2606 2604
f 2604 2606 2605
f 2607 2602 2608
f 2608 2602 2601
f 2608 2601 2609
f 2609 2601 2600
f 2609 2600 2610
f 2610 2600 2599
f 2610 2599 2611
f 2611 2599 2598
f 2611 2598 2612
f 2612 2598 2597
f 2612 2597 2613
f 2613 2597 2596
f 2613 2596 2614
f 2614 2596 2595
f 2614 2595 2615
f 2615 2595 2594
f 2615 2594 2616
f 2616 2594 2593
f 2616 2593 2617
f 2617 2593 2592
f 2617 2592 2591
f 2617 2591 2618
f 2618 2591 2590
f 2618 2590 2619
f 2619 2590 2589
f 2619 2589 2620
f 2620 2589 2588
f 2620 2588 2621
f 2621 2588 2587
f 2621 2587 2622
f 2622 2587 2586
f 2622 2586 2623
f 2623 2586 2624
f 2624 2586 2657
f 2624 2657 2625
f 2625 2657 2656
f 2625 2656 2626
f 2626 2656 2655
f 2626 2655 2627
f 2627 2655 2628
f 2628 2655 2629
f 2629 2655 2630
f 2630 2655 2631
f 2631 2655 2632
f 2632 2655 2633
f 2633 2655 2634
f 2634 2655 2635
f 2635 2655 2636
f 2636 2655 2637
f 2637 2655 2654
f 2637 2654 2653
f 2637 2653 2638
f 2638 2653 2652
f 2638 2652 2651
f 2651 2650 2638
f 2638 2650 2649
f 2638 2649 2648
f 2648 2647 2638
f 2638 2647 2646
f 2638 2646 2645
f 2645 2644 2638
f 2638 2644 2643
f 2638 2643 2642
f 2638 2642 2639
f 2639 2642 2641
f 2639 2641 2640
f 2560 2559 2561
f 2561 2559 2558
f 2561 2558 2557
f 2557 2556 2561
f 2561 2556 2555
f 2561 2555 2554
f 2561 2554 2568
f 2568 2554 2553
f 2568 2553 2552
f 2552 2551 2568
f 2568 2551 2569
f 2569 2551 2550
f 2569 2550 2570
f 2570 2550 2549
f 2570 2549 2571
f 2571 2549 2548
f 2571 2548 2572
f 2572 2548 2573
f 2573 2548 2547
f 2573 2547 2574
f 2574 2547 2575
f 2575 2547 2576
f 2576 2547 2546
f 2576 2546 2577
f 2577 2546 2578
f 2578 2546 2579
f 2579 2546 2580
f 2580 2546 2545
f 2580 2545 2581
f 2581 2545 2582
f 2582 2545 2583
f 2583 2545 2584
f 2584 2545 2544
f 2584 2544 2585
f 2568 2567 2561
f 2561 2567 2562
f 2562 2567 2564
f 2562 2564 2563
f 2566 2565 2567
f 2567 2565 2564
f 2472 2511 2473
f 2473 2511 2510
f 2473 2510 2509
f 2511 2472 2512
f 2512 2472 2471
f 2512 2471 2513
f 2513 2471 2470
f 2513 2470 2514
f 2514 2470 2469
f 2514 2469 2515
f 2515 2469 2468
f 2515 2468 2516
f 2516 2468 2467
f 2516 2467 2517
f 2517 2467 2466
f 2517 2466 2518
f 2518 2466 2465
f 2518 2465 2519
f 2519 2465 2464
f 2519 2464 2520
f 2520 2464 2463
f 2520 2463 2521
f 2521 2463 2462
f 2521 2462 2522
f 2522 2462 2461
f 2522 2461 2460
f 2522 2460 2523
f 2523 2460 2459
f 2523 2459 2524
f 2524 2459 2458
f 2524 2458 2525
f 2525 2458 2457
f 2525 2457 2526
f 2526 2457 2456
f 2526 2456 2527
f 2508 3368 2509
f 2509 3368 3369
f 2509 3369 2473
f 2473 3369 2474
f 2474 3369 3370
f 2474 3370 3371
f 2508 2507 3368
f 3368 2507 2506
f 3368 2506 2505
f 2505 2504 3368
f 3368 2504 2503
f 3368 2503 2502
f 2502 2501 3368
f 3368 2501 2500
f 3368 2500 2499
f 2499 2498 3368
f 3368 2498 2497
f 3368 2497 2496
f 2496 2495 3368
f 3368 2495 2494
f 3368 2494 2493
f 2493 2492 3368
f 3368 2492 3403
f 3403 2492 3402
f 3402 2492 3401
f 3401 2492 3400
f 3400 2492 3399
f 3399 2492 3398
f 3398 2492 3397
f 3397 2492 3396
f 3396 2492 3395
f 3395 2492 3394
f 3394 2492 3393
f 3393 2492 3392
f 3392 2492 3391
f 3391 2492 3390
f 3390 2492 3389
f 3389 2492 3388
f 3388 2492 2491
f 3388 2491 3387
f 3387 2491 3386
f 3386 2491 2490
f 3386 2490 3385
f 3385 2490 2489
f 3385 2489 3384
f 3384 2489 2488
f 3384 2488 3383
f 3383 2488 2487
f 3383 2487 3382
f 3382 2487 2486
f 3382 2486 3381
f 3381 2486 3380
f 3380 2486 3379
f 3379 2486 3378
f 3378 2486 3377
f 3377 2486 3376
f 3376 2486 3375
f 3375 2486 3374
f 3374 2486 3373
f 3373 2486 2485
f 3373 2485 2484
f 2484 2483 3373
f 3373 2483 2482
f 3373 2482 2481
f 2481 2480 3373
f 3373 2480 2479
f 3373 2479 2478
f 3373 2478 3372
f 3372 2478 2477
f 3372 2477 2476
f 2476 2475 3372
f 3372 2475 3371
f 3371 2475 2474
f 2530 2529 2531
f 2531 2529 2532
f 2532 2529 2528
f 2532 2528 2540
f 2540 2528 2543
f 2540 2543 2541
f 2541 2543 2542
f 2539 2537 2540
f 2540 2537 2536
f 2540 2536 2532
f 2532 2536 2535
f 2532 2535 2533
f 2533 2535 2534
f 2539 2538 2537
f 3369 3368 3370
f 3370 3368 3399
f 3370 3399 3387
f 3387 3399 3398
f 3387 3398 3397
f 3403 3402 3368
f 3368 3402 3401
f 3368 3401 3400
f 3400 3399 3368
f 3397 3396 3387
f 3387 3396 3395
f 3387 3395 3394
f 3394 3393 3387
f 3387 3393 3392
f 3387 3392 3391
f 3391 3390 3387
f 3387 3390 3389
f 3387 3389 3388
f 3387 3386 3370
f 3370 3386 3371
f 3371 3386 3372
f 3372 3386 3373
f 3373 3386 3374
f 3374 3386 3375
f 3375 3386 3376
f 3376 3386 3377
f 3377 3386 3378
f 3378 3386 3379
f 3379 3386 3380
f 3380 3386 3381
f 3381 3386 3382
f 3382 3386 3383
f 3383 3386 3384
f 3384 3386 3385
f 2449 2448 2450
f 2450 2448 2451
f 2451 2448 2454
f 2451 2454 2453
f 2448 2455 2454
f 2453 2452 2451
f 2354 3405 2355
f 2355 3405 3406
f 2355 3406 3407
f 2353 3470 2354
f 2354 3470 3471
f 2354 3471 3404
f 2352 3468 2353
f 2353 3468 3469
f 2353 3469 3470
f 2351 3466 2352
f 2352 3466 3467
f 2352 3467 3468
f 3466 2351 3465
f 3465 2351 2350
f 3465 2350 3464
f 3464 2350 3463
f 3463 2350 2349
f 3463 2349 3462
f 3462 2349 2348
f 3462 2348 3461
f 3461 2348 2347
f 3461 2347 3460
f 3460 2347 2346
f 3460 2346 3459
f 3459 2346 2345
f 3459 2345 2344
f 3459 2344 3458
f 3458 2344 2343
f 3458 2343 2342
f 3458 2342 3457
f 3457 2342 2341
f 3457 2341 2340
f 2340 2339 3457
f 3457 2339 2338
f 3457 2338 3456
f 3456 2338 2375
f 3456 2375 3455
f 3455 2375 3454
f 3454 2375 2374
f 3454 2374 2373
f 2373 2372 3454
f 3454 2372 2371
f 3454 2371 3453
f 3453 2371 2370
f 3453 2370 2369
f 3453 2369 3452
f 3452 2369 2368
f 3452 2368 2367
f 3452 2367 3451
f 3451 2367 2366
f 3451 2366 3450
f 3450 2366 2365
f 3450 2365 3449
f 3449 2365 2364
f 3449 2364 3448
f 3448 2364 2363
f 3448 2363 3447
f 3447 2363 3446
f 3446 2363 2362
f 3446 2362 3445
f 3445 2362 2361
f 3445 2361 3444
f 3444 2361 3443
f 3443 2361 2360
f 3443 2360 3442
f 3442 2360 3441
f 3441 2360 2359
f 3441 2359 3440
f 3440 2359 3439
f 3439 2359 3438
f 3438 2359 2358
f 3438 2358 3437
f 3437 2358 3436
f 3436 2358 3435
f 3435 2358 3434
f 3434 2358 3433
f 3433 2358 3432
f 3432 2358 3431
f 3431 2358 3430
f 3430 2358 3429
f 3429 2358 3428
f 3428 2358 3427
f 3427 2358 3426
f 3426 2358 3425
f 3425 2358 3424
f 3424 2358 2356
f 3424 2356 3423
f 3423 2356 3422
f 3422 2356 2355
f 3422 2355 3421
f 3421 2355 3420
f 3420 2355 3419
f 3419 2355 3418
f 3418 2355 3417
f 3417 2355 3416
f 3416 2355 3415
f 3415 2355 3414
f 3414 2355 3413
f 3413 2355 3412
f 3412 2355 3411
f 3411 2355 3410
f 3410 2355 3409
f 3409 2355 3408
f 3408 2355 3407
f 2358 2357 2356
f 3404 3405 2354
f 2392 2397 2393
f 2393 2397 2396
f 2393 2396 2394
f 2394 2396 2395
f 2397 2392 2398
f 2398 2392 2391
f 2398 2391 2399
f 2399 2391 2390
f 2399 2390 2400
f 2400 2390 2389
f 2400 2389 2401
f 2401 2389 2388
f 2401 2388 2402
f 2402 2388 2387
f 2402 2387 2403
f 2403 2387 2386
f 2403 2386 2404
f 2404 2386 2385
f 2404 2385 2405
f 2405 2385 2384
f 2405 2384 2406
f 2406 2384 2383
f 2406 2383 2407
f 2407 2383 2382
f 2407 2382 2381
f 2407 2381 2408
f 2408 2381 2380
f 2408 2380 2409
f 2409 2380 2379
f 2409 2379 2410
f 2410 2379 2378
f 2410 2378 2411
f 2411 2378 2377
f 2411 2377 2412
f 2412 2377 2376
f 2412 2376 2413
f 2413 2376 2414
f 2414 2376 2447
f 2414 2447 2415
f 2415 2447 2446
f 2415 2446 2416
f 2416 2446 2445
f 2416 2445 2417
f 2417 2445 2418
f 2418 2445 2419
f 2419 2445 2420
f 2420 2445 2421
f 2421 2445 2422
f 2422 2445 2423
f 2423 2445 2424
f 2424 2445 2425
f 2425 2445 2426
f 2426 2445 2427
f 2427 2445 2444
f 2427 2444 2443
f 2427 2443 2428
f 2428 2443 2442
f 2428 2442 2441
f 2441 2440 2428
f 2428 2440 2439
f 2428 2439 2438
f 2438 2437 2428
f 2428 2437 2436
f 2428 2436 2435
f 2435 2434 2428
f 2428 2434 2433
f 2428 2433 2432
f 2428 2432 2429
f 2429 2432 2431
f 2429 2431 2430
f 3420 3419 3421
f 3421 3419 3418
f 3421 3418 3417
f 3417 3416 3421
f 3421 3416 3415
f 3421 3415 3414
f 3414 3413 3421
f 3421 3413 3412
f 3421 3412 3411
f 3411 3410 3421
f 3421 3410 3409
f 3421 3409 3408
f 3408 3407 3421
f 3421 3407 3406
f 3421 3406 3405
f 3405 3404 3421
f 3421 3404 3456
f 3421 3456 3422
f 3422 3456 3455
f 3422 3455 3439
f 3439 3455 3454
f 3439 3454 3453
f 3471 3470 3404
f 3404 3470 3469
f 3404 3469 3468
f 3468 3467 3404
f 3404 3467 3466
f 3404 3466 3465
f 3465 3464 3404
f 3404 3464 3463
f 3404 3463 3462
f 3462 3461 3404
f 3404 3461 3460
f 3404 3460 3459
f 3459 3458 3404
f 3404 3458 3457
f 3404 3457 3456
f 3453 3452 3439
f 3439 3452 3451
f 3439 3451 3450
f 3450 3449 3439
f 3439 3449 3448
f 3439 3448 3447
f 3447 3446 3439
f 3439 3446 3445
f 3439 3445 3444
f 3444 3443 3439
f 3439 3443 3442
f 3439 3442 3441
f 3441 3440 3439
f 3439 3438 3422
f 3422 3438 3437
f 3422 3437 3436
f 3436 3435 3422
f 3422 3435 3434
f 3422 3434 3433
f 3433 3432 3422
f 3422 3432 3431
f 3422 3431 3430
f 3430 3429 3422
f 3422 3429 3428
f 3422 3428 3427
f 3427 3426 3422
f 3422 3426 3425
f 3422 3425 3424
f 3424 3423 3422
f 2208 3488 2209
f 2209 3488 3489
f 2209 3489 3490
f 3488 2208 3487
f 3487 2208 2207
f 3487 2207 3486
f 3486 2207 2206
f 3486 2206 3485
f 3485 2206 2205
f 3485 2205 3484
f 3484 2205 2204
f 3484 2204 3483
f 3483 2204 2203
f 3483 2203 3482
f 3482 2203 2202
f 3482 2202 3481
f 3481 2202 2201
f 3481 2201 3480
f 3480 2201 2200
f 3480 2200 3479
f 3479 2200 2199
f 3479 2199 3478
f 3478 2199 2198
f 3478 2198 2197
f 3478 2197 3477
f 3477 2197 2196
f 3477 2196 3476
f 3476 2196 2195
f 3476 2195 3475
f 3475 2195 2194
f 3475 2194 3474
f 3474 2194 2193
f 3474 2193 3473
f 3473 2193 3472
f 3472 2193 2192
f 3472 2192 3491
f 3491 2192 2247
f 3491 2247 2211
f 2211 2247 2212
f 2212 2247 2246
f 2212 2246 2245
f 2245 2244 2212
f 2212 2244 2243
f 2212 2243 2242
f 2242 2241 2212
f 2212 2241 2240
f 2212 2240 2239
f 2239 2238 2212
f 2212 2238 2237
f 2212 2237 2236
f 2236 2235 2212
f 2212 2235 2234
f 2212 2234 2213
f 2213 2234 2214
f 2214 2234 2215
f 2215 2234 2216
f 2216 2234 2217
f 2217 2234 2218
f 2218 2234 2219
f 2219 2234 2220
f 2220 2234 2221
f 2221 2234 2222
f 2222 2234 2223
f 2223 2234 2224
f 2224 2234 2225
f 2225 2234 2233
f 2225 2233 2226
f 2226 2233 2232
f 2226 2232 2227
f 2227 2232 2231
f 2227 2231 2228
f 2228 2231 2230
f 2228 2230 2229
f 3491 2211 3490
f 3490 2211 2210
f 3490 2210 2209
f 2249 2248 2250
f 2250 2248 2251
f 2251 2248 2337
f 2251 2337 2336
f 2336 2335 2251
f 2251 2335 2334
f 2251 2334 2333
f 2333 2332 2251
f 2251 2332 2331
f 2251 2331 2330
f 2330 2329 2251
f 2251 2329 2328
f 2251 2328 2327
f 2327 2326 2251
f 2251 2326 2325
f 2251 2325 2324
f 2324 2323 2251
f 2251 2323 2322
f 2251 2322 2321
f 2251 2321 2252
f 2252 2321 2320
f 2252 2320 2319
f 2318 2289 2319
f 2319 2289 2288
f 2319 2288 2252
f 2252 2288 2287
f 2252 2287 2286
f 2289 2318 2290
f 2290 2318 2317
f 2290 2317 2291
f 2291 2317 2316
f 2291 2316 2292
f 2292 2316 2315
f 2292 2315 2314
f 2292 2314 2293
f 2293 2314 2313
f 2293 2313 2294
f 2294 2313 2312
f 2294 2312 2295
f 2295 2312 2311
f 2295 2311 2296
f 2296 2311 2310
f 2296 2310 2297
f 2297 2310 2309
f 2297 2309 2298
f 2298 2309 2308
f 2298 2308 2299
f 2299 2308 2307
f 2299 2307 2300
f 2300 2307 2306
f 2300 2306 2301
f 2301 2306 2305
f 2301 2305 2302
f 2302 2305 2304
f 2302 2304 2303
f 2286 2285 2252
f 2252 2285 2284
f 2252 2284 2253
f 2253 2284 2254
f 2254 2284 2255
f 2255 2284 2256
f 2256 2284 2257
f 2257 2284 2258
f 2258 2284 2259
f 2259 2284 2283
f 2259 2283 2260
f 2260 2283 2282
f 2260 2282 2261
f 2261 2282 2262
f 2262 2282 2281
f 2262 2281 2280
f 2262 2280 2263
f 2263 2280 2279
f 2263 2279 2264
f 2264 2279 2278
f 2264 2278 2265
f 2265 2278 2277
f 2265 2277 2266
f 2266 2277 2276
f 2266 2276 2275
f 2266 2275 2267
f 2267 2275 2274
f 2267 2274 2273
f 2267 2273 2268
f 2268 2273 2272
f 2268 2272 2271
f 2270 2269 2271
f 2271 2269 2268
f 2161 3493 2162
f 2162 3493 3494
f 2162 3494 3495
f 2160 3553 2161
f 2161 3553 3492
f 2161 3492 3493
f 3553 2160 3552
f 3552 2160 2159
f 3552 2159 3551
f 3551 2159 2158
f 3551 2158 3550
f 3550 2158 2157
f 3550 2157 3549
f 3549 2157 2156
f 3549 2156 3548
f 3548 2156 2155
f 3548 2155 3547
f 3547 2155 2154
f 3547 2154 2153
f 3547 2153 3546
f 3546 2153 2152
f 3546 2152 2151
f 3546 2151 3545
f 3545 2151 2150
f 3545 2150 3544
f 3544 2150 2149
f 3544 2149 3543
f 3543 2149 2148
f 3543 2148 2147
f 3543 2147 3542
f 3542 2147 2146
f 3542 2146 3541
f 3541 2146 2145
f 3541 2145 3540
f 3540 2145 2191
f 3540 2191 3539
f 3539 2191 3538
f 3538 2191 2190
f 3538 2190 3537
f 3537 2190 2189
f 3537 2189 2188
f 3537 2188 3536
f 3536 2188 2187
f 3536 2187 3535
f 3535 2187 2186
f 3535 2186 3534
f 3534 2186 3533
f 3533 2186 2185
f 3533 2185 3532
f 3532 2185 3531
f 3531 2185 3530
f 3530 2185 3529
f 3529 2185 3528
f 3528 2185 3616
f 3528 3616 3527
f 3527 3616 3617
f 3527 3617 3526
f 3526 3617 3618
f 3526 3618 3619
f 2184 3610 2185
f 2185 3610 3611
f 2185 3611 3612
f 3610 2184 3609
f 3609 2184 2183
f 3609 2183 3608
f 3608 2183 2182
f 3608 2182 2181
f 2180 3605 2181
f 2181 3605 3606
f 2181 3606 3607
f 2179 3603 2180
f 2180 3603 3604
f 2180 3604 3605
f 3603 2179 3602
f 3602 2179 2178
f 3602 2178 3601
f 3601 2178 2177
f 3601 2177 2176
f 3601 2176 3600
f 3600 2176 2175
f 3600 2175 3599
f 3599 2175 2174
f 3599 2174 3598
f 3598 2174 2173
f 3598 2173 3597
f 3597 2173 2172
f 3597 2172 3596
f 3596 2172 2171
f 3596 2171 3595
f 3595 2171 2170
f 3595 2170 3594
f 3594 2170 2169
f 3594 2169 3593
f 3593 2169 2168
f 3593 2168 2167
f 3593 2167 3592
f 3592 2167 2166
f 3592 2166 3591
f 3591 2166 2165
f 3591 2165 3590
f 3590 2165 2164
f 3590 2164 3589
f 3589 2164 3588
f 3588 2164 2163
f 3588 2163 3587
f 3587 2163 3586
f 3586 2163 3585
f 3585 2163 3584
f 3584 2163 3583
f 3583 2163 3582
f 3582 2163 3581
f 3581 2163 3580
f 3580 2163 3579
f 3579 2163 3578
f 3578 2163 3577
f 3577 2163 3576
f 3576 2163 3575
f 3575 2163 3574
f 3574 2163 3573
f 3573 2163 3572
f 3572 2163 3571
f 3571 2163 3570
f 3570 2163 3569
f 3569 2163 3512
f 3569 3512 3568
f 3568 3512 3513
f 3568 3513 3567
f 3567 3513 3514
f 3567 3514 3566
f 3566 3514 3515
f 3566 3515 3565
f 3565 3515 3516
f 3565 3516 3564
f 3564 3516 3517
f 3564 3517 3563
f 3563 3517 3562
f 3562 3517 3518
f 3562 3518 3561
f 3561 3518 3519
f 3561 3519 3560
f 3560 3519 3520
f 3560 3520 3559
f 3559 3520 3521
f 3559 3521 3558
f 3558 3521 3522
f 3558 3522 3557
f 3557 3522 3556
f 3556 3522 3523
f 3556 3523 3555
f 3555 3523 3524
f 3555 3524 3554
f 3554 3524 3525
f 3554 3525 3621
f 3621 3525 3620
f 3620 3525 3619
f 3619 3525 3526
f 2163 2162 3512
f 3512 2162 3511
f 3511 2162 3510
f 3510 2162 3509
f 3509 2162 3508
f 3508 2162 3507
f 3507 2162 3506
f 3506 2162 3505
f 3505 2162 3504
f 3504 2162 3503
f 3503 2162 3502
f 3502 2162 3501
f 3501 2162 3500
f 3500 2162 3499
f 3499 2162 3498
f 3498 2162 3497
f 3497 2162 3496
f 3496 2162 3495
f 3607 3608 2181
f 3612 3613 2185
f 2185 3613 3614
f 2185 3614 3615
f 3615 3616 2185
f 3570 3555 3571
f 3571 3555 3554
f 3571 3554 3596
f 3596 3554 3616
f 3596 3616 3615
f 3570 3569 3555
f 3555 3569 3568
f 3555 3568 3567
f 3567 3566 3555
f 3555 3566 3565
f 3555 3565 3564
f 3564 3563 3555
f 3555 3563 3562
f 3555 3562 3561
f 3561 3560 3555
f 3555 3560 3559
f 3555 3559 3558
f 3558 3557 3555
f 3555 3557 3556
f 3621 3620 3554
f 3554 3620 3619
f 3554 3619 3618
f 3618 3617 3554
f 3554 3617 3616
f 3596 3615 3597
f 3597 3615 3614
f 3597 3614 3598
f 3598 3614 3613
f 3598 3613 3599
f 3599 3613 3612
f 3599 3612 3600
f 3600 3612 3611
f 3600 3611 3601
f 3601 3611 3610
f 3601 3610 3602
f 3602 3610 3609
f 3602 3609 3603
f 3603 3609 3608
f 3603 3608 3604
f 3604 3608 3607
f 3604 3607 3605
f 3605 3607 3606
f 3595 3589 3596
f 3596 3589 3572
f 3596 3572 3571
f 3595 3594 3589
f 3589 3594 3593
f 3589 3593 3592
f 3592 3591 3589
f 3589 3591 3590
f 3589 3588 3572
f 3572 3588 3573
f 3573 3588 3574
f 3574 3588 3575
f 3575 3588 3576
f 3576 3588 3577
f 3577 3588 3578
f 3578 3588 3579
f 3579 3588 3580
f 3580 3588 3581
f 3581 3588 3582
f 3582 3588 3583
f 3583 3588 3584
f 3584 3588 3585
f 3585 3588 3586
f 3586 3588 3587
f 3488 3475 3489
f 3489 3475 3491
f 3489 3491 3490
f 3488 3487 3475
f 3475 3487 3486
f 3475 3486 3485
f 3485 3484 3475
f 3475 3484 3483
f 3475 3483 3482
f 3475 3482 3476
f 3476 3482 3481
f 3476 3481 3480
f 3480 3479 3476
f 3476 3479 3478
f 3476 3478 3477
f 3475 3474 3491
f 3491 3474 3473
f 3491 3473 3472
f 1879 1867 1880
f 1880 1867 1924
f 1880 1924 1911
f 1911 1924 1912
f 1912 1924 1913
f 1913 1924 1914
f 1914 1924 1915
f 1915 1924 1916
f 1916 1924 1917
f 1917 1924 1918
f 1918 1924 1919
f 1919 1924 1920
f 1920 1924 1921
f 1921 1924 1922
f 1922 1924 1923
f 1879 1878 1867
f 1867 1878 1877
f 1867 1877 1876
f 1876 1875 1867
f 1867 1875 1874
f 1867 1874 1873
f 1873 1872 1867
f 1867 1872 1871
f 1867 1871 1870
f 1870 1869 1867
f 1867 1869 1868
f 1867 1866 1924
f 1924 1866 1925
f 1925 1866 1865
f 1925 1865 1926
f 1926 1865 1864
f 1926 1864 1863
f 1880 1911 1881
f 1881 1911 1910
f 1881 1910 1896
f 1896 1910 1909
f 1896 1909 1908
f 1908 1907 1896
f 1896 1907 1906
f 1896 1906 1905
f 1905 1904 1896
f 1896 1904 1903
f 1896 1903 1902
f 1902 1901 1896
f 1896 1901 1900
f 1896 1900 1899
f 1899 1898 1896
f 1896 1898 1897
f 1896 1895 1881
f 1881 1895 1882
f 1882 1895 1883
f 1883 1895 1884
f 1884 1895 1885
f 1885 1895 1886
f 1886 1895 1887
f 1887 1895 1888
f 1888 1895 1889
f 1889 1895 1890
f 1890 1895 1891
f 1891 1895 1892
f 1892 1895 1893
f 1893 1895 1894
f 347 346 348
f 348 346 345
f 348 345 344
f 343 354 344
f 344 354 353
f 344 353 348
f 348 353 349
f 349 353 352
f 349 352 351
f 354 343 355
f 355 343 342
f 355 342 356
f 356 342 341
f 356 341 357
f 357 341 340
f 357 340 358
f 358 340 339
f 358 339 359
f 359 339 338
f 359 338 360
f 360 338 337
f 360 337 361
f 361 337 336
f 361 336 362
f 362 336 335
f 362 335 363
f 363 335 334
f 363 334 329
f 329 334 330
f 330 334 333
f 330 333 332
f 332 331 330
f 366 365 329
f 329 365 364
f 329 364 363
f 351 350 349
f 290 289 308
f 308 289 288
f 308 288 309
f 309 288 310
f 310 288 311
f 311 288 287
f 311 287 312
f 312 287 286
f 312 286 313
f 313 286 285
f 313 285 281
f 281 285 282
f 282 285 284
f 282 284 283
f 281 280 313
f 313 280 314
f 314 280 279
f 314 279 315
f 315 279 316
f 316 279 317
f 317 279 278
f 317 278 318
f 318 278 277
f 318 277 319
f 319 277 276
f 319 276 275
f 319 275 320
f 320 275 274
f 320 274 273
f 272 325 273
f 273 325 324
f 273 324 323
f 271 327 272
f 272 327 326
f 272 326 325
f 271 270 327
f 327 270 328
f 328 270 269
f 328 269 268
f 267 251 268
f 268 251 250
f 268 250 249
f 266 258 267
f 267 258 257
f 267 257 256
f 258 266 259
f 259 266 265
f 259 265 260
f 260 265 264
f 260 264 261
f 261 264 263
f 261 263 262
f 256 255 267
f 267 255 254
f 267 254 253
f 253 252 267
f 267 252 251
f 249 328 268
f 323 322 273
f 273 322 321
f 273 321 320
f 307 292 308
f 308 292 291
f 308 291 290
f 306 298 307
f 307 298 297
f 307 297 296
f 298 306 299
f 299 306 305
f 299 305 300
f 300 305 304
f 300 304 301
f 301 304 303
f 301 303 302
f 296 295 307
f 307 295 294
f 307 294 293
f 293 292 307
f 247 246 248
f 248 246 245
f 242 241 243
f 243 241 244
f 202 201 220
f 220 201 200
f 220 200 221
f 221 200 222
f 222 200 223
f 223 200 199
f 223 199 224
f 224 199 198
f 224 198 225
f 225 198 197
f 225 197 193
f 193 197 194
f 194 197 196
f 194 196 195
f 193 192 225
f 225 192 226
f 226 192 191
f 226 191 227
f 227 191 228
f 228 191 229
f 229 191 190
f 229 190 230
f 230 190 189
f 230 189 231
f 231 189 188
f 231 188 187
f 231 187 232
f 232 187 186
f 232 186 185
f 184 237 185
f 185 237 236
f 185 236 235
f 183 239 184
f 184 239 238
f 184 238 237
f 183 182 239
f 239 182 240
f 240 182 181
f 240 181 180
f 179 163 180
f 180 163 162
f 180 162 161
f 178 170 179
f 179 170 169
f 179 169 168
f 170 178 171
f 171 178 177
f 171 177 172
f 172 177 176
f 172 176 173
f 173 176 175
f 173 175 174
f 168 167 179
f 179 167 166
f 179 166 165
f 165 164 179
f 179 164 163
f 161 240 180
f 235 234 185
f 185 234 233
f 185 233 232
f 219 204 220
f 220 204 203
f 220 203 202
f 218 210 219
f 219 210 209
f 219 209 208
f 210 218 211
f 211 218 217
f 211 217 212
f 212 217 216
f 212 216 213
f 213 216 215
f 213 215 214
f 208 207 219
f 219 207 206
f 219 206 205
f 205 204 219
f 122 121 140
f 140 121 120
f 140 120 141
f 141 120 142
f 142 120 143
f 143 120 119
f 143 119 144
f 144 119 118
f 144 118 145
f 145 118 117
f 145 117 113
f 113 117 114
f 114 117 116
f 114 116 115
f 113 112 145
f 145 112 146
f 146 112 111
f 146 111 147
f 147 111 148
f 148 111 149
f 149 111 110
f 149 110 150
f 150 110 109
f 150 109 151
f 151 109 108
f 151 108 107
f 151 107 152
f 152 107 106
f 152 106 105
f 104 157 105
f 105 157 156
f 105 156 155
f 103 159 104
f 104 159 158
f 104 158 157
f 103 102 159
f 159 102 160
f 160 102 101
f 160 101 100
f 99 83 100
f 100 83 82
f 100 82 81
f 98 90 99
f 99 90 89
f 99 89 88
f 90 98 91
f 91 98 97
f 91 97 92
f 92 97 96
f 92 96 93
f 93 96 95
f 93 95 94
f 88 87 99
f 99 87 86
f 99 86 85
f 85 84 99
f 99 84 83
f 81 160 100
f 155 154 105
f 105 154 153
f 105 153 152
f 139 124 140
f 140 124 123
f 140 123 122
f 138 130 139
f 139 130 129
f 139 129 128
f 130 138 131
f 131 138 137
f 131 137 132
f 132 137 136
f 132 136 133
f 133 136 135
f 133 135 134
f 128 127 139
f 139 127 126
f 139 126 125
f 125 124 139
f 79 78 80
f 80 78 77
f 3508 3493 3509
f 3509 3493 3492
f 3509 3492 3525
f 3525 3492 3550
f 3525 3550 3528
f 3528 3550 3529
f 3529 3550 3530
f 3530 3550 3549
f 3530 3549 3531
f 3531 3549 3548
f 3531 3548 3532
f 3532 3548 3547
f 3532 3547 3533
f 3533 3547 3546
f 3533 3546 3534
f 3534 3546 3545
f 3534 3545 3535
f 3535 3545 3544
f 3535 3544 3543
f 3508 3507 3493
f 3493 3507 3506
f 3493 3506 3505
f 3505 3504 3493
f 3493 3504 3503
f 3493 3503 3502
f 3502 3501 3493
f 3493 3501 3500
f 3493 3500 3499
f 3499 3498 3493
f 3493 3498 3497
f 3493 3497 3496
f 3496 3495 3493
f 3493 3495 3494
f 3553 3552 3492
f 3492 3552 3551
f 3492 3551 3550
f 3535 3543 3536
f 3536 3543 3542
f 3536 3542 3537
f 3537 3542 3541
f 3537 3541 3538
f 3538 3541 3540
f 3538 3540 3539
f 3528 3527 3525
f 3525 3527 3526
f 3509 3525 3510
f 3510 3525 3524
f 3510 3524 3511
f 3511 3524 3512
f 3512 3524 3513
f 3513 3524 3514
f 3514 3524 3515
f 3515 3524 3516
f 3516 3524 3517
f 3517 3524 3518
f 3518 3524 3519
f 3519 3524 3520
f 3520 3524 3521
f 3521 3524 3522
f 3522 3524 3523
f 2140 2139 2141
f 2141 2139 2144
f 2141 2144 2142
f 2142 2144 2143
f 2139 2138 2144
f 2135 2134 2136
f 2136 2134 2137
f 2131 2130 2132
f 2132 2130 2133
f 2124 2123 2125
f 2125 2123 2129
f 2125 2129 2127
f 2127 2129 2128
f 2127 2126 2125
f 2120 2119 2121
f 2121 2119 2122
f 2116 2115 2117
f 2117 2115 2118
f 2112 3624 2113
f 2113 3624 3625
f 2113 3625 2114
f 2114 3625 2111
f 2111 3625 3622
f 2111 3622 3623
f 3624 2112 3623
f 3623 2112 2111
f 3623 3622 3624
f 3624 3622 3625
f 3035 3034 3036
f 3036 3034 3037
f 74 73 75
f 75 73 76
f 3627 3628 3626
f 3626 3628 3629
f 3626 3629 3630
f 3630 3631 3626
f 3626 3631 3632
f 3626 3632 3633
f 3633 3634 3626
f 3626 3634 3635
f 3626 3635 3636
f 3636 3637 3626
f 3626 3637 3638
f 3626 3638 3639
f 3640 20 3639
f 3639 20 3698
f 3639 3698 3699
f 3641 22 3640
f 3640 22 21
f 3640 21 20
f 22 3641 23
f 23 3641 3642
f 23 3642 24
f 24 3642 3643
f 24 3643 25
f 25 3643 3644
f 25 3644 26
f 26 3644 27
f 27 3644 28
f 28 3644 29
f 29 3644 3645
f 29 3645 30
f 30 3645 31
f 31 3645 3646
f 31 3646 3647
f 3647 3648 31
f 31 3648 32
f 32 3648 3649
f 32 3649 3650
f 3651 38 3650
f 3650 38 37
f 3650 37 36
f 3652 3741 3651
f 3651 3741 3742
f 3651 3742 3743
f 3741 3652 3740
f 3740 3652 3653
f 3740 3653 3654
f 3654 3655 3740
f 3740 3655 3739
f 3739 3655 3738
f 3738 3655 3737
f 3737 3655 3656
f 3737 3656 3736
f 3736 3656 3735
f 3735 3656 3734
f 3734 3656 3657
f 3734 3657 3733
f 3733 3657 3658
f 3733 3658 3732
f 3732 3658 3659
f 3732 3659 3731
f 3731 3659 3730
f 3730 3659 3660
f 3730 3660 3729
f 3729 3660 3661
f 3729 3661 3728
f 3728 3661 3662
f 3728 3662 3750
f 3750 3662 3749
f 3749 3662 3748
f 3748 3662 3675
f 3748 3675 3747
f 3747 3675 3789
f 3789 3675 68
f 3789 68 3788
f 3788 68 67
f 3788 67 3787
f 3787 67 66
f 3787 66 3786
f 3786 66 65
f 3786 65 3785
f 3785 65 64
f 3785 64 3784
f 3784 64 63
f 3784 63 62
f 3662 3663 3675
f 3675 3663 3664
f 3675 3664 3665
f 3665 3666 3675
f 3675 3666 3667
f 3675 3667 3668
f 3668 3669 3675
f 3675 3669 3670
f 3675 3670 3671
f 3671 3672 3675
f 3675 3672 3673
f 3675 3673 3674
f 3676 3709 3675
f 3675 3709 3710
f 3675 3710 3711
f 3677 3702 3676
f 3676 3702 3703
f 3676 3703 3704
f 3677 3678 3702
f 3702 3678 3679
f 3702 3679 3727
f 3727 3679 3680
f 3727 3680 3681
f 3681 3682 3727
f 3727 3682 3683
f 3727 3683 3684
f 3727 3684 3726
f 3726 3684 3685
f 3726 3685 3725
f 3725 3685 3686
f 3725 3686 3724
f 3724 3686 3687
f 3724 3687 3723
f 3723 3687 3722
f 3722 3687 3688
f 3722 3688 3721
f 3721 3688 3720
f 3720 3688 3719
f 3719 3688 3718
f 3718 3688 3717
f 3717 3688 3716
f 3716 3688 3715
f 3715 3688 3770
f 3715 3770 3771
f 3689 3765 3688
f 3688 3765 3766
f 3688 3766 3768
f 3768 3766 3767
f 3690 3694 3689
f 3689 3694 3695
f 3689 3695 3751
f 3751 3695 3696
f 3751 3696 3728
f 3728 3696 3697
f 3728 3697 20
f 20 3697 3698
f 3690 3691 3694
f 3694 3691 3692
f 3694 3692 3693
f 3699 3700 3639
f 3639 3700 3626
f 3700 3701 3626
f 3704 3705 3676
f 3676 3705 3706
f 3676 3706 3707
f 3707 3708 3676
f 3676 3708 3709
f 3711 68 3675
f 62 61 3784
f 3784 61 60
f 3784 60 59
f 59 58 3784
f 3784 58 57
f 3784 57 56
f 56 55 3784
f 3784 55 54
f 3784 54 3783
f 3783 54 3712
f 3783 3712 3782
f 3782 3712 3781
f 3781 3712 3780
f 3780 3712 3779
f 3779 3712 3778
f 3778 3712 3777
f 3777 3712 3776
f 3776 3712 3775
f 3775 3712 3774
f 3774 3712 3773
f 3773 3712 3713
f 3773 3713 3772
f 3772 3713 3714
f 3772 3714 3771
f 3771 3714 3715
f 36 35 3650
f 3650 35 34
f 3650 34 33
f 33 32 3650
f 3743 3744 3651
f 3651 3744 3745
f 3651 3745 3746
f 3746 38 3651
f 3750 3751 3728
f 3751 3752 3689
f 3689 3752 3753
f 3689 3753 3754
f 3754 3755 3689
f 3689 3755 3756
f 3689 3756 3757
f 3757 3758 3689
f 3689 3758 3759
f 3689 3759 3760
f 3760 3761 3689
f 3689 3761 3762
f 3689 3762 3763
f 3763 3764 3689
f 3689 3764 3765
f 3768 3769 3688
f 3688 3769 3770
f 2035 3638 2036
f 2036 3638 3637
f 2036 3637 3636
f 2036 3636 2037
f 2037 3636 3635
f 2037 3635 2038
f 2038 3635 3634
f 2038 3634 2039
f 2039 3634 3633
f 2039 3633 2040
f 2040 3633 3632
f 2040 3632 2041
f 2041 3632 3631
f 2041 3631 2042
f 2042 3631 3630
f 2042 3630 2043
f 2043 3630 3629
f 2043 3629 2044
f 2044 3629 3628
f 2044 3628 2045
f 2045 3628 3627
f 2045 3627 2046
f 2046 3627 2047
f 2047 3627 3626
f 3626 3701 2047
f 2047 3701 2048
f 3701 3700 2048
f 2048 3700 2049
f 2049 3700 2050
f 2050 3700 3699
f 2050 3699 2051
f 2051 3699 3698
f 2051 3698 2052
f 2052 3698 3697
f 2052 3697 2053
f 2053 3697 3696
f 2053 3696 2054
f 2054 3696 3695
f 3695 3694 2054
f 2054 3694 2055
f 2055 3694 2056
f 2056 3694 3693
f 2056 3693 3692
f 2056 3692 2057
f 2057 3692 3691
f 2057 3691 2058
f 2058 3691 3690
f 2058 3690 2059
f 2059 3690 2060
f 2060 3690 3689
f 3688 2061 3689
f 3689 2061 2060
f 2061 3688 2062
f 2062 3688 3687
f 2062 3687 3686
f 2062 3686 2063
f 2063 3686 3685
f 2063 3685 2064
f 2064 3685 3684
f 2064 3684 2065
f 2065 3684 3683
f 2065 3683 2066
f 2066 3683 3682
f 2066 3682 2067
f 2067 3682 3681
f 2067 3681 2068
f 2068 3681 3680
f 2068 3680 2069
f 2069 3680 3679
f 2069 3679 2070
f 2070 3679 3678
f 2070 3678 2071
f 2071 3678 3677
f 2071 3677 2072
f 2072 3677 2073
f 2073 3677 3676
f 3675 2074 3676
f 3676 2074 2073
f 2074 3675 2075
f 2075 3675 3674
f 2075 3674 3673
f 2075 3673 2076
f 2076 3673 3672
f 2076 3672 2077
f 2077 3672 3671
f 2077 3671 2078
f 2078 3671 3670
f 2078 3670 2079
f 2079 3670 3669
f 2079 3669 2080
f 2080 3669 3668
f 2080 3668 2081
f 2081 3668 3667
f 2081 3667 2082
f 2082 3667 3666
f 2082 3666 2083
f 2083 3666 3665
f 2083 3665 2084
f 2084 3665 3664
f 2084 3664 2085
f 2085 3664 2086
f 2086 3664 3663
f 3662 2087 3663
f 3663 2087 2086
f 2087 3662 2088
f 2088 3662 3661
f 2088 3661 2089
f 2089 3661 3660
f 2089 3660 2090
f 2090 3660 3659
f 2090 3659 2091
f 2091 3659 3658
f 2091 3658 2092
f 2092 3658 3657
f 2092 3657 2093
f 2093 3657 3656
f 3656 3655 2093
f 2093 3655 2094
f 2094 3655 2095
f 2095 3655 3654
f 2095 3654 2096
f 2096 3654 3653
f 2096 3653 2097
f 2097 3653 3652
f 2097 3652 2098
f 2098 3652 3651
f 3650 2099 3651
f 3651 2099 2098
f 2099 3650 2100
f 2100 3650 3649
f 2100 3649 2101
f 2101 3649 3648
f 2101 3648 2102
f 2102 3648 3647
f 2102 3647 2103
f 2103 3647 3646
f 2103 3646 2104
f 2104 3646 3645
f 3645 3644 2104
f 2104 3644 2105
f 2105 3644 2106
f 2106 3644 3643
f 2106 3643 2107
f 2107 3643 3642
f 2107 3642 2108
f 2108 3642 3641
f 2108 3641 2109
f 2109 3641 3640
f 2109 3640 2110
f 2110 3640 3639
f 3638 2035 3639
f 3639 2035 2110
f 3100 3711 3101
f 3101 3711 3710
f 3101 3710 3102
f 3102 3710 3709
f 3102 3709 3103
f 3103 3709 3708
f 3103 3708 3104
f 3104 3708 3707
f 3104 3707 3105
f 3105 3707 3706
f 3105 3706 3106
f 3106 3706 3705
f 3106 3705 3107
f 3107 3705 3704
f 3107 3704 3108
f 3108 3704 3703
f 3108 3703 3109
f 3109 3703 3702
f 68 3711 39
f 39 3711 3100
f 3712 54 3125
f 3125 54 53
f 3121 3716 3122
f 3122 3716 3715
f 3122 3715 3123
f 3123 3715 3714
f 3123 3714 3124
f 3124 3714 3713
f 3124 3713 3125
f 3125 3713 3712
f 3716 3121 3717
f 3717 3121 3120
f 3110 3727 3111
f 3111 3727 3726
f 3111 3726 3112
f 3112 3726 3725
f 3112 3725 3113
f 3113 3725 3724
f 3113 3724 3114
f 3114 3724 3723
f 3114 3723 3115
f 3115 3723 3722
f 3115 3722 3116
f 3116 3722 3721
f 3116 3721 3117
f 3117 3721 3720
f 3117 3720 3118
f 3118 3720 3719
f 3118 3719 3119
f 3119 3719 3718
f 3119 3718 3120
f 3120 3718 3717
f 3727 3110 3702
f 3702 3110 3109
f 3058 3756 3059
f 3059 3756 3755
f 3059 3755 3060
f 3060 3755 3754
f 3060 3754 3061
f 3061 3754 3753
f 3061 3753 3062
f 3062 3753 3752
f 3062 3752 3063
f 3063 3752 3751
f 3063 3751 3064
f 3064 3751 3750
f 3064 3750 3065
f 3065 3750 3749
f 3065 3749 3066
f 3066 3749 3748
f 3066 3748 3067
f 3067 3748 3747
f 3756 3058 3757
f 3757 3058 3057
f 3091 3766 3092
f 3092 3766 3765
f 3092 3765 3093
f 3093 3765 3764
f 3093 3764 3094
f 3094 3764 3763
f 3094 3763 3095
f 3095 3763 3762
f 3095 3762 3096
f 3096 3762 3761
f 3096 3761 3097
f 3097 3761 3760
f 3097 3760 3098
f 3098 3760 3759
f 3098 3759 3099
f 3099 3759 3758
f 3099 3758 3057
f 3057 3758 3757
f 3767 3766 3090
f 3090 3766 3091
f 3074 3783 3075
f 3075 3783 3782
f 3075 3782 3076
f 3076 3782 3781
f 3076 3781 3077
f 3077 3781 3780
f 3077 3780 3078
f 3078 3780 3779
f 3078 3779 3079
f 3079 3779 3778
f 3079 3778 3080
f 3080 3778 3777
f 3080 3777 3081
f 3081 3777 3776
f 3081 3776 3082
f 3082 3776 3775
f 3082 3775 3083
f 3083 3775 3774
f 3083 3774 3084
f 3084 3774 3773
f 3084 3773 3085
f 3085 3773 3772
f 3085 3772 3086
f 3086 3772 3771
f 3086 3771 3087
f 3087 3771 3770
f 3087 3770 3088
f 3088 3770 3769
f 3088 3769 3089
f 3089 3769 3768
f 3089 3768 3090
f 3090 3768 3767
f 3784 3783 3073
f 3073 3783 3074
f 3068 3789 3069
f 3069 3789 3788
f 3069 3788 3070
f 3070 3788 3787
f 3070 3787 3071
f 3071 3787 3786
f 3071 3786 3072
f 3072 3786 3785
f 3072 3785 3073
f 3073 3785 3784
f 3747 3789 3067
f 3067 3789 3068
f 3728 20 3038
f 3038 20 19
f 3039 3746 3040
f 3040 3746 3745
f 3040 3745 3041
f 3041 3745 3744
f 3041 3744 3042
f 3042 3744 3743
f 3042 3743 3043
f 3043 3743 3742
f 3043 3742 3044
f 3044 3742 3741
f 3044 3741 3045
f 3045 3741 3740
f 3045 3740 3046
f 3046 3740 3739
f 3046 3739 3047
f 3047 3739 3738
f 3047 3738 3048
f 3048 3738 3737
f 3048 3737 3049
f 3049 3737 3736
f 3049 3736 3050
f 3050 3736 3735
f 3050 3735 3051
f 3051 3735 3734
f 3051 3734 3052
f 3052 3734 3733
f 3052 3733 3053
f 3053 3733 3732
f 3053 3732 3054
f 3054 3732 3731
f 3054 3731 3055
f 3055 3731 3730
f 3055 3730 3056
f 3056 3730 3729
f 3056 3729 3038
f 3038 3729 3728
f 3746 3039 38
f 38 3039 1
# 7586 faces, 0 coords texture

# End of File
